a,b,shared,lift,ref_ab,ref_ba,same_owner
P066,P089,16,1.09,0,0,0
P014,P125,0,0.0,0,0,1
P179,P271,12,2.56,0,0,0
P142,P262,26,1.41,0,0,0
P152,P204,10,1.02,0,0,0
P159,P189,10,1.62,0,0,0
P196,P207,6,1.89,6,0,0
P125,P283,7,1.51,0,0,0
P134,P256,0,0.0,0,0,1
P224,P282,5,1.5,0,0,0
P247,P264,9,2.25,0,0,0
P222,P269,7,1.31,0,0,0
P057,P078,6,0.97,0,0,0
P152,P206,9,1.26,0,0,0
P010,P241,10,1.14,0,0,0
P171,P246,9,1.87,0,0,0
P054,P157,21,1.08,10,0,0
P080,P145,9,1.18,12,0,0
P029,P290,13,1.44,0,0,0
P288,P293,12,1.07,0,0,0
P263,P296,16,1.16,0,0,0
P091,P150,10,1.45,0,0,0
P212,P278,6,0.81,3,0,0
P043,P189,10,1.72,0,0,0
P165,P202,6,1.33,0,0,0
P189,P221,12,1.11,0,0,0
P134,P147,15,1.18,0,0,0
P040,P225,17,1.24,0,0,0
P011,P235,36,1.05,0,0,0
P008,P026,10,1.77,0,0,0
P103,P150,7,1.62,0,7,0
P260,P278,19,1.35,0,0,0
P108,P193,15,1.48,0,0,0
P228,P258,12,3.69,0,0,0
P087,P099,0,0.0,0,8,0
P113,P191,0,0.0,0,0,1
P196,P222,0,0.0,0,0,1
P263,P282,10,1.88,0,0,0
P118,P165,0,0.0,0,0,1
P104,P217,17,1.54,0,0,0
P129,P154,7,2.04,0,0,0
P107,P261,17,1.44,0,0,0
P119,P167,24,1.54,0,0,0
P045,P083,5,1.22,0,0,0
P224,P285,0,0.0,0,0,1
P015,P040,6,1.12,0,0,0
P085,P110,0,0.0,0,0,1
P004,P139,8,1.65,0,0,0
P189,P268,9,1.65,0,0,0
P069,P134,41,1.49,0,0,0
P027,P139,5,1.25,0,0,0
P114,P213,0,0.0,0,0,1
P050,P239,11,3.73,0,0,0
P068,P134,56,1.31,0,0,0
P015,P283,5,1.29,0,12,0
P142,P220,11,1.47,0,0,0
P045,P148,6,0.92,0,0,0
P030,P217,12,1.33,0,0,0
P047,P270,14,1.33,0,0,0
P145,P195,19,0.98,0,0,0
P226,P239,5,1.0,0,0,0
P150,P155,12,1.39,0,0,0
P123,P224,4,0.89,0,10,0
P110,P130,16,1.11,0,0,0
P044,P248,15,1.26,0,0,0
P108,P182,16,1.46,0,0,0
P064,P260,5,1.3,0,0,0
P104,P225,12,1.26,0,0,0
P220,P237,7,1.62,0,0,0
P211,P227,0,0.0,0,0,1
P056,P133,0,0.0,0,0,1
P075,P264,6,2.25,0,0,0
P217,P226,40,1.35,0,0,0
P243,P261,5,0.92,0,0,0
P191,P278,13,1.85,0,0,0
P057,P231,0,0.0,0,0,1
P130,P298,16,1.33,0,0,0
P040,P266,5,2.14,0,0,0
P089,P260,10,1.4,0,0,1
P029,P219,5,0.21,0,0,0
P022,P065,6,1.95,0,0,0
P089,P206,0,0.0,0,0,1
P008,P096,5,1.23,0,0,0
P269,P283,8,1.26,0,0,0
P219,P257,8,1.52,0,0,0
P126,P243,5,2.0,0,0,0
P118,P146,7,1.59,0,13,0
P125,P278,17,1.59,0,0,0
P125,P253,8,1.52,0,0,0
P273,P287,13,1.77,0,0,0
P076,P166,6,1.11,0,0,0
P046,P249,5,1.6,0,0,0
P166,P224,13,1.26,0,0,0
P259,P260,9,1.08,0,0,0
P219,P250,14,1.12,0,0,0
P079,P251,0,0.0,0,0,1
P106,P148,0,0.0,0,0,1
P218,P287,0,0.0,0,0,1
P057,P292,16,1.21,0,0,0
P057,P226,33,1.12,0,0,0
P230,P288,18,1.21,0,19,0
P094,P145,5,1.16,0,0,0
P265,P275,21,1.17,0,0,0
P279,P298,27,1.33,0,11,0
P010,P221,11,1.4,0,0,0
P079,P174,6,1.94,0,0,0
P130,P207,8,1.41,0,0,0
P006,P184,0,0.0,0,0,1
P079,P186,8,1.83,0,0,0
P011,P239,12,1.21,0,0,0
P219,P299,6,0.9,0,0,0
P028,P296,5,2.34,0,0,0
P158,P202,6,1.54,3,0,0
P069,P245,7,2.84,0,0,0
P163,P280,5,2.73,0,0,0
P050,P107,17,1.38,8,0,0
P068,P245,6,1.56,0,0,0
P107,P253,15,1.63,0,7,0
P017,P224,5,1.02,0,0,0
P195,P248,18,1.18,0,0,0
P072,P288,4,0.85,0,22,0
P030,P050,11,2.09,0,0,0
P163,P297,0,0.0,0,0,1
P009,P257,0,0.0,0,0,1
P138,P208,12,1.19,0,0,0
P031,P228,5,1.74,0,0,0
P217,P273,10,1.29,0,0,0
P010,P104,7,1.63,0,0,1
P049,P059,3,0.84,0,7,0
P174,P272,4,1.62,18,0,0
P243,P258,9,1.45,0,0,0
P029,P238,5,1.27,0,0,0
P098,P110,21,1.24,6,0,0
P235,P241,17,1.28,0,0,0
P027,P067,6,1.49,0,0,0
P226,P260,20,1.28,13,0,0
P061,P136,0,0.0,0,0,1
P268,P278,12,1.34,0,0,0
P168,P176,12,1.48,0,0,0
P189,P235,13,1.37,0,0,0
P031,P035,16,1.97,0,0,0
P035,P249,8,2.05,0,0,0
P032,P079,0,0.0,0,0,1
P161,P203,14,1.02,6,0,0
P056,P070,0,0.0,0,0,1
P172,P219,6,0.11,0,0,0
P073,P180,7,1.26,0,0,0
P042,P131,0,0.0,0,0,1
P127,P179,33,1.32,0,0,0
P021,P062,8,1.86,0,0,0
P148,P246,0,0.0,0,0,1
P002,P049,9,2.09,0,0,0
P126,P241,5,0.86,0,0,0
P075,P233,2,1.1,8,0,0
P120,P218,25,1.16,0,0,0
P270,P272,18,1.58,20,0,0
P115,P216,18,1.29,0,0,0
P032,P237,6,1.19,7,0,0
P084,P209,6,1.35,0,0,0
P074,P208,6,0.92,0,0,0
P017,P026,5,1.35,0,0,0
P013,P176,11,1.27,0,0,0
P138,P198,12,1.35,0,0,0
P110,P185,18,1.07,0,0,0
P042,P122,5,3.86,0,0,0
P254,P272,6,1.2,0,0,0
P081,P092,5,0.74,0,0,0
P098,P290,15,1.3,0,0,0
P090,P103,0,0.0,0,0,1
P269,P278,21,1.44,0,0,0
P055,P139,5,0.96,0,0,0
P066,P241,29,1.18,0,0,0
P219,P286,8,1.33,0,0,0
P119,P163,6,1.33,0,0,0
P085,P292,0,0.0,0,0,1
P217,P256,11,1.19,0,0,0
P079,P164,7,1.12,0,0,0
P057,P066,46,1.41,0,8,0
P057,P087,8,1.73,0,0,0
P087,P208,5,1.93,0,0,0
P026,P250,7,1.08,0,0,0
P129,P271,1,1.35,7,0,0
P082,P237,8,1.04,0,0,0
P042,P141,0,0.0,0,6,0
P107,P159,15,1.85,0,0,1
P123,P134,19,0.96,0,0,0
P036,P044,0,0.0,0,0,1
P225,P246,20,1.67,0,0,0
P101,P273,5,1.11,0,7,0
P155,P248,11,1.26,0,0,0
P081,P263,71,4.94,0,229,1
P011,P260,36,1.16,0,0,0
P221,P228,6,1.77,0,0,0
P026,P299,5,1.45,0,3,0
P145,P165,14,1.49,0,0,0
P045,P079,4,1.0,0,17,0
P133,P218,37,1.19,0,0,0
P059,P075,8,2.37,0,0,0
P109,P224,5,2.11,0,0,0
P211,P244,38,1.26,0,0,0
P057,P256,12,1.29,0,0,0
P138,P287,27,1.57,0,7,0
P091,P145,8,0.9,0,0,0
P172,P238,13,1.43,0,0,0
P043,P074,5,1.19,4,0,0
P166,P252,7,1.58,0,0,0
P009,P230,5,2.14,0,0,0
P093,P181,0,0.0,0,0,1
P087,P101,5,1.86,0,0,0
P129,P151,1,0.99,5,0,1
P021,P166,6,1.15,0,0,0
P024,P040,5,1.43,0,0,0
P140,P258,12,1.33,0,0,0
P122,P249,0,0.0,0,0,1
P040,P208,16,1.8,0,0,0
P018,P153,6,2.77,0,0,0
P128,P135,5,1.32,0,0,0
P068,P123,10,2.29,0,0,0
P051,P149,0,0.0,4,0,1
P031,P273,9,2.06,0,0,0
P115,P193,6,0.78,0,0,0
P071,P186,7,2.28,0,0,1
P017,P252,3,1.42,6,0,0
P101,P269,12,1.25,0,0,0
P053,P230,5,1.19,0,0,0
P197,P213,6,1.85,0,0,0
P131,P185,39,0.93,0,0,0
P022,P159,0,0.0,0,0,1
P074,P125,5,1.06,0,0,0
P238,P265,7,1.17,0,11,0
P014,P118,6,0.92,5,0,0
P130,P205,7,1.58,0,0,0
P012,P203,7,1.16,0,0,0
P172,P297,13,1.54,23,0,0
P098,P219,6,0.19,0,0,0
P077,P227,6,1.51,0,0,0
P010,P235,8,1.16,0,0,0
P009,P293,3,1.69,0,8,0
P115,P266,0,0.0,0,0,1
P074,P287,15,1.35,0,0,0
P058,P247,7,1.33,0,0,0
P042,P139,6,2.54,0,0,0
P134,P257,20,1.26,0,0,0
P020,P265,16,1.06,0,0,0
P105,P179,0,0.0,0,0,1
P034,P236,5,1.42,0,0,0
P126,P221,8,1.55,0,0,0
P073,P235,9,1.16,0,0,0
P040,P101,13,1.41,0,0,0
P045,P061,9,2.49,0,0,0
P121,P289,12,1.28,0,0,0
P054,P195,24,1.61,0,0,0
P134,P250,45,1.19,0,0,0
P062,P113,5,1.27,0,0,0
P026,P166,14,1.8,0,0,0
P087,P287,6,1.36,0,9,0
P215,P262,21,1.61,0,0,0
P235,P268,6,1.0,10,0,0
P026,P286,1,0.32,0,5,0
P040,P198,7,0.89,6,0,0
P031,P269,16,1.71,0,0,0
P115,P182,9,1.08,0,0,0
P038,P257,1,0.79,0,9,1
P106,P249,0,0.0,0,0,1
P142,P197,0,0.0,0,0,1
P045,P209,12,0.96,0,0,0
P013,P248,6,0.74,0,0,0
P045,P071,6,2.14,14,0,0
P086,P090,0,0.0,0,0,1
P054,P281,5,1.95,0,0,0
P045,P200,4,1.72,12,0,0
P144,P291,0,0.0,0,0,1
P064,P143,0,0.0,0,0,1
P066,P221,25,1.14,0,0,0
P038,P250,6,1.98,0,0,0
P104,P208,6,0.97,0,0,0
P134,P299,26,1.29,0,0,0
P033,P100,6,1.62,0,0,0
P003,P093,5,1.4,0,0,0
P258,P273,5,1.01,0,0,0
P174,P209,10,1.04,0,0,0
P099,P273,2,1.3,0,13,0
P182,P186,8,1.76,0,0,0
P005,P224,7,2.34,0,0,0
P074,P107,12,1.45,0,0,0
P186,P272,5,1.43,0,0,0
P127,P142,0,0.0,0,0,1
P035,P289,5,0.8,0,0,0
P117,P294,5,1.77,0,0,0
P059,P179,0,0.0,0,0,1
P110,P178,13,1.24,0,4,0
P004,P068,18,1.71,0,0,0
P066,P104,15,1.25,0,0,0
P142,P192,0,0.0,0,0,1
P046,P124,5,2.37,0,10,0
P027,P068,7,0.8,0,0,0
P040,P125,10,1.56,3,0,0
P150,P251,10,1.56,12,0,0
P087,P107,5,1.53,0,0,0
P066,P180,13,0.95,0,0,0
P031,P114,5,1.38,0,0,0
P138,P140,12,1.41,0,0,0
P066,P268,18,1.63,0,0,0
P124,P221,6,1.62,0,0,0
P040,P287,23,1.53,0,0,0
P164,P254,18,1.43,11,0,0
P138,P246,15,1.79,0,0,0
P035,P078,6,2.03,0,0,0
P081,P197,12,1.08,0,0,0
P104,P198,6,1.1,4,0,0
P022,P218,13,1.5,0,0,0
P033,P234,7,1.77,0,0,0
P024,P253,5,1.74,0,0,1
P024,P278,8,1.37,4,0,0
P077,P108,15,1.13,0,0,0
P044,P158,11,1.4,0,0,0
P052,P117,5,2.34,0,0,0
P198,P273,5,1.31,0,0,0
P189,P260,10,1.17,0,0,0
P122,P278,0,0.0,0,0,1
P192,P193,0,0.0,0,0,1
P108,P167,42,1.48,0,0,0
P110,P172,38,1.24,0,0,0
P085,P127,11,2.09,0,0,0
P111,P264,8,0.95,0,0,0
P031,P057,18,1.06,7,0,0
P030,P198,10,2.24,0,0,0
P018,P026,7,3.2,0,0,0
P182,P247,0,0.0,0,0,1
P238,P279,5,0.69,0,0,0
P043,P269,8,1.34,0,0,0
P134,P286,26,1.43,0,0,0
P134,P166,58,1.28,0,0,0
P137,P265,37,1.08,0,0,0
P074,P140,8,1.45,0,7,0
P013,P150,9,1.12,0,0,0
P042,P067,5,2.12,0,0,0
P109,P134,13,1.25,0,0,0
P074,P246,4,0.74,5,0,0
P171,P253,6,1.33,0,4,0
P171,P278,11,1.2,0,0,0
P046,P292,8,1.58,0,0,0
P046,P226,18,1.59,0,26,0
P104,P125,12,2.69,4,0,0
P020,P279,19,1.04,0,0,0
P179,P236,25,1.16,0,9,0
P086,P166,12,1.44,0,0,0
P113,P224,5,1.07,0,0,0
P003,P177,7,1.71,0,0,0
P099,P114,0,0.0,0,6,0
P006,P142,13,1.22,0,0,0
P198,P269,11,1.35,0,0,0
P104,P287,17,1.62,0,0,0
P156,P236,13,1.3,0,0,0
P035,P124,6,2.27,0,0,0
P058,P197,0,0.0,0,0,1
P086,P217,0,0.0,0,0,1
P064,P283,2,0.72,0,0,1
P096,P274,8,1.29,0,0,0
P035,P043,11,2.13,0,0,0
P041,P045,6,1.41,0,0,0
P185,P218,11,0.91,0,0,0
P185,P233,0,0.0,0,0,1
P150,P247,8,1.08,0,0,0
P089,P258,9,1.04,0,0,0
P127,P284,13,1.27,0,0,0
P007,P192,3,3.75,0,12,0
P252,P263,6,0.88,0,0,0
P121,P226,31,1.45,0,0,0
P085,P210,6,1.05,0,0,0
P004,P175,12,1.3,0,0,0
P114,P241,9,1.87,0,0,0
P027,P175,12,1.57,0,0,0
P112,P215,11,1.47,0,0,0
P038,P296,6,1.96,0,0,0
P009,P038,0,0.0,0,0,1
P126,P235,6,1.32,0,0,0
P082,P188,16,0.99,0,6,0
P003,P068,15,1.62,0,0,0
P021,P027,9,1.97,0,0,0
P038,P197,5,1.16,0,0,0
P076,P081,5,1.05,0,0,0
P238,P298,10,1.6,0,0,0
P118,P223,2,0.79,0,5,0
P222,P241,11,1.51,0,0,0
P154,P192,5,1.9,0,0,0
P149,P263,5,1.38,0,0,0
P002,P080,4,0.81,0,13,0
P170,P201,0,0.0,0,0,1
P024,P135,0,0.0,0,0,1
P047,P209,8,1.12,0,0,0
P040,P140,7,0.94,0,0,0
P217,P276,23,1.23,0,0,0
P010,P107,10,1.21,0,0,0
P020,P298,21,1.34,0,0,0
P212,P226,9,1.09,0,0,0
P140,P189,11,1.45,0,0,1
P112,P160,31,1.0,0,0,0
P043,P057,14,1.29,0,0,0
P066,P235,19,0.99,0,0,0
P035,P226,17,1.2,0,0,0
P054,P165,11,1.53,0,0,0
P217,P222,7,0.72,0,0,0
P040,P246,11,1.49,0,0,0
P006,P039,7,0.72,0,0,0
P035,P292,10,1.58,0,0,0
P015,P289,5,1.13,0,0,0
P266,P278,6,1.54,0,0,0
P018,P126,0,0.0,0,0,1
P125,P214,0,0.0,0,0,1
P154,P271,7,2.78,0,0,0
P007,P268,0,0.0,0,0,1
P010,P260,9,1.45,0,0,0
P176,P260,0,0.0,0,0,1
P224,P245,7,1.77,0,0,0
P106,P274,5,1.66,0,0,0
P176,P206,0,0.0,0,0,1
P010,P134,0,0.0,0,0,1
P046,P066,19,1.52,0,0,0
P050,P283,7,1.05,0,0,0
P186,P209,14,1.02,0,0,0
P095,P274,12,2.18,0,0,0
P119,P148,9,0.96,0,10,0
P019,P237,5,1.21,1,0,0
P142,P144,42,1.16,22,0,0
P226,P283,14,1.24,0,0,0
P073,P260,9,1.28,0,0,0
P165,P251,10,2.0,2,0,0
P124,P144,0,0.0,0,0,1
P182,P296,0,0.0,0,0,1
P096,P219,6,0.76,0,0,0
P249,P261,6,1.31,0,0,0
P169,P255,1,1.93,6,0,0
P231,P263,10,1.63,0,0,0
P269,P289,10,1.39,0,0,0
P014,P203,16,1.28,0,0,0
P083,P254,11,1.73,0,0,0
P163,P164,9,1.85,0,0,0
P196,P275,8,1.12,0,0,0
P225,P261,25,1.73,0,0,0
P297,P298,7,1.21,0,12,0
P104,P140,7,1.35,0,0,0
P217,P259,19,1.21,0,0,0
P028,P252,2,1.89,1,0,1
P060,P223,0,0.0,0,0,1
P155,P158,13,2.24,0,0,0
P104,P246,11,2.15,0,0,0
P023,P130,9,1.0,8,0,0
P253,P292,10,1.74,0,0,0
P074,P138,12,1.7,0,0,0
P269,P290,0,0.0,0,0,1
P191,P226,11,1.4,0,0,0
P104,P126,5,1.76,0,0,0
P057,P090,7,1.76,0,2,0
P108,P163,12,1.46,0,0,0
P178,P185,8,1.14,9,0,0
P248,P291,9,1.71,0,0,0
P003,P061,0,0.0,0,0,1
P059,P291,5,1.41,0,0,0
P260,P273,6,1.47,0,0,0
P181,P186,0,0.0,0,0,1
P031,P089,11,1.44,0,0,0
P058,P192,0,0.0,0,0,1
P028,P134,15,1.39,6,0,0
P055,P113,6,1.1,0,0,0
P153,P224,12,1.6,0,7,0
P057,P259,17,1.08,0,0,0
P125,P226,18,1.5,0,0,0
P180,P235,10,1.35,0,0,0
P068,P177,6,1.43,0,5,0
P121,P256,8,1.2,0,0,0
P097,P175,5,1.63,0,0,0
P039,P132,0,0.0,0,0,1
P015,P043,6,1.64,0,0,0
P035,P066,15,0.96,0,0,0
P011,P040,41,1.32,0,4,0
P234,P270,25,1.29,0,0,0
P082,P295,9,1.7,0,2,0
P137,P298,46,1.29,0,0,0
P155,P162,0,0.0,0,0,1
P031,P291,0,0.0,0,0,1
P011,P283,27,1.21,0,19,0
P047,P128,8,1.88,0,0,0
P066,P239,8,1.45,0,0,0
P088,P274,5,0.7,0,0,0
P056,P188,5,0.89,0,0,0
P078,P287,8,1.36,0,0,0
P249,P258,8,1.53,0,0,0
P002,P058,7,1.27,0,0,0
P007,P037,0,0.0,0,0,1
P082,P280,0,0.0,0,0,1
P081,P095,10,2.29,0,0,0
P208,P241,22,1.75,0,0,0
P260,P269,13,1.48,0,7,0
P225,P258,21,1.27,0,0,0
P165,P247,9,1.56,0,0,0
P095,P219,8,1.14,0,0,0
P119,P272,4,0.86,6,0,0
P114,P180,6,2.24,0,0,0
P019,P201,5,1.93,0,0,0
P035,P256,5,1.13,17,0,0
P055,P175,12,1.21,0,0,0
P047,P290,0,0.0,0,0,1
P104,P136,0,0.0,0,0,1
P145,P202,9,1.2,0,0,0
P076,P096,5,1.74,0,0,0
P050,P278,23,1.49,0,0,0
P197,P263,19,0.97,0,0,0
P261,P287,16,1.01,0,0,0
P040,P138,13,1.36,0,0,0
P137,P207,23,1.36,19,0,1
P120,P265,24,0.99,0,0,0
P015,P292,8,1.79,0,0,0
P226,P278,32,1.23,0,0,0
P015,P226,18,1.8,0,0,0
P205,P275,10,1.45,0,0,0
P004,P214,10,1.55,0,0,0
P150,P285,8,2.23,9,0,0
P027,P214,5,0.93,0,0,0
P203,P229,18,1.1,0,10,0
P081,P224,8,0.88,0,0,0
P066,P167,0,0.0,0,0,1
P125,P273,5,1.6,0,0,0
P284,P293,6,0.87,0,0,0
P052,P139,6,2.03,0,0,0
P129,P236,6,1.76,0,0,0
P013,P145,10,0.97,0,0,0
P039,P204,9,0.95,0,0,0
P078,P107,5,1.15,0,0,0
P220,P262,11,1.51,0,0,0
P004,P294,13,1.38,0,4,0
P033,P119,6,1.1,0,0,1
P121,P255,0,0.0,0,0,1
P074,P212,5,1.53,0,0,0
P043,P089,6,1.24,0,0,0
P235,P260,8,0.86,0,0,0
P048,P188,9,1.0,0,0,0
P077,P216,9,1.33,0,0,0
P231,P296,5,1.49,0,13,0
P127,P193,0,0.0,0,0,1
P258,P276,18,1.5,0,0,0
P088,P294,8,1.48,0,0,0
P130,P275,15,1.17,0,0,0
P188,P215,24,1.49,6,0,0
P105,P166,6,1.55,0,0,0
P089,P189,11,1.52,0,0,0
P103,P264,2,0.86,0,12,0
P138,P261,17,1.68,0,0,0
P217,P225,34,1.32,0,0,0
P065,P275,12,2.12,0,0,0
P269,P292,8,1.1,0,0,0
P055,P076,6,0.97,0,0,0
P020,P205,9,1.56,0,0,0
P049,P091,6,1.57,0,9,0
P107,P273,6,1.1,0,0,0
P023,P185,9,0.85,0,0,0
P133,P265,39,1.12,0,0,0
P004,P231,6,1.44,0,0,0
P270,P280,15,1.39,0,0,0
P077,P115,16,1.58,0,0,0
P126,P260,7,1.71,0,0,0
P104,P138,8,1.2,0,0,0
P075,P091,5,1.37,0,0,0
P191,P256,5,2.04,14,0,0
P004,P035,0,0.0,0,0,1
P079,P167,15,1.81,0,0,0
P110,P290,18,1.05,0,0,0
P008,P113,8,2.3,0,0,0
P036,P154,9,1.64,2,0,0
P112,P204,5,0.87,0,0,0
P088,P219,9,0.99,0,0,0
P208,P282,0,0.0,0,0,1
P101,P191,6,1.3,0,0,0
P088,P187,5,2.23,0,0,0
P200,P216,6,1.93,0,7,0
P003,P274,15,1.38,0,0,0
P209,P254,11,0.57,0,3,0
P066,P260,22,1.27,0,0,0
P142,P254,0,0.0,0,0,1
P152,P201,12,1.83,8,0,0
P042,P175,9,2.0,0,8,0
P198,P276,12,1.3,0,0,0
P031,P046,4,0.62,17,0,0
P147,P182,0,0.0,0,0,1
P101,P217,26,1.49,0,0,0
P181,P230,11,1.62,0,0,0
P198,P222,8,1.67,0,0,0
P089,P249,5,1.36,0,0,0
P078,P140,5,1.72,0,0,0
P063,P175,5,2.09,0,0,0
P256,P289,8,1.99,0,15,0
P107,P269,10,0.86,0,6,0
P258,P259,19,1.89,0,0,0
P015,P066,15,1.36,0,0,0
P208,P221,15,1.34,0,0,0
P251,P281,5,2.82,0,0,0
P241,P243,11,1.51,0,0,0
P089,P121,12,1.24,0,0,0
P262,P295,9,1.24,0,0,0
P114,P235,6,1.59,0,0,0
P077,P193,8,2.14,0,0,0
P239,P287,11,2.28,0,0,0
P093,P113,1,0.57,0,9,0
P138,P258,15,1.3,0,0,0
P002,P111,13,1.01,0,11,0
P120,P279,35,1.2,12,0,0
P189,P283,13,2.11,0,0,0
P268,P269,8,1.43,0,0,0
P181,P293,5,0.97,0,0,1
P090,P287,10,2.65,0,0,0
P144,P199,0,0.0,0,0,1
P208,P268,8,1.41,0,0,0
P003,P294,7,0.85,0,0,0
P019,P188,12,1.39,0,0,0
P107,P114,5,1.11,0,0,0
P081,P096,8,1.62,0,0,0
P036,P286,0,0.0,0,0,1
P034,P177,0,0.0,0,0,1
P219,P245,8,1.39,0,0,0
P198,P259,12,1.55,0,0,0
P057,P099,10,1.68,0,0,0
P243,P269,7,1.31,0,0,0
P004,P173,5,1.7,0,0,0
P131,P290,45,1.05,29,0,0
P110,P219,6,0.13,0,0,0
P144,P215,28,1.09,0,0,0
P001,P149,2,1.11,9,0,0
P002,P045,0,0.0,0,0,1
P287,P289,14,1.13,0,0,0
P061,P254,12,2.14,0,0,0
P179,P240,32,1.52,0,0,0
P077,P182,7,1.73,0,0,0
P119,P209,13,0.72,15,0,0
P119,P200,6,1.78,0,0,0
P003,P219,8,0.58,0,0,0
P003,P231,12,3.27,7,0,0
P040,P261,10,1.13,0,0,0
P180,P260,5,0.75,0,0,0
P043,P046,6,1.45,0,0,0
P150,P267,10,1.88,0,0,0
P082,P262,13,1.0,0,0,0
P133,P279,53,1.26,0,0,0
P202,P248,3,0.51,0,17,0
P036,P293,7,1.64,0,0,0
P044,P264,7,1.11,0,0,0
P166,P177,9,2.03,0,0,1
P165,P285,3,1.08,9,0,0
P115,P163,9,1.44,0,0,0
P017,P069,4,1.3,17,0,0
P162,P262,8,1.76,0,0,0
P110,P292,0,0.0,0,0,1
P012,P173,0,0.0,0,0,1
P120,P298,30,1.19,0,0,0
P022,P265,12,1.23,0,9,0
P029,P190,10,1.37,0,4,0
P059,P105,0,0.0,0,0,1
P065,P252,0,0.0,0,0,1
P074,P253,9,1.77,0,0,0
P074,P278,17,1.65,7,0,0
P151,P289,0,0.0,0,0,1
P135,P164,7,1.7,0,0,0
P023,P178,7,1.06,0,0,0
P032,P220,7,2.03,0,0,0
P145,P155,15,1.34,0,0,0
P041,P234,9,2.02,0,0,0
P203,P211,25,1.24,0,0,0
P128,P227,7,1.2,0,0,0
P031,P050,12,1.22,0,0,0
P046,P243,5,1.35,0,0,0
P110,P238,11,1.47,0,4,0
P087,P278,8,1.96,0,0,0
P161,P229,31,1.4,0,0,0
P121,P276,17,1.26,0,0,0
P128,P183,4,2.32,0,0,1
P024,P226,9,1.38,0,0,0
P194,P237,19,0.87,0,0,0
P010,P040,7,1.13,0,0,0
P104,P261,12,1.95,0,0,0
P121,P222,10,1.43,0,0,0
P101,P176,0,0.0,0,0,1
P068,P274,15,1.35,0,0,0
P159,P241,10,1.16,0,0,0
P256,P292,6,1.47,0,0,0
P152,P188,21,0.97,0,0,0
P198,P213,0,0.0,0,0,1
P198,P217,17,1.15,0,0,0
P012,P014,11,1.47,0,13,0
P010,P283,9,2.01,0,0,0
P239,P246,3,1.28,6,0,0
P082,P220,7,1.32,0,0,0
P138,P159,5,0.72,0,0,0
P040,P258,18,1.77,0,0,0
P133,P298,43,1.19,0,0,0
P156,P272,0,0.0,0,0,1
P059,P176,8,1.15,0,0,0
P049,P168,7,1.68,0,0,0
P075,P094,2,1.14,5,0,0
P044,P059,10,1.24,0,0,0
P023,P172,24,1.25,0,0,0
P148,P254,13,1.29,0,0,0
P195,P264,9,1.11,0,0,0
P221,P241,21,1.39,0,0,0
P160,P237,32,1.0,0,0,0
P108,P148,22,1.29,0,0,0
P043,P241,8,0.99,0,0,0
P030,P261,5,0.99,0,0,0
P032,P251,0,0.0,0,0,1
P167,P272,7,1.06,0,0,0
P004,P213,7,2.46,0,0,0
P208,P235,16,1.62,0,0,0
P260,P276,13,1.31,0,0,0
P145,P256,0,0.0,0,0,1
P076,P288,0,0.0,0,0,1
P248,P271,0,0.0,0,0,1
P069,P214,8,2.15,0,0,0
P038,P134,17,1.1,0,64,0
P091,P201,0,0.0,0,0,1
P007,P236,5,1.42,0,6,1
P188,P204,17,1.38,0,0,0
P198,P225,17,1.34,0,0,0
P101,P180,10,1.37,0,0,0
P029,P137,26,1.16,0,0,0
P008,P047,0,0.0,0,0,1
P014,P223,9,1.5,0,0,0
P259,P289,9,1.32,0,0,0
P044,P233,7,1.62,12,0,0
P122,P184,0,0.0,0,0,1
P121,P259,14,1.24,0,0,0
P035,P243,6,1.29,0,0,0
P001,P175,5,0.74,0,0,0
P188,P206,12,1.34,9,0,0
P014,P214,0,0.0,0,0,1
P069,P294,8,1.48,0,0,0
P118,P244,8,1.02,3,0,0
P068,P294,13,1.53,0,0,0
P203,P300,15,1.13,0,0,0
P154,P236,17,1.47,0,0,0
P150,P157,25,1.27,0,0,0
P104,P258,13,1.84,0,0,0
P287,P292,22,1.75,0,0,0
P138,P277,5,1.98,0,2,0
P043,P050,6,0.95,0,0,0
P006,P215,11,1.47,0,0,0
P072,P179,10,1.42,0,0,0
P056,P262,6,1.32,0,0,0
P109,P177,2,1.96,0,5,0
P150,P167,0,0.0,0,0,1
P098,P196,9,1.67,0,0,0
P212,P259,5,1.14,0,0,0
P031,P180,11,1.54,0,0,0
P024,P066,10,1.39,0,0,0
P068,P219,14,0.98,0,0,0
P030,P258,6,1.04,0,0,0
P210,P276,0,0.0,0,0,1
P050,P289,6,0.79,0,0,0
P003,P256,0,0.0,0,0,1
P068,P187,6,1.71,0,0,0
P191,P276,3,0.6,0,21,0
P136,P146,41,1.0,0,0,0
P045,P186,8,1.4,0,0,0
P012,P229,15,1.53,0,0,0
P226,P289,15,1.17,0,0,0
P057,P208,16,0.95,0,0,0
P118,P161,11,1.54,0,0,0
P165,P267,7,1.7,0,0,0
P027,P210,0,0.0,0,0,1
P108,P272,7,0.83,0,0,0
P155,P264,6,1.29,0,0,0
P010,P278,15,1.45,11,0,0
P078,P212,4,2.32,0,5,0
P174,P186,6,1.37,0,0,0
P138,P189,12,1.23,0,0,0
P222,P260,6,1.17,14,0,0
P241,P268,5,0.66,0,0,0
P125,P276,13,1.71,0,0,0
P024,P031,7,1.87,0,0,0
P198,P266,3,1.38,0,7,0
P159,P221,11,1.43,0,0,0
P125,P222,5,1.27,0,0,0
P117,P296,2,0.71,0,13,0
P040,P159,7,1.15,0,0,0
P283,P287,16,1.47,0,0,0
P210,P284,11,0.99,0,0,0
P048,P142,11,1.47,0,0,0
P026,P106,3,1.51,0,7,0
P171,P269,7,1.22,0,0,0
P057,P101,19,1.09,0,0,0
P218,P290,9,0.73,0,0,0
P008,P088,6,1.29,0,0,0
P005,P069,1,0.54,5,0,0
P096,P250,6,1.28,0,0,0
P082,P299,0,0.0,0,0,1
P120,P205,8,0.86,0,0,0
P144,P204,24,1.22,0,0,0
P163,P167,9,1.39,0,0,0
P064,P292,5,1.56,0,0,0
P098,P190,10,1.08,0,6,0
P079,P270,19,1.34,0,0,0
P107,P222,9,1.31,0,0,0
P064,P226,10,1.39,0,0,0
P191,P259,5,1.21,0,0,0
P100,P254,8,1.0,0,3,0
P083,P108,12,1.11,0,0,0
P090,P138,5,2.09,0,0,0
P001,P194,0,0.0,0,0,1
P005,P172,0,0.0,0,0,1
P137,P151,0,0.0,0,0,1
P054,P226,0,0.0,0,0,1
P217,P287,36,1.26,0,0,0
P144,P206,14,0.98,0,0,0
P070,P127,27,2.1,0,50,0
P197,P224,17,1.38,0,0,0
P004,P086,8,0.92,0,0,0
P027,P086,8,1.1,15,0,0
P221,P268,12,1.77,0,0,0
P011,P289,35,1.38,0,0,0
P123,P274,8,1.56,0,0,0
P125,P259,7,1.1,0,17,0
P268,P276,10,1.58,0,0,0
P023,P231,0,0.0,0,0,1
P022,P207,7,1.45,0,0,0
P069,P173,5,2.94,0,0,0
P001,P041,0,0.0,0,0,1
P036,P052,0,0.0,0,0,1
P126,P283,5,1.69,0,0,0
P104,P159,5,1.18,0,0,0
P054,P080,10,1.71,8,0,0
P121,P225,17,0.91,0,0,1
P143,P230,0,0.0,0,0,1
P247,P296,0,0.0,0,0,1
P157,P267,12,1.08,0,0,0
P259,P292,9,1.3,0,0,0
P261,P283,10,1.56,0,0,0
P057,P125,14,1.15,0,0,0
P054,P238,0,0.0,0,0,1
P161,P211,38,1.39,11,0,0
P185,P279,20,1.23,0,0,0
P013,P264,5,1.15,0,0,0
P040,P073,7,1.0,0,0,0
P178,P290,8,1.12,0,0,0
P167,P209,29,1.12,0,0,0
P057,P287,32,1.12,0,0,0
P011,P078,17,1.41,0,0,0
P054,P184,7,1.47,4,0,0
P133,P205,17,1.27,29,0,0
P167,P200,7,1.46,0,0,0
P015,P243,5,1.52,0,0,0
P052,P175,11,1.96,0,0,0
P066,P283,12,0.96,0,0,0
P196,P258,0,0.0,0,0,1
P094,P155,5,1.63,0,0,0
P068,P152,0,0.0,0,0,1
P113,P219,8,1.18,0,0,0
P134,P141,22,0.79,0,0,0
P031,P235,16,1.6,0,0,0
P059,P150,8,1.24,0,0,0
P058,P195,12,1.12,4,0,0
P166,P274,12,1.02,0,0,0
P054,P075,5,1.03,0,0,0
P158,P267,5,1.4,0,0,0
P070,P210,19,1.36,0,0,0
P095,P250,9,2.16,0,5,0
P040,P189,11,1.29,0,0,0
P029,P098,9,1.01,0,5,0
P062,P092,8,1.27,0,0,0
P171,P183,0,0.0,0,0,1
P050,P226,16,0.93,0,0,1
P019,P262,10,1.44,3,0,0
P123,P294,7,1.8,0,0,0
P098,P137,32,1.12,0,0,0
P096,P286,6,2.67,0,0,0
P226,P292,13,1.0,0,0,0
P246,P283,8,1.5,0,0,0
P185,P207,12,1.8,0,0,0
P119,P280,5,1.13,0,0,0
P095,P299,6,2.72,0,0,0
P015,P030,4,1.31,0,13,0
P077,P167,14,1.34,0,0,0
P208,P260,7,0.79,0,0,0
P125,P191,2,0.62,0,5,0
P017,P274,5,0.89,0,0,0
P064,P066,9,1.14,0,6,0
P021,P067,7,3.07,0,0,0
P041,P119,6,0.98,6,0,0
P027,P276,0,0.0,0,0,1
P001,P003,5,0.67,0,0,0
P228,P241,7,1.84,0,0,0
P012,P207,0,0.0,0,0,1
P125,P217,19,1.56,0,0,0
P008,P055,11,1.26,6,12,0
P123,P219,6,0.92,0,0,0
P062,P250,70,9.64,218,0,1
P023,P110,20,1.27,8,0,0
P062,P263,71,5.3,0,0,1
P011,P043,21,1.0,0,0,0
P164,P216,11,1.01,0,0,0
P018,P249,0,0.0,0,0,1
P145,P251,13,1.57,0,0,0
P018,P020,0,0.0,0,0,1
P050,P238,0,0.0,0,0,1
P078,P278,9,1.65,0,0,0
P001,P004,7,0.82,0,0,0
P161,P300,19,1.05,0,15,0
P043,P215,0,0.0,0,0,1
P159,P235,7,1.04,0,9,0
P173,P289,0,0.0,0,0,1
P226,P238,0,0.0,0,0,1
P003,P086,10,1.3,0,0,0
P108,P209,29,0.88,0,0,0
P107,P191,9,1.6,0,0,0
P217,P246,16,1.15,0,0,0
P134,P139,26,1.32,58,0,0
P166,P294,19,2.13,0,6,0
P108,P200,13,2.12,0,0,0
P048,P112,9,2.15,0,3,0
P104,P189,7,1.18,0,9,0
P126,P278,9,1.32,0,0,1
P191,P225,8,1.17,0,0,0
P006,P246,0,0.0,0,0,1
P040,P121,12,1.05,0,0,0
P070,P072,6,1.65,0,0,0
P261,P278,18,1.22,0,0,0
P096,P282,1,0.55,0,5,0
P221,P235,18,1.52,0,0,0
P127,P181,8,1.05,0,0,0
P107,P217,25,1.18,0,0,0
P127,P236,12,0.9,0,0,0
P043,P235,9,1.41,0,0,0
P207,P275,14,1.58,0,31,0
P012,P211,18,1.49,1,0,0
P019,P220,6,2.12,2,0,0
P197,P252,12,2.27,0,0,0
P260,P266,5,2.14,0,0,0
P006,P126,0,0.0,0,0,1
P125,P225,23,2.2,0,0,0
P049,P176,8,1.43,0,8,0
P073,P121,17,1.78,0,0,0
P137,P275,45,1.19,0,0,0
P075,P176,8,1.5,0,0,0
P023,P290,11,1.02,5,0,0
P127,P156,15,1.3,0,0,0
P057,P140,16,1.13,0,0,0
P004,P062,11,1.21,0,0,0
P166,P219,20,1.33,0,31,0
P011,P292,28,1.08,0,0,0
P027,P062,7,0.93,0,0,0
P011,P226,74,1.28,0,0,0
P239,P261,6,2.11,0,0,0
P061,P227,6,2.12,0,0,0
P054,P058,6,0.91,0,0,0
P057,P246,18,1.29,0,0,0
P166,P187,7,1.89,0,8,0
P051,P263,5,1.23,4,0,0
P111,P291,9,1.05,0,0,0
P184,P248,8,1.64,0,0,0
P065,P133,13,1.18,0,0,0
P189,P289,6,0.86,0,0,0
P088,P299,7,2.46,0,0,0
P152,P262,24,1.37,8,0,0
P050,P066,22,1.16,0,0,0
P072,P284,5,1.73,0,10,0
P267,P295,0,0.0,0,0,1
P039,P073,0,0.0,0,0,1
P014,P229,30,1.48,0,0,0
P258,P287,31,1.7,0,0,0
P124,P278,8,1.64,0,0,0
P246,P253,5,0.83,0,0,0
P246,P278,18,1.47,0,0,1
P115,P272,8,1.25,0,0,0
P194,P295,15,1.0,0,0,0
P095,P296,6,1.43,0,0,0
P145,P247,14,1.46,0,5,0
P182,P270,16,1.08,0,14,0
P050,P256,6,1.11,9,0,0
P226,P256,10,1.09,0,0,0
P052,P214,7,1.78,0,0,0
P150,P195,24,1.59,12,0,0
P048,P216,0,0.0,0,0,1
P001,P075,6,2.16,0,0,0
P262,P286,0,0.0,0,0,1
P030,P121,14,2.15,0,0,0
P044,P184,12,1.99,0,0,0
P160,P295,20,0.91,0,0,0
P278,P283,15,1.48,0,0,0
P173,P219,8,2.01,0,0,0
P071,P181,0,0.0,0,0,1
P201,P294,0,0.0,0,0,1
P080,P251,6,1.48,0,0,0
P024,P276,7,1.69,0,0,0
P101,P260,11,1.19,11,0,1
P012,P300,11,1.38,0,0,0
P004,P166,19,1.71,0,0,0
P101,P206,0,0.0,0,0,1
P024,P222,5,2.33,0,0,0
P027,P166,13,1.41,0,0,0
P263,P274,74,4.08,0,210,1
P023,P219,5,0.17,0,0,0
P037,P042,2,2.27,0,0,1
P164,P182,11,1.7,12,0,0
P257,P299,5,3.04,0,0,0
P057,P171,12,1.16,0,0,0
P062,P296,5,0.68,0,0,0
P002,P248,9,1.14,0,15,0
P058,P165,9,1.74,0,0,0
P044,P075,5,0.81,0,0,0
P016,P293,2,0.9,0,6,0
P008,P279,0,0.0,0,0,1
P131,P207,27,1.09,0,0,0
P088,P166,9,1.4,0,0,0
P148,P227,8,1.57,0,0,0
P124,P172,0,0.0,0,0,1
P061,P108,13,1.37,0,0,0
P062,P197,6,0.58,0,0,0
P140,P243,6,1.31,0,0,0
P112,P218,0,0.0,0,0,1
P011,P066,76,1.19,0,0,0
P011,P087,12,1.33,0,0,0
P077,P163,4,1.32,0,5,0
P107,P266,6,1.92,0,0,0
P042,P086,5,1.17,0,0,0
P062,P282,7,2.49,0,0,0
P112,P189,0,0.0,0,0,1
P171,P276,9,1.39,0,0,0
P029,P131,30,0.91,0,30,0
P015,P099,5,2.48,0,0,0
P235,P249,6,1.25,0,0,0
P224,P294,11,1.26,0,0,0
P020,P120,29,1.29,0,0,1
P031,P260,10,1.11,0,0,0
P179,P292,0,0.0,0,0,1
P154,P240,21,1.85,0,0,0
P176,P202,10,1.6,0,0,0
P121,P208,23,1.9,0,0,0
P079,P169,5,4.05,0,0,0
P069,P086,10,1.98,0,0,0
P128,P193,9,1.63,0,0,0
P131,P161,0,0.0,0,0,1
P083,P216,5,0.91,0,0,0
P032,P144,17,1.02,0,0,0
P135,P167,9,1.65,0,0,0
P011,P256,19,1.05,0,0,0
P265,P297,6,1.08,0,0,0
P013,P033,0,0.0,0,0,1
P045,P234,5,0.92,12,3,0
P080,P257,0,0.0,0,0,1
P040,P228,8,2.98,0,0,0
P241,P260,13,1.09,0,0,0
P057,P138,16,0.88,0,0,0
P224,P231,6,1.55,0,0,0
P256,P259,8,1.65,0,0,0
P112,P237,7,1.15,0,0,0
P136,P223,24,1.02,0,3,0
P130,P178,11,1.83,0,5,0
P040,P074,8,1.29,3,0,0
P023,P238,8,1.71,0,0,0
P263,P294,14,1.01,0,9,0
P054,P111,14,0.91,0,0,0
P073,P289,5,0.87,0,0,0
P059,P145,10,1.21,0,0,0
P189,P292,11,1.55,0,0,0
P189,P226,18,1.13,0,0,0
P035,P208,8,1.0,0,0,0
P066,P249,9,1.01,0,0,0
P040,P064,6,1.56,0,0,0
P072,P216,0,0.0,0,0,1
P080,P247,7,1.49,0,6,0
P127,P288,22,1.32,0,0,0
P163,P270,20,1.81,0,0,0
P121,P198,18,1.69,0,0,0
P067,P092,8,2.39,0,0,0
P186,P293,0,0.0,0,0,1
P073,P078,2,0.73,5,0,0
P171,P259,10,1.85,0,0,0
P046,P125,7,1.51,0,0,0
P224,P226,0,0.0,0,0,1
P099,P260,6,1.9,0,0,0
P107,P180,13,1.46,0,6,0
P140,P241,10,0.94,0,0,0
P168,P202,11,2.36,0,0,0
P159,P260,9,1.48,0,0,0
P046,P287,16,1.47,0,0,0
P092,P102,5,1.86,0,0,0
P203,P232,12,0.94,0,0,0
P130,P172,18,1.03,0,0,0
P138,P269,9,0.9,0,0,0
P003,P166,13,1.33,0,0,0
P266,P276,7,2.54,0,0,0
P092,P263,12,1.01,0,0,0
P074,P273,3,1.0,0,5,0
P053,P059,0,0.0,0,0,1
P039,P201,10,1.58,0,0,0
P135,P260,0,0.0,0,0,1
P205,P218,10,1.81,0,0,0
P041,P270,16,1.06,0,0,0
P157,P158,13,0.99,0,9,0
P129,P289,0,0.0,0,0,1
P216,P234,10,1.37,1,0,0
P005,P124,0,0.0,0,0,1
P180,P189,12,1.78,0,0,0
P221,P260,11,1.03,0,0,0
P043,P260,7,1.22,5,0,0
P063,P222,0,0.0,0,0,1
P067,P263,8,1.12,0,0,0
P028,P274,1,0.36,6,0,0
P049,P150,7,1.35,0,10,0
P075,P150,7,1.42,0,0,0
P083,P193,7,2.32,0,0,0
P224,P238,0,0.0,0,0,1
P161,P268,0,0.0,0,0,1
P121,P125,9,1.03,0,0,0
P121,P287,30,1.46,0,0,0
P055,P263,78,4.2,0,0,1
P033,P254,6,1.02,0,6,0
P024,P217,10,1.51,0,0,0
P165,P195,17,1.45,6,0,0
P044,P091,10,1.16,0,0,0
P191,P208,7,1.58,0,0,0
P054,P103,8,1.87,0,0,0
P073,P124,5,2.05,0,0,0
P046,P107,8,0.99,0,0,0
P145,P285,7,1.51,0,0,0
P074,P269,6,0.93,0,0,0
P021,P175,10,2.3,0,0,0
P014,P211,35,1.4,0,0,0
P112,P201,5,1.3,5,0,0
P150,P165,10,1.37,0,0,0
P125,P208,12,1.77,0,0,0
P119,P174,7,1.21,0,0,0
P047,P100,5,1.71,0,0,0
P180,P249,6,1.75,0,18,0
P265,P279,17,0.87,0,0,0
P035,P125,5,0.86,0,0,0
P057,P212,7,0.83,0,0,0
P134,P149,11,1.09,0,0,0
P119,P186,11,1.34,11,0,0
P068,P250,12,1.43,0,0,0
P212,P287,9,1.13,0,0,0
P187,P229,0,0.0,0,0,1
P035,P287,24,1.76,0,0,0
P190,P290,10,1.06,0,0,0
P044,P286,0,0.0,0,0,1
P110,P196,8,1.0,0,0,0
P171,P217,15,1.45,0,0,0
P079,P209,11,1.14,0,0,0
P010,P292,7,1.36,0,0,0
P140,P282,0,0.0,0,0,1
P010,P226,13,1.13,0,0,0
P024,P225,10,1.75,0,0,0
P094,P247,5,1.9,0,11,0
P217,P261,23,1.37,0,0,0
P035,P098,0,0.0,0,0,1
P235,P289,11,1.44,0,0,0
P089,P243,10,2.3,0,9,0
P189,P256,7,1.41,0,0,0
P037,P263,6,2.26,0,0,0
P004,P027,12,1.24,0,0,0
P108,P280,11,1.37,0,0,0
P073,P292,7,1.2,0,0,0
P026,P175,5,0.78,0,8,0
P096,P239,0,0.0,0,0,1
P125,P198,5,0.84,0,0,0
P209,P216,18,1.07,0,6,0
P208,P283,7,1.09,0,0,0
P038,P068,7,2.04,0,0,0
P056,P160,14,1.02,2,0,0
P001,P111,5,0.57,0,0,0
P015,P208,7,1.23,0,0,0
P140,P221,16,1.69,0,0,0
P008,P092,8,1.44,0,0,0
P035,P107,10,0.99,0,0,0
P171,P225,13,1.46,0,0,0
P126,P289,6,1.79,0,0,0
P195,P229,0,0.0,0,0,1
P098,P131,44,1.05,0,0,0
P136,P273,0,0.0,0,0,1
P040,P269,12,1.37,0,0,0
P277,P278,5,1.35,0,0,0
P111,P176,24,1.43,0,0,0
P092,P105,7,2.48,0,0,0
P253,P287,14,1.13,0,0,0
P265,P298,18,1.07,0,0,0
P044,P108,0,0.0,0,0,1
P194,P220,17,1.13,0,0,0
P050,P276,15,1.38,0,12,0
P005,P055,5,1.43,0,0,0
P092,P296,7,1.08,0,0,0
P014,P300,17,1.03,0,0,0
P008,P257,5,1.86,0,0,0
P100,P108,21,1.55,0,27,0
P029,P065,4,1.19,0,5,0
P191,P287,11,1.46,0,0,0
P226,P276,16,0.87,0,0,0
P066,P289,13,0.92,0,0,0
P039,P048,12,1.74,4,0,0
P048,P215,7,1.32,0,0,0
P042,P166,6,1.11,0,0,0
P110,P190,10,0.72,0,0,0
P092,P197,6,0.65,0,0,0
P186,P234,6,1.01,0,0,0
P121,P140,15,1.47,0,0,0
P273,P276,8,1.66,0,0,0
P008,P250,9,1.4,0,0,0
P140,P268,6,1.26,0,0,0
P067,P296,6,1.54,0,0,0
P061,P205,0,0.0,0,0,1
P063,P166,5,1.73,0,0,0
P121,P246,11,1.1,0,0,0
P146,P244,14,1.1,10,0,0
P131,P196,20,1.0,0,0,0
P125,P287,17,1.48,0,0,0
P160,P220,22,1.0,0,0,0
P158,P195,14,1.38,5,0,0
P039,P188,23,1.1,0,0,0
P193,P254,6,1.0,7,0,1
P069,P166,5,0.78,0,0,0
P068,P166,19,1.9,0,0,0
P080,P285,3,1.33,8,0,0
P217,P258,35,1.82,0,0,0
P076,P088,5,1.52,0,0,0
P020,P023,13,1.1,0,4,0
P066,P078,10,1.49,0,0,0
P127,P240,13,1.0,0,0,0
P048,P160,23,1.05,0,0,0
P086,P113,5,1.33,0,4,0
P202,P264,7,2.23,0,8,0
P085,P288,7,1.23,0,0,0
P089,P241,11,1.09,0,0,0
P010,P066,11,0.86,0,0,0
P060,P081,4,1.68,6,0,0
P151,P293,2,0.75,0,6,0
P136,P256,0,0.0,0,0,1
P223,P244,8,1.1,4,0,0
P154,P209,5,0.28,0,0,0
P035,P140,11,1.63,0,0,0
P104,P269,10,1.64,0,0,0
P172,P185,26,1.26,0,0,0
P004,P199,6,2.26,0,0,0
P064,P230,0,0.0,0,0,1
P178,P207,7,1.68,2,0,0
P035,P246,10,1.5,0,0,0
P061,P216,7,1.45,0,0,0
P050,P259,13,1.43,0,13,0
P236,P284,11,1.24,0,0,0
P146,P161,19,1.65,12,0,0
P093,P102,3,2.21,0,0,1
P134,P175,47,1.25,0,0,0
P079,P128,6,1.05,0,0,0
P112,P188,14,1.1,0,10,0
P226,P259,16,1.04,0,0,0
P015,P125,5,1.22,0,0,0
P093,P263,6,1.0,0,0,0
P040,P057,22,1.38,6,0,0
P001,P168,2,0.47,0,0,1
P010,P256,5,1.38,0,0,1
P149,P177,1,1.02,0,0,1
P145,P267,11,1.61,0,0,0
P015,P287,11,1.14,0,0,0
P061,P115,12,1.66,0,0,0
P161,P232,27,1.56,7,0,0
P002,P158,5,0.96,0,0,0
P003,P038,1,0.3,7,0,0
P096,P134,30,1.25,0,0,0
P164,P167,20,1.2,0,0,0
P091,P247,6,1.1,0,0,0
P022,P275,19,1.75,0,0,0
P045,P119,7,0.93,0,0,0
P066,P124,10,1.66,0,0,0
P044,P291,8,1.23,0,0,0
P025,P034,0,0.0,0,0,1
P131,P190,44,1.28,0,0,0
P110,P137,49,1.15,0,0,0
P057,P278,30,1.13,0,0,0
P057,P253,18,1.38,0,0,0
P077,P148,7,1.11,0,0,0
P121,P171,11,1.47,0,0,0
P044,P168,16,1.7,0,0,0
P044,P094,8,1.92,0,0,0
P063,P196,0,0.0,0,0,1
P235,P292,9,1.16,0,0,0
P052,P108,0,0.0,0,0,1
P101,P258,17,1.52,0,0,0
P078,P226,9,1.48,0,0,0
P081,P274,71,6.87,0,0,1
P192,P202,0,0.0,0,0,1
P004,P081,11,1.13,0,0,0
P046,P138,10,1.44,0,0,0
P011,P090,14,1.81,0,0,0
P269,P287,20,1.27,0,0,0
P049,P145,6,0.9,8,0,0
P015,P107,14,1.95,0,0,0
P075,P145,9,1.41,6,0,0
P027,P081,6,0.74,0,0,0
P191,P246,5,1.36,0,0,0
P126,P292,5,1.47,0,0,0
P188,P201,8,0.97,0,0,0
P126,P226,15,1.97,0,17,0
P141,P214,4,1.06,0,21,0
P209,P271,0,0.0,0,0,1
P042,P099,0,0.0,0,0,1
P087,P111,0,0.0,0,0,1
P052,P086,11,2.07,0,0,0
P035,P171,6,1.21,15,0,0
P001,P062,5,0.75,0,0,0
P125,P140,7,1.22,0,0,0
P187,P211,0,0.0,0,0,1
P140,P235,6,0.72,0,0,0
P258,P261,18,1.68,0,0,0
P125,P246,10,1.78,0,0,0
P166,P257,6,1.62,0,0,0
P026,P214,11,2.44,0,0,0
P148,P216,13,1.49,0,0,0
P008,P296,6,0.92,0,0,0
P271,P284,3,1.56,0,10,0
P058,P202,4,0.97,9,0,1
P182,P209,10,1.0,0,0,0
P066,P292,21,1.46,0,0,0
P066,P226,29,0.9,0,0,0
P071,P254,5,1.15,0,0,0
P106,P134,14,1.21,0,0,0
P182,P200,5,2.69,0,0,0
P185,P275,15,1.0,0,28,0
P125,P126,6,1.92,0,0,0
P166,P250,11,1.24,0,0,0
P121,P138,17,1.3,0,0,0
P011,P030,17,0.96,0,0,0
P175,P263,19,1.4,0,0,0
P013,P091,8,1.35,0,0,0
P008,P197,10,1.09,0,0,0
P020,P148,0,0.0,0,0,1
P089,P221,13,1.44,0,4,0
P095,P134,26,1.22,0,0,0
P195,P291,11,1.32,0,0,0
P131,P137,114,1.07,0,26,0
P241,P283,8,0.93,0,0,0
P057,P159,12,1.05,0,0,0
P025,P197,5,2.72,0,0,0
P061,P182,5,1.73,8,0,0
P037,P268,0,0.0,0,0,1
P278,P289,17,1.48,0,0,0
P004,P098,0,0.0,0,0,1
P198,P261,11,1.33,0,0,0
P124,P226,5,0.92,0,0,0
P215,P237,7,0.91,0,0,0
P012,P232,15,1.97,4,0,0
P093,P105,2,1.4,0,5,0
P015,P140,3,0.63,0,6,0
P035,P138,12,1.39,0,0,0
P089,P104,6,1.21,0,0,0
P050,P225,22,1.47,9,0,0
P195,P211,0,0.0,0,0,1
P279,P290,18,1.09,0,0,1
P009,P080,0,0.0,0,0,1
P015,P246,8,1.7,0,0,0
P118,P136,25,0.98,4,27,0
P074,P276,8,1.09,0,0,0
P024,P208,7,1.89,0,0,0
P093,P296,5,1.52,0,0,0
P167,P186,13,1.11,0,0,0
P092,P153,5,0.9,0,0,0
P107,P260,13,1.16,0,0,0
P261,P273,6,1.39,0,0,0
P145,P157,38,1.5,0,0,0
P074,P222,6,1.58,0,0,0
P062,P134,40,1.08,0,0,0
P225,P241,21,1.08,0,0,0
P093,P197,6,1.29,0,0,0
P217,P277,6,1.43,0,0,0
P210,P236,22,1.53,0,12,0
P115,P280,8,1.31,0,0,0
P173,P257,1,1.02,0,12,0
P067,P153,5,1.49,0,0,0
P081,P187,2,0.61,0,8,0
P020,P178,6,0.76,0,0,0
P122,P153,5,2.72,0,0,0
P125,P171,8,1.91,0,0,0
P078,P269,6,1.76,0,6,0
P196,P265,11,1.71,0,0,0
P148,P193,9,1.88,0,0,0
P055,P153,7,0.8,0,0,0
P152,P160,53,1.0,0,0,0
P171,P208,8,1.38,0,0,0
P144,P201,15,1.15,0,0,0
P134,P214,31,1.18,0,0,0
P024,P101,2,0.52,0,0,1
P180,P292,5,0.9,0,0,0
P208,P249,6,1.31,0,0,0
P040,P089,10,1.4,0,0,0
P221,P283,10,1.3,0,0,0
P187,P263,5,0.87,0,0,0
P261,P269,10,1.08,0,0,0
P066,P087,5,0.99,0,0,0
P243,P260,7,1.36,6,0,0
P166,P286,6,1.41,0,0,0
P201,P284,0,0.0,0,0,1
P057,P073,17,1.28,0,0,0
P100,P164,5,0.63,0,8,0
P246,P273,8,2.23,0,0,0
P050,P099,6,1.73,0,0,0
P198,P258,13,1.37,0,13,0
P074,P259,5,0.82,0,0,0
P020,P172,32,1.39,0,0,0
P155,P168,9,1.3,0,0,0
P103,P176,6,1.29,0,1,0
P097,P224,5,1.39,0,9,0
P163,P209,4,0.53,7,0,0
P142,P152,26,1.43,0,0,0
P148,P182,6,1.15,0,0,0
P055,P095,11,1.95,0,0,0
P091,P285,6,2.27,9,0,0
P222,P289,11,2.61,0,0,0
P023,P030,0,0.0,0,0,1
P066,P256,13,1.29,9,0,0
P077,P079,5,1.29,0,0,0
P119,P234,12,1.52,15,3,0
P108,P174,20,1.89,0,0,0
P136,P244,73,0.99,37,0,0
P125,P138,12,1.64,0,0,0
P087,P259,3,1.24,0,0,1
P171,P198,9,1.76,0,0,0
P029,P218,13,1.37,0,0,0
P108,P186,13,0.87,0,0,0
P175,P296,7,0.94,0,0,0
P046,P283,7,1.59,0,0,0
P082,P195,0,0.0,0,0,1
P024,P125,6,2.24,0,0,0
P109,P250,5,2.45,0,5,0
P135,P148,9,2.73,0,0,0
P077,P237,0,0.0,0,0,1
P091,P180,0,0.0,0,0,1
P175,P197,10,0.95,0,0,0
P121,P245,0,0.0,0,0,1
P157,P264,9,0.85,0,10,0
P161,P236,0,0.0,0,0,1
P038,P219,8,1.56,0,0,0
P055,P224,11,0.94,0,0,0
P256,P287,12,1.36,0,0,0
P100,P115,12,1.17,0,0,0
P006,P020,0,0.0,0,0,1
P176,P251,8,1.15,0,0,0
P022,P120,18,1.23,0,0,0
P131,P275,64,1.15,0,0,0
P017,P296,8,1.87,0,0,0
P012,P129,0,0.0,0,0,1
P106,P122,1,1.54,0,0,1
P246,P256,9,2.1,0,0,0
P205,P265,11,1.77,0,0,0
P080,P157,13,1.05,0,0,0
P136,P161,66,0.99,29,17,0
P089,P235,7,0.88,0,0,0
P179,P230,26,1.17,0,0,0
P121,P261,11,0.91,0,0,0
P255,P270,5,0.84,0,0,0
P156,P230,8,0.78,0,0,0
P101,P189,9,0.96,0,0,0
P015,P138,8,1.31,0,0,0
P011,P099,14,1.21,0,0,0
P017,P282,2,1.22,0,0,1
P054,P248,18,1.92,0,0,0
P138,P241,17,1.25,0,0,0
P086,P088,10,1.98,0,0,0
P196,P279,6,0.77,13,0,0
P227,P280,2,0.84,0,0,1
P045,P270,19,1.03,0,0,0
P074,P217,11,0.94,0,0,0
P035,P040,11,1.45,0,0,0
P140,P260,9,1.2,4,0,0
P039,P262,18,1.06,0,0,0
P212,P261,5,1.07,0,0,0
P009,P127,2,0.76,0,27,0
P174,P270,17,1.2,0,0,0
P225,P268,12,1.37,0,0,0
P058,P155,11,1.79,0,0,0
P065,P265,8,1.57,0,12,0
P077,P209,5,0.41,0,0,0
P239,P269,5,1.79,0,0,0
P020,P249,0,0.0,0,0,1
P232,P244,19,1.0,0,0,0
P179,P293,16,0.95,0,7,0
P150,P214,0,0.0,0,0,1
P038,P080,0,0.0,0,0,1
P108,P164,19,0.89,0,0,0
P053,P179,9,1.17,0,0,1
P042,P081,7,1.47,0,0,0
P260,P261,10,1.13,0,6,0
P168,P251,6,1.16,0,0,0
P156,P293,11,1.41,0,0,0
P031,P189,12,1.32,0,0,0
P134,P173,11,0.92,0,0,0
P233,P272,0,0.0,0,0,1
P040,P046,5,0.82,0,0,0
P008,P052,10,2.03,7,0,0
P275,P298,22,1.18,0,0,0
P053,P127,7,1.48,0,0,0
P187,P197,6,1.35,0,0,0
P069,P081,7,1.24,0,0,0
P144,P188,51,1.17,0,0,0
P006,P201,5,1.3,3,0,0
P033,P108,9,0.91,0,0,0
P018,P263,10,2.17,0,0,0
P012,P136,30,1.02,0,44,0
P143,P283,0,0.0,0,0,1
P134,P273,0,0.0,0,0,1
P074,P225,16,1.59,0,0,0
P073,P243,9,2.1,0,0,0
P230,P236,13,1.1,0,8,0
P046,P278,17,1.68,0,0,0
P044,P176,17,1.34,0,0,0
P046,P253,6,1.2,0,3,0
P176,P247,9,1.12,0,0,0
P101,P121,16,1.27,0,0,0
P254,P270,31,1.08,0,0,0
P145,P158,12,1.48,0,0,0
P200,P209,6,1.07,0,0,0
P112,P262,16,1.56,0,0,0
P026,P213,2,1.0,0,8,0
P079,P255,2,1.54,11,0,0
P010,P259,7,1.15,0,0,0
P157,P233,14,1.93,0,0,0
P041,P194,0,0.0,0,0,1
P014,P150,0,0.0,0,0,1
P100,P182,5,1.22,0,0,0
P196,P298,9,1.34,0,0,0
P024,P140,8,2.57,0,0,0
P208,P289,6,0.82,0,0,0
P088,P122,7,4.56,0,0,0
P023,P196,8,1.59,0,0,0
P231,P274,7,1.59,0,0,0
P087,P225,6,1.5,0,0,0
P161,P170,8,0.97,0,0,0
P024,P246,5,1.63,0,0,0
P253,P283,7,1.41,0,0,0
P041,P128,9,1.48,0,0,0
P031,P249,7,1.51,0,0,0
P190,P207,10,1.83,0,0,0
P001,P027,5,0.71,0,0,0
P263,P286,8,1.22,0,4,0
P095,P139,5,2.31,0,0,0
P188,P297,0,0.0,0,0,1
P055,P096,12,1.89,0,0,0
P006,P019,5,1.25,0,0,0
P121,P253,14,1.49,0,0,0
P191,P261,9,2.03,0,0,0
P118,P261,0,0.0,0,0,1
P088,P141,5,1.27,0,0,0
P014,P232,18,1.14,9,0,0
P094,P157,8,1.15,0,0,0
P205,P279,9,1.2,0,0,0
P108,P286,0,0.0,0,0,1
P031,P121,22,1.8,0,0,0
P092,P134,42,1.28,10,0,0
P111,P145,17,0.85,0,0,0
P015,P212,6,2.11,0,0,0
P050,P208,12,1.23,0,0,0
P122,P126,0,0.0,0,0,1
P053,P210,8,1.56,0,0,0
P125,P261,16,2.36,0,9,0
P067,P134,27,1.37,0,0,0
P190,P222,0,0.0,0,0,1
P168,P247,5,0.84,0,0,0
P064,P287,9,1.3,0,0,0
P040,P241,16,1.34,0,0,0
P212,P253,6,1.65,0,0,0
P030,P243,7,2.39,0,0,0
P284,P294,0,0.0,0,0,1
P112,P220,7,1.67,1,0,0
P030,P046,7,2.02,0,0,0
P035,P253,6,0.96,0,0,0
P035,P278,16,1.26,0,0,0
P104,P205,0,0.0,0,0,1
P113,P263,7,0.95,6,0,0
P235,P251,0,0.0,0,0,1
P093,P224,5,1.32,0,0,0
P020,P029,9,0.91,0,0,0
P073,P241,10,1.01,0,0,0
P110,P131,67,1.07,0,25,0
P130,P279,16,1.15,0,0,0
P217,P228,10,1.97,0,0,0
P231,P294,5,1.49,0,0,0
P098,P218,15,1.24,3,0,0
P228,P283,2,1.03,0,0,1
P065,P279,8,1.3,0,0,0
P050,P101,17,1.68,0,0,0
P245,P263,10,1.59,0,0,0
P197,P202,0,0.0,0,0,1
P225,P235,23,1.51,0,16,0
P023,P190,14,1.62,0,0,0
P150,P184,5,1.04,0,0,0
P177,P263,5,0.73,0,0,0
P012,P118,3,0.95,8,2,0
P120,P148,0,0.0,0,0,1
P050,P198,14,1.63,0,0,0
P134,P213,14,1.21,0,0,0
P259,P287,17,1.14,0,0,0
P138,P180,12,1.58,0,0,0
P138,P268,8,1.31,0,0,0
P002,P264,5,1.19,0,0,1
P008,P021,5,1.31,0,0,0
P030,P164,0,0.0,0,0,1
P099,P121,5,1.16,0,0,0
P061,P167,13,1.75,0,0,0
P205,P298,9,1.39,0,0,0
P076,P092,7,1.78,0,0,0
P197,P274,17,1.21,0,0,0
P064,P107,8,1.56,0,0,0
P043,P249,3,1.02,0,8,0
P088,P139,5,1.79,0,0,0
P143,P146,19,1.25,0,0,0
P040,P050,14,1.52,0,0,0
P078,P276,6,1.55,0,0,0
P039,P112,12,1.23,0,0,0
P027,P060,2,0.85,0,5,0
P121,P159,13,1.57,0,0,0
P007,P042,0,0.0,0,0,1
P018,P296,5,1.98,0,0,0
P057,P074,13,1.11,0,0,0
P116,P146,17,1.45,0,0,0
P104,P241,11,1.33,0,0,0
P006,P048,6,1.43,0,0,0
P125,P258,11,1.42,0,0,0
P089,P107,9,0.95,0,0,0
P011,P208,41,1.25,0,0,0
P042,P096,8,2.79,0,0,0
P115,P174,9,1.12,0,0,0
P253,P278,22,1.91,5,0,0
P001,P153,5,0.85,0,0,0
P043,P121,13,1.67,0,0,0
P057,P064,10,1.37,0,0,0
P235,P243,10,1.75,0,0,0
P018,P197,1,0.28,8,0,0
P261,P276,12,1.14,0,0,0
P050,P125,11,1.56,0,0,0
P037,P134,9,1.23,0,0,0
P191,P253,2,0.58,0,6,0
P010,P225,13,1.29,0,0,0
P061,P077,6,1.71,0,0,0
P218,P275,25,1.56,0,0,0
P211,P229,36,1.1,0,7,1
P076,P263,11,1.31,0,0,0
P006,P188,12,0.94,0,0,0
P050,P287,22,1.33,0,0,0
P071,P227,6,2.72,0,0,0
P026,P086,7,1.15,0,0,0
P118,P203,7,1.34,0,0,0
P172,P290,24,1.15,0,0,0
P030,P241,8,1.18,0,0,0
P186,P270,28,1.39,0,16,0
P001,P160,0,0.0,0,0,1
P120,P178,14,1.11,0,0,0
P065,P298,5,0.94,0,0,0
P226,P287,39,1.39,0,0,0
P167,P234,15,1.33,0,0,0
P022,P023,7,0.92,0,0,0
P208,P292,9,1.22,18,0,0
P129,P230,5,1.43,0,0,0
P208,P226,17,1.03,0,0,0
P215,P295,7,1.32,0,2,0
P059,P202,7,1.76,0,0,0
P135,P209,5,0.79,0,0,0
P107,P258,19,1.4,0,0,0
P155,P176,13,1.39,0,0,0
P175,P224,8,0.94,0,0,0
P011,P101,38,1.12,0,0,0
P109,P116,0,0.0,0,0,1
P002,P059,6,1.13,0,0,0
P023,P137,30,1.12,0,0,0
P064,P140,7,2.04,0,5,0
P066,P243,13,1.23,0,0,0
P001,P081,8,1.12,0,0,0
P210,P240,17,1.2,0,23,0
P121,P277,5,1.65,0,0,0
P064,P246,6,1.78,0,0,0
P008,P134,40,1.22,0,0,0
P176,P285,6,1.55,10,0,0
P246,P276,17,1.96,0,0,0
P169,P254,1,0.4,8,0,0
P184,P249,0,0.0,0,0,1
P148,P167,19,1.42,0,0,0
P120,P172,39,1.06,0,0,0
P129,P293,7,2.63,0,0,0
P178,P275,9,0.96,0,0,0
P037,P236,0,0.0,0,0,1
P073,P221,16,1.81,0,0,0
P113,P296,5,1.23,0,0,0
P225,P239,8,1.83,0,0,0
P022,P133,25,1.19,0,0,0
P133,P178,22,1.21,0,0,0
P113,P197,10,1.75,0,0,0
P044,P150,22,1.87,0,0,0
P015,P278,10,1.12,0,0,0
P003,P139,8,1.88,9,0,0
P188,P262,27,1.22,5,0,0
P004,P067,7,1.45,0,0,0
P025,P134,7,1.07,0,0,0
P115,P164,24,1.48,0,0,0
P011,P125,28,1.18,0,0,0
P106,P278,0,0.0,0,0,1
P040,P180,7,1.05,0,0,0
P031,P078,6,1.71,0,0,0
P040,P268,11,2.05,0,0,0
P241,P289,10,1.02,0,0,0
P070,P139,0,0.0,0,0,1
P011,P287,69,1.24,0,0,0
P003,P060,6,2.4,0,0,0
P153,P263,11,0.93,0,0,0
P138,P235,12,1.13,0,0,0
P073,P104,9,1.85,0,0,0
P080,P195,11,1.16,0,0,0
P153,P250,5,0.78,0,0,0
P121,P273,5,0.9,0,0,0
P200,P219,0,0.0,0,0,1
P061,P145,0,0.0,0,0,1
P073,P268,7,1.56,0,0,0
P092,P130,0,0.0,0,0,1
P071,P108,10,1.35,0,0,0
P057,P273,6,0.78,0,0,0
P108,P234,22,1.53,0,0,0
P014,P136,60,0.99,0,0,0
P053,P284,3,0.95,0,6,0
P093,P134,18,1.08,0,0,0
P133,P172,67,1.26,0,0,0
P020,P219,7,0.2,0,0,0
P078,P191,5,3.06,0,12,0
P217,P269,25,1.51,0,0,0
P246,P259,11,1.51,0,0,0
P054,P158,6,0.96,0,0,0
P165,P184,5,1.34,0,0,0
P050,P140,8,0.97,0,0,0
P164,P272,9,1.8,0,0,0
P001,P026,5,0.84,7,0,0
P159,P289,5,1.0,0,0,0
P092,P123,4,1.2,8,0,0
P058,P251,5,1.1,0,0,0
P078,P217,8,1.29,0,0,0
P050,P246,11,1.36,0,0,0
P013,P221,0,0.0,0,0,1
P206,P253,0,0.0,0,0,1
P030,P221,5,0.83,0,0,0
P033,P216,6,1.19,0,0,0
P011,P107,46,1.11,0,0,0
P226,P246,15,1.09,0,0,0
P070,P288,22,1.57,0,0,0
P190,P196,9,2.04,0,0,1
P067,P123,5,2.49,0,0,0
P090,P222,5,3.89,0,0,0
P008,P245,4,1.36,0,7,0
P031,P124,1,0.32,0,0,1
P104,P180,6,1.3,0,0,0
P189,P208,11,1.22,0,0,1
P221,P289,10,1.15,0,0,0
P058,P103,4,1.3,7,0,0
P057,P269,21,1.27,0,9,0
P076,P197,10,1.54,0,0,0
P043,P289,3,0.64,0,21,0
P190,P258,0,0.0,0,0,1
P007,P161,0,0.0,0,0,1
P074,P101,7,1.03,0,0,0
P017,P287,0,0.0,0,0,1
P081,P250,71,9.12,0,0,1
P026,P062,8,1.26,0,0,0
P230,P283,0,0.0,0,0,1
P031,P043,10,1.63,7,0,0
P033,P115,14,1.86,0,0,0
P068,P141,6,0.97,0,0,0
P101,P292,17,2.21,13,0,0
P015,P159,9,2.32,0,0,0
P021,P263,11,1.36,0,0,0
P074,P198,9,1.56,0,0,0
P120,P249,0,0.0,0,0,1
P249,P260,7,1.62,0,0,0
P030,P268,4,1.31,0,12,0
P027,P203,0,0.0,0,0,1
P225,P260,16,1.17,0,0,0
P078,P225,5,0.94,0,0,0
P059,P292,0,0.0,0,0,1
P102,P153,6,2.23,0,0,0
P103,P145,11,1.97,0,0,0
P140,P283,8,1.48,0,0,0
P126,P225,11,1.65,0,0,0
P052,P081,7,1.17,0,0,0
P144,P262,42,1.2,0,0,0
P001,P025,5,4.24,0,0,0
P064,P138,7,1.59,0,0,0
P057,P114,8,1.25,0,5,0
P024,P261,7,1.89,0,0,0
P141,P263,8,0.8,9,0,0
P001,P096,5,1.16,0,0,0
P005,P144,0,0.0,0,0,1
P100,P167,18,1.7,0,0,0
P031,P292,10,1.33,0,0,0
P011,P140,28,1.02,0,0,0
P157,P184,11,1.09,0,0,0
P251,P267,6,1.65,0,0,0
P001,P252,5,1.47,0,0,0
P238,P297,2,0.97,9,0,0
P007,P154,7,1.97,0,0,0
P112,P282,0,0.0,0,0,1
P011,P246,37,1.37,0,0,0
P050,P171,6,1.0,0,0,0
P094,P195,10,1.87,0,0,0
P052,P224,10,1.52,0,0,0
P040,P235,9,0.96,0,0,0
P125,P189,11,1.69,0,0,0
P227,P299,0,0.0,0,0,1
P180,P241,10,1.06,0,0,0
P033,P193,5,1.8,0,0,0
P176,P267,8,1.4,10,0,0
P153,P296,10,1.54,0,0,0
P020,P297,10,1.94,0,0,0
P017,P134,19,0.88,0,0,0
P096,P175,5,1.08,0,20,0
P148,P163,7,1.79,0,0,0
P241,P292,10,1.01,0,0,0
P023,P098,14,1.32,0,0,0
P139,P263,7,0.98,0,0,0
P171,P261,6,1.03,0,6,0
P230,P240,16,1.38,0,0,0
P153,P197,9,0.98,0,0,0
P059,P155,6,1.01,0,0,0
P158,P184,7,2.16,0,0,0
P008,P141,5,1.06,0,5,0
P189,P287,21,1.37,0,0,1
P014,P066,0,0.0,0,0,1
P062,P068,12,1.46,0,0,0
P124,P225,8,1.68,0,0,0
P081,P286,9,2.41,0,0,0
P107,P189,15,1.32,0,0,0
P051,P177,1,0.91,0,0,1
P102,P224,7,1.94,0,0,0
P072,P240,6,1.64,0,16,0
P187,P252,5,3.23,0,0,0
P193,P216,6,1.16,0,0,0
P010,P208,10,1.53,0,0,0
P033,P182,7,2.32,0,0,0
P099,P292,8,3.04,0,0,0
P192,P230,5,1.86,0,0,0
P068,P212,0,0.0,0,0,1
P119,P281,0,0.0,0,0,1
P113,P153,7,2.01,0,0,0
P017,P140,0,0.0,0,0,1
P050,P138,20,1.9,0,0,0
P129,P137,0,0.0,0,0,1
P104,P235,9,1.39,0,0,0
P080,P165,9,1.95,0,0,0
P007,P230,6,1.66,0,0,0
P168,P267,5,1.17,0,0,0
P032,P194,19,1.08,2,0,0
P166,P245,6,1.48,0,0,0
P119,P270,34,1.27,0,0,0
P027,P069,9,1.61,0,0,0
P081,P296,6,0.76,0,11,0
P046,P074,7,1.56,0,0,0
P001,P145,6,0.88,0,0,0
P086,P092,7,1.16,0,0,1
P090,P217,6,1.51,0,0,1
P221,P292,15,1.69,0,0,0
P043,P292,5,1.05,0,0,0
P011,P171,26,1.29,0,0,0
P221,P226,22,1.11,0,0,0
P140,P278,12,0.96,0,0,0
P131,P133,119,1.1,0,44,0
P091,P170,0,0.0,0,0,1
P211,P300,28,1.05,0,12,0
P010,P101,8,1.18,0,0,0
P114,P243,6,2.9,0,0,0
P215,P220,7,1.32,0,0,0
P258,P269,18,1.7,0,0,0
P107,P249,8,1.39,0,0,0
P154,P230,13,1.09,0,0,0
P085,P179,11,1.29,0,0,1
P164,P209,19,0.98,16,0,0
P171,P258,4,0.6,0,14,0
P185,P272,0,0.0,0,0,1
P081,P282,6,1.99,0,0,0
P256,P278,11,1.34,0,0,0
P095,P175,6,1.46,0,0,0
P138,P260,16,1.67,0,0,0
P017,P245,5,2.57,0,0,0
P044,P145,20,1.32,17,0,0
P107,P121,22,1.44,0,0,0
P121,P228,5,1.37,0,0,0
P007,P293,2,0.73,0,9,0
P207,P265,12,1.5,0,0,0
P192,P197,0,0.0,0,0,1
P207,P297,1,0.37,5,0,0
P103,P130,0,0.0,0,0,1
P086,P263,16,1.25,0,0,0
P071,P102,0,0.0,0,0,1
P075,P202,6,1.96,0,0,0
P137,P297,16,1.37,34,0,0
P090,P225,7,2.05,0,0,0
P039,P215,13,1.05,0,0,0
P048,P237,6,1.39,0,0,0
P004,P113,9,1.79,0,0,0
P180,P221,12,1.43,0,0,0
P091,P195,19,1.71,7,0,0
P076,P153,7,1.78,0,0,0
P006,P262,13,1.26,6,0,0
P154,P293,17,1.88,0,0,0
P052,P096,5,1.39,0,0,0
P038,P166,12,3.32,0,0,0
P143,P223,11,1.26,0,0,0
P036,P127,6,0.95,0,0,0
P243,P249,7,2.65,0,0,0
P229,P280,0,0.0,0,0,1
P010,P125,7,1.48,0,0,0
P160,P162,11,0.8,0,0,0
P011,P138,44,1.25,0,0,0
P019,P172,0,0.0,0,0,1
P034,P138,0,0.0,0,0,1
P091,P281,5,2.61,0,0,0
P181,P210,12,1.45,0,0,0
P079,P100,8,2.02,0,0,0
P010,P287,11,0.99,0,0,0
P076,P235,0,0.0,0,0,1
P241,P256,6,0.86,0,0,0
P035,P074,8,1.43,0,0,0
P139,P296,5,1.28,0,0,0
P049,P078,0,0.0,0,0,1
P045,P128,9,1.21,0,0,0
P177,P224,4,0.93,0,12,0
P049,P097,0,0.0,0,0,1
P039,P160,50,0.98,0,0,0
P189,P246,10,1.34,0,0,0
P032,P082,10,1.62,0,0,0
P216,P254,9,0.83,0,0,0
P089,P283,7,1.36,0,0,0
P139,P197,5,0.91,0,0,0
P128,P254,11,0.95,0,0,0
P180,P268,6,1.41,0,0,0
P192,P271,3,5.28,7,0,0
P108,P119,23,1.16,27,0,0
P071,P216,6,1.6,0,0,0
P267,P281,5,3.41,0,3,0
P252,P299,1,0.51,0,7,0
P088,P175,8,1.51,0,0,0
P063,P258,0,0.0,0,0,1
P209,P240,6,0.31,0,0,0
P036,P210,10,1.46,0,0,0
P204,P262,8,0.8,11,0,0
P002,P184,7,1.75,0,0,0
P040,P252,0,0.0,0,0,1
P076,P224,10,1.89,0,0,0
P029,P207,9,1.71,0,0,0
P221,P256,5,0.81,7,0,0
P236,P288,20,1.39,0,0,0
P041,P168,0,0.0,0,0,1
P005,P134,14,1.07,0,0,0
P096,P294,5,1.06,0,0,0
P023,P131,40,1.02,0,0,0
P073,P107,15,1.6,0,0,0
P002,P075,5,1.22,0,0,0
P018,P134,13,1.02,0,0,0
P040,P260,5,0.59,0,0,0
P057,P276,17,0.91,0,18,0
P190,P275,11,0.89,0,0,0
P092,P177,5,1.56,0,0,0
P082,P187,0,0.0,0,0,1
P207,P279,11,1.14,0,0,0
P110,P218,20,1.11,0,0,0
P050,P261,10,1.03,0,0,0
P057,P222,10,1.03,0,0,0
P027,P076,5,1.06,0,0,0
P061,P083,6,2.12,13,0,0
P120,P219,5,0.09,0,0,0
P055,P069,10,1.37,0,0,0
P086,P105,5,1.64,0,0,0
P125,P228,5,2.43,0,0,0
P137,P279,48,1.17,43,0,0
P226,P261,19,1.15,0,0,0
P046,P269,8,1.26,0,0,0
P208,P243,5,0.92,0,0,0
P067,P177,5,2.59,0,0,0
P086,P296,8,1.14,0,0,0
P231,P250,5,1.5,0,3,0
P147,P263,7,1.52,0,0,0
P011,P212,17,1.04,0,0,0
P061,P148,6,1.33,0,0,0
P047,P254,6,1.3,0,0,0
P086,P197,8,0.8,0,0,0
P022,P029,7,1.09,0,0,0
P064,P278,6,0.93,0,0,0
P046,P256,8,2.26,0,0,0
P078,P101,5,1.39,0,0,0
P077,P174,8,2.06,0,0,0
P209,P272,5,0.65,0,0,0
P127,P154,17,1.27,0,0,0
P064,P253,5,1.58,0,0,0
P077,P186,7,1.27,0,0,0
P010,P140,7,1.27,0,0,0
P235,P239,5,1.67,0,0,0
P165,P168,8,1.37,0,0,0
P010,P246,6,1.11,0,0,0
P089,P278,18,1.51,0,0,0
P018,P120,0,0.0,0,0,1
P062,P274,71,7.37,9,0,1
P102,P181,0,0.0,0,0,1
P011,P185,0,0.0,0,0,1
P121,P269,16,1.34,0,0,0
P095,P214,4,1.39,0,14,0
P124,P199,0,0.0,0,0,1
P024,P189,6,1.69,0,0,0
P003,P175,6,0.74,0,0,0
P046,P114,7,2.86,0,3,0
P104,P260,8,1.37,5,0,0
P021,P153,9,2.37,0,0,0
P237,P262,12,1.13,0,0,0
P133,P219,8,0.1,0,0,0
P006,P112,11,1.86,0,0,0
P259,P278,10,0.72,0,0,0
P124,P208,6,1.95,0,0,0
P015,P074,7,1.77,0,12,0
P114,P221,8,1.87,0,0,0
P172,P207,15,1.23,0,0,0
P271,P288,7,2.23,0,0,0
P219,P275,8,0.77,0,0,0
P207,P298,11,1.32,0,0,0
P095,P294,5,1.19,0,0,0
P252,P296,6,1.6,0,9,0
P153,P232,0,0.0,0,0,1
P113,P134,28,1.37,0,0,0
P120,P238,6,0.67,10,0,0
P071,P182,5,2.23,0,0,0
P005,P245,3,2.54,12,0,0
P030,P260,6,1.25,0,0,0
P235,P287,20,1.19,0,0,0
P219,P224,17,1.16,0,0,0
P243,P289,6,1.42,0,0,0
P032,P152,11,1.32,0,0,0
P035,P269,12,1.52,0,0,0
P015,P035,5,1.03,0,0,0
P149,P296,5,2.52,0,7,0
P091,P165,9,1.68,0,0,0
P131,P218,53,1.18,20,0,0
P164,P231,0,0.0,0,0,1
P171,P189,5,0.9,0,16,0
P049,P242,0,0.0,0,0,1
P046,P057,15,1.31,0,0,0
P197,P257,3,0.68,0,13,0
P042,P069,7,2.13,0,0,0
P225,P283,12,1.21,0,0,0
P253,P273,5,1.49,0,0,0
P152,P237,12,1.15,5,0,0
P053,P085,5,3.09,0,0,1
P126,P287,13,1.77,0,0,0
P248,P251,9,1.38,0,0,0
P059,P251,5,1.14,5,0,0
P075,P155,6,1.32,0,0,0
P050,P253,11,1.45,0,0,0
P054,P264,9,1.8,0,0,0
P021,P081,7,1.52,0,0,0
P197,P250,8,0.76,0,0,0
P181,P284,6,1.18,0,0,0
P026,P153,8,1.42,0,0,0
P062,P294,8,1.09,0,0,0
P124,P198,5,1.84,0,0,0
P096,P173,1,0.67,8,0,0
P082,P152,16,1.25,0,3,0
P076,P252,5,2.2,0,0,0
P226,P253,17,1.32,0,0,0
P120,P297,11,1.33,0,0,0
P066,P125,13,0.98,7,0,1
P077,P164,12,1.53,0,0,0
P157,P291,13,1.2,0,11,0
P240,P293,10,1.14,0,0,0
P167,P270,44,1.16,0,11,0
P107,P124,7,1.8,0,0,0
P010,P171,5,1.24,0,0,0
P003,P076,6,1.2,4,0,0
P024,P121,7,1.47,0,0,0
P115,P167,24,1.12,26,0,0
P066,P287,38,1.23,0,0,0
P157,P168,20,1.27,0,6,0
P170,P294,0,0.0,0,0,1
P133,P238,14,1.09,40,0,0
P035,P114,5,1.63,0,0,0
P197,P299,5,0.89,0,4,0
P119,P169,2,0.86,0,6,0
P088,P214,8,2.15,0,0,0
P021,P224,6,1.18,0,0,0
P002,P091,14,2.44,0,0,0
P057,P191,12,1.51,0,0,0
P105,P263,5,0.83,0,0,0
P062,P219,10,0.81,0,0,0
P089,P135,0,0.0,0,0,1
P127,P293,14,1.35,0,0,0
P073,P171,10,2.18,7,0,0
P253,P269,6,0.84,0,0,0
P076,P134,30,1.29,0,0,0
P212,P213,0,0.0,0,0,1
P039,P206,10,1.45,4,0,0
P147,P296,5,1.98,0,0,1
P090,P208,6,2.7,0,0,0
P057,P217,42,1.4,0,0,0
P101,P243,5,0.89,0,5,0
P217,P241,29,1.29,0,0,0
P191,P269,6,1.37,0,0,0
P127,P197,0,0.0,0,0,1
P036,P284,5,1.19,0,0,0
P106,P184,0,0.0,0,0,1
P026,P081,6,0.88,0,0,0
P213,P263,6,1.43,0,0,0
P124,P287,9,1.72,0,0,0
P063,P113,5,3.82,0,0,0
P246,P287,18,1.36,0,0,0
P035,P057,11,0.77,0,0,0
P027,P097,6,1.86,0,0,0
P133,P297,12,1.01,0,0,0
P146,P203,16,1.89,4,0,0
P156,P185,0,0.0,0,0,1
P182,P234,6,1.37,0,0,0
P066,P107,30,1.3,0,0,0
P125,P269,5,0.75,0,0,0
P025,P177,1,1.56,0,0,1
P107,P292,17,1.82,0,0,0
P189,P212,7,1.55,0,0,0
P098,P207,8,1.2,3,0,0
P010,P138,8,1.13,0,0,0
P054,P059,9,1.42,0,0,0
P134,P199,18,1.66,0,0,0
P015,P273,2,0.77,0,14,0
P033,P077,7,1.91,0,0,0
P026,P224,11,1.45,0,0,0
P164,P280,7,1.48,0,0,0
P140,P289,7,1.14,0,0,0
P011,P253,27,1.06,0,0,0
P011,P278,61,1.18,0,0,0
P021,P026,7,1.82,0,0,0
P059,P247,5,0.99,0,0,0
P090,P101,5,2.17,0,0,0
P008,P068,17,2.34,0,0,0
P050,P159,5,0.75,0,0,0
P127,P192,5,1.66,0,0,1
P057,P225,28,1.08,0,0,0
P031,P243,8,1.45,0,0,0
P183,P200,0,0.0,5,0,0
P023,P065,6,1.51,0,0,0
P197,P286,6,1.18,0,0,0
P074,P261,11,1.68,0,0,0
P134,P153,44,1.34,0,0,0
P108,P270,64,1.32,0,0,0
P111,P202,15,1.56,0,0,0
P233,P251,5,2.11,0,0,0
P068,P175,10,1.2,0,0,0
P126,P140,7,1.92,0,0,0
P086,P153,6,0.99,0,0,0
P176,P195,19,1.17,5,0,0
P080,P202,6,1.64,0,0,0
P126,P246,8,2.23,0,0,1
P243,P292,6,1.4,6,0,0
P015,P269,5,0.89,0,0,0
P003,P214,9,1.59,0,0,0
P004,P028,5,1.88,0,0,0
P101,P241,13,0.99,0,0,0
P197,P296,13,1.22,0,0,0
P066,P140,21,1.37,0,0,0
P015,P031,8,1.39,0,0,0
P079,P119,9,1.55,0,0,0
P066,P246,13,0.86,10,0,0
P100,P148,14,2.19,0,0,0
P056,P152,6,1.34,0,0,0
P118,P229,10,1.18,0,8,0
P058,P157,14,1.0,6,0,0
P086,P095,8,2.05,0,0,0
P197,P282,3,0.73,0,7,0
P226,P277,5,1.21,0,0,0
P034,P169,0,0.0,0,0,1
P105,P296,5,1.52,0,0,0
P050,P073,14,1.82,0,0,0
P048,P295,6,2.03,0,3,0
P229,P300,26,1.21,0,0,0
P019,P124,0,0.0,0,0,1
P137,P205,20,1.53,0,0,0
P069,P076,6,1.83,0,0,0
P034,P149,0,0.0,0,0,1
P011,P159,24,1.07,0,0,0
P031,P241,16,1.25,0,0,0
P003,P004,15,1.46,0,0,0
P074,P258,20,2.67,0,0,0
P105,P197,5,1.08,0,0,0
P134,P224,61,1.38,0,0,0
P168,P195,13,1.07,4,0,0
P221,P243,8,1.23,0,0,0
P092,P274,7,0.82,0,0,0
P043,P243,5,1.43,0,0,0
P276,P283,10,1.39,0,0,0
P010,P212,6,1.84,0,0,0
P061,P209,10,1.15,0,0,0
P175,P177,6,1.64,0,0,0
P163,P234,6,1.83,0,0,0
P061,P200,5,3.1,0,0,0
P081,P134,46,1.16,0,0,0
P086,P224,12,1.48,0,0,0
P144,P160,104,0.98,0,0,0
P145,P184,7,1.13,0,0,0
P142,P204,12,1.16,0,0,0
P067,P274,6,1.17,0,0,0
P233,P247,5,1.83,0,9,0
P150,P248,13,1.37,0,0,0
P251,P288,0,0.0,0,0,1
P211,P232,30,1.18,0,0,0
P087,P258,4,1.35,0,11,0
P166,P169,0,0.0,0,0,1
P278,P287,33,1.31,0,0,0
P126,P171,5,1.87,0,0,0
P013,P195,14,1.09,0,0,0
P022,P297,9,2.69,0,0,0
P073,P212,5,1.35,0,0,0
P055,P274,75,5.62,0,0,1
P217,P268,16,1.58,0,0,0
P015,P057,11,1.08,0,0,0
P026,P096,6,1.46,0,0,0
P199,P291,0,0.0,0,0,1
P153,P245,6,2.03,0,0,0
P148,P249,0,0.0,0,0,1
P172,P196,14,1.43,0,0,0
P002,P291,7,1.63,0,0,0
P015,P255,0,0.0,0,0,1
P145,P273,0,0.0,0,0,1
P247,P251,6,1.18,6,0,0
P066,P171,13,1.15,0,0,0
P002,P168,8,1.28,0,0,0
P216,P227,10,1.83,3,0,0
P140,P292,6,0.96,0,0,0
P140,P226,12,0.86,0,0,0
P047,P269,0,0.0,0,0,1
P011,P277,7,0.86,0,8,0
P238,P285,0,0.0,0,0,1
P085,P105,0,0.0,0,0,1
P027,P055,8,0.76,0,16,0
P189,P253,12,1.72,0,0,0
P189,P278,21,1.48,0,0,0
P057,P180,16,1.27,0,5,0
P286,P294,5,1.39,0,0,0
P046,P090,5,3.29,0,0,0
P092,P294,9,1.39,0,0,0
P016,P179,9,1.69,0,0,0
P010,P261,10,1.53,0,0,0
P083,P280,2,0.84,0,7,0
P101,P221,11,0.94,0,10,0
P010,P061,0,0.0,0,0,1
P001,P113,5,1.36,0,0,0
P067,P294,6,1.54,0,0,0
P126,P138,8,1.72,0,0,0
P017,P068,5,1.04,0,0,0
P124,P171,1,0.52,5,0,0
P143,P244,30,1.1,0,0,0
P225,P249,6,0.85,0,0,0
P212,P276,6,1.14,0,0,0
P016,P127,4,1.22,0,36,0
P073,P283,5,0.99,0,0,0
P083,P265,0,0.0,0,0,1
P055,P088,8,1.1,0,0,0
P185,P265,17,1.26,0,0,0
P178,P218,8,1.07,6,0,0
P035,P276,15,1.67,0,0,0
P089,P289,7,1.2,0,0,0
P185,P297,6,1.29,0,0,0
P092,P219,8,0.73,0,0,0
P116,P244,26,1.25,0,0,0
P037,P274,5,2.62,0,0,0
P035,P222,5,1.08,0,0,0
P148,P209,12,0.77,19,0,0
P003,P173,6,2.32,0,0,0
P148,P200,7,2.41,0,0,0
P081,P245,6,1.68,0,0,0
P019,P295,2,0.71,0,5,0
P092,P187,2,0.74,12,0,0
P146,P175,0,0.0,0,0,1
P003,P273,0,0.0,0,0,1
P053,P181,4,1.71,0,5,0
P066,P138,20,1.02,0,0,0
P198,P241,7,0.63,0,7,0
P101,P104,7,1.09,0,0,0
P077,P234,11,2.08,0,2,0
P065,P120,11,1.44,0,0,0
P184,P247,5,1.31,0,0,0
P068,P214,6,1.03,0,0,0
P222,P287,11,1.19,0,0,0
P172,P190,17,1.01,0,0,0
P101,P268,12,2.03,0,0,0
P053,P156,6,1.69,0,0,0
P119,P128,9,0.83,0,0,0
P142,P162,6,1.28,21,0,0
P132,P270,15,1.65,0,0,0
P031,P221,21,1.85,0,0,0
P032,P039,13,1.62,0,0,0
P049,P251,3,0.84,13,0,0
P075,P251,6,1.77,3,0,0
P143,P161,37,1.5,0,0,0
P018,P148,0,0.0,0,0,1
P028,P040,0,0.0,0,0,1
P138,P177,0,0.0,0,0,1
P242,P250,2,2.94,0,5,0
P256,P273,1,0.42,0,0,1
P019,P152,11,1.61,0,6,0
P116,P161,23,1.22,0,0,0
P042,P097,5,2.63,0,0,0
P162,P174,0,0.0,0,0,1
P028,P065,0,0.0,0,0,1
P203,P243,0,0.0,0,0,1
P157,P176,24,1.13,0,0,0
P111,P155,17,1.19,0,0,0
P022,P279,14,1.19,0,0,0
P016,P210,6,1.68,0,0,0
P008,P274,11,1.29,0,0,0
P031,P104,12,1.92,0,0,0
P141,P163,0,0.0,0,0,1
P086,P252,5,1.44,0,0,0
P157,P182,0,0.0,0,0,1
P069,P097,5,2.23,0,0,0
P253,P276,9,1.11,0,0,0
P031,P268,5,0.87,0,0,0
P035,P259,8,1.07,0,0,0
P136,P203,49,1.0,0,0,0
P080,P155,7,1.28,0,0,0
P046,P191,6,1.97,0,0,0
P002,P046,0,0.0,0,0,1
P217,P235,21,1.19,0,0,0
P166,P175,11,1.26,0,0,0
P030,P283,5,1.44,0,0,0
P008,P290,0,0.0,0,0,1
P095,P111,0,0.0,0,0,1
P006,P160,32,1.03,0,0,0
P052,P069,6,1.46,0,0,0
P046,P217,14,1.22,0,0,0
P115,P270,43,1.16,0,0,0
P064,P074,2,0.7,0,0,1
P010,P253,5,0.98,0,0,0
P176,P253,0,0.0,0,0,1
P118,P211,10,0.95,3,0,0
P256,P269,5,0.98,0,0,0
P086,P134,42,1.18,0,0,0
P058,P158,12,2.68,0,0,0
P099,P221,5,1.25,0,0,0
P165,P248,6,0.81,0,0,0
P042,P088,7,2.13,0,0,0
P152,P295,9,1.26,0,0,0
P091,P202,7,1.64,0,0,0
P105,P153,5,1.77,0,0,0
P169,P193,5,4.22,0,0,0
P110,P179,0,0.0,0,0,1
P121,P191,7,1.22,0,0,0
P073,P253,10,1.74,0,0,0
P073,P278,13,1.11,0,0,0
P048,P262,9,1.24,0,0,0
P093,P274,5,1.16,0,0,0
P204,P215,6,0.82,5,0,0
P103,P202,5,1.87,0,0,0
P023,P218,10,0.89,0,0,0
P013,P165,7,1.12,0,0,0
P056,P220,5,2.71,4,0,0
P121,P217,35,1.62,0,0,0
P062,P086,7,1.03,3,0,0
P099,P104,5,2.28,0,5,0
P043,P221,9,1.24,0,0,0
P003,P213,5,2.0,0,0,0
P108,P169,6,1.42,0,0,0
P049,P247,5,1.22,0,0,0
P066,P212,16,1.75,0,0,0
P008,P294,7,1.08,0,0,0
P075,P247,6,1.54,0,0,0
P046,P225,15,1.52,0,0,0
P258,P268,10,1.54,0,0,0
P057,P198,18,1.22,0,0,0
P070,P179,27,1.29,0,0,0
P253,P259,8,1.18,0,0,0
P022,P298,9,0.89,0,6,0
P099,P268,1,0.5,6,0,1
P156,P233,0,0.0,0,0,1
P095,P244,0,0.0,0,0,1
P134,P145,0,0.0,0,0,1
P164,P174,12,1.92,0,0,0
P074,P189,10,1.59,0,10,0
P138,P249,10,2.03,0,0,0
P113,P240,0,0.0,0,0,1
P235,P283,11,1.63,0,0,0
P198,P221,10,1.01,0,0,0
P164,P186,15,1.69,0,0,0
P084,P216,5,2.02,0,0,0
P035,P191,8,2.11,0,0,0
P108,P135,11,1.58,22,0,0
P047,P108,8,1.02,0,0,0
P169,P182,5,3.89,2,0,0
P151,P173,0,0.0,0,0,1
P015,P276,10,1.58,0,0,0
P043,P104,6,1.51,0,0,0
P100,P209,15,1.22,0,0,0
P089,P226,14,1.06,0,0,0
P101,P235,14,1.36,0,0,0
P212,P217,8,0.95,6,0,0
P008,P219,6,0.55,0,0,0
P015,P222,7,2.13,0,0,0
P043,P268,5,1.37,0,0,0
P008,P231,4,1.39,12,0,0
P035,P217,17,1.18,0,0,0
P087,P189,3,1.21,0,15,0
P209,P280,6,0.82,0,2,0
P189,P218,0,0.0,0,0,1
P029,P275,14,1.18,0,0,0
P172,P199,0,0.0,0,0,1
P249,P289,8,2.26,0,0,0
P208,P287,24,1.51,0,0,1
P065,P130,6,1.65,0,0,0
P131,P265,59,1.17,0,8,0
P024,P057,10,1.51,0,0,0
P050,P074,9,1.32,0,0,0
P126,P261,5,1.16,0,0,0
P160,P194,114,1.02,0,0,1
P226,P228,8,1.6,0,0,0
P009,P288,6,2.1,0,25,0
P005,P149,0,0.0,10,0,0
P225,P289,11,0.98,0,0,0
P046,P050,11,1.65,0,0,0
P198,P268,12,2.4,0,0,0
P010,P159,6,1.34,0,0,0
P118,P300,11,1.59,0,0,0
P105,P224,7,1.85,6,0,0
P050,P064,6,1.42,0,0,0
P248,P267,8,1.49,0,0,0
P146,P223,7,1.72,0,0,0
P059,P267,7,1.93,0,0,0
P093,P294,6,1.83,0,0,0
P157,P248,23,1.16,0,0,0
P210,P243,0,0.0,0,0,1
P250,P263,72,5.26,0,0,1
P170,P244,9,0.99,4,0,0
P026,P060,6,3.01,0,0,0
P091,P294,0,0.0,0,0,1
P185,P298,18,1.28,0,13,0
P031,P144,0,0.0,0,0,1
P269,P276,14,1.35,0,0,0
P234,P254,12,1.42,0,7,0
P053,P288,5,0.97,0,18,0
P079,P288,0,0.0,0,0,1
P071,P163,2,1.19,0,5,0
P035,P225,19,1.54,0,0,0
P074,P121,12,1.42,4,0,0
P159,P234,0,0.0,0,0,1
P175,P274,12,1.23,0,0,0
P093,P219,6,1.09,0,30,0
P015,P259,5,0.94,0,0,0
P114,P171,3,1.36,9,0,0
P135,P234,5,1.8,0,3,0
P180,P212,5,1.42,0,0,0
P158,P248,6,0.94,0,0,0
P227,P270,21,1.45,0,0,0
P042,P055,7,1.14,0,0,0
P036,P085,8,3.71,0,0,0
P078,P258,5,1.26,0,0,0
P096,P166,9,1.61,9,0,0
P095,P259,0,0.0,0,0,1
P191,P217,12,1.51,0,0,0
P246,P261,8,1.03,0,11,0
P038,P106,1,1.08,0,7,0
P009,P067,0,0.0,0,0,1
P049,P054,4,0.78,0,9,0
P247,P285,7,2.47,0,0,0
P265,P290,15,1.09,11,0,0
P052,P076,7,2.02,0,0,0
P167,P254,20,1.2,0,8,0
P115,P148,20,1.54,0,0,0
P035,P050,15,1.8,0,0,0
P150,P158,9,1.43,0,0,0
P235,P253,13,1.7,0,0,0
P010,P073,5,0.97,0,0,0
P172,P275,31,1.13,0,0,0
P011,P074,32,1.4,0,0,0
P235,P278,23,1.48,14,0,0
P044,P202,13,1.79,0,0,0
P064,P269,8,1.99,0,0,0
P166,P214,14,2.28,0,0,0
P016,P284,5,2.28,0,7,0
P033,P083,7,2.37,0,0,0
P040,P249,8,1.85,0,0,0
P134,P136,0,0.0,0,0,1
P002,P176,8,0.95,0,0,0
P068,P114,0,0.0,0,0,1
P151,P179,5,0.78,0,0,0
P228,P230,0,0.0,0,0,1
P011,P035,27,0.97,0,0,0
P020,P106,0,0.0,0,0,1
P033,P148,5,1.06,0,0,0
P175,P294,12,1.62,0,0,0
P126,P253,5,1.49,0,0,0
P180,P283,6,1.25,0,0,0
P017,P214,5,1.7,0,0,0
P145,P291,7,1.05,0,8,0
P068,P213,5,1.95,0,0,1
P210,P230,17,1.15,0,0,0
P050,P273,9,2.01,0,0,0
P145,P168,10,1.03,0,0,0
P015,P191,5,1.86,0,0,0
P131,P279,68,1.12,20,0,0
P130,P185,9,0.93,0,0,0
P086,P130,0,0.0,0,0,1
P217,P260,17,1.07,0,0,0
P226,P273,7,0.92,0,0,0
P065,P185,5,1.17,4,0,0
P187,P274,5,1.22,0,0,0
P066,P278,40,1.39,0,0,0
P066,P253,16,1.13,0,0,0
P077,P119,7,0.96,0,0,0
P175,P219,11,0.89,0,0,0
P060,P154,0,0.0,0,0,1
P017,P294,7,1.64,0,0,0
P175,P231,7,2.13,0,0,0
P015,P217,17,1.67,0,0,0
P246,P258,12,1.35,0,0,0
P198,P235,8,0.92,0,0,0
P110,P207,11,1.1,0,5,0
P095,P166,7,1.41,0,0,0
P059,P157,18,1.34,0,0,0
P138,P289,15,1.91,0,0,0
P128,P164,9,0.78,0,0,0
P250,P296,8,1.07,0,0,0
P086,P123,7,1.93,0,0,0
P057,P126,12,1.55,0,0,0
P121,P180,8,0.88,0,0,0
P225,P292,20,1.75,0,0,0
P225,P226,30,1.18,0,0,0
P091,P155,10,1.57,0,0,0
P107,P241,20,1.26,0,14,0
P022,P205,5,1.34,0,4,0
P004,P092,10,1.24,0,0,0
P210,P293,16,1.42,0,2,0
P027,P092,9,1.35,0,0,0
P195,P202,13,1.39,0,0,0
P099,P236,0,0.0,0,0,1
P050,P269,13,1.35,0,7,0
P148,P280,7,1.84,0,0,0
P103,P155,2,0.5,0,10,0
P250,P282,8,2.78,0,0,0
P128,P216,12,1.2,0,0,0
P226,P269,25,1.53,0,0,0
P024,P089,5,1.68,0,0,1
P104,P121,12,1.51,0,0,0
P004,P017,10,1.88,0,0,0
P213,P252,3,2.64,7,0,0
P229,P232,30,1.46,10,0,0
P173,P294,2,0.84,0,7,0
P054,P091,5,0.73,0,0,0
P105,P134,25,1.5,0,0,0
P015,P225,8,0.92,0,0,1
P062,P286,7,2.01,0,0,0
P062,P166,8,0.92,0,0,0
P006,P120,0,0.0,0,0,1
P004,P102,8,2.06,0,0,0
P131,P298,60,1.14,0,0,0
P101,P107,13,1.06,9,0,0
P027,P102,5,1.55,0,0,0
P167,P214,0,0.0,0,0,1
P004,P263,21,1.22,0,0,0
P098,P275,11,0.73,0,0,0
P276,P289,10,1.23,0,0,0
P027,P263,15,1.05,0,0,0
P111,P251,16,1.5,0,0,0
P260,P268,7,1.3,0,0,0
P204,P206,8,1.97,0,0,0
P119,P227,9,1.52,0,0,0
P074,P228,3,1.52,0,2,1
P140,P276,11,1.25,0,0,0
P011,P273,22,1.46,0,0,0
P119,P255,3,1.23,9,0,0
P019,P039,6,0.91,0,0,0
P241,P287,31,1.45,0,0,0
P117,P215,0,0.0,0,0,1
P076,P079,0,0.0,0,0,1
P190,P218,14,1.42,7,0,0
P152,P220,12,1.68,0,0,0
P066,P159,23,1.84,0,0,0
P256,P276,6,1.04,0,0,0
P046,P208,9,1.4,0,0,0
P114,P212,2,1.12,0,0,1
P108,P128,20,1.02,0,0,0
P180,P278,23,2.07,2,0,0
P180,P253,6,1.1,0,0,0
P185,P205,8,1.54,0,3,0
P053,P070,10,2.53,0,0,0
P045,P100,5,0.97,0,0,0
P015,P050,7,1.19,0,0,0
P013,P049,8,1.8,0,0,0
P187,P219,7,1.33,0,0,0
P115,P135,9,1.7,0,0,0
P218,P265,18,1.25,0,0,0
P083,P164,13,2.04,0,0,0
P031,P107,22,1.83,0,0,0
P218,P297,6,1.21,0,0,0
P043,P239,5,2.73,0,0,0
P247,P267,5,1.19,0,0,0
P210,P271,7,2.23,0,0,0
P039,P237,14,1.39,0,0,0
P070,P284,14,1.63,0,10,0
P016,P084,0,0.0,0,0,1
P038,P067,2,1.27,0,0,1
P003,P062,8,1.0,0,0,0
P011,P269,37,1.15,0,0,0
P050,P057,13,0.75,9,0,0
P159,P287,13,1.19,0,0,0
P046,P101,6,0.9,0,0,0
P068,P086,10,1.27,0,0,0
P011,P031,33,1.0,0,0,0
P084,P153,0,0.0,0,0,1
P282,P296,5,1.72,0,0,0
P094,P111,8,1.45,0,0,0
P140,P259,8,1.08,0,0,0
P040,P289,10,1.45,0,0,0
P092,P103,0,0.0,0,0,1
P001,P055,9,0.97,0,0,0
P046,P198,9,1.59,0,0,0
P051,P296,6,2.71,0,0,0
P221,P287,32,1.68,0,0,0
P021,P069,6,1.89,0,0,0
P125,P180,9,1.77,0,3,0
P107,P221,14,0.99,0,0,0
P174,P234,8,1.91,0,0,0
P111,P247,15,1.22,0,0,0
P083,P115,10,1.22,0,0,0
P069,P109,1,0.68,0,0,1
P052,P088,5,1.22,0,0,0
P178,P265,8,0.95,0,0,0
P078,P189,7,2.11,0,0,0
P003,P017,9,1.93,0,0,0
P138,P292,7,0.88,0,0,0
P011,P114,17,1.36,0,0,0
P222,P283,6,1.62,0,0,0
P099,P107,6,1.43,0,0,0
P082,P144,29,1.13,0,0,0
P132,P209,9,1.46,1,0,0
P151,P207,0,0.0,0,0,1
P055,P109,5,1.8,0,0,0
P003,P102,3,0.88,9,0,0
P128,P182,5,0.84,0,0,0
P003,P263,15,0.99,9,0,0
P034,P179,10,1.51,0,0,0
P002,P150,12,1.54,0,0,0
P258,P260,8,0.79,0,0,0
P168,P194,0,0.0,0,0,1
P107,P268,7,0.98,0,0,0
P024,P046,5,1.97,0,0,0
P097,P263,8,1.4,0,0,0
P146,P229,21,1.53,0,0,0
P055,P092,7,0.8,0,8,0
P193,P272,6,2.53,0,0,0
P004,P105,6,1.47,0,0,0
P043,P107,13,1.7,4,0,0
P085,P236,5,1.1,0,9,0
P049,P267,3,1.02,10,0,0
P187,P280,0,0.0,0,0,1
P034,P127,5,1.23,0,0,0
P027,P296,14,1.8,0,0,0
P104,P289,5,1.04,0,0,0
P067,P257,2,1.24,0,0,1
P072,P230,10,2.6,0,0,0
P085,P156,6,1.52,0,0,0
P065,P172,13,1.68,0,0,0
P035,P101,12,1.44,0,0,0
P241,P246,13,1.25,0,0,0
P011,P057,67,1.15,0,0,0
P164,P234,7,0.83,0,0,0
P026,P069,6,1.27,0,0,0
P021,P113,3,1.26,0,7,0
P132,P272,3,1.9,5,0,0
P004,P197,22,1.66,0,0,0
P027,P197,12,1.09,0,0,0
P067,P250,6,1.56,0,0,0
P035,P198,8,1.13,0,0,0
P276,P292,8,0.97,0,0,0
P013,P202,7,1.41,0,0,0
P008,P086,6,0.99,0,0,0
P043,P117,0,0.0,0,0,1
P122,P263,6,1.53,0,0,0
P223,P229,9,1.15,0,0,0
P230,P293,11,1.19,0,0,0
P047,P193,2,0.91,0,7,0
P115,P209,23,0.92,0,0,0
P030,P289,3,0.76,0,18,0
P218,P279,23,1.32,0,0,0
P010,P074,8,1.75,0,0,0
P055,P250,72,7.16,0,0,1
P036,P156,6,1.27,0,0,0
P113,P274,5,0.94,0,0,0
P078,P121,5,1.12,0,0,0
P071,P148,8,2.29,0,16,0
P115,P200,5,1.07,0,0,0
P189,P273,8,1.93,0,0,0
P198,P260,11,1.4,0,0,0
P088,P266,0,0.0,0,0,1
P033,P061,6,2.3,0,12,0
P284,P288,11,0.99,0,0,0
P040,P043,8,1.4,0,0,0
P020,P122,0,0.0,0,0,1
P054,P291,10,1.95,0,0,0
P018,P219,6,1.42,0,0,0
P010,P035,7,1.25,0,0,0
P245,P274,8,1.77,0,0,0
P072,P293,5,1.71,0,0,0
P055,P299,6,1.12,0,0,0
P151,P284,5,1.9,0,0,0
P064,P276,8,1.76,0,0,0
P018,P187,5,4.79,0,0,0
P054,P168,11,1.48,0,0,0
P195,P280,0,0.0,0,0,1
P004,P008,16,1.98,0,0,0
P037,P161,0,0.0,0,0,1
P131,P205,20,1.04,0,3,0
P034,P210,6,1.36,0,0,0
P114,P278,10,1.77,0,0,0
P191,P235,9,1.92,0,11,0
P089,P276,12,1.43,0,0,0
P020,P130,16,1.49,0,0,0
P221,P246,12,1.29,3,0,0
P077,P270,18,1.01,0,13,1
P024,P241,6,1.21,0,0,0
P140,P225,19,1.56,6,0,0
P222,P278,15,1.75,0,0,0
P061,P186,5,1.27,0,0,0
P189,P269,9,1.01,0,0,0
P125,P235,10,1.4,0,0,0
P178,P279,11,1.08,4,0,0
P259,P276,9,0.92,0,0,0
P040,P292,11,1.57,0,0,0
P052,P055,11,1.43,0,0,0
P042,P092,8,2.03,0,0,0
P034,P051,0,0.0,0,0,1
P218,P298,20,1.33,0,0,0
P113,P294,8,1.98,0,0,0
P145,P176,11,0.84,0,5,0
P092,P166,8,1.04,0,0,0
P073,P226,15,1.15,0,0,0
P069,P092,5,1.07,0,0,0
P058,P059,6,1.31,0,0,0
P056,P144,13,1.46,0,0,0
P156,P179,27,1.44,0,0,0
P234,P255,4,2.27,0,10,0
P171,P241,5,0.64,0,0,0
P200,P270,11,1.34,0,17,0
P067,P166,10,2.17,0,0,0
P245,P294,6,1.75,0,0,0
P064,P259,3,0.79,0,6,0
P046,P246,6,1.13,0,0,0
P107,P235,16,1.28,0,8,0
P125,P150,0,0.0,0,0,1
P176,P184,8,1.54,0,0,0
P023,P057,0,0.0,0,0,1
P049,P157,11,1.01,0,0,0
P075,P157,15,1.45,0,0,0
P042,P263,12,1.43,0,0,0
P055,P286,6,1.24,0,0,0
P057,P261,21,1.25,0,0,0
P024,P050,5,1.3,4,0,0
P089,P259,9,1.28,0,11,0
P046,P126,5,1.69,0,0,0
P097,P296,5,1.6,0,0,0
P059,P195,9,0.87,0,0,0
P118,P232,9,1.36,0,0,0
P001,P042,5,1.2,8,0,0
P091,P251,10,2.11,14,0,0
P063,P263,5,1.12,0,0,0
P214,P263,13,1.37,0,0,0
P050,P222,7,1.24,0,0,0
P030,P231,0,0.0,0,0,1
P069,P263,10,1.01,0,0,0
P079,P254,7,1.12,0,0,0
P093,P186,0,0.0,0,0,1
P001,P298,0,0.0,0,0,1
P115,P128,12,0.8,0,0,0
P097,P282,3,2.5,0,8,0
P010,P273,0,0.0,0,0,1
P103,P251,5,1.69,0,0,0
P111,P285,6,1.01,0,0,0
P167,P227,6,0.71,0,0,0
P178,P298,12,1.37,0,0,0
P015,P101,10,1.7,0,0,0
P043,P171,10,2.67,0,0,0
P181,P288,12,1.45,0,0,0
P091,P103,3,0.94,5,0,0
P167,P255,5,1.44,0,0,0
P012,P151,0,0.0,0,0,1
P061,P164,6,1.07,0,0,0
P148,P174,5,1.0,0,0,0
P055,P296,10,0.98,0,0,0
P122,P197,5,1.65,0,0,0
P206,P215,9,1.7,0,0,0
P008,P062,9,1.43,0,0,0
P148,P186,5,0.7,0,0,0
P048,P144,15,1.05,0,0,0
P013,P044,21,2.09,0,0,0
P142,P194,44,1.15,0,0,0
P188,P237,14,1.07,9,0,0
P003,P008,11,1.55,0,0,0
P076,P294,10,2.18,0,0,0
P165,P261,0,0.0,0,0,1
P030,P226,13,1.46,0,0,0
P055,P197,13,0.9,0,0,0
P044,P262,0,0.0,0,0,1
P121,P260,8,0.7,0,0,0
P179,P210,46,1.7,0,0,0
P010,P189,10,1.59,0,0,0
P024,P176,0,0.0,0,0,1
P168,P184,9,2.33,2,0,0
P055,P282,6,1.54,0,0,0
P144,P172,0,0.0,0,0,1
P150,P264,7,1.38,0,0,0
P040,P087,5,2.04,0,0,0
P156,P210,12,0.96,0,0,0
P153,P274,7,0.82,0,0,0
P101,P212,5,1.03,0,0,0
P090,P121,6,2.1,0,0,0
P029,P133,29,1.27,0,0,0
P010,P269,10,1.55,0,0,0
P228,P287,6,1.25,0,0,0
P012,P116,12,1.44,0,0,0
P017,P086,5,1.26,18,0,0
P088,P199,6,3.91,0,0,0
P076,P219,9,1.17,0,0,0
P020,P185,11,0.87,0,0,0
P057,P258,24,1.25,0,0,0
P036,P288,6,0.88,0,0,0
P016,P085,5,4.46,0,0,0
P146,P211,22,1.3,0,0,0
P035,P126,6,1.62,0,0,0
P064,P217,14,1.92,0,0,0
P005,P031,0,0.0,0,0,1
P066,P214,0,0.0,0,0,1
P010,P031,6,0.91,0,0,0
P004,P153,6,0.74,0,0,0
P069,P241,0,0.0,0,0,1
P027,P153,14,2.09,0,0,0
P113,P242,1,2.72,11,0,0
P011,P276,38,1.04,0,0,0
P078,P097,0,0.0,0,0,1
P038,P175,8,2.67,0,0,0
P208,P253,6,0.82,0,0,0
P208,P278,17,1.15,0,0,0
P149,P169,0,0.0,0,0,1
P129,P173,0,0.0,0,0,1
P011,P222,21,1.11,0,0,0
P093,P299,1,0.58,0,5,0
P145,P248,14,1.14,0,0,0
P227,P254,9,1.42,0,6,0
P002,P145,15,1.49,0,0,0
P031,P212,8,1.68,0,0,0
P073,P256,5,1.22,0,0,0
P024,P180,6,2.16,0,0,0
P177,P242,1,2.94,11,0,0
P180,P289,8,1.47,0,0,0
P013,P155,10,1.35,0,0,0
P171,P221,10,1.44,0,2,0
P066,P074,17,1.34,0,0,0
P103,P247,5,1.46,0,0,0
P269,P275,0,0.0,0,0,1
P006,P148,0,0.0,0,0,1
P020,P065,6,1.26,0,5,0
P280,P299,0,0.0,0,0,1
P160,P168,0,0.0,0,0,1
P058,P254,0,0.0,0,0,1
P008,P166,15,1.95,0,0,0
P064,P225,10,1.6,0,0,0
P101,P283,8,1.2,0,0,0
P004,P095,9,1.72,0,0,0
P148,P164,12,1.19,0,0,0
P153,P294,8,1.23,0,0,0
P042,P296,6,1.31,0,0,0
P034,P284,5,1.84,0,0,0
P136,P229,80,1.01,0,12,0
P082,P204,6,0.82,0,0,0
P225,P243,10,1.2,0,0,0
P089,P225,14,1.21,0,0,0
P221,P281,0,0.0,0,0,1
P065,P110,14,2.2,0,0,0
P063,P296,4,1.64,0,11,0
P214,P296,7,1.35,0,0,0
P042,P197,12,1.85,0,0,0
P171,P268,6,1.71,0,0,0
P171,P180,7,1.61,0,0,0
P030,P066,11,1.12,0,0,0
P135,P270,11,1.17,0,11,0
P025,P166,2,1.3,0,0,1
P021,P078,0,0.0,0,0,1
P021,P097,0,0.0,0,0,1
P017,P189,0,0.0,0,0,1
P019,P144,18,1.32,1,0,1
P010,P057,14,1.2,15,0,0
P011,P259,27,0.88,0,0,0
P131,P268,0,0.0,0,0,1
P004,P224,20,1.85,0,0,0
P201,P262,10,1.5,0,0,0
P153,P219,11,1.01,0,0,0
P031,P040,15,1.67,0,0,0
P039,P295,8,1.16,0,0,0
P027,P224,7,0.78,0,0,0
P050,P217,22,1.26,8,0,0
P144,P237,26,1.25,0,0,0
P044,P251,10,1.24,0,0,0
P146,P300,12,1.07,0,0,0
P294,P296,7,0.93,0,0,0
P069,P197,11,1.43,0,0,0
P047,P275,0,0.0,0,0,1
P052,P262,0,0.0,0,0,1
P031,P283,9,1.38,0,0,0
P175,P250,10,1.36,0,0,0
P088,P224,9,1.44,0,0,0
P159,P212,9,2.81,0,0,0
P081,P214,6,1.11,0,0,0
P116,P136,67,0.99,0,30,0
P130,P290,17,1.73,0,0,0
P023,P207,5,0.8,0,0,0
P074,P089,6,1.14,0,0,0
P128,P167,17,1.1,15,0,0
P100,P174,7,1.77,0,7,0
P125,P260,6,0.93,0,0,0
P030,P256,4,1.43,11,0,0
P235,P273,8,1.76,0,0,0
P137,P185,35,1.23,0,0,0
P126,P184,0,0.0,0,0,1
P175,P299,7,1.8,0,0,0
P228,P246,6,2.55,2,0,0
P145,P150,21,1.73,0,0,0
P010,P011,26,1.14,0,0,0
P223,P300,6,0.94,0,0,0
P059,P165,7,1.4,0,0,0
P180,P294,0,0.0,0,0,1
P111,P267,7,0.79,12,0,0
P282,P287,0,0.0,0,0,1
P043,P212,5,1.65,0,0,0
P003,P153,5,0.71,0,0,0
P021,P088,6,1.89,0,0,0
P081,P294,9,1.14,0,0,0
P039,P152,22,1.32,0,0,0
P184,P195,10,1.29,0,0,0
P026,P097,5,1.84,0,0,0
P097,P153,5,1.86,0,0,0
P013,P058,10,1.75,0,0,0
P140,P208,12,1.52,0,0,1
P129,P179,6,0.94,2,0,0
P001,P250,5,0.73,0,0,0
P093,P293,0,0.0,0,0,1
P001,P263,11,0.88,0,0,0
P275,P297,10,1.62,20,0,0
P119,P193,9,1.62,0,0,0
P004,P026,6,0.74,0,0,0
P106,P246,0,0.0,0,0,1
P190,P265,13,1.17,0,0,0
P123,P166,10,2.17,0,0,0
P141,P188,0,0.0,0,0,1
P020,P278,0,0.0,0,0,1
P081,P219,12,0.91,0,0,0
P178,P205,5,1.55,1,0,0
P182,P254,10,1.54,0,0,0
P070,P085,7,1.59,0,0,0
P209,P234,13,0.99,0,5,0
P106,P126,0,0.0,0,0,1
P011,P191,16,1.03,0,0,0
P042,P268,0,0.0,0,0,1
P154,P223,0,0.0,0,0,1
P054,P176,9,0.9,0,0,0
P099,P283,6,2.63,0,0,0
P066,P273,12,1.43,0,0,0
P034,P166,0,0.0,0,0,1
P061,P104,0,0.0,0,0,1
P195,P251,19,1.84,0,0,0
P101,P278,19,1.23,0,0,0
P159,P283,8,1.82,0,0,0
P024,P235,5,1.28,0,0,0
P244,P259,0,0.0,0,0,1
P029,P069,0,0.0,0,0,1
P082,P162,8,2.42,0,0,0
P004,P021,6,1.09,0,0,0
P003,P095,5,1.09,0,0,0
P011,P217,61,1.04,0,0,0
P110,P275,25,1.12,0,0,0
P112,P152,13,1.29,0,0,0
P235,P256,9,1.65,0,0,0
P189,P276,15,1.49,0,0,0
P003,P081,10,1.17,0,0,0
P060,P134,12,1.03,0,0,0
P044,P247,11,1.19,0,0,0
P187,P257,6,4.63,0,0,0
P179,P284,14,0.84,0,0,0
P085,P240,3,0.68,0,27,0
P189,P222,8,1.53,0,0,0
P026,P088,5,1.06,0,0,0
P126,P269,7,1.64,0,0,0
P120,P122,0,0.0,0,0,1
P180,P226,18,1.45,0,0,0
P140,P198,4,0.57,8,0,0
P043,P283,6,1.45,0,0,0
P156,P284,7,0.91,0,0,0
P022,P107,0,0.0,0,0,1
P098,P133,31,1.06,0,0,0
P083,P167,10,1.19,0,0,0
P036,P070,8,1.52,4,0,0
P003,P224,14,1.47,0,0,0
P051,P134,10,0.89,0,0,0
P026,P028,1,0.54,0,7,0
P171,P235,10,1.64,0,0,0
P138,P243,10,1.71,0,0,0
P066,P269,23,1.28,0,0,0
P031,P253,9,1.22,0,0,0
P031,P278,20,1.33,0,0,0
P198,P283,9,1.59,0,0,0
P116,P118,10,1.38,0,5,0
P187,P299,2,1.22,0,0,1
P120,P130,22,1.28,0,0,0
P050,P266,7,2.73,0,0,0
P129,P210,6,1.4,0,0,0
P011,P225,54,1.07,0,0,0
P004,P096,6,1.02,0,0,0
P206,P260,0,0.0,0,0,1
P027,P096,6,1.23,18,0,0
P004,P252,5,1.08,0,0,0
P027,P252,5,1.3,0,0,0
P086,P274,11,1.19,0,0,0
P139,P219,6,0.92,0,0,0
P057,P189,23,1.43,0,0,0
P241,P278,24,1.21,0,0,0
P241,P253,11,1.13,0,0,0
P046,P261,9,1.4,0,0,0
P140,P287,18,1.34,0,0,1
P189,P259,13,1.55,0,0,0
P049,P195,15,1.8,0,0,0
P075,P195,11,1.39,6,0,0
P006,P237,8,1.31,6,0,0
P218,P282,0,0.0,0,0,1
P217,P249,9,1.1,0,0,0
P246,P269,12,1.56,0,9,0
P006,P249,0,0.0,0,0,1
P066,P114,12,1.72,0,0,0
P014,P116,18,1.04,0,0,0
P195,P247,10,0.84,0,12,0
P052,P092,9,1.83,0,0,0
P111,P157,32,0.98,0,0,0
P021,P055,7,1.18,0,0,0
P155,P251,6,1.01,5,0,0
P027,P134,45,1.14,0,60,0
P003,P026,5,0.7,0,0,0
P068,P199,6,2.5,0,2,0
P011,P050,43,1.27,0,0,0
P275,P279,30,1.38,0,0,1
P130,P238,7,1.64,0,0,0
P039,P056,5,1.16,0,0,0
P195,P299,0,0.0,0,0,1
P101,P135,0,0.0,0,0,1
P031,P172,0,0.0,0,0,1
P251,P291,5,1.41,0,0,0
P042,P153,6,1.52,0,0,0
P190,P279,18,1.35,0,0,0
P099,P278,10,1.9,0,0,0
P155,P174,0,0.0,0,0,1
P137,P178,21,1.18,0,0,0
P001,P296,7,1.02,0,0,0
P159,P253,6,1.2,0,0,0
P136,P211,98,1.0,34,0,0
P159,P278,15,1.48,0,0,0
P057,P249,8,0.98,0,0,0
P118,P170,2,0.64,0,8,0
P044,P054,22,1.9,0,0,0
P058,P184,5,1.46,6,0,0
P001,P197,7,0.72,0,0,0
P069,P153,9,1.93,0,0,0
P052,P263,5,0.48,0,0,0
P068,P153,10,1.37,0,0,0
P050,P180,9,1.23,0,0,0
P135,P253,0,0.0,0,0,1
P010,P276,8,1.09,0,0,0
P113,P220,0,0.0,0,0,1
P011,P266,8,0.93,0,5,0
P016,P181,2,1.23,0,7,0
P032,P288,0,0.0,0,0,1
P221,P253,8,0.92,0,0,0
P221,P278,28,1.58,0,0,0
P043,P253,6,1.28,0,0,0
P043,P278,10,1.05,0,0,0
P086,P294,7,1.0,0,0,0
P057,P121,27,1.25,0,0,0
P141,P297,0,0.0,0,0,1
P193,P280,4,1.78,8,0,0
P058,P075,6,1.71,0,0,0
P204,P237,6,1.01,0,0,0
P026,P055,11,1.25,0,0,0
P046,P258,8,1.09,0,0,0
P035,P261,11,1.37,0,0,0
P004,P063,6,1.98,0,0,0
P041,P254,6,0.91,0,0,0
P042,P095,6,2.36,0,0,0
P073,P276,6,0.72,0,0,0
P034,P100,0,0.0,0,0,1
P137,P172,57,1.1,0,0,0
P073,P222,6,1.4,0,0,0
P172,P218,23,1.05,0,0,0
P095,P106,1,0.79,0,9,0
P118,P123,0,0.0,0,0,1
P205,P256,0,0.0,0,0,1
P224,P263,20,1.26,0,0,0
P086,P219,17,1.44,0,0,0
P089,P208,8,1.06,0,0,0
P036,P262,0,0.0,0,0,1
P040,P243,8,1.56,0,0,0
P068,P198,0,0.0,0,0,1
P020,P022,9,0.99,0,0,0
P189,P217,22,1.37,0,0,0
P148,P234,6,0.88,0,0,0
P003,P096,6,1.16,0,0,0
P109,P166,5,2.05,0,0,0
P074,P241,11,1.25,0,14,0
P190,P298,16,1.39,0,0,0
P167,P216,19,1.32,0,3,0
P068,P081,13,1.47,0,0,0
P219,P279,6,0.53,0,0,0
P081,P147,5,1.91,0,2,0
P133,P139,0,0.0,0,0,1
P127,P202,0,0.0,0,0,1
P120,P185,18,0.89,0,0,0
P129,P207,0,0.0,0,0,1
P062,P141,6,1.12,0,0,0
P042,P224,4,0.76,0,11,0
P155,P247,8,1.17,0,0,0
P079,P227,7,2.22,0,0,0
P070,P129,8,2.42,0,5,0
P121,P258,22,1.59,0,0,0
P188,P295,11,1.22,0,0,0
P013,P251,10,1.82,0,0,0
P118,P143,8,0.85,0,0,0
P252,P294,6,1.6,0,0,0
P064,P101,5,1.18,0,0,0
P114,P226,10,1.59,0,0,0
P122,P246,0,0.0,0,0,1
P214,P224,13,2.17,0,0,0
P087,P241,6,1.73,0,0,0
P164,P270,30,1.05,0,0,0
P069,P224,6,0.96,0,0,0
P140,P246,8,1.22,0,0,0
P136,P300,66,1.02,0,9,0
P068,P224,14,1.43,0,0,0
P222,P226,12,1.25,0,0,0
P089,P101,10,1.28,0,0,1
P044,P285,5,1.12,0,0,0
P006,P032,8,1.64,0,0,0
P253,P261,8,1.1,0,0,0
P039,P220,12,1.74,0,0,0
P189,P225,18,1.3,0,0,0
P073,P259,14,2.02,0,0,0
P089,P198,7,1.06,0,0,0
P054,P150,16,1.73,0,0,0
P283,P289,10,2.01,0,0,0
P097,P134,21,1.32,0,0,0
P035,P258,16,1.74,0,0,0
P241,P277,5,1.59,0,0,0
P092,P117,6,2.47,0,0,0
P091,P267,1,0.26,10,0,0
P024,P260,3,0.86,0,0,1
P017,P208,0,0.0,0,0,1
P024,P206,0,0.0,0,0,1
P133,P185,34,1.17,0,0,0
P136,P205,0,0.0,0,0,1
P054,P224,0,0.0,0,0,1
P007,P179,8,1.21,0,0,0
P169,P177,0,0.0,0,0,1
P103,P267,8,3.27,0,0,0
P022,P130,11,1.58,0,0,0
P219,P298,7,0.72,0,0,0
P122,P134,15,1.39,0,0,0
P052,P105,5,2.01,0,0,0
P076,P251,0,0.0,0,0,1
P138,P221,10,0.83,0,0,0
P056,P139,0,0.0,0,0,1
P003,P136,0,0.0,0,0,1
P007,P127,8,1.97,0,0,0
P113,P250,6,1.5,0,0,0
P089,P125,6,1.1,0,0,0
P055,P134,59,1.15,0,0,0
P217,P289,14,1.07,0,0,0
P052,P296,5,0.87,0,0,0
P167,P193,15,1.89,0,0,0
P046,P264,0,0.0,0,0,1
P211,P280,0,0.0,0,0,1
P003,P145,0,0.0,0,0,1
P154,P179,33,1.52,0,0,0
P049,P165,8,1.99,0,4,0
P075,P165,8,2.08,0,0,0
P089,P287,12,0.94,0,11,0
P005,P166,5,1.63,0,0,0
P052,P197,13,1.6,0,0,0
P077,P128,11,1.52,0,0,0
P245,P250,5,1.47,0,0,0
P222,P273,5,2.0,0,0,0
P013,P247,7,1.1,0,0,0
P071,P280,1,0.61,0,8,0
P058,P127,0,0.0,0,0,1
P274,P286,7,1.48,0,0,0
P114,P152,0,0.0,0,0,1
P079,P108,19,1.8,0,0,0
P017,P027,11,2.5,0,0,0
P100,P177,0,0.0,0,0,1
P227,P229,0,0.0,0,0,1
P140,P171,8,1.64,0,0,0
P070,P181,9,1.41,0,7,0
P195,P285,8,1.39,0,7,0
P010,P217,21,1.79,8,0,0
P070,P236,19,1.71,0,0,0
P253,P258,12,1.44,0,0,0
P232,P300,20,1.19,0,0,0
P105,P110,0,0.0,0,0,1
P235,P276,10,0.91,0,0,0
P143,P203,24,1.32,0,0,0
P070,P156,16,1.65,0,0,0
P073,P191,7,2.0,0,0,0
P015,P261,10,1.76,0,0,0
P111,P158,14,1.34,0,0,0
P191,P258,7,1.38,0,0,0
P074,P221,8,1.02,0,0,0
P147,P219,9,2.13,0,0,0
P144,P295,17,1.19,0,0,0
P116,P203,18,1.29,0,0,0
P102,P293,0,0.0,0,0,1
P057,P228,7,1.38,0,6,0
P192,P210,5,1.53,0,0,0
P073,P217,20,1.51,0,0,0
P020,P110,27,1.44,0,0,0
P167,P182,8,0.93,0,0,0
P080,P158,2,0.5,0,5,0
P194,P215,29,1.08,0,0,0
P274,P296,10,1.01,0,0,0
P100,P234,9,1.68,0,0,0
P102,P197,7,1.58,0,0,0
P014,P167,0,0.0,0,0,1
P163,P188,0,0.0,0,0,1
P019,P162,2,1.13,5,0,0
P050,P224,0,0.0,0,0,1
P007,P210,7,1.58,0,0,0
P126,P222,7,2.8,0,0,0
P115,P186,5,0.44,0,0,0
P102,P282,2,1.66,0,5,0
P120,P278,0,0.0,0,0,1
P069,P096,6,1.77,0,0,0
P074,P180,10,2.04,0,0,0
P074,P268,7,1.77,0,0,0
P068,P096,5,0.94,0,19,0
P238,P290,7,1.38,0,0,0
P274,P282,10,2.62,0,0,0
P214,P252,3,1.17,18,0,0
P160,P215,38,0.97,0,0,0
P066,P276,18,0.88,0,0,0
P059,P110,0,0.0,0,0,1
P144,P152,33,0.96,0,0,0
P154,P210,23,1.58,0,0,0
P197,P214,14,1.91,0,0,0
P066,P222,17,1.61,0,0,0
P006,P082,11,1.47,6,0,0
P101,P289,11,1.45,0,0,0
P131,P236,0,0.0,0,0,1
P055,P245,9,1.95,10,0,0
P119,P132,9,2.42,0,0,0
P033,P186,5,1.21,0,0,0
P076,P299,6,2.49,0,0,0
P073,P225,13,1.14,0,0,0
P020,P290,18,1.4,0,0,0
P213,P274,6,1.99,0,0,0
P107,P283,7,0.86,0,0,0
P042,P134,27,1.16,0,0,0
P235,P259,12,1.3,0,0,0
P091,P157,16,1.11,0,0,0
P061,P119,7,1.34,0,0,0
P283,P292,5,0.99,0,0,0
P011,P198,29,1.01,0,0,0
P063,P134,18,1.46,0,0,0
P197,P294,17,1.59,0,6,0
P124,P291,0,0.0,0,0,1
P061,P134,0,0.0,0,0,1
P015,P258,7,1.08,0,0,0
P245,P286,1,0.61,0,5,0
P083,P270,20,1.38,0,0,0
P103,P157,11,1.22,0,0,0
P010,P050,9,1.32,0,0,0
P008,P117,7,2.88,0,0,0
P040,P221,18,1.69,0,0,0
P022,P185,10,1.23,0,0,0
P062,P067,6,1.59,3,0,0
P044,P267,10,1.51,0,0,0
P046,P189,9,1.46,0,0,0
P155,P285,4,1.21,7,0,0
P057,P124,8,1.45,0,0,0
P146,P232,17,1.59,0,0,0
P228,P278,10,2.23,0,0,0
P013,P054,7,0.88,0,0,0
P089,P140,7,1.1,0,0,0
P066,P090,11,2.54,0,0,0
P031,P289,11,1.49,0,0,0
P012,P143,18,1.65,0,11,0
P268,P283,6,1.55,0,0,0
P064,P126,6,3.2,0,0,0
P044,P052,0,0.0,0,0,1
P089,P246,7,1.12,0,0,0
P058,P111,13,1.18,0,0,0
P197,P219,19,1.06,0,0,0
P197,P231,9,1.89,0,0,0
P105,P294,5,1.52,0,0,0
P066,P259,20,1.17,0,0,0
P089,P126,5,1.44,0,0,0
P243,P283,8,2.15,0,0,0
P040,P104,3,0.51,10,0,0
P217,P292,20,1.51,0,0,0
P111,P195,33,1.32,0,0,0
P223,P232,6,0.98,2,0,0
P177,P296,10,2.67,0,0,0
P152,P162,5,1.12,0,0,0
P208,P273,5,1.16,0,0,0
P135,P254,7,1.7,0,0,0
P121,P189,16,1.38,0,0,0
P073,P099,8,3.04,0,0,0
P042,P236,0,0.0,0,0,1
P035,P073,11,1.74,0,0,0
P157,P202,13,1.07,0,0,0
P111,P281,7,1.63,0,0,0
P177,P197,7,1.32,0,0,0
P193,P202,0,0.0,0,0,1
P249,P287,11,1.42,0,0,0
P092,P141,6,1.27,9,0,0
P045,P264,0,0.0,0,0,1
P058,P142,0,0.0,0,0,1
P076,P286,6,2.76,0,0,0
P207,P289,0,0.0,0,0,1
P094,P158,7,3.13,0,4,0
P093,P117,4,3.26,5,0,0
P180,P276,11,1.4,0,0,0
P033,P164,7,1.19,0,0,0
P225,P287,32,1.31,0,10,0
P219,P263,23,0.99,0,0,0
P137,P289,0,0.0,0,0,1
P104,P221,15,2.03,0,8,0
P017,P081,5,1.12,0,0,0
P213,P219,5,1.3,0,0,0
P128,P148,9,0.97,0,0,0
P046,P121,11,1.33,0,0,0
P258,P289,8,0.96,0,0,0
P201,P215,8,1.65,0,0,0
P035,P189,8,1.04,0,0,0
P021,P092,5,1.31,0,8,0
P207,P290,5,0.74,0,0,0
P195,P267,10,1.17,0,0,0
P055,P141,5,0.68,0,0,0
P006,P295,6,1.43,0,0,0
P105,P292,0,0.0,0,0,1
P208,P269,8,0.86,0,0,0
P137,P290,30,1.03,0,0,0
P054,P145,19,1.59,0,0,0
P121,P249,4,0.68,0,10,0
P074,P235,10,1.45,0,0,0
P107,P278,28,1.5,0,0,0
P188,P220,11,1.22,0,0,0
P126,P217,13,1.68,0,0,0
P089,P171,7,1.5,0,0,0
P037,P131,0,0.0,0,0,1
P208,P256,9,1.74,21,0,0
P180,P284,0,0.0,0,0,1
P066,P191,11,1.27,8,0,0
P001,P021,2,0.5,6,0,0
P170,P203,12,1.98,0,0,0
P001,P157,7,0.63,0,0,0
P050,P260,16,1.73,0,0,0
P010,P180,5,1.02,0,0,0
P055,P123,6,1.15,0,0,0
P058,P291,6,1.63,0,0,0
P264,P285,6,3.1,0,0,0
P164,P169,6,2.41,0,0,0
P058,P168,11,2.05,0,0,0
P021,P250,7,1.6,0,0,0
P101,P226,19,1.11,0,0,0
P018,P038,1,0.98,10,0,0
P066,P217,34,1.04,7,0,0
P078,P241,8,1.73,0,0,0
P198,P289,6,0.93,0,0,0
P180,P259,6,0.91,0,0,0
P037,P122,1,2.44,10,0,0
P006,P152,14,1.38,0,0,0
P092,P139,4,1.2,7,0,0
P023,P275,15,1.07,0,0,0
P020,P238,9,1.61,0,0,0
P026,P092,6,1.06,0,0,0
P044,P157,26,1.06,0,0,0
P052,P095,5,1.57,0,0,0
P104,P145,0,0.0,0,0,1
P243,P253,7,1.66,0,0,0
P153,P166,9,1.17,0,0,0
P243,P278,10,1.17,4,0,0
P140,P261,9,1.14,0,0,0
P020,P184,0,0.0,0,0,1
P087,P095,0,0.0,0,0,1
P026,P300,0,0.0,0,0,1
P035,P121,14,1.35,9,0,0
P037,P141,0,0.0,8,0,0
P189,P198,8,1.01,0,0,0
P029,P265,16,1.5,0,0,0
P059,P080,5,1.23,5,0,0
P256,P261,8,1.54,0,0,0
P089,P138,14,1.72,0,0,0
P031,P226,22,1.31,0,0,0
P124,P217,8,1.45,0,0,0
P053,P154,9,2.18,0,0,0
P083,P148,5,0.98,0,0,0
P216,P272,13,3.03,0,0,0
P128,P272,6,1.31,0,0,0
P066,P225,40,1.42,0,0,0
P110,P133,51,1.17,0,0,0
P154,P284,20,2.24,0,6,0
P047,P148,5,1.35,0,0,0
P026,P263,18,1.5,0,0,0
P209,P270,49,1.11,0,0,0
P152,P212,0,0.0,0,0,1
P004,P093,7,1.72,0,0,0
P155,P267,7,1.43,0,0,0
P137,P219,9,0.12,0,0,0
P184,P202,8,2.68,0,0,0
P194,P204,19,0.92,0,0,0
P011,P126,21,1.39,0,0,0
P090,P092,0,0.0,0,0,1
P015,P024,1,0.45,0,5,0
P091,P158,8,1.72,0,0,0
P176,P248,11,1.07,0,0,0
P194,P206,17,1.13,0,0,0
P005,P199,3,4.08,0,0,1
P015,P073,8,1.79,0,0,0
P001,P134,27,0.78,0,0,0
P070,P133,0,0.0,0,0,1
P032,P076,0,0.0,0,0,1
P079,P216,8,1.49,0,0,0
P219,P296,15,1.18,0,0,0
P180,P191,8,2.4,0,0,0
P014,P170,10,1.33,0,0,0
P189,P282,0,0.0,0,0,1
P103,P158,5,1.72,0,2,0
P160,P204,28,0.93,0,6,0
P081,P166,10,1.08,0,0,0
P022,P172,14,0.94,0,0,0
P144,P220,20,1.4,0,0,0
P127,P210,20,1.2,0,0,0
P180,P217,16,1.27,0,0,0
P051,P169,0,0.0,0,0,1
P160,P206,22,1.0,0,0,0
P079,P115,8,1.0,0,0,0
P111,P165,12,0.99,0,0,0
P258,P292,14,1.65,9,0,0
P086,P103,0,0.0,0,0,1
P025,P138,0,0.0,0,0,1
P100,P119,9,1.21,0,0,0
P071,P174,3,1.39,0,14,0
P225,P245,0,0.0,0,0,1
P015,P189,7,1.28,0,0,0
P151,P288,7,1.64,0,0,0
P159,P226,13,1.15,0,0,0
P033,P221,0,0.0,0,0,1
P093,P122,2,2.15,5,0,0
P066,P099,8,1.23,0,0,0
P256,P258,6,1.01,0,0,0
P073,P208,15,2.03,0,0,0
P222,P276,10,1.65,0,0,0
P172,P265,27,1.1,0,0,0
P004,P069,7,1.04,0,0,0
P032,P201,5,1.58,0,0,0
P175,P245,5,1.48,0,0,0
P137,P238,12,0.95,0,0,0
P101,P256,4,0.74,7,0,0
P021,P296,6,1.35,0,0,0
P043,P226,11,1.03,0,26,0
P168,P248,11,1.44,0,0,0
P276,P287,24,1.35,0,0,0
P012,P146,6,1.18,0,9,0
P145,P264,9,1.38,0,0,0
P002,P202,5,1.04,0,0,0
P140,P253,10,1.63,0,0,0
P061,P270,21,1.64,0,0,0
P034,P181,3,1.49,0,10,0
P180,P225,13,1.2,3,0,0
P031,P066,25,1.35,0,0,0
P006,P056,5,1.91,0,0,0
P045,P254,10,1.23,0,5,0
P150,P291,7,1.35,0,0,0
P021,P197,6,0.96,0,0,0
P130,P217,0,0.0,0,0,1
P004,P177,5,1.08,0,0,0
P013,P267,4,0.88,9,0,0
P014,P143,31,1.38,0,0,0
P027,P177,5,1.3,0,0,0
P086,P257,5,1.72,0,0,0
P134,P263,69,0.99,0,0,0
P089,P212,8,2.13,0,0,0
P198,P226,16,1.1,0,0,0
P150,P168,11,1.46,0,0,0
P198,P292,10,1.53,0,0,0
P082,P194,26,0.97,0,0,0
P011,P156,0,0.0,0,0,1
P174,P254,5,0.8,0,0,0
P029,P279,15,1.17,0,0,0
P041,P108,11,0.98,0,0,0
P137,P173,0,0.0,0,0,1
P134,P205,0,0.0,0,0,1
P073,P101,11,1.43,0,0,0
P136,P232,61,0.99,39,0,0
P079,P193,8,2.7,0,0,0
P086,P250,9,1.29,0,0,0
P162,P194,10,1.07,0,0,0
P036,P179,11,1.07,5,0,0
P139,P166,6,1.3,0,0,0
P090,P241,5,1.68,0,0,0
P038,P263,9,1.61,0,0,0
P264,P267,3,1.05,8,0,0
P073,P198,7,1.07,0,0,0
P114,P259,5,1.5,0,0,0
P070,P240,17,1.56,0,0,0
P015,P121,13,1.78,0,0,1
P203,P223,5,1.03,0,5,0
P126,P180,7,2.16,0,0,0
P026,P105,5,1.75,0,0,0
P211,P299,0,0.0,0,0,1
P086,P299,5,1.35,0,0,0
P241,P269,13,1.05,0,0,0
P122,P148,0,0.0,0,0,1
P222,P259,9,1.77,0,0,0
P261,P268,6,1.06,0,0,0
P026,P296,12,1.83,0,0,0
P155,P157,27,1.49,4,0,0
P193,P197,0,0.0,0,0,1
P052,P252,7,2.47,0,0,0
P062,P175,7,0.97,0,0,0
P115,P234,9,0.82,0,0,0
P030,P208,6,1.19,0,0,0
P260,P289,12,1.74,0,0,0
P116,P223,9,1.35,0,1,0
P074,P260,6,0.97,0,0,0
P071,P164,9,2.06,0,0,0
P103,P195,10,1.44,0,0,0
P026,P197,15,1.61,0,0,0
P221,P273,5,0.97,0,0,0
P120,P290,30,1.46,12,0,0
P064,P261,5,1.23,0,0,0
P206,P237,5,1.16,0,0,0
P041,P298,0,0.0,0,0,1
P039,P144,32,0.96,6,0,0
P035,P064,5,1.44,0,0,0
P073,P125,5,0.93,0,0,0
P201,P206,5,1.85,0,0,0
P130,P196,5,1.09,0,0,0
P089,P261,9,1.2,0,0,0
P073,P287,17,1.35,0,0,0
P140,P159,5,0.93,0,0,0
P052,P134,44,1.52,0,0,0
P143,P228,0,0.0,0,0,1
P029,P298,19,1.71,0,0,0
P108,P132,7,1.04,0,0,0
P159,P269,6,0.95,0,0,0
P123,P165,0,0.0,0,0,1
P224,P252,7,1.62,0,0,0
P128,P209,23,1.28,15,0,0
P148,P270,19,0.83,0,0,0
P030,P101,5,0.95,0,0,0
P043,P066,12,1.02,0,0,0
P128,P200,4,1.2,18,0,0
P121,P124,5,1.26,0,0,0
P098,P265,15,1.11,0,15,0
P259,P261,12,1.37,0,0,0
P098,P297,5,1.08,3,0,0
P003,P069,9,1.52,13,0,0
P246,P268,4,0.85,0,6,0
P221,P269,17,1.53,0,0,0
P172,P279,33,1.11,32,0,0
P057,P089,15,1.11,0,0,0
P023,P120,26,1.38,0,0,0
P112,P144,25,1.24,0,0,0
P007,P099,0,0.0,0,0,1
P006,P220,6,1.43,0,0,0
P071,P115,11,1.96,0,0,0
P028,P224,2,0.81,8,0,0
P133,P290,34,1.15,0,0,0
P040,P107,17,1.52,0,0,0
P250,P274,76,7.73,222,0,1
P179,P181,17,1.37,0,0,0
P058,P193,0,0.0,0,0,1
P114,P217,5,0.78,0,0,0
P208,P276,10,0.95,0,0,0
P043,P256,5,1.5,2,0,0
P102,P134,19,1.2,0,69,0
P156,P181,8,1.4,0,13,0
P240,P284,11,1.27,0,0,0
P208,P222,10,1.84,0,0,0
P030,P043,1,0.31,0,5,0
P064,P258,10,2.15,0,0,0
P008,P067,9,2.69,0,0,0
P125,P289,7,1.33,0,0,0
P131,P178,29,1.11,0,0,0
P032,P188,13,1.24,0,0,0
P013,P157,16,0.95,0,0,0
P134,P296,47,1.23,0,0,0
P198,P256,6,1.31,0,0,0
P002,P044,17,1.75,0,0,0
P036,P108,0,0.0,0,0,1
P138,P171,11,1.76,0,0,0
P130,P190,11,1.39,0,0,0
P030,P287,11,1.28,0,9,0
P073,P132,0,0.0,0,0,1
P056,P194,9,0.96,0,0,0
P121,P292,17,1.78,0,0,0
P134,P197,62,1.15,0,0,0
P003,P113,6,1.36,0,0,0
P065,P190,6,1.72,0,0,0
P191,P240,0,0.0,0,0,1
P058,P176,8,1.11,0,0,0
P100,P138,0,0.0,0,0,1
P112,P208,0,0.0,0,0,1
P001,P195,6,0.71,0,0,0
P071,P293,0,0.0,0,0,1
P134,P282,18,1.23,0,0,0
P066,P208,30,1.64,0,0,0
P114,P225,7,1.27,0,0,0
P151,P240,3,0.9,0,22,0
P055,P177,6,1.19,0,0,0
P147,P247,0,0.0,0,0,1
P052,P245,5,1.92,0,0,0
P107,P289,10,1.09,0,0,0
P172,P298,28,1.09,0,0,0
P083,P209,10,1.02,0,0,0
P104,P107,9,1.16,5,0,0
P140,P218,0,0.0,0,0,1
P222,P225,13,1.56,0,0,0
P131,P172,74,0.97,0,0,0
P089,P253,7,1.2,0,0,1
P250,P294,6,0.8,0,0,0
P059,P111,10,0.94,0,0,0
P034,P288,5,1.13,0,0,0
P018,P246,0,0.0,0,0,1
P208,P259,10,1.14,0,0,0
P149,P166,2,0.85,0,0,1
P044,P195,26,1.38,26,0,0
P073,P140,7,1.12,0,0,0
P030,P107,7,1.1,0,0,0
P260,P292,6,0.86,0,0,0
P268,P289,5,1.13,0,0,0
P067,P068,8,1.83,0,0,0
P142,P215,16,1.19,0,0,0
P073,P246,10,1.63,0,0,0
P104,P134,0,0.0,0,0,1
P044,P281,6,1.85,0,0,0
P186,P254,10,1.13,0,0,0
P066,P101,24,1.26,0,0,0
P111,P233,6,1.05,11,0,0
P272,P280,1,0.53,0,6,0
P022,P110,7,0.58,0,0,0
P123,P261,0,0.0,0,0,1
P048,P194,18,1.2,0,0,0
P002,P155,7,0.98,0,0,0
P217,P243,15,1.54,0,0,0
P187,P195,0,0.0,0,0,1
P066,P198,15,0.93,12,0,0
P073,P126,6,1.76,0,0,0
P050,P258,17,1.52,0,0,0
P055,P068,15,1.32,0,0,0
P098,P279,17,1.04,3,0,0
P013,P119,0,0.0,0,0,1
P029,P109,0,0.0,0,0,1
P020,P207,8,1.08,0,6,0
P120,P184,0,0.0,0,0,1
P226,P258,23,1.22,0,0,0
P011,P261,36,1.1,0,0,0
P172,P291,0,0.0,0,0,1
P066,P150,0,0.0,0,0,1
P142,P160,58,1.04,0,0,0
P182,P193,8,2.6,0,0,0
P100,P270,23,1.27,0,12,0
P249,P283,6,1.92,0,0,0
P062,P214,5,0.99,0,0,0
P273,P283,7,2.37,0,0,0
P021,P052,6,1.79,0,0,0
P136,P145,0,0.0,0,0,1
P130,P137,25,1.03,0,0,0
P079,P235,0,0.0,0,0,1
P127,P230,16,1.17,0,0,0
P103,P165,6,1.79,0,0,0
P065,P137,13,1.21,0,0,0
P049,P155,4,0.84,0,6,0
P014,P146,19,1.81,0,0,0
P057,P243,12,1.24,0,0,0
P161,P223,7,1.06,0,0,0
P022,P290,11,1.33,0,0,0
P010,P136,0,0.0,0,0,1
P147,P166,5,1.68,0,0,0
P068,P069,6,0.99,0,0,0
P180,P208,11,1.56,0,0,0
P112,P287,0,0.0,0,0,1
P010,P145,0,0.0,0,0,1
P101,P276,10,0.92,0,0,0
P030,P140,6,1.41,0,6,0
P089,P159,9,1.75,0,0,0
P163,P216,8,1.91,0,0,0
P040,P171,11,2.0,3,0,0
P101,P222,5,0.89,0,0,0
P041,P164,6,0.91,0,0,0
P208,P217,23,1.37,0,0,0
P069,P177,3,1.12,0,6,0
P125,P292,13,2.43,0,0,0
P195,P281,8,1.92,0,0,0
P029,P205,7,1.71,0,8,0
P098,P298,23,1.63,0,11,0
P057,P164,0,0.0,0,0,1
P058,P248,8,1.18,0,0,0
P026,P052,6,1.21,0,0,0
P033,P167,12,1.54,0,0,0
P004,P274,15,1.22,0,0,0
P027,P274,8,0.78,0,0,0
P026,P095,5,1.37,0,0,0
P083,P128,9,1.54,0,0,0
P011,P258,37,0.99,0,14,0
P148,P278,0,0.0,0,0,1
P179,P288,30,1.11,0,0,0
P048,P082,9,1.7,0,0,0
P018,P122,0,0.0,0,0,1
P113,P245,0,0.0,6,0,0
P041,P216,8,1.41,0,0,0
P158,P168,6,1.19,0,0,0
P008,P149,1,0.59,8,0,0
P156,P288,14,1.12,0,0,0
P180,P198,7,1.13,0,0,0
P031,P276,11,1.04,0,0,0
P061,P135,2,1.09,14,0,0
P074,P143,0,0.0,0,0,1
P157,P251,21,1.56,0,0,0
P031,P222,11,2.0,0,0,0
P150,P176,12,1.18,0,0,0
P012,P289,0,0.0,0,0,1
P138,P212,8,1.58,0,0,0
P236,P240,15,1.34,0,0,0
P107,P226,23,1.1,0,26,0
P019,P194,19,1.32,0,0,0
P208,P225,24,1.66,0,0,0
P185,P290,13,1.13,0,0,0
P025,P169,0,0.0,0,0,1
P041,P115,7,0.82,0,0,0
P101,P259,11,1.21,0,0,0
P057,P241,21,0.93,0,0,0
P025,P149,1,2.93,0,0,1
P089,P277,7,3.72,0,0,0
P115,P119,22,1.46,0,0,0
P115,P132,5,0.97,0,0,0
P241,P276,18,1.28,0,0,0
P013,P158,6,1.11,0,0,0
P029,P241,0,0.0,0,0,1
P249,P278,8,1.11,0,0,1
P235,P246,14,1.71,0,0,0
P073,P138,11,1.38,3,0,0
P273,P278,12,1.76,0,0,0
P268,P292,5,1.12,0,0,0
P018,P106,0,0.0,0,0,1
P225,P253,10,0.89,0,0,0
P225,P278,20,0.88,0,0,0
P143,P229,30,1.02,0,0,0
P004,P088,7,1.04,0,0,0
P229,P244,24,0.98,13,0,0
P180,P287,13,1.09,0,0,0
P219,P252,8,1.27,0,0,0
P155,P195,19,1.37,4,0,0
P116,P229,22,0.98,0,0,0
P027,P294,7,0.9,0,0,0
P129,P156,7,2.36,2,0,0
P091,P264,8,2.14,0,0,0
P064,P189,8,2.05,0,0,0
P136,P170,30,1.02,0,0,0
P038,P153,5,1.91,0,0,0
P172,P205,11,1.16,0,0,0
P031,P259,12,1.35,0,0,0
P082,P227,0,0.0,0,0,1
P078,P260,5,1.53,0,0,0
P076,P245,7,3.36,0,0,0
P044,P165,10,1.1,0,0,0
P159,P276,12,1.67,0,13,0
P138,P283,16,2.31,0,0,0
P085,P154,5,1.09,0,0,0
P058,P150,6,0.9,0,0,0
P034,P070,7,2.05,0,0,0
P082,P229,0,0.0,0,0,1
P189,P261,12,1.33,0,0,0
P159,P222,8,2.15,0,0,0
P099,P161,0,0.0,0,0,1
P112,P140,0,0.0,0,0,1
P203,P210,0,0.0,0,0,1
P004,P219,15,0.95,0,0,0
P027,P219,16,1.22,0,0,0
P141,P157,8,0.91,0,0,0
P027,P231,7,2.02,0,0,0
P004,P187,6,1.54,0,8,0
P027,P187,5,1.55,0,0,0
P208,P266,5,2.03,0,0,0
P221,P276,12,0.96,0,0,0
P043,P276,9,1.33,0,0,0
P241,P259,15,1.28,0,0,0
P023,P133,29,1.07,0,0,0
P157,P247,17,1.1,0,8,1
P066,P126,11,1.31,0,0,0
P221,P222,6,0.92,0,0,0
P043,P222,5,1.43,0,0,0
P185,P219,5,0.16,0,0,0
P046,P089,5,0.97,0,0,0
P216,P280,9,2.21,0,0,0
P024,P289,5,1.74,0,0,0
P152,P194,43,1.18,0,0,0
P174,P227,6,1.91,0,0,0
P030,P138,7,1.28,0,0,0
P068,P076,11,2.14,0,0,0
P217,P221,25,1.24,0,0,0
P074,P283,4,0.89,0,0,1
P114,P208,5,1.4,0,0,0
P051,P173,1,1.44,5,0,0
P064,P121,6,1.14,0,0,0
P136,P143,87,0.99,0,22,0
P065,P098,6,1.41,7,5,0
P243,P273,6,2.4,0,0,0
P106,P213,0,0.0,0,6,0
P159,P259,6,1.0,0,17,0
P008,P175,11,1.73,0,0,0
P040,P212,6,1.35,0,0,0
P038,P224,7,1.99,0,0,0
P021,P134,32,1.43,0,0,0
P050,P189,12,1.28,0,0,0
P085,P230,13,2.78,0,0,0
P031,P191,7,1.56,0,0,0
P107,P256,10,1.53,0,0,0
P142,P206,11,1.47,0,0,0
P048,P152,11,1.54,0,10,0
P246,P260,9,1.22,0,0,0
P057,P221,17,0.85,0,0,0
P189,P258,18,1.75,0,0,0
P011,P272,0,0.0,0,0,1
P229,P299,0,0.0,0,0,1
P221,P259,15,1.43,0,0,0
P043,P259,8,1.42,0,0,0
P031,P217,23,1.35,0,0,0
P013,P281,3,1.35,0,0,1
P101,P225,23,1.53,10,0,0
P267,P277,0,0.0,0,0,1
P164,P227,7,1.1,6,0,0
P026,P252,5,1.54,0,0,0
P164,P255,7,2.67,0,0,0
P092,P214,6,1.35,0,0,0
P114,P198,5,1.59,0,0,1
P185,P238,6,1.2,0,1,0
P032,P262,14,1.65,8,0,0
P020,P196,8,1.33,0,8,0
P032,P142,10,1.14,0,0,0
P119,P254,18,1.54,0,0,0
P004,P055,12,0.95,0,0,0
P180,P246,5,0.86,0,0,0
P098,P205,6,1.16,4,0,0
P035,P089,7,1.09,0,0,0
P011,P024,13,1.01,0,6,0
P165,P176,9,1.14,0,0,0
P077,P100,5,1.0,0,0,0
P057,P104,6,0.54,0,0,0
P049,P111,11,1.28,0,11,0
P138,P278,24,1.5,0,0,0
P085,P293,5,1.41,0,0,0
P057,P268,12,1.18,0,0,0
P138,P253,11,1.4,0,0,0
P075,P111,11,1.34,0,0,0
P050,P249,8,1.69,0,0,0
P011,P073,24,0.93,0,7,0
P093,P175,7,2.18,0,0,0
P202,P267,5,1.52,0,0,0
P045,P108,24,1.75,0,0,0
P026,P134,36,1.08,0,56,0
P226,P249,9,1.12,0,0,0
P040,P283,9,1.48,0,0,0
P112,P162,5,1.91,2,0,0
P009,P236,3,1.32,0,13,0
P203,P244,16,1.06,0,0,0
P008,P076,5,1.27,0,0,0
P156,P240,11,1.12,0,0,0
P040,P065,0,0.0,0,0,1
P031,P225,19,1.3,0,0,0
P003,P010,0,0.0,0,0,1
P099,P191,0,0.0,7,0,0
P097,P219,6,1.14,0,0,0
P050,P121,20,1.59,0,0,0
P082,P142,18,1.34,0,21,0
P097,P231,5,3.59,0,0,0
P024,P043,7,2.93,0,0,0
P159,P191,9,2.96,0,0,0
P073,P261,9,1.22,0,0,0
P100,P169,1,0.63,0,0,1
P002,P251,13,2.44,0,0,0
P001,P068,7,0.91,0,0,0
P055,P294,9,0.89,0,0,0
P030,P212,5,1.98,0,0,0
P099,P217,8,1.34,0,0,0
P114,P287,8,1.32,0,0,0
P011,P189,34,1.08,0,0,0
P100,P149,0,0.0,0,0,1
P157,P296,0,0.0,0,0,1
P052,P093,5,2.01,0,0,0
P159,P217,15,1.31,0,0,0
P053,P236,6,1.47,0,5,0
P129,P288,7,1.64,0,0,0
P021,P245,3,1.49,0,6,0
P203,P276,0,0.0,0,0,1
P170,P229,9,0.92,0,0,0
P276,P278,22,1.33,0,0,0
P071,P167,6,1.04,0,0,0
P155,P165,9,1.34,0,0,0
P111,P184,13,1.63,0,0,0
P234,P272,6,1.79,0,0,0
P055,P219,22,1.29,0,18,0
P042,P274,9,1.5,0,0,0
P043,P217,17,1.57,0,0,0
P020,P190,12,1.16,0,0,0
P061,P128,8,1.55,0,0,0
P029,P116,0,0.0,0,0,1
P214,P274,8,1.17,0,0,0
P120,P207,11,0.92,0,0,0
P143,P211,44,1.21,0,0,0
P104,P283,7,1.66,0,0,0
P134,P252,24,1.27,0,0,0
P069,P274,6,0.84,0,0,0
P138,P169,0,0.0,0,0,1
P135,P216,5,1.41,0,4,0
P079,P163,5,2.08,0,0,0
P010,P258,8,1.07,0,0,0
P099,P225,9,1.75,0,0,0
P116,P211,34,1.22,0,0,0
P131,P219,14,0.12,0,0,0
P049,P103,3,1.26,15,0,0
P011,P249,21,1.32,0,0,0
P138,P149,0,0.0,0,0,1
P159,P225,13,1.32,0,0,0
P269,P279,0,0.0,0,0,1
P017,P218,0,0.0,0,0,1
P054,P202,7,1.22,0,0,0
P026,P245,5,1.67,0,0,0
P137,P196,16,1.18,0,0,0
P082,P211,0,0.0,0,0,1
P006,P144,24,1.19,2,0,0
P140,P269,9,1.16,0,0,0
P121,P243,11,1.57,0,0,0
P073,P258,16,1.89,0,0,0
P191,P220,0,0.0,0,0,1
P064,P228,1,0.81,0,0,1
P011,P121,48,1.14,0,0,0
P157,P285,9,1.2,0,0,0
P110,P265,27,1.34,0,0,0
P003,P055,14,1.26,0,0,0
P043,P225,12,1.29,0,0,0
P110,P297,6,0.87,0,0,0
P171,P292,10,2.18,0,0,0
P221,P225,18,1.04,0,0,0
P171,P226,13,1.27,0,0,0
P204,P234,0,0.0,0,0,1
P067,P080,0,0.0,0,0,1
P019,P031,0,0.0,0,0,1
P097,P242,0,0.0,0,0,1
P018,P278,0,0.0,0,0,1
P002,P247,7,1.14,0,0,0
P158,P176,11,1.62,0,0,0
P033,P281,0,0.0,0,0,1
P040,P253,11,1.6,0,0,0
P040,P278,22,1.57,0,0,0
P041,P160,0,0.0,0,0,1
P133,P207,22,1.28,0,0,0
P235,P288,0,0.0,0,0,1
P057,P235,17,0.96,0,0,0
P008,P214,8,1.79,0,0,0
P007,P131,0,0.0,0,0,1
P058,P145,7,0.81,0,0,0
P212,P243,7,2.58,0,0,0
P084,P164,5,1.74,0,0,0
P033,P270,22,1.65,0,0,0
P035,P046,10,1.82,0,0,0
P130,P131,42,1.17,0,0,0
P214,P294,7,1.35,0,0,0
P068,P088,7,1.15,0,0,0
P036,P151,5,3.09,0,0,0
P065,P131,21,1.32,0,0,0
P046,P241,14,1.63,0,0,0
P032,P112,8,1.64,0,0,0
P154,P181,4,0.6,0,6,0
P178,P200,0,0.0,0,0,1
P047,P279,0,0.0,0,0,1
P131,P238,17,0.91,0,3,0
P020,P137,35,1.1,0,0,0
P042,P219,10,1.3,0,0,0
P055,P173,5,1.57,16,0,0
P143,P300,31,1.29,0,0,0
P154,P156,16,1.59,0,0,0
P114,P246,5,1.69,0,0,0
P056,P142,6,1.28,0,0,0
P044,P049,8,1.23,13,0,0
P206,P262,9,1.24,0,0,0
P063,P219,9,2.2,0,0,0
P214,P219,6,0.69,0,0,0
P116,P300,21,1.14,0,12,0
P194,P201,13,0.94,0,0,0
P235,P261,14,1.42,0,0,0
P173,P175,1,0.43,0,8,0
P069,P219,11,1.21,0,26,0
P147,P157,0,0.0,0,0,1
P222,P246,7,1.56,0,0,0
P024,P087,6,5.87,0,0,0
P137,P190,24,1.03,0,0,0
P052,P068,7,1.09,0,0,0
P004,P042,6,1.05,0,0,0
P082,P112,11,1.47,0,1,0
P104,P253,10,2.09,0,0,0
P104,P278,13,1.33,0,0,0
P121,P241,20,1.23,0,0,0
P273,P289,7,2.09,0,0,0
P131,P297,21,1.22,0,0,0
P134,P245,28,1.61,0,0,0
P160,P201,17,0.85,0,0,0
P176,P264,8,1.46,0,0,0
P135,P176,0,0.0,0,0,1
P050,P078,6,1.67,9,0,0
P048,P072,0,0.0,0,0,1
P030,P253,5,1.27,0,0,0
P030,P278,7,0.88,0,0,0
P074,P249,5,1.57,0,0,0
P217,P239,11,2.17,0,2,0
P201,P237,5,1.27,0,0,0
P066,P261,23,1.26,0,0,0
P141,P195,6,0.89,0,0,0
P212,P241,11,1.75,0,0,0
P228,P259,5,1.89,0,0,0
P081,P139,5,1.23,0,0,0
P059,P248,10,1.54,0,0,0
P117,P197,5,1.25,0,0,0
P035,P241,15,1.39,0,0,0
P002,P054,6,0.78,0,13,0
P096,P102,5,2.55,0,0,0
P285,P291,4,2.02,0,13,0
P110,P279,30,1.23,0,0,0
P002,P013,9,1.35,0,0,0
P045,P046,0,0.0,0,0,1
P053,P105,0,0.0,0,0,1
P161,P244,29,1.41,9,0,0
P096,P263,11,1.27,0,0,0
P026,P123,6,1.77,0,0,0
P101,P208,14,1.44,0,0,0
P080,P091,5,1.14,0,0,0
P107,P276,15,1.13,0,0,0
P072,P210,9,1.91,0,0,0
P159,P180,5,1.04,0,0,0
P171,P256,5,1.56,0,0,0
P189,P249,7,1.6,0,0,0
P235,P258,12,1.06,0,0,0
P055,P147,7,2.07,0,0,0
P057,P239,9,1.77,0,0,0
P128,P174,8,1.39,0,0,0
P090,P130,0,0.0,0,0,1
P128,P186,6,0.74,0,0,0
P168,P264,5,1.23,0,0,0
P170,P211,12,0.99,0,0,0
P193,P270,20,1.47,0,0,0
P152,P213,0,0.0,0,0,1
P031,P199,0,0.0,0,0,1
P116,P241,0,0.0,0,0,1
P050,P124,5,1.56,0,0,0
P126,P258,8,1.62,0,15,0
P045,P164,7,0.86,0,0,0
P011,P228,14,1.41,0,0,0
P001,P274,7,0.78,0,0,0
P046,P221,8,1.04,0,0,0
P041,P167,12,1.37,0,0,0
P061,P273,0,0.0,0,0,1
P238,P275,8,1.2,0,0,0
P059,P085,0,0.0,0,0,1
P031,P208,16,1.68,0,0,0
P175,P214,6,1.18,0,0,0
P101,P198,12,1.4,9,0,0
P015,P046,9,2.32,0,0,0
P243,P276,9,1.48,0,0,1
P011,P064,17,1.2,0,0,0
P066,P258,28,1.34,0,0,0
P020,P275,27,1.61,0,0,0
P089,P269,7,0.94,0,0,0
P170,P284,0,0.0,0,0,1
P191,P241,8,1.34,0,0,0
P003,P042,5,1.0,0,0,0
P110,P298,28,1.33,0,0,0
P045,P216,10,1.43,0,0,0
P100,P128,5,0.68,0,0,0
P107,P259,13,1.17,0,0,0
P046,P104,5,1.18,0,1,0
P114,P138,7,1.81,0,0,0
P106,P263,7,1.67,0,0,0
P007,P288,7,1.58,0,0,0
P250,P286,6,1.69,2,0,0
P046,P180,8,1.66,0,0,0
P046,P268,6,1.55,0,11,0
P174,P216,9,1.68,0,0,0
P121,P221,19,1.31,0,9,0
P180,P261,9,1.28,0,10,0
P002,P285,9,3.03,0,0,0
P125,P241,15,1.65,0,0,0
P259,P269,5,0.58,0,0,0
P086,P141,8,1.57,0,0,0
P208,P246,9,1.16,0,0,0
P023,P029,9,1.08,0,0,0
P054,P155,7,0.82,0,0,0
P031,P101,10,1.01,0,0,0
P095,P263,14,1.82,0,0,0
P045,P115,14,1.34,0,0,0
P050,P292,7,0.91,9,0,0
P209,P227,6,0.61,0,0,0
P031,P198,11,1.31,0,0,0
P101,P125,12,1.7,0,0,0
P077,P132,1,0.4,0,7,0
P120,P196,15,1.56,0,0,0
P233,P248,5,1.43,0,16,0
P124,P258,7,1.98,0,0,0
P209,P255,5,1.24,0,0,0
P154,P288,16,1.1,0,0,0
P019,P142,10,1.39,0,0,0
P073,P189,8,1.13,0,0,0
P086,P106,2,0.94,0,9,0
P008,P269,0,0.0,0,0,1
P101,P287,21,1.27,0,0,0
P057,P107,25,1.18,0,0,0
P089,P114,6,2.09,0,0,0
P080,P111,10,1.02,0,0,0
P126,P148,0,0.0,0,0,1
P148,P184,0,0.0,0,0,1
P273,P292,5,1.47,0,0,0
P001,P294,10,1.45,0,0,0
P083,P186,9,2.01,0,0,0
P047,P174,0,0.0,0,17,0
P212,P221,8,1.43,0,0,0
P144,P162,9,1.01,0,0,0
P121,P268,12,1.64,0,9,0
P020,P098,15,1.19,0,0,0
P011,P124,14,1.3,0,0,0
P170,P300,9,1.13,0,0,0
P035,P221,17,1.77,0,0,0
P159,P208,8,1.25,0,0,0
P012,P244,9,0.99,0,0,0
P047,P186,5,1.54,0,0,0
P160,P188,69,1.04,0,4,0
P243,P259,8,1.58,0,0,0
P057,P260,18,1.13,0,0,0
P013,P059,8,1.46,0,0,0
P108,P254,29,1.36,0,0,0
P088,P092,7,1.5,0,0,0
P001,P219,12,1.04,0,0,0
P015,P241,13,1.71,0,0,0
P043,P208,7,1.16,0,0,0
P031,P125,10,1.45,0,0,0
P027,P243,0,0.0,0,0,1
P178,P219,2,0.1,0,0,1
P004,P257,7,1.8,0,0,0
P035,P104,7,1.33,0,0,0
P209,P210,5,0.2,0,0,0
P096,P197,8,1.19,0,0,0
P010,P121,13,1.54,0,0,0
P031,P287,15,0.93,0,0,0
P099,P101,7,2.02,0,0,0
P035,P180,8,1.33,0,0,0
P133,P196,13,0.94,0,0,0
P035,P268,7,1.44,0,0,0
P180,P258,5,0.62,0,0,0
P074,P289,8,1.58,0,0,0
P019,P291,0,0.0,0,0,1
P004,P250,12,1.29,0,0,0
P012,P161,13,1.58,6,14,0
P198,P208,13,1.57,0,21,0
P027,P250,8,1.04,0,0,0
P099,P198,3,1.02,6,0,0
P071,P270,7,0.7,0,0,0
P086,P139,9,2.49,0,0,0
P079,P083,4,1.27,14,0,0
P009,P240,1,0.45,0,15,0
P174,P193,6,2.02,0,0,0
P159,P198,6,1.06,0,0,0
P111,P244,0,0.0,0,0,1
P001,P044,5,0.76,0,0,0
P088,P263,11,1.11,0,0,0
P140,P222,5,1.09,0,0,0
P120,P190,19,1.15,0,0,0
P079,P148,9,1.8,0,0,0
P060,P166,4,1.48,11,0,0
P043,P101,10,1.59,0,0,0
P230,P284,11,1.21,0,5,0
P074,P078,5,2.08,0,0,0
P130,P133,32,1.29,0,0,0
P225,P273,8,1.2,0,0,0
P113,P175,8,2.02,0,0,0
P043,P198,4,0.75,5,0,0
P029,P120,21,1.32,0,0,0
P055,P086,11,1.17,0,0,0
P052,P274,5,0.66,0,0,0
P111,P168,11,0.88,0,0,0
P053,P240,6,1.5,0,0,0
P191,P221,7,1.32,0,0,0
P080,P291,5,1.53,0,0,0
P050,P087,3,1.11,10,0,0
P235,P277,6,2.43,0,0,0
P189,P228,5,1.83,0,0,0
P045,P182,7,1.68,0,0,0
P051,P166,6,2.29,0,0,1
P080,P168,7,1.47,0,0,0
P107,P225,12,0.66,0,0,0
P125,P221,6,0.74,0,0,0
P099,P287,9,1.59,0,0,0
P178,P238,5,1.6,0,0,0
P253,P268,7,1.59,0,0,0
P020,P246,0,0.0,0,0,1
P164,P193,9,1.5,0,0,0
P106,P197,6,1.85,0,0,0
P033,P135,5,2.61,0,0,0
P145,P205,0,0.0,0,0,1
P101,P140,8,0.97,0,3,0
P224,P274,11,0.96,0,0,0
P020,P126,0,0.0,0,0,1
P044,P080,9,1.21,0,0,0
P133,P190,27,1.13,0,0,0
P101,P246,11,1.36,0,0,0
P043,P125,5,1.14,0,0,0
P026,P093,5,1.75,0,0,0
P225,P269,18,1.26,0,0,0
P102,P274,6,1.46,0,0,0
P095,P197,6,1.01,0,0,0
P003,P092,7,0.99,0,0,0
P043,P287,14,1.36,0,0,0
P101,P126,9,2.01,0,0,0
P257,P263,8,1.4,0,0,0
P121,P235,19,1.49,0,0,0
P114,P261,5,1.4,0,0,0
P225,P256,12,1.5,0,0,0
P088,P115,0,0.0,0,0,1
P005,P019,0,0.0,0,0,1
P002,P267,5,1.14,0,0,0
P047,P115,8,1.35,0,15,0
P138,P226,26,1.46,0,0,0
P066,P073,18,1.25,0,0,0
P198,P287,17,1.21,0,0,0
P027,P286,10,2.7,0,0,0
P052,P294,5,0.87,0,0,0
P117,P224,7,2.15,0,0,0
P222,P261,8,1.47,0,0,0
P076,P175,10,2.23,0,12,0
P019,P112,7,1.75,0,0,0
P111,P259,0,0.0,0,0,1
P120,P137,57,1.12,0,0,0
P181,P236,6,0.91,0,0,0
P031,P140,11,1.38,0,0,0
P015,P221,5,0.74,0,0,0
P110,P205,11,1.42,0,0,0
P044,P155,13,1.2,0,0,0
P006,P162,2,0.76,6,0,0
P007,P070,5,1.47,0,0,0
P031,P246,6,0.76,0,0,0
P003,P250,8,0.98,0,0,0
P186,P216,11,1.44,0,6,0
P006,P122,0,0.0,0,0,1
P290,P297,6,1.27,0,0,0
P239,P278,5,1.12,0,0,0
P035,P235,10,1.18,0,0,0
P003,P205,0,0.0,0,0,1
P032,P215,9,1.46,0,0,0
P052,P219,8,0.83,0,0,0
P052,P231,5,1.96,0,0,0
P066,P189,29,1.65,0,0,0
P004,P296,11,1.17,0,0,0
P003,P299,7,1.62,0,0,0
P049,P248,5,0.95,0,0,0
P075,P248,6,1.2,0,0,0
P025,P051,0,0.0,0,0,1
P074,P292,7,1.36,8,0,0
P097,P299,5,3.04,0,0,0
P074,P226,12,1.04,0,0,0
P070,P154,18,1.6,0,0,0
P088,P296,5,0.92,0,0,0
P140,P191,6,1.6,0,0,0
P084,P232,0,0.0,0,0,1
P032,P235,0,0.0,0,0,1
P059,P158,6,1.39,0,0,0
P274,P294,9,0.91,0,0,0
P101,P171,7,1.16,0,0,0
P036,P236,10,1.84,0,0,0
P032,P160,25,0.98,0,0,0
P020,P131,53,1.13,0,0,0
P082,P215,11,1.16,0,0,0
P088,P197,10,1.3,0,0,0
P133,P137,82,1.12,0,0,0
P021,P068,6,1.21,0,0,0
P105,P122,1,1.08,7,0,0
P006,P106,0,0.0,0,0,1
P240,P288,15,1.06,0,0,0
P126,P249,4,1.9,0,0,1
P140,P217,20,1.42,0,0,0
P046,P239,7,3.61,0,0,0
P058,P264,7,1.94,0,0,0
P087,P226,9,1.97,0,0,0
P132,P254,5,1.25,0,0,0
P225,P255,0,0.0,0,0,1
P102,P219,9,1.71,0,0,0
P088,P282,2,0.96,0,5,0
P122,P299,1,0.89,0,6,0
P024,P030,0,0.0,9,0,0
P222,P258,11,1.77,0,0,1
P099,P246,5,1.81,0,0,0
P029,P130,12,1.58,0,0,0
P073,P228,6,2.68,0,0,0
P234,P280,3,0.94,5,6,0
P055,P062,70,7.11,222,0,1
P180,P277,6,3.41,0,0,0
P073,P074,9,1.74,6,0,0
P033,P209,11,1.22,0,0,0
P082,P160,42,1.07,0,0,0
P006,P018,0,0.0,0,0,1
P153,P175,11,1.73,0,0,0
P071,P093,0,0.0,0,0,1
P107,P234,0,0.0,0,0,1
P051,P100,0,0.0,0,0,1
P031,P171,8,1.36,0,0,0
P159,P204,0,0.0,0,0,1
P186,P193,7,1.66,0,5,0
P043,P140,6,1.18,0,0,0
P066,P121,35,1.49,0,0,0
P121,P239,7,1.91,0,0,0
P091,P111,13,1.13,0,0,0
P185,P196,7,1.3,0,0,0
P043,P246,7,1.4,0,0,0
P089,P222,4,0.92,0,11,0
P044,P058,12,1.44,0,0,0
P142,P237,15,1.37,0,0,0
P026,P068,12,1.63,0,0,0
P023,P265,13,1.03,0,0,0
P022,P190,9,1.35,0,0,0
P014,P244,20,1.07,0,0,0
P101,P138,14,1.33,0,0,0
P081,P113,5,1.19,0,0,0
P023,P297,7,1.62,0,0,0
P070,P230,14,1.22,0,0,0
P142,P193,0,0.0,0,0,1
P170,P180,0,0.0,0,0,1
P039,P194,36,1.03,3,0,0
P103,P111,5,0.7,0,8,0
P042,P161,0,0.0,0,0,1
P143,P232,31,1.36,21,0,0
P246,P249,5,1.32,0,0,1
P040,P226,24,1.53,0,0,0
P115,P254,22,1.36,0,0,0
P097,P166,8,2.16,0,0,0
P198,P246,6,0.88,0,0,0
P068,P109,5,2.16,0,0,0
P128,P234,11,1.41,0,0,0
P002,P157,20,1.23,0,0,0
P167,P280,11,1.75,0,4,0
P016,P151,1,1.19,0,7,0
P135,P206,0,0.0,0,0,1
P138,P256,5,0.89,0,0,0
P116,P232,19,1.08,0,0,0
P050,P089,10,1.28,0,0,0
P098,P120,27,1.34,0,16,0
P054,P251,6,0.95,0,0,0
P084,P167,5,1.31,0,0,0
P068,P092,12,1.65,0,0,0
P120,P275,32,1.19,0,0,0
P208,P261,14,1.49,0,0,0
P074,P087,5,2.77,0,0,0
P010,P043,5,1.19,0,0,0
P042,P257,5,2.63,0,0,0
P092,P217,0,0.0,0,0,1
P003,P296,10,1.21,0,0,0
P122,P166,5,1.98,0,0,0
P177,P294,5,1.34,0,6,0
P022,P234,0,0.0,0,0,1
P014,P161,22,1.29,13,0,0
P155,P184,5,1.13,0,0,0
P031,P138,8,0.78,0,0,0
P081,P175,9,1.17,0,0,0
P030,P074,1,0.28,6,0,0
P070,P293,10,1.15,0,0,0
P018,P184,0,0.0,0,0,1
P134,P177,20,1.06,42,0,0
P130,P218,13,1.27,0,0,0
P055,P166,16,1.33,0,0,0
P096,P224,5,0.92,0,0,0
P112,P194,25,1.18,1,0,0
P069,P257,9,4.01,0,0,0
P003,P197,19,1.63,0,0,0
P083,P100,7,1.74,0,0,0
P065,P218,8,1.76,1,0,0
P214,P250,5,0.97,0,0,0
P187,P227,0,0.0,0,0,1
P095,P153,6,1.66,0,0,0
P068,P102,6,1.71,0,0,0
P015,P235,7,1.17,0,0,0
P117,P134,20,1.4,0,0,0
P030,P035,7,1.62,0,0,0
P275,P290,18,1.18,0,0,1
P046,P260,5,0.82,0,0,0
P068,P263,19,1.23,0,0,0
P194,P262,44,1.19,0,0,0
P177,P219,6,0.96,0,0,0
P185,P190,17,1.83,0,4,0
P194,P298,0,0.0,0,0,1
P099,P131,0,0.0,0,0,1
P104,P226,18,1.65,0,0,0
P184,P246,0,0.0,0,0,1
P086,P149,9,4.88,0,0,0
P040,P273,6,1.47,0,0,0
P091,P291,5,1.31,0,0,0
P260,P287,16,1.06,0,8,0
P069,P299,7,2.46,0,3,0
P056,P215,6,1.81,0,0,0
P133,P275,46,1.19,0,0,0
P091,P168,7,1.26,0,0,0
P073,P075,0,0.0,0,0,1
P022,P137,23,1.12,0,0,0
P217,P283,16,1.39,0,16,0
P142,P201,10,1.45,0,0,0
P160,P262,52,0.97,0,0,0
P290,P298,13,0.91,0,0,0
P033,P128,6,1.11,0,0,0
P107,P208,18,1.52,0,0,0
P039,P082,15,1.21,5,0,0
P029,P185,16,1.8,0,0,0
P070,P192,7,2.77,0,0,0
P193,P209,11,1.19,0,0,0
P160,P298,0,0.0,0,0,1
P193,P200,1,0.58,8,0,0
P083,P234,7,1.63,0,0,0
P004,P038,6,1.58,0,0,0
P011,P089,35,1.33,0,0,0
P103,P168,6,1.73,0,3,0
P027,P038,5,1.59,0,0,0
P016,P153,0,0.0,0,0,1
P208,P258,16,1.49,0,0,0
P099,P138,7,1.95,4,0,0
P182,P272,5,1.95,0,0,0
P040,P066,16,0.92,0,0,0
P054,P247,8,1.09,0,0,0
P195,P227,0,0.0,0,0,1
P013,P080,4,0.79,11,0,0
P011,P233,0,0.0,0,0,1
P139,P175,4,1.05,0,5,0
P157,P195,41,1.3,0,0,0
P023,P279,17,1.12,0,0,0
P003,P104,0,0.0,0,0,1
P057,P283,17,1.48,0,0,0
P089,P191,5,1.4,0,0,0
P001,P086,8,1.25,0,0,0
P261,P289,11,1.51,0,0,0
P075,P132,0,0.0,0,0,1
P219,P274,16,0.96,0,0,0
P008,P017,6,1.63,0,0,0
P192,P254,0,0.0,0,0,1
P013,P184,5,1.21,10,0,0
P091,P284,0,0.0,0,0,1
P043,P138,6,0.92,9,0,0
P035,P260,8,1.05,0,0,0
P157,P281,6,1.11,0,3,0
P095,P224,5,1.03,0,0,0
P073,P269,7,0.96,0,0,0
P061,P256,0,0.0,0,0,1
P080,P176,9,1.41,0,7,0
P104,P273,7,2.46,0,0,1
P040,P256,6,1.22,0,0,0
P089,P217,14,1.04,0,0,0
P044,P111,23,1.18,0,0,0
P062,P095,8,1.96,0,0,0
P107,P198,17,1.63,0,0,0
P042,P286,3,1.38,0,8,0
P249,P276,7,1.37,0,0,0
P119,P164,14,1.19,0,11,0
P140,P180,11,1.86,0,0,0
P180,P201,0,0.0,0,0,1
P062,P081,71,9.31,0,0,1
P008,P263,17,1.43,0,0,0
P066,P228,9,1.63,0,0,0
P237,P270,0,0.0,0,0,1
P225,P276,20,1.24,0,0,0
P013,P075,6,1.42,0,0,0
P153,P214,7,1.57,0,0,0
P041,P083,3,0.9,7,0,0
P045,P167,12,1.12,0,0,0
P125,P167,0,0.0,0,0,1
P108,P227,14,1.3,0,0,0
P050,P243,9,1.59,0,0,0
P064,P241,9,1.65,0,13,0
P070,P151,6,1.82,0,3,0
P004,P052,17,2.39,0,0,0
P098,P130,10,1.04,0,0,0
P021,P049,0,0.0,0,0,1
P027,P052,7,1.19,19,0,0
P011,P015,27,1.36,0,0,0
P226,P243,10,1.04,0,0,0
P053,P110,0,0.0,0,0,1
P142,P202,0,0.0,0,0,1
P012,P137,0,0.0,0,0,1
P062,P224,7,0.83,5,0,0
P101,P261,11,1.13,0,4,0
P119,P216,13,1.29,0,0,0
P114,P189,5,1.45,0,0,0
P073,P114,8,2.83,0,0,0
P021,P274,8,1.38,0,0,0
P246,P289,8,1.33,0,0,0
P120,P246,0,0.0,0,0,1
P205,P290,8,1.52,0,0,0
P107,P125,11,1.28,0,0,0
P016,P232,0,0.0,0,0,1
P023,P298,15,1.14,0,0,0
P068,P105,6,1.63,0,0,0
P078,P124,2,1.76,0,6,0
P277,P295,0,0.0,0,0,1
P069,P296,10,1.84,0,0,0
P107,P287,22,1.09,0,4,0
P253,P260,11,1.6,0,0,1
P219,P294,11,0.87,0,0,0
P068,P296,12,1.42,0,0,0
P082,P206,6,1.13,0,0,0
P217,P253,13,1.0,0,5,0
P217,P278,31,1.17,0,0,0
P170,P232,7,0.92,4,0,0
P104,P256,4,1.17,5,0,1
P120,P126,0,0.0,0,0,1
P006,P278,0,0.0,0,0,1
P030,P269,10,2.0,0,0,0
P068,P197,13,1.08,0,0,0
P249,P259,6,1.41,0,0,0
P086,P175,10,1.45,0,0,0
P173,P207,0,0.0,0,0,1
P141,P274,6,0.83,0,0,0
P031,P261,15,1.58,0,0,0
P020,P133,35,1.08,0,0,0
P225,P259,14,1.04,0,0,0
P069,P282,5,2.4,0,0,0
P030,P031,10,1.95,0,9,0
P190,P238,7,1.71,0,0,0
P093,P166,6,1.55,3,0,0
P044,P103,12,2.22,0,0,0
P268,P287,11,1.14,0,0,0
P071,P209,5,0.74,0,0,0
P219,P231,8,1.42,0,0,0
P039,P075,0,0.0,0,0,1
P019,P199,0,0.0,0,0,1
P037,P099,0,0.0,0,0,1
P026,P274,9,1.04,0,0,0
P169,P270,8,1.41,0,0,0
P241,P261,8,0.64,0,0,0
P011,P243,19,1.0,0,0,0
P142,P188,29,1.27,0,0,0
P011,P046,30,1.34,0,0,0
P050,P241,9,0.69,0,0,0
P123,P263,7,0.98,0,0,0
P049,P158,6,1.72,0,0,0
P243,P287,10,1.09,0,0,0
P021,P294,7,1.58,0,0,0
P019,P215,8,1.58,0,0,0
P111,P248,23,1.46,0,0,0
P226,P241,28,1.26,0,0,0
P029,P178,9,1.62,0,0,0
P103,P217,0,0.0,0,0,1
P094,P176,6,1.67,0,9,0
P198,P212,4,0.97,0,0,1
P041,P272,3,1.15,7,0,0
P095,P096,4,1.52,0,18,0
P188,P194,55,1.2,4,0,0
P080,P248,7,1.16,0,0,0
P190,P297,5,1.32,6,0,0
P261,P292,10,1.35,0,0,0
P235,P269,16,1.64,0,0,0
P258,P283,6,0.82,0,0,0
P021,P219,5,0.67,0,0,0
P008,P105,10,3.55,0,0,0
P022,P098,12,1.47,0,0,0
P003,P052,13,2.08,0,0,0
P019,P160,21,1.0,2,0,0
P015,P260,7,1.3,0,0,0
P099,P261,6,1.8,0,0,0
P120,P131,79,1.05,0,0,0
P034,P154,7,1.97,0,0,0
P101,P253,7,0.93,0,0,1
P159,P261,10,1.56,0,0,0
P089,P176,0,0.0,0,0,1
P031,P258,13,1.2,0,0,0
P030,P057,8,0.88,0,0,1
P138,P276,18,1.59,0,0,0
P002,P141,5,0.68,0,0,0
P017,P112,0,0.0,0,0,1
P050,P054,0,0.0,0,0,1
P166,P263,24,1.47,0,0,0
P098,P185,13,1.15,0,0,0
P108,P262,0,0.0,0,0,1
P138,P222,9,1.54,0,12,0
P029,P172,20,1.23,0,0,0
P054,P285,7,1.98,0,0,1
P026,P294,9,1.37,0,0,0
P157,P165,19,1.25,0,0,0
P221,P261,18,1.6,0,0,0
P062,P096,6,1.31,4,0,0
P043,P261,8,1.32,0,0,0
P119,P182,8,1.33,0,0,0
P245,P255,0,0.0,0,0,1
P141,P219,6,0.65,0,0,0
P078,P242,0,0.0,0,0,1
P107,P140,12,1.2,0,0,0
P063,P190,0,0.0,0,0,1
P119,P221,0,0.0,0,0,1
P241,P258,22,1.53,0,0,0
P107,P246,8,0.81,0,0,0
P036,P240,7,1.31,0,0,0
P244,P300,21,1.05,0,0,0
P047,P167,8,1.31,0,0,0
P064,P268,5,2.03,0,0,0
P018,P086,5,2.13,0,0,0
P208,P218,0,0.0,0,0,1
P017,P263,10,1.28,0,0,0
P002,P195,18,1.44,0,0,0
P087,P244,0,0.0,0,0,1
P011,P241,49,1.12,0,0,0
P246,P292,9,1.47,0,0,0
P236,P293,11,1.23,0,0,0
P026,P219,12,1.09,0,0,0
P107,P126,5,0.92,0,0,0
P134,P274,63,1.25,0,0,0
P107,P204,0,0.0,0,0,1
P056,P206,5,2.71,0,0,0
P167,P174,14,1.69,0,0,0
P053,P292,0,0.0,0,0,1
P089,P180,12,2.13,0,0,0
P026,P187,6,2.21,0,0,0
P106,P120,0,0.0,0,0,1
P172,P178,14,1.09,0,0,0
P111,P150,19,1.22,0,0,0
P152,P215,18,1.41,0,0,0
P025,P100,0,0.0,0,0,1
P069,P116,0,0.0,0,0,1
P038,P274,7,1.74,0,0,0
P143,P170,12,1.1,0,0,0
P001,P286,7,2.14,8,0,0
P001,P166,11,1.35,0,0,0
P138,P259,12,1.27,0,0,0
P061,P234,5,1.32,0,0,0
P209,P248,0,0.0,0,0,1
P159,P258,6,0.82,0,15,0
P084,P270,11,1.68,0,0,0
P116,P170,8,0.96,0,4,0
P021,P242,1,2.48,0,0,1
P074,P243,8,2.11,0,0,0
P243,P246,7,1.56,9,0,0
P142,P295,9,1.2,0,0,0
P050,P221,14,1.2,0,0,0
P004,P117,7,1.99,0,0,0
P180,P273,8,2.47,0,0,0
P248,P264,8,1.56,0,0,0
P059,P264,6,1.73,0,0,0
P010,P089,5,0.95,0,0,0
P004,P134,64,1.35,0,0,0
P205,P273,0,0.0,0,0,1
P144,P194,77,1.06,0,0,0
P015,P245,0,0.0,0,0,1
P123,P296,5,1.28,0,0,0
P221,P258,22,1.71,0,0,0
P211,P223,12,1.24,0,0,0
P043,P258,7,1.01,0,0,0
P202,P254,0,0.0,0,0,1
P050,P285,0,0.0,0,0,1
P083,P119,8,1.35,0,0,0
P102,P186,0,0.0,0,0,1
P258,P278,23,1.36,0,0,0
P088,P134,34,1.24,0,0,0
P023,P205,5,1.03,0,0,0
P226,P285,0,0.0,0,0,1
P091,P176,6,0.8,0,0,0
P123,P197,7,1.27,0,0,0
P005,P291,0,0.0,0,0,1
P086,P214,8,1.66,0,0,0
P100,P166,0,0.0,0,0,1
P022,P204,0,0.0,0,0,1
P073,P089,7,1.18,0,0,0
P152,P198,0,0.0,0,0,1
P013,P111,22,1.65,0,0,0
P050,P104,9,1.4,0,0,0
P134,P294,43,1.12,0,0,0
P107,P171,13,1.77,0,0,0
P189,P243,8,1.53,0,0,0
P176,P291,8,1.43,0,0,0
P023,P164,0,0.0,0,0,1
P050,P268,8,1.36,0,8,0
P121,P212,8,1.32,0,0,0
P168,P298,0,0.0,0,0,1
P127,P254,0,0.0,0,0,1
P115,P227,10,1.22,25,0,0
P031,P159,9,1.38,0,0,0
P038,P088,7,3.19,0,0,0
P226,P268,12,1.2,0,0,0
P090,P226,6,1.53,0,0,0
P016,P236,1,0.35,0,8,0
P040,P276,17,1.71,0,0,0
P180,P269,6,0.86,0,0,0
P092,P224,7,0.94,0,0,0
P115,P255,4,1.19,28,0,0
P055,P081,74,7.0,0,221,1
P040,P222,7,1.36,0,0,0
P236,P268,0,0.0,0,0,1
P224,P257,6,1.66,0,0,0
P166,P296,12,1.34,0,0,0
P134,P219,62,0.97,0,0,0
P116,P143,41,1.64,0,0,0
P134,P231,17,1.0,0,0,0
P225,P266,5,1.32,0,0,0
P281,P285,5,5.05,3,0,0
P067,P224,4,0.89,0,13,0
P128,P171,0,0.0,0,0,1
P198,P253,6,0.93,0,0,0
P134,P187,23,1.45,0,0,0
P198,P278,12,0.92,0,0,0
P109,P263,8,2.12,0,0,0
P138,P166,0,0.0,0,0,1
P224,P250,13,1.51,0,0,0
P166,P197,18,1.42,0,0,0
P024,P287,9,1.43,0,0,0
P150,P202,7,1.21,0,0,0
P010,P015,5,1.26,0,0,0
P041,P209,10,0.98,0,0,0
P138,P217,19,1.05,0,0,0
P068,P095,6,1.27,0,0,0
P041,P200,3,1.58,8,0,0
P020,P218,18,1.34,0,0,0
P011,P221,39,1.0,0,9,0
P098,P178,7,0.99,0,0,0
P224,P299,7,1.53,0,0,0
P107,P138,14,1.1,0,0,0
P168,P291,10,2.4,0,0,0
P004,P245,5,1.17,0,12,0
P121,P283,10,1.21,0,0,0
P017,P197,7,1.16,0,0,0
P278,P292,15,1.28,0,0,0
P054,P267,9,1.72,0,0,0
P074,P230,0,0.0,0,0,1
P104,P276,10,1.45,0,0,0
P022,P131,34,1.12,0,26,0
P076,P086,6,1.41,0,0,0
P040,P259,7,0.84,0,0,0
P171,P287,11,1.12,0,0,0
P011,P104,16,0.74,0,0,0
P059,P233,7,2.96,8,0,0
P104,P222,6,1.68,0,0,0
P031,P073,13,1.73,0,0,0
P189,P241,15,1.24,0,0,0
P011,P180,31,1.26,0,2,0
P011,P268,25,1.26,0,0,0
P003,P134,61,1.46,0,0,1
P008,P153,10,1.79,0,0,0
P024,P107,6,1.28,0,0,0
P077,P254,14,1.78,0,3,0
P263,P299,9,1.24,0,0,0
P138,P225,20,1.28,0,0,0
P019,P204,8,2.06,0,5,0
P013,P291,7,1.58,0,0,0
P013,P168,8,1.24,0,0,0
P013,P094,4,1.4,9,0,0
P184,P278,0,0.0,0,0,1
P220,P240,0,0.0,0,0,1
P109,P241,0,0.0,0,0,1
P130,P265,13,1.13,0,0,0
P052,P166,12,1.77,0,0,0
P098,P172,25,1.21,0,33,0
P052,P286,3,1.1,0,0,1
P035,P283,9,1.64,0,0,0
P019,P206,5,1.77,2,0,0
P039,P142,28,1.6,0,0,0
P060,P106,0,0.0,9,0,0
P030,P222,6,2.05,0,0,0
P005,P017,5,3.4,0,0,0
P197,P254,0,0.0,0,0,1
P100,P193,7,1.85,0,6,0
P051,P138,0,0.0,0,0,1
P002,P165,8,1.32,0,8,0
P173,P197,8,2.39,0,0,0
P260,P283,8,1.32,0,0,0
P256,P260,7,1.43,0,0,0
P134,P242,6,1.72,0,0,0
P091,P248,5,0.71,0,0,0
P010,P046,6,1.34,0,0,0
P010,P243,7,1.85,0,0,0
P178,P190,11,1.9,0,0,0
P005,P102,6,5.58,0,0,0
P110,P120,34,1.13,0,11,0
P239,P256,5,3.19,0,0,0
P005,P263,8,1.68,0,0,0
P210,P288,22,1.22,0,0,0
P125,P212,5,1.47,0,0,0
P279,P297,6,0.9,0,0,0
P006,P194,20,0.94,0,0,0
P050,P235,14,1.36,0,0,0
P008,P095,8,2.22,0,0,0
P041,P047,2,0.83,7,0,0
P038,P055,8,1.95,0,0,0
P104,P259,10,1.74,0,0,0
P008,P081,9,1.33,0,0,0
P108,P216,26,1.42,0,0,0
P226,P235,19,1.09,0,0,0
P102,P166,7,1.89,0,0,0
P010,P205,0,0.0,0,0,1
P112,P142,13,1.22,0,0,0
P092,P096,6,1.48,0,0,0
P228,P261,6,2.11,0,0,0
P008,P275,0,0.0,0,0,1
P207,P218,12,1.69,7,0,0
P040,P191,9,2.14,0,0,0
P120,P133,53,1.02,0,0,0
P029,P110,10,0.75,0,0,0
P216,P270,37,1.5,0,0,0
P137,P218,39,1.28,0,0,0
P128,P270,36,1.36,0,0,0
P179,P192,7,1.43,0,0,0
P008,P224,15,2.01,7,0,0
P208,P228,8,2.82,0,0,0
P108,P115,35,1.28,0,0,0
P004,P141,6,0.88,0,0,0
P107,P212,9,1.52,0,0,0
P040,P217,19,1.2,0,0,0
P156,P192,5,2.2,0,0,0
P057,P289,13,1.0,0,0,0
P224,P296,10,1.15,0,0,0
P191,P283,5,1.65,0,0,0
P043,P073,11,2.3,0,0,0
P121,P278,16,0.84,0,0,0
