provider_id,name,specialty,facility_id,owner_id,city,lat,lon,n_claims,n_members,total_paid,avg_paid,n_facilities,claims_per_member,level5_share,growth,log_paid,z_claims_per_member,z_avg_paid,z_total_paid,z_level5_share,z_growth,anomaly_raw,p_anomaly,cluster_id,cluster_score,in_referral_cycle,birank,p30,p60,p90,volume_velocity,flag_velocity,n_flagged,rule_score
P001,Dr. Maria Ellis,Family Medicine,F001,O022,Houston,29.787,-95.3854,289,90,24526.42,84.86650519031141,2,3.2111111111111112,0.0759493670886076,1.3098591549295775,10.107546954387134,-1.4245601229821296,-0.09489563147224307,0.1308640601848084,-0.101746624238983,1.4349471165599352,0.6340882801435052,1.0,,0.0,0,0.5514,0.9883,0.9886,0.9886,1.12,1.26,51,1.0
P002,Bluebonnet Medical Supply,DME Supplier,F012,O004,Austin,30.3192,-97.7827,232,63,10524.76,45.365344827586206,1,3.6825396825396823,0.0,1.0169491525423728,9.261580864969764,0.450956504200682,-0.3828801217316437,-0.008295799532167697,0.0,0.4484152937030016,0.36017315828564755,0.0,,0.0,0,0.0658,0.0054,0.0055,0.0082,0.78,1.0,1,0.0412
P003,Dr. Samuel Quinn,Internal Medicine,F034,O053,Houston,29.8148,-95.4027,340,108,27833.56,81.86341176470589,1,3.1481481481481484,0.05166051660516605,0.8297872340425532,10.23403369305599,-1.1168751141687043,-0.7002019684600241,0.6783892453768395,-0.7417740135101693,-0.7210496595920536,0.43877507595242976,0.03676470588235294,,0.0,0,0.2309,0.0054,0.0059,0.0092,0.95,1.0,0,0.0
P004,Dr. Kevin Foster,Behavioral Health,F037,O050,Houston,29.8189,-95.3325,287,123,32602.17,113.59641114982578,1,2.3333333333333335,0.0,0.8,10.392164801891171,-1.4741283801341651,0.01759482495062893,0.7679116995997943,0.0,-0.6187784988643461,0.39675310045213963,0.03676470588235294,,0.0,0,0.2068,0.0054,0.0057,0.0064,0.95,1.0,0,0.0
P005,Dr. Samuel Quinn,Family Medicine,F017,O028,Houston,29.7224,-95.3943,195,34,16762.57,85.96189743589744,1,5.735294117647059,0.05660377358490566,0.9019607843137255,9.726963358513174,1.143247933405253,0.18411180961416304,-0.5878964125043398,-0.5299123889649056,-0.3661862519848328,0.3879357630243322,0.03571428571428571,,0.0,0,0.1754,0.004,0.0065,0.0087,1.36,1.0,0,0.0
P006,Dr. Linh Ellis,Family Medicine,F040,O016,Lubbock,33.5408,-101.8568,222,34,18958.69,85.39950450450449,1,6.529411764705882,0.09659090909090909,1.1320754716981132,9.850070425464375,1.9510901883277465,0.04086466384942107,-0.35539954560699744,0.35510168154426663,0.6499179344930357,0.40973447916508926,0.03676470588235294,,0.0,0,0.1347,0.0054,0.0067,0.0127,0.93,1.0,0,0.0
P007,Dr. Nadia Jensen,Behavioral Health,F010,O044,Dallas,32.7405,-96.6804,153,31,16978.05,110.96764705882353,1,4.935483870967742,0.0,1.0666666666666667,9.739735510125858,1.4889351554416752,-1.2148733827939477,-0.6200873400792793,0.0,0.6257703463091415,0.404337577585553,0.03676470588235294,,0.0,0,0.1068,0.0054,0.0059,0.0086,0.98,1.0,0,0.0
P008,Dr. Kevin Reyes,Cardiology,F017,O012,Houston,29.7224,-95.3943,240,85,20140.29,83.91787500000001,1,2.823529411764706,0.07692307692307693,0.8,9.910527215859865,-1.3727345836391232,-0.0486372055950677,0.0,-0.19013190892694365,-0.8348804398953421,0.3908643728888875,0.03676470588235294,,0.0,0,0.1864,0.004,0.0067,0.0108,1.17,1.0,0,0.0
P009,Live Oak EMS,Ambulance,F019,O047,Dallas,32.8103,-96.7544,92,20,29109.83,316.41119565217394,1,4.6,0.0,1.2727272727272727,10.27886554887184,1.0305374785258086,-1.3869725700256377,-0.8527000992838805,0.0,2.491479622978016,0.4708633064194296,0.14285714285714285,,0.0,0,0.0745,0.004,0.004,0.004,1.27,1.0,0,0.0
P010,Dr. Daniel Khan,Internal Medicine,F009,O053,Fort Worth,32.7715,-97.2509,229,53,19176.44,83.73991266375545,1,4.320754716981132,0.10734463276836158,0.9830508474576272,9.86148986716215,-0.06943400368442963,-0.2256132443574595,-0.0807183968841573,0.5202043056093304,0.10252996357081474,0.36648741054710915,0.02127659574468085,,0.0,0,0.1267,0.0054,0.0069,0.0114,0.75,1.0,0,0.0
P011,Trinity Home Care,Home Health,F016,O011,Fort Worth,32.7473,-97.3474,743,265,94689.18,127.44169582772543,1,2.8037735849056604,0.0,1.1,11.458365577915648,-0.5315737285417125,-0.7136806135051129,1.254448217329868,0.0,0.31421369367742846,0.38708341996076084,0.03571428571428571,,0.0,0,0.2429,0.004,0.0052,0.0063,1.14,2.0,2,0.0588
P012,Dr. Maria Delgado,Cardiology,F020,O032,Corpus Christi,27.7315,-97.3901,113,30,9604.07,84.99176991150442,1,3.7666666666666666,0.08695652173913043,1.2,9.170046363047001,-0.5339736663903206,0.19113243663029386,-1.039527343207131,0.038380664845501046,1.367782848339177,0.3907010196623417,0.03676470588235294,,0.0,0,0.0464,0.0054,0.0054,0.0068,0.62,1.0,0,0.0
P013,Dr. David Shah,Family Medicine,F028,O010,Austin,30.2681,-97.7038,241,65,20368.27,84.51564315352697,1,3.707692307692308,0.08247422680412371,0.7866666666666666,9.921782671563472,-0.9193965932657974,-0.1842637271950875,-0.21996562658738417,0.04266463661422996,-0.8752838543545485,0.3707258150347869,0.02127659574468085,,0.0,0,0.0515,0.0054,0.0054,0.0086,0.79,1.0,0,0.0
P014,Dr. Samuel Morris,Family Medicine,F020,O037,Corpus Christi,27.7315,-97.3901,265,62,22452.63,84.72690566037737,1,4.274193548387097,0.09178743961352658,1.4107142857142858,10.019207572749886,-0.34310460253338493,-0.13045303821919849,-0.0359714429504426,0.2487890382165988,1.8802873153232231,0.3999892875077822,0.03676470588235294,,0.0,0,0.0762,0.005,0.0094,0.0147,1.13,1.0,0,0.0
P015,Dr. Linh Patel,Physical Therapy,F005,O041,Fort Worth,32.688,-97.3896,242,46,16555.29,68.41028925619835,1,5.260869565217392,0.0,0.8059701492537313,9.714521369023501,0.4329247879952567,0.6657331011796227,0.437127388766305,0.0,-0.6490871928255277,0.3646592186146162,0.02127659574468085,,0.0,0,0.141,0.004,0.0071,0.0087,1.21,1.0,1,0.0405
P016,Alamo Diagnostics Lab,Laboratory,F019,O001,Dallas,32.8103,-96.7544,119,25,980.79,8.241932773109243,1,4.76,0.0,0.9722222222222222,6.889377436198278,1.1251155327304871,1.3329406698779052,-0.7544066642393301,0.0,-0.05672605016654755,0.3950254284288967,0.03676470588235294,,0.0,0,0.0933,0.006,0.006,0.0068,0.82,1.0,0,0.0
P017,Dr. Rosa Khan,Family Medicine,F034,O057,Houston,29.8148,-95.4027,308,56,26808.16,87.03948051948052,1,5.5,0.10931174089068826,1.037037037037037,10.196498899146471,0.9038872652800697,0.4585830777101557,0.2988564344095084,0.6366451076717736,0.23026218616562716,0.3855833989055864,0.03571428571428571,,0.0,0,0.2079,0.004,0.005,0.005,1.28,1.0,0,0.0
P018,Dr. Elena Ibarra,Internal Medicine,F001,O016,Houston,29.787,-95.3854,173,33,14801.52,85.55791907514451,1,5.242424242424242,0.06896551724137931,0.8461538461538461,9.60255271552814,0.7538553901234505,0.2341815490414806,-0.6083373158101827,-0.34958792670496147,-0.6331017903312224,0.37646975782498904,0.03571428571428571,,0.0,0,0.1712,0.0054,0.0054,0.0055,1.0,1.0,0,0.0
P019,Dr. Robert Ortiz,Cardiology,F040,O028,Lubbock,33.5408,-101.8568,110,23,9985.85,90.78045454545455,1,4.782608695652174,0.1111111111111111,1.0606060606060606,9.209024506604958,0.36953477172357085,1.483578120811161,-0.9848077027707441,0.5885035276310163,0.6001880660756322,0.42193826553505687,0.03676470588235294,,0.0,0,0.0979,0.0065,0.0065,0.0154,1.09,1.0,0,0.0
P020,Dr. Aisha Brooks,Behavioral Health,F006,O016,El Paso,31.704,-106.5256,298,68,33820.88,113.49288590604026,1,4.382352941176471,0.0,0.9,10.428863209316818,0.8590860883874529,-0.030941889356063342,0.8459850707795656,0.0,-0.1520726819242882,0.3658284915441138,0.02127659574468085,,0.0,0,0.2033,0.0054,0.0057,0.0064,0.99,1.0,0,0.0
P021,Dr. Thomas Turner,Behavioral Health,F001,O055,Houston,29.787,-95.3854,237,58,26609.96,112.27831223628692,1,4.086206896551724,0.0,0.9193548387096774,10.189078439983897,0.5218651884658329,-0.6003818931427566,0.3358592475455558,0.0,-0.06174252380685791,0.3630965332956348,0.02127659574468085,,0.0,0,0.1803,0.0054,0.0056,0.0084,0.87,1.0,0,0.0
P022,Hill Country Diagnostics Lab,Laboratory,F006,O046,El Paso,31.704,-106.5256,107,44,873.95,8.167757009345795,1,2.4318181818181817,0.0,0.7567567567567568,6.774166741867757,-1.6128537120618587,0.44381347010499306,-0.9728262230559558,0.0,-1.1854477980750602,0.4352754573325859,0.03676470588235294,,0.0,0,0.1232,0.007,0.007,0.007,1.62,1.0,0,0.0
P023,Dr. Ines Alvarez,Internal Medicine,F011,O060,El Paso,31.7468,-106.4684,168,57,14723.32,87.63880952380953,1,2.9473684210526314,0.08633093525179857,0.8333333333333334,9.597255827487416,-1.2962233677956307,0.7604627480163076,-0.6191304303713125,0.04396740902794143,-0.7019942879188732,0.3955646892451657,0.03676470588235294,,0.0,0,0.1561,0.0054,0.0066,0.0081,0.55,1.0,0,0.0
P024,Dr. Aisha Alvarez,Family Medicine,F015,O024,Fort Worth,32.7182,-97.3633,172,30,14758.9,85.80755813953488,1,5.733333333333333,0.06474820143884892,0.6724137931034483,9.599669323063761,1.1412532611708766,0.14480003585392617,-0.8283006813221426,-0.3496560851367794,-1.3797836951265077,0.4163540790205963,0.03676470588235294,,0.0,0,0.117,0.004,0.0042,0.0051,1.38,1.0,0,0.0
P025,Dr. Robert Morris,Family Medicine,F034,O034,Houston,29.8148,-95.4027,99,17,7985.2699999999995,80.65929292929293,1,5.823529411764706,0.036585365853658534,1.25,8.98547909621769,1.2330081839521965,-1.1665149822429093,-1.988244679316048,-0.9729691942887939,1.1706304898625224,0.5118882574016337,0.2,,0.0,0,0.1104,0.0054,0.0054,0.0054,1.0,1.0,0,0.0
P026,Cypress Medical Supply,DME Supplier,F024,O035,Houston,29.7026,-95.3893,261,86,12147.15,46.54080459770115,1,3.0348837209302326,0.0,0.7945205479452054,9.404932173800965,-0.484851403874388,0.5379922414979272,0.2390785124357945,0.0,-0.5079870215425473,0.35964902242608976,0.0,,0.0,0,0.2006,0.0054,0.007,0.0121,1.07,1.0,0,0.0
P027,Dr. Ines Shah,Orthopedics,F026,O014,Houston,29.7392,-95.2991,317,102,27512.68,86.79078864353312,1,3.107843137254902,0.07782101167315175,0.7978723404255319,10.222438614510622,-1.536304307030546,-0.7951953796964987,1.8046877461229764,-0.20853728477178413,-0.8579487881513281,0.46563603779643314,0.14285714285714285,,0.0,0,0.2281,0.004,0.0059,0.0067,1.15,1.0,0,0.0
P028,Dr. Victor Hayes,Family Medicine,F036,O056,Houston,29.7747,-95.4059,181,28,15429.710000000001,85.24701657458564,1,6.464285714285714,0.10638297872340426,0.8928571428571429,9.644114958556521,1.8848385748288121,0.002024451775015043,-0.7443617876806898,0.5718243673406205,-0.4063846778279224,0.4219700230252347,0.03676470588235294,,0.0,0,0.1541,0.0054,0.0067,0.0105,0.81,1.0,0,0.0
P029,Prairie Diagnostics Lab,Laboratory,F006,O052,El Paso,31.704,-106.5256,184,48,1460.63,7.938206521739131,1,3.8333333333333335,0.0,1.0204081632653061,7.287307530304712,0.0353446163469143,-2.3077535094155674,0.0,0.0,0.19569732302354528,0.4234185219305787,0.03676470588235294,,0.0,0,0.1651,0.006,0.0081,0.0159,1.0,1.0,0,0.0
P030,Dr. James Quinn,Orthopedics,F009,O060,Fort Worth,32.7715,-97.2509,245,41,21116.68,86.1905306122449,1,5.975609756097561,0.07179487179487179,1.1290322580645162,9.957865883301563,1.3747326119561158,-1.0158139554890435,1.149813027732829,-0.4277623079301625,0.3170208342803345,0.42723664970315134,0.03676470588235294,,0.0,0,0.1245,0.0054,0.0054,0.012,0.75,1.0,0,0.0
P031,Dr. Daniel Alvarez,Internal Medicine,F039,O028,Fort Worth,32.7299,-97.3371,251,77,20515.64,81.73561752988047,1,3.25974025974026,0.07853403141361257,0.7534246575342466,9.92899154318735,-1.0171944809588331,-0.7325226046420672,0.056825254559299675,-0.1327351100748721,-1.1313927317871093,0.40127153975973634,0.03676470588235294,,0.0,0,0.1335,0.004,0.0072,0.0146,1.13,1.0,0,0.0
P032,Dr. Victor Reyes,Family Medicine,F031,O008,Lubbock,33.537,-101.8938,119,28,9638.27,80.99386554621849,1,4.25,0.07368421052631578,0.8,9.173600658596143,-0.3677162841349665,-1.081295965874904,-1.6329630944971942,-0.15188013353307758,-0.8164086214274381,0.4398575411483689,0.03676470588235294,,0.0,0,0.0986,0.0054,0.0054,0.0054,0.9,1.0,0,0.0
P033,Mesquite Diagnostics Lab,Laboratory,F003,O010,San Antonio,29.4072,-98.4682,224,47,1842.29,8.224508928571428,1,4.76595744680851,0.0,0.9661016949152542,7.519307297434518,1.132121560357628,1.1240851985329645,0.4398314503398307,0.0,-0.08878860026068298,0.38967078004599465,0.03676470588235294,,0.0,0,0.0525,0.0042,0.0096,0.0188,1.25,1.0,0,0.0
P034,Dr. Daniel Foster,Physical Therapy,F010,O034,Dallas,32.7405,-96.6804,86,31,5958.04,69.27953488372093,1,2.774193548387097,0.0,0.65625,8.69266467326011,-0.3099274989244989,1.0970197379206665,-1.1825281515751858,0.0,-1.4959695430513145,0.4186951540543424,0.03676470588235294,,0.0,0,0.0809,0.004,0.0046,0.0055,1.26,1.0,0,0.0
P035,Dr. Grace Quinn,Internal Medicine,F015,O050,Fort Worth,32.7182,-97.3633,309,65,27100.79,87.7048220064725,1,4.753846153846154,0.09523809523809523,1.0,10.207355056346994,0.317428723873547,0.7771580663813185,0.624027971337972,0.2458318465399199,0.1936081807205905,0.3775431030020369,0.03571428571428571,,0.0,0,0.1439,0.0054,0.0059,0.0081,1.0,1.0,0,0.0
P036,Dr. James Lopez,Internal Medicine,F002,O042,Dallas,32.7728,-96.8521,138,48,11657.42,84.47405797101449,1,2.875,0.06956521739130435,0.975,9.363783944719286,-1.360867095134462,-0.039939427278861045,-1.094860473775267,-0.33599682318524127,0.05926781042467079,0.4100082046839168,0.03676470588235294,,0.0,0,0.1239,0.0054,0.0054,0.0054,1.05,1.0,0,0.0
P037,Dr. Daniel Jensen,Internal Medicine,F024,O044,Houston,29.7026,-95.3893,119,19,9532.21,80.1026050420168,1,6.2631578947368425,0.052083333333333336,0.8108108108108109,9.162536770993212,1.6656346848199153,-1.1455303007488538,-1.5049283824095185,-0.7321916481845825,-0.8230216485458277,0.48439162744595554,0.2,,0.0,0,0.1273,0.0054,0.0063,0.0101,0.54,1.0,0,0.0
P038,Dr. Ines Ortiz,Behavioral Health,F026,O047,Houston,29.7392,-95.2991,159,40,18208.14,114.5166037735849,1,3.975,0.0,1.2380952380952381,9.80967894480797,0.39523412108088213,0.4490173925617791,-0.471287429658412,0.0,1.425837461063527,0.38124762710475435,0.03571428571428571,,0.0,0,0.1643,0.004,0.0065,0.009,1.26,1.0,0,0.0
P039,Dr. Samuel Hayes,Internal Medicine,F014,O051,Lubbock,33.6074,-101.8445,232,56,19486.46,83.99336206896551,1,4.142857142857143,0.08743169398907104,1.0655737704918034,9.877526460766106,-0.22834257331519545,-0.16151296606602839,-0.04804170245394257,0.06891408604707615,0.5459763651033307,0.3590074050726279,0.0,,0.0,0,0.1374,0.0054,0.0067,0.016,1.05,1.0,0,0.0
P040,Dr. Carlos Ibarra,Internal Medicine,F009,O056,Fort Worth,32.7715,-97.2509,246,72,21186.0,86.1219512195122,1,3.4166666666666665,0.08080808080808081,0.875,9.96114306502429,-0.8770185905074516,0.3768317848521186,0.122338260655119,-0.08119795315897305,-0.4780936707590074,0.36775553122353294,0.02127659574468085,,0.0,0,0.481,0.9897,0.9897,0.9897,0.98,2.71,6,0.2416
P041,Dr. Omar Nguyen,Internal Medicine,F018,O022,San Antonio,29.4105,-98.4992,159,53,14250.29,89.62446540880504,1,3.0,0.08823529411764706,0.9807692307692307,9.564602707915327,-1.2492097479128441,1.2626580272426986,-0.68566550863053,0.08712620845075139,0.09026943433911366,0.41005330036151943,0.03676470588235294,,0.0,0,0.0426,0.004,0.009,0.0139,1.16,1.0,0,0.0
P042,Pecos EMS,Ambulance,F037,O044,Houston,29.8189,-95.3325,247,60,80717.79,326.7926720647773,1,4.116666666666666,0.0,0.9672131147540983,11.29872666482594,0.4118867947611111,0.08518458625156208,0.755276077990222,0.0,-0.01835897644024715,0.35748332454942117,0.0,,0.0,0,0.198,0.0054,0.0059,0.007,1.05,1.0,0,0.0
P043,Dr. Grace Nguyen,Cardiology,F029,O017,Fort Worth,32.8196,-97.3508,262,49,22638.19,86.40530534351144,1,5.346938775510204,0.0867579908675799,1.15625,10.027437754291935,0.8714108379616872,0.506733973777352,0.1641253800790959,0.03385910706918169,1.1268665511885267,0.37904346654304893,0.03571428571428571,,0.0,0,0.1329,0.0054,0.0153,0.0153,0.88,1.0,0,0.0
P044,Dr. Daniel Quinn,Internal Medicine,F038,O042,Austin,30.2196,-97.7277,450,95,37645.37,83.65637777777778,1,4.7368421052631575,0.07407407407407407,1.0454545454545454,10.53599181423725,0.30223970821910795,-0.24674018065377334,1.2936691171650923,-0.23381185968512347,0.43786339944044406,0.38703557507487746,0.03571428571428571,,0.0,0,0.0735,0.0054,0.0057,0.0066,0.9,1.0,0,0.0
P045,Dr. Omar Delgado,Cardiology,F023,O004,San Antonio,29.4003,-98.5606,264,65,21951.22,83.14856060606061,1,4.061538461538461,0.09767441860465116,0.8076923076923077,9.996623552341282,-0.271735125974295,-0.22040283649396436,0.12086672542904035,0.2824816932628879,-0.7925215305062169,0.3687093206664485,0.02127659574468085,,0.0,0,0.0509,0.0054,0.566,0.566,0.69,1.0,0,0.0
P046,Dr. Aisha Gupta,Physical Therapy,F005,O004,Fort Worth,32.688,-97.3896,148,52,9965.57,67.33493243243242,1,2.8461538461538463,0.0,0.9183673469387755,9.206991771666978,-0.28843058038679764,0.1321819240050272,-0.3673133196558048,0.0,-0.013319706560279213,0.3486353135626118,0.0,,0.0,0,0.1008,0.0054,0.0054,0.0082,0.77,1.0,0,0.0
P047,Red River Home Care,Home Health,F003,O012,San Antonio,29.4072,-98.4682,95,37,11968.9,125.98842105263158,1,2.5675675675675675,0.0,1.0740740740740742,9.390150444298241,-0.8378933538559821,-2.125384526484561,-2.0945168265893974,0.0,0.11637544210275177,0.4872193366281331,0.2,,0.0,0,0.0345,0.008,0.008,0.008,1.11,1.0,0,0.0
P048,Cypress EMS,Ambulance,F008,O033,Lubbock,33.538,-101.8217,94,24,30353.85,322.9132978723404,1,3.9166666666666665,0.0,0.9032258064516129,10.320711586027041,0.1558934083757195,-0.4649345155305029,-0.7867230463241333,0.0,-0.544023048167345,0.3651446194884515,0.02127659574468085,,0.0,0,0.0905,0.0054,0.0054,0.0054,0.92,1.0,0,0.0
P049,Dr. Hannah Turner,Cardiology,F021,O055,Austin,30.2846,-97.7494,249,42,21395.19,85.9244578313253,1,5.928571428571429,0.07804878048780488,0.8205128205128205,9.97096814777623,1.388674613777859,0.39937464585175947,0.08485027146523651,-0.16449391284515724,-0.7219233481910081,0.38345941085746377,0.03571428571428571,,0.0,0,0.0546,0.004,0.0064,0.0099,1.21,1.0,0,0.0
P050,Dr. Priya Ortiz,Cardiology,F009,O036,Fort Worth,32.7715,-97.2509,345,79,30496.25,88.39492753623189,1,4.367088607594937,0.09688581314878893,0.9065420560747663,10.325391794596065,0.0,0.9509590056698338,0.5824094866006988,0.26452113577601744,-0.2481897509730638,0.3797107358916196,0.03571428571428571,,0.0,0,0.1533,0.0054,0.0057,0.0066,1.07,1.0,0,0.0
P051,Dr. Omar Patel,Internal Medicine,F013,O034,Houston,29.7461,-95.4551,146,29,11471.58,78.57246575342465,1,5.0344827586206895,0.10714285714285714,0.7948717948717948,9.347715119441451,0.568109834452797,-1.5325201780465232,-1.1276028445320345,0.5156314312915068,-0.9086717806818269,0.44690929931540907,0.03676470588235294,,0.0,0,0.1452,0.0054,0.0147,0.0147,1.03,1.0,0,0.0
P052,Dr. Robert Khan,Physical Therapy,F037,O042,Houston,29.8189,-95.3325,220,75,13690.2,62.228181818181824,1,2.933333333333333,0.0,1.1379310344827587,9.52450856966379,-0.2623871871238815,-2.401593601990592,0.13595474440755936,0.0,1.228628105129166,0.45058797269539086,0.03676470588235294,,0.0,0,0.1812,0.005,0.0072,0.0163,1.12,1.0,0,0.0
P053,Dr. Robert Nguyen,Behavioral Health,F002,O054,Dallas,32.7728,-96.8521,179,36,20327.04,113.55888268156426,1,4.972222222222222,0.0,1.0434782608695652,9.919756492727304,1.5307690414467061,0.0,-0.2371049171153954,0.0,0.5175487075984034,0.3748946120460242,0.02127659574468085,,0.0,0,0.1298,0.0054,0.0059,0.0086,0.98,1.0,0,0.0
P054,Dr. David Nguyen,Internal Medicine,F004,O036,Austin,30.264,-97.752,282,75,23130.61,82.02343971631205,1,3.76,0.05855855855855856,1.0128205128205128,10.048955359374611,-0.5703330768054081,-0.6597290534659599,0.3012675009018665,-0.5854425497217262,0.2625006783082413,0.3956737264992326,0.03676470588235294,,0.0,0,0.0606,0.005,0.0062,0.0106,1.13,1.0,0,0.0
P055,Dr. Carlos Patel,Cardiology,F017,O061,Houston,29.7224,-95.3943,753,133,72311.04,96.03059760956174,1,5.661654135338346,0.09,1.4043478260869566,11.18874592263663,1.1512968699360886,2.655783064355839,1.7944330244945685,0.10769614555647596,2.4930564847198564,0.5374615139083881,0.3333333333333333,N01,1.0,1,0.6703,0.1219,0.1863,0.4016,1.06,1.0,0,0.0
P056,Dr. Maria Delgado,Family Medicine,F031,O025,Lubbock,33.537,-101.8938,83,15,6766.6,81.52530120481929,1,5.533333333333333,0.1111111111111111,1.2380952380952381,8.819901797884642,0.9377966932644706,-0.9459339493865072,-2.3009497420320644,0.6764696148033316,1.1180633176061745,0.510741906880965,0.2,,0.0,0,0.0812,0.0054,0.0155,0.0155,0.88,1.0,0,0.0
P057,Dr. Grace Hayes,Behavioral Health,F033,O060,Fort Worth,32.7643,-97.2457,310,136,34712.840000000004,111.97690322580647,1,2.2794117647058822,0.0,0.9325842696629213,10.454893733678773,-1.5355287608847343,-0.7416943160476519,0.9013632447407266,0.0,0.0,0.41217396354226865,0.03676470588235294,,0.0,0,0.4292,0.0166,0.0334,0.0439,0.93,1.0,0,0.0
P058,Dr. Samuel Shah,Internal Medicine,F012,O030,Austin,30.3192,-97.7827,236,54,20427.39,86.5567372881356,1,4.37037037037037,0.06091370558375635,0.8472222222222222,9.924680879028413,-0.02511438577955295,0.486794197164343,0.04804170245393895,-0.532067463809833,-0.6273607488655848,0.381098297075391,0.03571428571428571,,0.0,0,0.0577,0.004,0.0066,0.0089,1.47,1.0,0,0.0
P059,Dr. Rosa Brooks,Internal Medicine,F012,O054,Austin,30.3192,-97.7827,171,52,14167.0,82.84795321637426,1,3.2884615384615383,0.11194029850746269,0.7777777777777778,9.55874117946267,-0.9915389466321878,-0.45120007796796874,-0.6976091532019212,0.6243566370869227,-1.000528444132028,0.4113198375183841,0.03676470588235294,,0.0,0,0.0459,0.004,0.0063,0.0081,1.5,1.0,0,0.0
P060,Dr. Hannah Nguyen,Family Medicine,F024,O059,Houston,29.7026,-95.3893,169,30,14568.63,86.20491124260354,1,5.633333333333334,0.0962962962962963,0.6607142857142857,9.586694504220267,1.039524977217674,0.24600987455934822,-0.85280459327765,0.3485811727535031,-1.431444536826712,0.41482137594141055,0.03676470588235294,,0.0,0,0.1598,0.0054,0.0054,0.0054,0.77,1.0,0,0.0
P061,Dr. Thomas Ellis,Family Medicine,F035,O053,San Antonio,29.4575,-98.4601,239,45,21485.32,89.89673640167364,1,5.311111111111111,0.08780487804878048,1.0819672131147542,9.975171732534552,0.7117338400351307,1.1863549379110552,-0.11913640768244829,0.16064511450543045,0.42865777981800196,0.3880153205916968,0.03571428571428571,,0.0,0,0.0481,0.0054,0.0067,0.0142,0.94,1.0,0,0.0
P062,Dr. Kevin Nguyen,Family Medicine,F034,O061,Houston,29.8148,-95.4027,593,96,58326.81,98.35887015177066,1,6.177083333333333,0.0784313725490196,1.4615384615384615,10.97383427404028,1.592672521213214,3.341745660512317,1.7669121981206297,-0.04681371324776086,2.104708704571478,0.5502823302677615,0.5,N01,1.0,1,0.3534,0.0065,0.0065,0.0157,1.09,2.0,1,0.0307
P063,Dr. Kevin Nguyen,Physical Therapy,F036,O023,Houston,29.7747,-95.4059,111,32,7667.04,69.07243243243244,1,3.46875,0.0,1.0,8.944816320636019,-0.10244053842644893,0.9942633744154387,-0.7828646621917502,0.0,0.4484301208627195,0.3713554816010298,0.02127659574468085,,0.0,0,0.1304,0.0054,0.0054,0.0054,0.86,1.0,0,0.0
P064,Dr. Kevin Alvarez,Behavioral Health,F033,O048,Fort Worth,32.7643,-97.2457,119,33,13959.4,117.30588235294117,1,3.606060606060606,0.0,0.675,9.543980029200995,-0.02487641795544849,1.7567411184625248,-1.0365438403698293,0.0,-1.2021607700394186,0.4327956591080291,0.03676470588235294,,0.0,0,0.0945,0.0054,0.0054,0.0054,0.96,1.0,0,0.0
P065,Dr. Elena Khan,Orthopedics,F011,O056,El Paso,31.7468,-106.4684,137,23,12333.34,90.02437956204379,1,5.956521739130435,0.11711711711711711,1.4444444444444444,9.42014252124901,1.355356585421581,0.3932772203393843,-0.18116856544472168,1.2210162602823795,1.436116829301026,0.4587689552814051,0.14285714285714285,,0.0,0,0.1297,0.0054,0.0065,0.0094,0.54,1.0,0,0.0
P066,Dr. Aisha Delgado,Internal Medicine,F027,O037,Fort Worth,32.7648,-97.3256,448,148,38641.36,86.25303571428572,1,3.027027027027027,0.08839779005524862,1.0084033613445378,10.56210436306591,-1.2250676187838454,0.40998456573045594,1.3468769117841286,0.0908088807158037,0.2387646077108154,0.4099434703399939,0.03676470588235294,,0.0,0,0.1803,0.0054,0.0057,0.0066,0.99,1.0,0,0.0
P067,Mesquite Home Care,Home Health,F026,O047,Houston,29.7392,-95.2991,188,51,23929.49,127.28452127659575,1,3.6862745098039214,0.0,1.3181818181818181,10.08290865708225,0.6128820973545401,-0.8663591933946021,-0.9727655151367063,0.0,1.9791382004357463,0.4215210292517304,0.03676470588235294,,0.0,0,0.1711,0.004,0.0055,0.0055,1.18,1.0,0,0.0
P068,Cypress Home Care,Home Health,F001,O027,Houston,29.787,-95.3854,557,111,71776.57,128.8627827648115,1,5.018018018018018,0.0,0.9927007299270073,11.181327310687488,2.3399302777865834,0.6667561931812489,0.8058529732015058,0.0,-0.5045767343725119,0.45383541461404486,0.03676470588235294,,0.0,0,0.3166,0.0054,0.0059,0.0076,0.9,0.5,2,0.0624
P069,Dr. Hannah Morris,Behavioral Health,F017,O052,Houston,29.7224,-95.3943,207,71,22723.7,109.77632850241547,1,2.915492957746479,0.0,0.625,10.03120771763841,-0.8112243974340411,-1.7734104729401035,0.0,0.0,-1.4355136785094478,0.4505265052076668,0.03676470588235294,,0.0,0,0.1745,0.004,0.0153,0.0153,1.26,1.0,0,0.0
P070,Dr. Grace Ibarra,Behavioral Health,F010,O025,Dallas,32.7405,-96.6804,233,98,26372.74,113.18772532188842,1,2.377551020408163,0.0,1.0153846153846153,10.180124097125377,-1.4237777896114354,-0.1740131978508879,0.31680949082026616,0.0,0.3864340299296245,0.3841774420242618,0.03571428571428571,,0.0,0,0.1393,0.0054,0.0054,0.0063,0.84,1.0,0,0.0
P071,Mesquite Diagnostics Lab,Laboratory,F003,O038,San Antonio,29.4072,-98.4682,110,35,899.24,8.174909090909091,1,3.142857142857143,0.0,1.2333333333333334,6.802661394441742,-0.7766635176490682,0.5295437670413442,-0.9188052879334937,0.0,1.3111116638494138,0.39714589937078454,0.03676470588235294,,0.0,0,0.0306,0.0055,0.0066,0.01,1.11,1.0,0,0.0
P072,Dr. Ines Chen,Physical Therapy,F019,O033,Dallas,32.8103,-96.7544,141,33,9193.99,65.20560283687944,1,4.2727272727272725,0.0,0.926829268292683,9.12641404949025,0.13773403664274125,-0.9243104766488566,-0.4950300089848656,0.0,0.034544604818934226,0.3671573464830774,0.02127659574468085,,0.0,0,0.1167,0.0058,0.0058,0.0058,1.08,1.0,0,0.0
P073,Dr. Samuel Delgado,Family Medicine,F029,O051,Fort Worth,32.8196,-97.3508,221,60,19197.24,86.86533936651584,1,3.683333333333333,0.07303370786516854,1.0307692307692307,9.86257388714756,-0.9441765598697831,0.4142275715685925,-0.3317858267628653,-0.16627736406069413,0.20258579461869491,0.3769981883964615,0.03571428571428571,,0.0,0,0.1276,0.0054,0.0067,0.0142,0.92,1.0,0,0.0
P074,Dr. Thomas Morris,Cardiology,F022,O048,Fort Worth,32.765,-97.3722,178,53,14846.41,83.40679775280898,1,3.358490566037736,0.06944444444444445,1.22,9.605580718245108,-0.8969772046167371,-0.16274595813291923,-0.42810049886043683,-0.3604584106739975,1.477916012750903,0.4041790130928763,0.03676470588235294,,0.0,0,0.119,0.0054,0.0054,0.0086,0.66,1.0,0,0.0
P075,Dr. Victor Morris,Family Medicine,F004,O051,Austin,30.264,-97.752,194,40,16984.18,87.54731958762886,1,4.85,0.11464968152866242,0.9807692307692307,9.740096478124636,0.24265341958425055,0.5879348048733972,-0.5630935377557822,0.7547869178407112,-0.018196328857967098,0.38484307348088215,0.03571428571428571,,0.0,0,0.0431,0.008,0.008,0.0268,1.1,1.0,0,0.0
P076,Brazos Diagnostics Lab,Laboratory,F034,O008,Houston,29.8148,-95.4027,236,60,1934.9,8.198728813559322,1,3.933333333333333,0.0,0.984375,7.568327613609903,0.1529457943739182,0.8150651048048206,0.532765495172183,0.0,0.006936609395365595,0.3626285163216433,0.02127659574468085,,0.0,0,0.5282,0.012,0.0471,0.0471,1.18,1.0,1,0.0409
P077,Dr. Ines Delgado,Behavioral Health,F003,O015,San Antonio,29.4072,-98.4682,238,63,26438.51,111.08617647058823,1,3.7777777777777777,0.0,0.8656716417910447,10.182614761267418,0.17065757694167996,-1.15930212321129,0.3221082097480474,0.0,-0.3122851265455025,0.376025274585579,0.03571428571428571,,0.0,0,0.0465,0.004,0.0047,0.0052,1.34,1.0,0,0.0
P078,Mesquite EMS,Ambulance,F016,O055,Fort Worth,32.7473,-97.3474,100,28,31487.36,314.8736,1,3.5714285714285716,0.0,0.8064516129032258,10.357373232713455,-0.28599993717049244,-1.6050130830359566,-0.7289200243545754,0.0,-1.3390356525149398,0.4187722184893997,0.03676470588235294,,0.0,0,0.0818,0.004,0.0052,0.0067,1.17,1.0,0,0.0
P079,Dr. Ines Ellis,Family Medicine,F023,O008,San Antonio,29.4003,-98.5606,243,50,21568.1,88.75761316872428,1,4.86,0.10891089108910891,1.0,9.97901701389518,0.2528262479795715,0.8962087737511643,-0.11187430737557151,0.6277733115286046,0.0667198724792109,0.38351383154644625,0.03571428571428571,,0.0,0,0.0528,0.004,0.0059,0.0089,1.29,1.0,0,0.0
P080,Dr. Nadia Brooks,Cardiology,F038,O047,Austin,30.2196,-97.7277,250,48,20600.81,82.40324000000001,1,5.208333333333333,0.035175879396984924,0.8734177215189873,9.93313421499552,0.74814476273064,-0.3868113492300881,0.03173693642462512,-1.1409279445228449,-0.4305941401560951,0.43002939037309207,0.03676470588235294,,0.0,0,0.0568,0.004,0.0066,0.0099,1.39,1.0,0,0.0
P081,Dr. David Hayes,Physical Therapy,F026,O061,Houston,29.7392,-95.2991,569,103,38433.37,67.54546572934974,1,5.524271844660194,0.0,1.4393939393939394,10.55670739033889,0.511611751773263,0.23664054269059095,1.77200268104258,0.0,2.933833548014543,0.4824959145745226,0.2,N01,1.0,1,0.3484,0.005,0.0055,0.0087,1.12,2.0,1,0.031
P082,Cypress Home Care,Home Health,F008,O021,Lubbock,33.538,-101.8217,136,43,17522.34,128.84073529411765,1,3.1627906976744184,0.0,1.2727272727272727,9.771288985590433,-0.0659886909373324,0.6453393894334536,-1.4773568266790351,0.0,1.63227892819443,0.4169769079567572,0.03676470588235294,,0.0,0,0.103,0.0054,0.0054,0.0054,0.82,1.0,0,0.0
P083,Alamo Home Care,Home Health,F018,O003,San Antonio,29.4105,-98.4992,232,51,29906.329999999998,128.9065948275862,1,4.549019607843137,0.0,1.0338983050847457,10.305858879835975,1.7317179261421907,0.7093150137943287,-0.6117525381016191,0.0,-0.19020199375147043,0.391214357625489,0.03676470588235294,,0.0,0,0.0781,0.0054,0.0057,0.006,0.97,1.0,2,0.0825
P084,Dr. Linh Patel,Family Medicine,F035,O001,San Antonio,29.4575,-98.4601,75,23,7069.4,94.25866666666666,1,3.260869565217391,0.2542372881355932,0.5714285714285714,8.863672334376476,-1.3739417014981692,2.297382523086227,-2.2182858231459033,3.8442054108779464,-1.8256983287493234,0.6657213047168259,1.0,,0.0,0,0.0292,0.1479,0.1479,0.1479,0.86,1.0,0,0.0
P085,Live Oak EMS,Ambulance,F010,O054,Dallas,32.7405,-96.6804,189,40,62445.67,330.40037037037035,1,4.725,0.0,1.0196078431372548,11.042068191473893,1.1905333450166784,0.5967783776529568,0.3506124386087537,0.0,0.41207054137485977,0.37782302333338663,0.03571428571428571,,0.0,0,0.1194,0.004,0.0057,0.0057,1.26,1.0,0,0.0
P086,Mesquite EMS,Ambulance,F037,O007,Houston,29.8189,-95.3325,406,92,132868.11,327.26135467980293,1,4.413043478260869,0.0,0.9711538461538461,11.797119787286409,0.7912393129916376,0.15164666142374306,1.5410735314836403,0.0,0.014014645268947372,0.38037438384188027,0.03571428571428571,,0.0,0,0.2544,0.0054,0.0059,0.0076,1.06,1.0,0,0.0
P087,Lone Star EMS,Ambulance,F022,O045,Fort Worth,32.765,-97.3722,60,21,19428.51,323.8085,1,2.857142857142857,0.0,1.1176470588235294,9.874548323319571,-1.2002620314040353,-0.3379893522251509,-1.4901716692646587,0.0,1.2174754673479138,0.43365774304745325,0.03676470588235294,,0.0,0,0.0689,0.0054,0.0054,0.0067,1.06,1.0,0,0.0
P088,Dr. Kevin Foster,Behavioral Health,F026,O009,Houston,29.7392,-95.2991,237,71,27007.49,113.95565400843883,1,3.3380281690140845,0.0,1.0161290322580645,10.203906540003617,-0.33008440999040284,0.18602203514241522,0.3674050239958261,0.0,0.38990826678029505,0.3573321252890978,0.0,,0.0,0,0.1892,0.0054,0.0059,0.0066,1.03,1.0,0,0.0
P089,Brazos Diagnostics Lab,Laboratory,F027,O024,Fort Worth,32.7648,-97.3256,232,61,1903.2,8.203448275862069,1,3.80327868852459,0.0,1.3269230769230769,7.551817251851591,0.0,0.871636174501618,0.5014647035910827,0.0,1.8013841014426955,0.401950865680535,0.03676470588235294,,0.0,0,0.1408,0.006,0.0089,0.0196,1.03,1.0,1,0.0412
P090,Dr. Nadia Foster,Family Medicine,F039,O007,Fort Worth,32.7299,-97.3371,107,18,8252.97,77.13056074766355,1,5.944444444444445,0.05063291139240506,1.1379310344827587,9.018449575704517,1.3560129717387495,-2.0653186210699688,-1.9259774726427779,-0.6620623163494497,0.6757740062079347,0.5235822596526966,0.2,,0.0,0,0.0854,0.0054,0.0054,0.0054,1.06,1.0,0,0.0
P091,Dr. Victor Khan,Internal Medicine,F028,O039,Austin,30.2681,-97.7038,300,56,24593.8,81.97933333333333,1,5.357142857142857,0.06926406926406926,1.1388888888888888,10.110290317462285,0.8563287996948052,-0.670884066518847,0.4262456435684391,-0.3428217929180878,0.9399435712534767,0.3950755107224708,0.03676470588235294,,0.0,0,0.0574,0.0054,0.0054,0.008,0.71,1.0,0,0.0
P092,Dr. David Ellis,Family Medicine,F017,O007,Houston,29.7224,-95.3943,350,85,29750.31,85.00088571428572,1,4.117647058823529,0.06620209059233449,0.9263157894736842,10.30062844361777,-0.5023566599553825,-0.06066755812499979,0.4955128363577493,-0.31747792729893626,-0.2586432568548178,0.366215665580971,0.02127659574468085,,0.0,0,0.2242,0.004,0.0056,0.0056,1.15,1.0,0,0.0
P093,Dr. Thomas Brooks,Cardiology,F024,O038,Houston,29.7026,-95.3893,146,43,12156.5,83.26369863013699,1,3.395348837209302,0.09482758620689655,1.0,9.40570154227794,-0.8641980124308856,-0.19469584920537286,-0.7087017702725021,0.21764483909802237,0.2664512042219175,0.37221813069574183,0.02127659574468085,,0.0,0,0.1483,0.004,0.0054,0.0054,1.2,1.0,0,0.0
P094,Alamo EMS,Ambulance,F028,O058,Austin,30.2681,-97.7038,125,27,39726.95,317.81559999999996,1,4.62962962962963,0.0,0.813953488372093,10.58981024918896,1.0684624246569783,-1.1878194025196285,-0.36244543348871433,0.0,-1.2774067684569863,0.41679504541851076,0.03676470588235294,,0.0,0,0.0372,0.004,0.004,0.004,1.36,1.0,0,0.0
P095,Dr. Carlos Hayes,Behavioral Health,F024,O045,Houston,29.7026,-95.3893,159,55,17891.77,112.52685534591195,1,2.890909090909091,0.0,0.9583333333333334,9.792151999620458,-0.8392179967034891,-0.4838550880500873,-0.5085748160400857,0.0,0.12017237795741235,0.36808019554100513,0.02127659574468085,,0.0,0,0.1695,0.0065,0.0065,0.0183,1.09,1.0,0,0.0
P096,Dr. Linh Turner,Cardiology,F001,O040,Houston,29.787,-95.3854,361,62,29346.01,81.29088642659279,1,5.82258064516129,0.07773851590106007,1.0,10.286945946131477,1.2944137559324667,-0.6351676971992962,0.5284371110018959,-0.1715602156521515,0.2664512042219175,0.38490854917031453,0.03571428571428571,,0.0,0,0.2322,0.0054,0.0057,0.0066,0.92,1.0,0,0.0
P097,Lone Star Diagnostics Lab,Laboratory,F037,O055,Houston,29.8189,-95.3325,142,41,1149.16,8.092676056338028,1,3.4634146341463414,0.0,0.9459459459459459,7.047656342114337,-0.39968413163915884,-0.4561640173795874,-0.45433722189238623,0.0,-0.19437504381392712,0.3580934492419808,0.0,,0.0,0,0.1707,0.006,0.0063,0.007,1.0,1.0,1,0.0522
P098,Dr. Daniel Ortiz,Orthopedics,F011,O050,El Paso,31.7468,-106.4684,271,61,23414.94,86.40199261992619,1,4.442622950819672,0.07547169811320754,1.0684931506849316,10.061172266017909,-0.18138466661249736,-0.93809330114185,1.4055186629285215,-0.29400299416253023,0.10222547907166162,0.4021613243994266,0.03676470588235294,,0.0,0,0.5088,0.4208,0.9853,0.9853,0.79,0.81,33,1.0
P099,Dr. Rosa Morris,Cardiology,F027,O044,Fort Worth,32.7648,-97.3256,146,27,12351.64,84.60027397260274,1,5.407407407407407,0.05737704918032787,0.8043478260869565,9.421625084393789,0.925187448832764,0.1037227281033778,-0.686347434752205,-0.635294381877089,-0.8109384476319236,0.39500303288741234,0.03676470588235294,,0.0,0,0.0938,0.0054,0.0054,0.0054,1.03,1.0,0,0.0
P100,Dr. Rosa Brooks,Behavioral Health,F023,O034,San Antonio,29.4003,-98.5606,218,64,24757.49,113.56646788990827,1,3.40625,0.0,1.125,10.116923739478423,-0.25240034951773205,0.003556244611340655,0.18235501915791671,0.0,0.8980154061908421,0.36242278487557494,0.02127659574468085,,0.0,0,0.0554,0.0054,0.0054,0.0054,0.84,1.0,0,0.0
P101,Dr. Nadia Ortiz,Cardiology,F005,O024,Fort Worth,32.688,-97.3896,396,79,32451.5,81.94823232323232,1,5.012658227848101,0.10355987055016182,0.8598130841121495,10.387532760767149,0.5741248837506607,-0.4884013900242562,0.6696463587261098,0.4165233705271953,-0.5055102285705545,0.39029553578981785,0.03676470588235294,,0.0,0,0.1652,0.0054,0.0054,0.0064,0.8,1.0,0,0.0
P102,Dr. Rosa Brooks,Behavioral Health,F036,O038,Houston,29.7747,-95.4059,166,41,19124.92,115.21036144578312,1,4.048780487804878,0.0,1.0,9.858799762112913,0.47924781279080686,0.7742783308824909,-0.3667862245346604,0.0,0.31463313501576967,0.36264273446701695,0.02127659574468085,,0.0,0,0.1563,0.0054,0.0059,0.0086,0.95,1.0,0,0.0
P103,Brazos Diagnostics Lab,Laboratory,F004,O007,Austin,30.264,-97.752,160,35,1325.31,8.2831875,1,4.571428571428571,0.0,1.3055555555555556,7.190155929244182,0.9033533113081362,1.8274512476827174,-0.18418264003421062,0.0,1.6894497549602112,0.432713857233377,0.03676470588235294,,0.0,0,0.0673,0.006,0.0075,0.0159,1.0,1.0,1,0.049
P104,Dr. Hannah Brooks,Cardiology,F039,O053,Fort Worth,32.7299,-97.3371,224,50,19308.71,86.19959821428571,1,4.48,0.07446808510638298,1.0454545454545454,9.868363357184464,0.10041556790305697,0.4608055274747579,-0.05919192079268783,-0.24604455995637184,0.5167538506122036,0.36802418706047013,0.02127659574468085,,0.0,0,0.1252,0.005,0.009,0.014,1.12,1.0,0,0.0
P105,Dr. Grace Jensen,Internal Medicine,F037,O054,Houston,29.8189,-95.3325,126,43,11493.31,91.21674603174603,1,2.9302325581395348,0.11650485436893204,1.5172413793103448,9.34960740929734,-1.311530127757468,1.6653641648403672,-1.1237470520288801,0.7278039202709103,2.9730641178775468,0.5494425868890708,0.3333333333333333,,0.0,0,0.1316,0.004,0.0057,0.0057,1.57,1.0,0,0.0
P106,Dr. Carlos Nguyen,Orthopedics,F024,O016,Houston,29.7026,-95.3893,144,30,13010.02,90.34736111111111,1,4.8,0.06557377049180328,1.0,9.47355196966316,0.18138466661249644,0.5119857184324124,-0.04896863187730047,-0.6540798353661647,-0.14079116368267625,0.38265002936260395,0.03571428571428571,,0.0,0,0.2339,0.004,0.0043,0.0043,1.33,1.0,5,0.2589
P107,Live Oak Home Care,Home Health,F039,O046,Fort Worth,32.7299,-97.3371,316,96,40503.74,128.1763924050633,1,3.2916666666666665,0.0,0.898876404494382,10.609174283283368,0.10114184611927954,0.0,-0.1206079434622229,0.0,-1.2205411536105548,0.3749794558971495,0.02127659574468085,,0.0,0,0.1709,0.0054,0.0059,0.0071,1.0,0.5,2,0.0733
P108,Dr. Victor Hayes,Internal Medicine,F035,O042,San Antonio,29.4575,-98.4601,528,171,45361.81,85.91251893939393,1,3.087719298245614,0.10476190476190476,1.3008130081300813,10.722447885336498,-1.1708537147748668,0.3238639452643195,1.6735981850480566,0.46167151434118964,1.8100614168015738,0.48243552265323814,0.2,,0.0,0,0.0757,0.0054,0.0086,0.0166,1.03,1.0,0,0.0
P109,Cypress Diagnostics Lab,Laboratory,F036,O052,Houston,29.7747,-95.4059,71,27,568.01,8.000140845070423,1,2.6296296296296298,0.0,1.1578947368421053,6.343898008664341,-1.380225119163323,-1.565361538245631,-1.788541356316652,0.0,0.9159245079523052,0.48172794059532353,0.2,,0.0,0,0.112,0.006,0.0063,0.0088,0.9,1.0,0,0.0
P110,Dr. Elena Gupta,Behavioral Health,F032,O054,El Paso,31.7691,-106.514,274,91,30969.8,113.02846715328467,1,3.010989010989011,0.0,1.0,10.340800104083412,-0.7024832354367061,-0.2486797037954819,0.6586367909921941,0.0,0.31463313501576967,0.3676447161724895,0.02127659574468085,,0.0,0,0.2017,0.0054,0.0054,0.0063,0.82,1.0,0,0.0
P111,Dr. Carlos Gupta,Family Medicine,F038,O045,Austin,30.2196,-97.7277,357,126,30427.51,85.23112044817927,1,2.8333333333333335,0.06206896551724138,0.8761904761904762,10.323135276854869,-1.8088669734720073,-0.002024451775015043,0.5380186675906604,-0.4089541933616182,-0.47997871898681005,0.4463114406724216,0.03676470588235294,,0.0,0,0.0638,0.0054,0.0057,0.0066,1.07,1.0,0,0.0
P112,Dr. Aisha Shah,Cardiology,F031,O057,Lubbock,33.537,-101.8938,118,34,9518.05,80.6614406779661,1,3.4705882352941178,0.04040404040404041,1.09375,9.161050332890099,-0.7972853056929592,-0.7757047090909643,-1.0521564602098086,-1.0218561252502194,0.782700412401883,0.4552515280229544,0.03676470588235294,,0.0,0,0.0999,0.004,0.0046,0.0046,1.27,1.0,0,0.0
P113,Dr. David Khan,Family Medicine,F036,O020,Houston,29.7747,-95.4059,195,53,16737.37,85.83266666666667,1,3.6792452830188678,0.0875,0.9807692307692307,9.725458967737435,-0.9483352633018322,0.15119543068415156,-0.590737566555125,0.1538974102864172,-0.018196328857967098,0.3670096346312633,0.02127659574468085,,0.0,0,0.1722,0.004,0.0124,0.0143,1.16,1.0,0,0.0
P114,Dr. Carlos Brooks,Family Medicine,F005,O027,Fort Worth,32.688,-97.3896,144,29,12511.62,86.88625,1,4.9655172413793105,0.05,1.1111111111111112,9.434493013987078,0.36016712690950264,0.41955372059276325,-1.140248445955497,-0.6760702086522112,0.5573468135384607,0.40631171540243716,0.03676470588235294,,0.0,0,0.0976,0.0054,0.0056,0.0056,0.95,1.0,0,0.0
P115,Dr. Elena Foster,Family Medicine,F018,O009,San Antonio,29.4105,-98.4992,621,130,52241.61,84.12497584541063,1,4.776923076923077,0.08906882591093117,0.8206521739130435,10.863653724417428,0.16831351977229483,-0.2837706265664076,1.5588280221691835,0.18861940244174444,-0.725216005208817,0.3986257011153972,0.03676470588235294,,0.0,0,0.0786,0.0054,0.0118,0.012,0.95,1.0,0,0.0
P116,Dr. Carlos Ibarra,Physical Therapy,F020,O052,Corpus Christi,27.7315,-97.3901,978,69,65176.73,66.64287321063395,1,14.173913043478262,0.0,0.9418604651162791,11.084873125151155,3.0955453651949445,-0.21119155380672797,2.6091519233520883,0.0,0.11956759842482793,0.5573322163513473,0.5,,0.0,0,0.1865,0.004,0.0054,0.0063,1.17,1.0,5,0.1404
P117,Dr. Omar Hayes,Behavioral Health,F037,O017,Houston,29.8189,-95.3325,123,37,14228.710000000001,115.68056910569106,1,3.324324324324324,0.0,0.6153846153846154,9.563087311396261,-0.34568895012371026,0.9947302131408049,-0.9958943942572129,0.0,-1.480389237830607,0.4057592368066926,0.03676470588235294,,0.0,0,0.1302,0.0065,0.0065,0.014,1.09,1.0,0,0.0
P118,Dr. Thomas Hayes,Orthopedics,F020,O031,Corpus Christi,27.7315,-97.3901,113,26,10083.32,89.2329203539823,1,4.346153846153846,0.10112359550561797,0.575,9.218737021243427,-0.2793093454823353,0.10238464718098914,-0.6796907279353169,0.6391877238585466,-1.6487094319733417,0.42922894578673393,0.03676470588235294,,0.0,0,0.045,0.0493,0.0493,0.0561,0.57,1.0,0,0.0
P119,Dr. Kevin Turner,Cardiology,F018,O010,San Antonio,29.4105,-98.4992,330,94,29088.12,88.14581818181819,1,3.5106382978723403,0.06093189964157706,1.1046511627906976,10.278119500086337,-0.7616675554138932,0.8953400990683572,0.516046065409818,-0.5543323550588929,0.8427293900972276,0.42967885839509967,0.03676470588235294,,0.0,0,0.0582,0.004,0.0046,0.0046,1.32,1.0,0,0.0
P120,Dr. Victor Chen,Internal Medicine,F032,O016,El Paso,31.7691,-106.514,325,109,27683.32,85.17944615384616,1,2.981651376146789,0.07575757575757576,0.9529411764705882,10.228621466918211,-1.2655998172297787,0.1384613812987781,0.6673611140879234,-0.19565838305358577,-0.05926781042467019,0.38607109518401134,0.03571428571428571,,0.0,0,0.2196,0.0054,0.0054,0.008,0.87,1.0,0,0.0
P121,Prairie Home Care,Home Health,F027,O041,Fort Worth,32.7648,-97.3256,341,98,43635.88,127.96445747800585,1,3.479591836734694,0.0,1.0526315789473684,10.683657943349022,0.3448493025638071,-0.20587253763121585,0.0,0.0,-0.047250179500365634,0.34951249298113246,0.0,,0.0,0,0.1858,0.0156,0.1446,0.1446,0.88,2.33,3,0.1072
P122,Rio Medical Supply,DME Supplier,F024,O016,Houston,29.7026,-95.3893,97,28,4465.95,46.04072164948453,1,3.4642857142857144,0.0,1.1153846153846154,8.404461128094937,0.13559803988071362,0.14621995116253353,-1.487385226146606,0.0,0.8716697790471357,0.3979397920315959,0.03676470588235294,,0.0,0,0.1403,0.008,0.008,0.0129,1.11,1.0,1,0.0652
P123,Dr. Omar Gupta,Physical Therapy,F037,O031,Houston,29.8189,-95.3325,252,51,16960.65,67.30416666666667,1,4.9411764705882355,0.0,1.1724137931034482,9.738710192349599,0.3374218978517959,0.11691712056656699,0.4754669738342361,0.0,1.4236776011957768,0.38283805986751174,0.03571428571428571,,0.0,0,0.2139,0.004,0.0077,0.01,1.23,2.0,1,0.0399
P124,Dr. Nadia Morris,Internal Medicine,F033,O028,Fort Worth,32.7643,-97.2457,153,25,12572.03,82.17013071895425,1,6.12,0.05785123966942149,0.9302325581395349,9.439309322655713,1.537757638738736,-0.6226292067157937,-0.9409674614870166,-0.6014726344981215,-0.18129517824476654,0.4098445199714751,0.03676470588235294,,0.0,0,0.1042,0.0054,0.0054,0.0054,0.71,1.0,0,0.0
P125,Live Oak Medical Supply,DME Supplier,F029,O037,Fort Worth,32.8196,-97.3508,244,55,10952.43,44.88700819672131,1,4.4363636363636365,0.0,0.7857142857142857,9.301407928203744,1.5401681522056525,-0.7576160292316975,0.06043180711153292,0.0,-0.5458523383778727,0.38463800012184307,0.03571428571428571,,0.0,0,0.1559,0.0153,0.1098,0.1098,0.91,1.33,2,0.0808
P126,Panhandle Diagnostics Lab,Laboratory,F039,O016,Fort Worth,32.7299,-97.3371,165,35,1350.92,8.18739393939394,1,4.714285714285714,0.0,0.9210526315789473,7.209281083254568,1.0713549942038572,0.6791966699534576,-0.14792465438867147,0.0,-0.324779353585129,0.36960812443669316,0.02127659574468085,,0.0,0,0.1072,0.0072,0.0072,0.0149,1.09,1.0,0,0.0
P127,Dr. Ines Turner,Family Medicine,F002,O030,Dallas,32.7728,-96.8521,574,117,49202.6,85.71881533101045,1,4.905982905982906,0.09829059829059829,0.9054054054054054,10.80372207053526,0.29960386914779646,0.12219634843419679,1.4456426291559337,0.39272000149097996,-0.3509760368009612,0.38893714049792383,0.03571428571428571,,0.0,0,0.2127,0.0054,0.0059,0.0072,0.95,1.0,0,0.0
P128,Dr. Thomas Gupta,Internal Medicine,F023,O002,San Antonio,29.4003,-98.5606,315,93,27164.98,86.23803174603175,1,3.3870967741935485,0.10655737704918032,0.8705882352941177,10.20972073416778,-0.9034321565168664,0.40618988907789966,0.6288483548420523,0.5023625992545435,-0.5018007949288755,0.39207160544036584,0.03676470588235294,,0.0,0,0.0629,0.0054,0.0056,0.0069,0.54,1.0,0,0.0
P129,Dr. Rosa Quinn,Internal Medicine,F002,O032,Dallas,32.7728,-96.8521,184,30,15436.02,83.89141304347827,1,6.133333333333334,0.07236842105263158,0.9482758620689655,9.644523799769523,1.5496677557757088,-0.18729705066412106,-0.5228156440305686,-0.27246735574602315,-0.08433741299510515,0.3793896018300429,0.03571428571428571,,0.0,0,0.1155,0.0054,0.0065,0.0086,0.91,1.0,0,0.0
P130,Dr. Carlos Brooks,Physical Therapy,F032,O007,El Paso,31.7691,-106.514,176,52,11592.15,65.86448863636363,1,3.3846153846153846,0.0,0.8,9.3581696854291,-0.12757432788055012,-0.5973963899299182,-0.1276944507701174,0.0,-0.6828569563236273,0.3605246233287491,0.0,,0.0,0,0.1701,0.0054,0.0055,0.0082,0.78,1.0,1,0.0467
P131,Dr. Daniel Khan,Cardiology,F006,O044,El Paso,31.704,-106.5256,884,227,74772.83,84.58464932126697,1,3.894273127753304,0.08066759388038942,0.8820960698689956,11.222223236434912,-0.4204893227366204,0.10023419582657855,1.8414303005730026,-0.10485021125108941,-0.38280544187341065,0.39463237885290553,0.03676470588235294,,0.0,0,0.3541,0.0054,0.0054,0.0074,1.03,1.0,0,0.0
P132,Dr. Linh Morris,Internal Medicine,F023,O051,San Antonio,29.4003,-98.5606,134,32,11736.45,87.58544776119403,1,4.1875,0.08571428571428572,0.926829268292683,9.37053986365654,-0.18846494930747515,0.7469669426860898,-1.0810943895207228,0.029992178738650517,-0.19958314697478363,0.37141281429333395,0.02127659574468085,,0.0,0,0.0447,0.0058,0.0058,0.0058,1.08,1.0,0,0.0
P133,Dr. James Quinn,Family Medicine,F032,O025,El Paso,31.7691,-106.514,611,157,50186.58,82.13842880523733,1,3.8917197452229297,0.07010309278350516,0.901840490797546,10.823522864710263,-0.7321886390628433,-0.7897641722665624,1.48303790403152,-0.23113911396346193,-0.3667174251436844,0.4104391215706967,0.03676470588235294,,0.0,0,0.2898,0.004,0.0057,0.0057,1.2,1.0,0,0.0
P134,Dr. David Foster,Cardiology,F026,O053,Houston,29.7392,-95.2991,1968,501,165405.76,84.04764227642276,1,3.92814371257485,0.071024512884978,0.9664570230607966,12.016162931353234,-0.3903671717506257,-0.019663929805115714,2.956006077367195,-0.3244722152343981,0.08174149451671649,0.4663898827337583,0.14285714285714285,,0.0,0,0.5495,0.0054,0.0054,0.0074,1.03,1.0,0,0.0
P135,Dr. Omar Nguyen,Behavioral Health,F003,O024,San Antonio,29.4072,-98.4682,150,33,16914.12,112.76079999999999,1,4.545454545454546,0.0,0.8095238095238095,9.735963175484649,1.0448095541288431,-0.37417261425101195,-0.6281127260106473,0.0,-0.5743303258224359,0.36906953665072745,0.02127659574468085,,0.0,0,0.0356,0.004,0.0044,0.0044,1.5,1.0,0,0.0
P136,Dr. Maria Lopez,Cardiology,F020,O053,Corpus Christi,27.7315,-97.3901,1304,243,108629.61,83.30491564417179,1,5.366255144032922,0.08042635658914729,1.1229235880398671,11.595708506803726,0.8885894775455037,-0.18549328329054124,2.3657492608251856,-0.11034441143081547,0.9433493908056155,0.440290659918813,0.03676470588235294,,0.0,0,0.1659,0.0054,0.0054,0.0074,1.07,1.0,0,0.0
P137,Dr. David Turner,Internal Medicine,F032,O032,El Paso,31.7691,-106.514,702,154,58219.67,82.93400284900285,1,4.558441558441558,0.07971014492753623,1.0217391304347827,10.971995725306224,0.14288185381122145,-0.4294371332342999,2.182085131452919,-0.1060806553099761,0.31042589402139065,0.4200067207028312,0.03676470588235294,,0.0,0,0.3209,0.004,0.0052,0.0052,1.23,1.0,0,0.0
P138,Dr. Robert Jensen,Behavioral Health,F039,O034,Fort Worth,32.7299,-97.3371,371,82,42065.38,113.38377358490565,1,4.524390243902439,0.0,0.9183673469387755,10.647004125817888,1.0208236767060241,-0.08209804571558796,1.310065066021582,0.0,-0.06635120534346123,0.37862319318575693,0.03571428571428571,,0.0,0,0.1577,0.0054,0.0057,0.0066,1.02,1.0,0,0.0
P139,Panhandle EMS,Ambulance,F036,O025,Houston,29.7747,-95.4059,139,51,45287.0,325.80575539568343,1,2.7254901960784315,0.0,1.0555555555555556,10.720797375716495,-1.3687730840666883,-0.05476626267508669,-0.15592302010223696,0.0,0.7073856808983134,0.3842583189761108,0.03571428571428571,,0.0,0,0.1467,0.004,0.0043,0.0043,1.25,1.0,0,0.0
P140,Dr. David Delgado,Family Medicine,F033,O057,Fort Worth,32.7643,-97.2457,262,64,21547.14,82.24099236641221,1,4.09375,0.06372549019607843,0.925,9.978044780902021,-0.526666727811846,-0.7636401999019363,-0.11371044181043292,-0.37229121087075256,-0.2644533127357824,0.37694945631903515,0.03571428571428571,,0.0,0,0.4164,0.5368,0.9662,0.9855,1.0,0.83,24,0.9424
P141,Dr. Daniel Lopez,Cardiology,F013,O043,Houston,29.7461,-95.4551,145,72,13856.38,95.56124137931035,2,2.013888888888889,0.08527131782945736,1.0263157894736843,9.536573221685837,-2.0927727584429725,2.5509894069895256,-0.5249769802537557,0.0,0.41136326265839945,0.6893987891365903,1.0,,0.0,0,0.457,0.2902,0.3514,0.9827,1.3,0.47,58,1.0
P142,Dr. Elena Nguyen,Internal Medicine,F031,O030,Lubbock,33.537,-101.8938,332,61,27772.08,83.65084337349398,1,5.442622950819672,0.06716417910447761,1.175,10.231822485205765,0.9326846436964737,-0.24813989534031755,0.6738836150024641,-0.3904119503369566,1.1339907727920278,0.40457600557345047,0.03676470588235294,,0.0,0,0.1595,0.004,0.0109,0.0109,1.21,1.0,0,0.0
P143,Dr. Kevin Patel,Family Medicine,F007,O048,Corpus Christi,27.7477,-97.3839,372,90,32293.25,86.80981182795699,1,4.133333333333334,0.0781758957654723,0.8108108108108109,10.382644474787709,-0.4863992820803694,0.40008414805472353,0.6504062210724075,-0.0524680454540236,-0.7686719460811328,0.37204847051626794,0.02127659574468085,,0.0,0,0.0858,0.0054,0.0054,0.0064,0.82,1.0,0,0.0
P144,Pecos Home Care,Home Health,F014,O028,Lubbock,33.6074,-101.8445,366,116,46380.11,126.72161202185792,1,3.1551724137931036,0.0,0.9074074074074074,10.744647543252764,-0.07586832859585087,-1.4131664532360364,0.09875763637944525,0.0,-1.1554418894487426,0.4043544361252443,0.03676470588235294,,0.0,0,0.4506,0.9994,0.9994,0.9994,1.09,1.29,47,1.0
P145,Panhandle Medical Supply,DME Supplier,F012,O053,Austin,30.3192,-97.7827,252,98,11285.93,44.78543650793651,1,2.5714285714285716,0.0,1.0634920634920635,9.331400698111286,-1.154504768700977,-0.8371887746939539,0.11218885684051838,0.0,0.6485412976006065,0.38841471668311917,0.03571428571428571,,0.0,0,0.0573,0.004,0.0068,0.0097,1.2,1.0,0,0.0
P146,Dr. Kevin Foster,Internal Medicine,F020,O029,Corpus Christi,27.7315,-97.3901,266,42,22943.12,86.25233082706767,1,6.333333333333333,0.12322274881516587,1.1451612903225807,10.040816973511193,1.7283195113302965,0.4098062916216508,0.2846844562365385,0.8800526713588162,0.9736490405033498,0.4306301765643595,0.03676470588235294,,0.0,0,0.0731,0.004,0.0097,0.023,1.17,1.0,0,0.0
P147,Dr. Thomas Turner,Internal Medicine,F036,O049,Houston,29.7747,-95.4059,130,33,11514.14,88.5703076923077,1,3.9393939393939394,0.06422018348623854,1.236842105263158,9.351417970235588,-0.41008786576250433,0.9960493803037375,-1.120057793076043,-0.4571322091431137,1.4663064256293026,0.4273454490115983,0.03676470588235294,,0.0,0,0.1498,0.0054,0.0058,0.0095,0.8,1.0,0,0.0
P148,Dr. Aisha Reyes,Family Medicine,F035,O016,San Antonio,29.4575,-98.4601,278,81,24298.4,87.4043165467626,1,3.432098765432099,0.10762331838565023,0.6888888888888889,10.098206937665779,-1.199753174492953,0.5515104896014511,0.11322474281446951,0.5992761475046053,-1.3070355624866878,0.43902675140165887,0.03676470588235294,,0.0,0,0.0492,0.008,0.0102,0.0905,1.1,1.0,0,0.0
P149,Dr. Maria Hayes,Behavioral Health,F036,O034,Houston,29.7747,-95.4059,131,26,14735.7,112.48625954198474,1,5.038461538461538,0.0,1.2727272727272727,9.598096260081311,1.6061956164013673,-0.5028880008471625,-0.92141523188922,0.0,1.5874671812159276,0.4134683337020561,0.03676470588235294,,0.0,0,0.1352,0.0054,0.0054,0.0054,1.05,1.0,0,0.0
P150,Dr. Samuel Alvarez,Family Medicine,F038,O037,Austin,30.2196,-97.7277,322,76,27739.61,86.14785714285715,1,4.2368421052631575,0.06923076923076923,1.2278481012658229,10.23065268353332,-0.3811015846551251,0.23147762053082535,0.3633584005377187,-0.2504457886836837,1.0728156250310903,0.3836795905677137,0.03571428571428571,,0.0,0,0.0643,0.004,0.0055,0.0055,1.2,1.0,0,0.0
P151,Dr. Grace Khan,Cardiology,F002,O032,Dallas,32.7728,-96.8521,137,30,10622.6,77.53722627737227,1,4.566666666666666,0.05714285714285714,0.9285714285714286,9.270833220405004,0.17749089543402743,-1.4732513321737648,-0.898037264616215,-0.6406281257926207,-0.12688152581996087,0.4197733519076991,0.03676470588235294,,0.0,0,0.093,0.004,0.0056,0.007,1.14,1.0,0,0.0
P152,Dr. Robert Reyes,Family Medicine,F040,O027,Lubbock,33.5408,-101.8568,272,58,22854.45,84.02371323529412,1,4.689655172413793,0.1,1.528301886792453,10.036944879917888,0.07953737807308033,-0.30956323358931187,-0.002473217008703453,0.4305532832659603,2.3995121205345114,0.4384322134095664,0.03676470588235294,,0.0,0,0.1466,0.0054,0.0054,0.009,0.72,1.0,0,0.0
P153,Dr. Elena Quinn,Behavioral Health,F036,O001,Houston,29.7747,-95.4059,326,85,37565.37,115.23119631901841,1,3.835294117647059,0.0,0.8181818181818182,10.533864514256704,0.23615131640895373,0.7840465405756969,1.0693682208942248,0.0,-0.5339228957843355,0.380276051511398,0.03571428571428571,,0.0,0,0.2234,0.0054,0.0057,0.0064,0.99,1.0,0,0.0
P154,Panhandle Medical Supply,DME Supplier,F030,O059,Dallas,32.7671,-96.8444,243,102,10626.45,43.73024691358025,1,2.3823529411764706,0.0,0.8732394366197183,9.27119555544653,-1.4277030105182766,-1.6638397244879082,0.008295799532167697,0.0,-0.1695101987516559,0.42477194246277106,0.03676470588235294,,0.0,0,0.1617,0.0054,0.0055,0.0084,0.6,0.5,1,0.0405
P155,Dr. Kevin Alvarez,Family Medicine,F004,O013,Austin,30.264,-97.752,261,70,22229.86,85.17187739463601,1,3.7285714285714286,0.1024390243902439,0.9692307692307692,10.00923669266968,-0.8981566218909529,-0.017114254389425234,-0.054802192770647164,0.484534917018066,-0.0691460496602736,0.3744007905353463,0.02127659574468085,,0.0,0,0.0718,0.0054,0.0067,0.0117,0.89,1.0,1,0.0393
P156,Dr. Daniel Alvarez,Physical Therapy,F030,O011,Dallas,32.7671,-96.8444,293,88,19371.1,66.11296928327644,1,3.3295454545454546,0.0,1.0987654320987654,9.87158916559941,-0.14402553552323452,-0.47410973871293327,0.6860817949840491,0.0,1.0070904058930144,0.38021767376674764,0.03571428571428571,,0.0,0,0.1459,0.0054,0.0054,0.0124,0.86,1.0,0,0.0
P157,Mesquite Diagnostics Lab,Laboratory,F028,O049,Austin,30.2681,-97.7038,457,159,3682.11,8.057133479212254,1,2.8742138364779874,0.0,0.9919354838709677,8.211512782955342,-1.0925912106416493,-0.8822044174937452,1.752133382347659,0.0,0.04654241142697054,0.41707113173025845,0.03676470588235294,,0.0,0,0.0769,0.0054,0.0114,0.0201,1.02,1.0,0,0.0
P158,Dr. Thomas Delgado,Family Medicine,F004,O005,Austin,30.264,-97.752,210,51,18117.8,86.2752380952381,1,4.117647058823529,0.09941520467836257,1.1228070175438596,9.804705352238424,-0.5023566599553825,0.2639228324721819,-0.4410748659018362,0.4176103184482037,0.6089917547025917,0.37444012871489785,0.02127659574468085,,0.0,0,0.0499,0.004,0.0067,0.0121,1.16,1.0,0,0.0
P159,Lone Star Medical Supply,DME Supplier,F009,O046,Fort Worth,32.7715,-97.2509,244,52,10786.96,44.20885245901639,1,4.6923076923076925,0.0,1.206896551724138,9.28618597642924,1.9099855950684546,-1.2888931453825607,0.03416403266476023,0.0,1.265154366815112,0.44298369129958226,0.03676470588235294,,0.0,0,0.1279,0.004,0.008,0.0097,1.28,1.0,0,0.0
P160,Dr. Maria Chen,Behavioral Health,F031,O022,Lubbock,33.537,-101.8938,410,178,46988.45,114.60597560975609,1,2.303370786516854,0.0,0.8813559322033898,10.757678387410358,-1.508246671378608,0.4909184315807438,1.5455170464069081,0.0,-0.23908563084531614,0.42500540885973537,0.03676470588235294,,0.0,0,0.185,0.0054,0.0054,0.0071,0.74,1.0,0,0.0
P161,Dr. David Turner,Orthopedics,F007,O044,Corpus Christi,27.7477,-97.3839,330,68,28051.71,85.00518181818181,1,4.852941176470588,0.07480314960629922,1.0108695652173914,10.24184051947482,0.23512464608916156,-1.451476535800347,1.8527116561895878,-0.3183241292290648,-0.10222547907166162,0.4469007296728817,0.03676470588235294,,0.0,0,0.0812,0.0054,0.0057,0.0066,0.89,1.0,0,0.0
P162,Dr. Elena Quinn,Behavioral Health,F014,O013,Lubbock,33.6074,-101.8445,61,15,7266.73,119.12672131147541,1,4.066666666666666,0.0,0.7894736842105263,8.89119927967907,0.49961476835684887,2.610422183072849,-2.425290582573639,0.0,-0.6679054269632997,0.5412120439711675,0.3333333333333333,,0.0,0,0.0633,0.0054,0.0059,0.0133,0.69,1.0,0,0.0
P163,Dr. James Nguyen,Internal Medicine,F025,O043,San Antonio,29.427,-98.4958,163,39,13655.97,83.77895705521472,1,4.17948717948718,0.06870229007633588,0.7346938775510204,9.522005293000314,-0.19562247156527093,-0.21573846735340807,-0.7724634125414745,-0.355553487410182,-1.2320447285422294,0.39473653379460094,0.03676470588235294,,0.0,0,0.0367,0.004,0.0042,0.0042,1.32,1.0,0,0.0
P164,Dr. Carlos Khan,Family Medicine,F035,O060,San Antonio,29.4575,-98.4601,332,101,28198.04,84.93385542168674,1,3.287128712871287,0.07434944237918216,0.7291666666666666,10.247043213793553,-1.3472287212091232,-0.07774084898375216,0.3943131379599083,-0.13715690961399388,-1.1291832963527102,0.4072654649385211,0.03676470588235294,,0.0,0,0.0595,0.008,0.008,0.0093,1.1,1.0,0,0.0
P165,Dr. Thomas Ellis,Internal Medicine,F012,O031,Austin,30.3192,-97.7827,197,59,15353.09,77.93446700507614,1,3.3389830508474576,0.12080536912751678,1.2291666666666667,9.639137167035377,-0.946410162227101,-1.6938774212597356,-0.5337916253523163,0.825267196341986,1.4250615750998537,0.46735532544818753,0.14285714285714285,,0.0,0,0.0509,0.0054,0.0069,0.0114,0.84,1.0,0,0.0
P166,Dr. Maria Ellis,Physical Therapy,F001,O034,Houston,29.787,-95.3854,370,117,24769.08,66.94345945945946,1,3.1623931623931623,0.0,0.9175257731958762,10.117391752191553,-0.1939594479624936,-0.062052083670947146,1.075681944256268,0.0,-0.018080014059485727,0.3605217587417713,0.0,,0.0,0,0.2436,0.0054,0.0082,0.0142,0.97,1.0,0,0.0
P167,Rio Medical Supply,DME Supplier,F035,O037,San Antonio,29.4575,-98.4601,492,134,22701.01,46.14026422764227,1,3.671641791044776,0.0,0.8472222222222222,10.030208745805012,0.43520997572446124,0.22420306170413645,1.3180875779987902,0.0,-0.2813794618397809,0.3693706998668044,0.02127659574468085,,0.0,0,0.0747,0.004,0.0057,0.0057,1.18,1.0,0,0.0
P168,Dr. Omar Shah,Internal Medicine,F038,O022,Austin,30.2196,-97.7277,173,61,17951.3,103.76473988439307,1,2.8360655737704916,0.3669064748201439,1.3571428571428572,9.795473519412738,-1.3956456131215234,4.838896559943846,-0.21523549422297938,6.402697190655271,2.112756327805156,0.7165454522868299,1.0,,0.0,0,0.3673,0.9905,0.9905,0.9952,1.09,1.08,44,1.0
P169,Dr. Ines Delgado,Internal Medicine,F035,O034,San Antonio,29.4575,-98.4601,120,20,10048.26,83.7355,1,6.0,0.08333333333333333,1.121212121212121,9.215254278935468,1.4305665854059828,-0.2267292579243335,-1.3975094416609863,-0.023967738211666985,0.8449554306402,0.4146477918794146,0.03676470588235294,,0.0,0,0.0348,0.005,0.0054,0.0062,1.11,1.0,0,0.0
P170,Dr. James Alvarez,Family Medicine,F020,O039,Corpus Christi,27.7315,-97.3901,189,30,18899.23,99.99592592592592,1,6.3,0.30718954248366015,1.04,9.846929370285858,1.7177135369056926,3.758720259614418,-0.36133166230705976,5.016169583109887,0.2433455712605409,0.6411191911947807,1.0,,0.0,0,0.3981,0.7805,0.9724,0.9922,0.9,0.81,31,1.0
P171,Gulf Coast Medical Supply,DME Supplier,F029,O002,Fort Worth,32.8196,-97.3508,154,47,7181.24,46.63142857142857,1,3.276595744680851,0.0,0.9130434782608695,8.879366591103219,-0.13559803988071426,0.6089883869835936,-0.6678641968699622,0.0,0.0016398997290324702,0.3570649955694934,0.0,,0.0,0,0.1074,0.0054,0.0054,0.0054,0.75,1.0,0,0.0
P172,Dr. Carlos Alvarez,Family Medicine,F006,O028,El Paso,31.704,-106.5256,501,111,41625.3,83.08443113772455,1,4.513513513513513,0.08585858585858586,0.8275862068965517,10.636487458026291,-0.09964850885287813,-0.5488078471578105,1.1298076051557382,0.11756886130930559,-0.6945977946816937,0.3873113987632739,0.03571428571428571,,0.0,0,0.2602,0.0054,0.0086,0.0108,1.02,1.0,0,0.0
P173,Prairie Medical Supply,DME Supplier,F026,O032,Houston,29.7392,-95.2991,122,31,5555.54,45.537213114754095,1,3.935483870967742,0.0,0.868421052631579,8.622730891375998,0.8164393930547929,-0.24823599371266714,-1.110727817467892,0.0,-0.19022836856773886,0.3746015610935876,0.02127659574468085,,0.0,0,0.159,0.004,0.0046,0.0046,1.26,1.0,1,0.0568
P174,Dr. Carlos Ortiz,Family Medicine,F025,O013,San Antonio,29.427,-98.4958,313,50,24429.46,78.04939297124601,1,6.26,0.07203389830508475,0.8588235294117647,10.103585993382744,1.6770222233244114,-1.8312827964395668,0.123383490253041,-0.188405618993356,-0.5566649467490123,0.45543626288014505,0.03676470588235294,,0.0,0,0.0592,0.0054,0.0067,0.0142,0.93,1.0,0,0.0
P175,Dr. Kevin Alvarez,Family Medicine,F026,O029,Houston,29.7392,-95.2991,446,97,37873.09,84.91724215246636,1,4.597938144329897,0.08169014084507042,0.8188405797101449,10.542022516120392,-0.013764780689544382,-0.08197241603376322,0.9514035251245975,0.02531087777479886,-0.7332153575086962,0.3682634915019799,0.02127659574468085,,0.0,0,0.2731,0.0054,0.0057,0.0066,0.97,1.0,0,0.0
P176,Dr. Linh Nguyen,Family Medicine,F028,O024,Austin,30.2681,-97.7038,350,82,30388.65,86.8247142857143,1,4.2682926829268295,0.08041958041958042,0.7238095238095238,10.321857368898154,-0.3491074517045023,0.4038799541885697,0.5356052432156242,-0.002809762520176954,-1.1528385238680667,0.38218345422762035,0.03571428571428571,,0.0,0,0.0658,0.008,0.0085,0.0336,1.09,1.0,0,0.0
P177,Dr. Daniel Quinn,Cardiology,F036,O034,Houston,29.7747,-95.4059,256,49,24521.93,95.7887890625,1,5.224489795918367,0.28921568627450983,0.9516129032258065,10.10736387720165,0.7625132009477559,2.6017942166623476,0.2763300237043376,4.644850636464215,0.0,0.5687841338650007,0.5,,0.0,0,0.5543,0.9857,0.9858,0.9948,1.21,1.16,37,1.0
P178,Dr. Elena Foster,Internal Medicine,F032,O018,El Paso,31.7691,-106.514,183,38,15624.76,85.38120218579235,1,4.815789473684211,0.09027777777777778,0.8679245283018868,9.656676113421716,0.372760138043288,0.1894878091730391,-0.49805368711879094,0.13341535289342546,-0.5161145302767204,0.3633599670584581,0.02127659574468085,,0.0,0,0.1546,0.0054,0.0058,0.0082,0.82,1.0,0,0.0
P179,Live Oak Home Care,Home Health,F002,O054,Dallas,32.7728,-96.8521,486,190,62542.97,128.68923868312757,1,2.557894736842105,0.0,1.0588235294117647,11.043625108370303,-0.8504373945072027,0.49817633245132836,0.5828781701768524,0.0,0.0,0.3692569808455174,0.02127659574468085,,0.0,0,0.2395,0.0065,0.0065,0.0162,1.09,1.0,1,0.0322
P180,Dr. Victor Ellis,Orthopedics,F029,O039,Fort Worth,32.8196,-97.3508,193,57,17325.15,89.76761658031089,1,3.3859649122807016,0.09202453987730061,1.14,9.759972199921556,-1.25398609126132,0.29890666568876073,0.6599833707517845,0.3081730575666309,0.3559348541071896,0.3934454089781922,0.03676470588235294,,0.0,0,0.1129,0.0054,0.0067,0.0127,0.98,1.0,0,0.0
P181,Dr. Carlos Shah,Family Medicine,F030,O038,Dallas,32.7671,-96.8444,334,58,28367.74,84.93335329341318,1,5.758620689655173,0.08856088560885608,1.0864197530864197,10.253043113704162,1.1669776548142152,-0.07786874611399895,0.4056443959084649,0.1773774290263784,0.44831860441418253,0.3785601137762833,0.03571428571428571,,0.0,0,0.163,0.0054,0.0054,0.0064,0.84,1.0,0,0.0
P182,Dr. Elena Gupta,Behavioral Health,F023,O049,San Antonio,29.4003,-98.5606,166,52,18874.59,113.70234939759037,1,3.1923076923076925,0.0,1.2325581395348837,9.845624831906841,-0.496016021044683,0.06726285062129224,-0.3948149944024058,0.0,1.3999954999926485,0.37601608784979024,0.03571428571428571,,0.0,0,0.042,0.004,0.0071,0.0086,1.18,1.0,0,0.0
P183,Dr. Rosa Nguyen,Internal Medicine,F025,O002,San Antonio,29.427,-98.4958,96,15,8027.62,83.62104166666667,1,6.4,0.09333333333333334,1.0833333333333333,8.990767936630233,1.78787009651516,-0.25567709078020107,-1.8549302501209355,0.2026639129796662,0.641409415040322,0.45356261817510435,0.03676470588235294,,0.0,0,0.0266,0.0054,0.0054,0.0054,0.75,1.0,0,0.0
P184,Dr. Elena Foster,Behavioral Health,F004,O016,Austin,30.264,-97.752,151,39,16647.29,110.24695364238411,1,3.871794871794872,0.0,1.0263157894736843,9.720062787431603,0.2777146510708771,-1.552762859576078,-0.661939722478628,0.0,0.43745045526315374,0.3900340225378379,0.03676470588235294,,0.0,0,0.0478,0.0054,0.0115,0.0115,0.57,1.0,0,0.0
P185,Rio Diagnostics Lab,Laboratory,F011,O011,El Paso,31.7468,-106.4684,205,61,1654.21,8.069317073170732,1,3.360655737704918,0.0,0.9830508474576272,7.411683167979057,-0.5205298043818222,-0.7361625807825292,0.23579470696037763,0.0,0.0,0.3623655452826999,0.02127659574468085,,0.0,0,0.4222,0.4,0.9579,0.9913,1.29,1.11,19,0.8267
P186,Red River EMS,Ambulance,F035,O038,San Antonio,29.4575,-98.4601,169,71,55191.71,326.5781656804734,1,2.380281690140845,0.0,0.9166666666666666,10.918586158326416,-1.8106285562867106,0.05476626267507863,0.15592302010223416,0.0,-0.4336046308968459,0.4190268223325491,0.03676470588235294,,0.0,0,0.04,0.004,0.005,0.005,1.29,1.0,0,0.0
P187,Dr. Nadia Jensen,Orthopedics,F001,O021,Houston,29.787,-95.3854,149,41,13144.14,88.21570469798657,1,3.6341463414634148,0.11764705882352941,0.7727272727272727,9.483807387544696,-1.002059976280138,-0.27148235267911036,-0.023584255088153604,1.2402950167014863,-0.9471645691857059,0.437854958721599,0.03676470588235294,,0.0,0,0.1567,0.0165,0.0165,0.0168,1.31,1.0,0,0.0
P188,Dr. Elena Hayes,Internal Medicine,F040,O043,Lubbock,33.5408,-101.8568,322,73,27423.66,85.16664596273291,1,4.410958904109589,0.09230769230769231,1.0857142857142856,10.219197887618998,0.011141678259937348,0.1352240653072005,0.6481593166985242,0.17941964106260644,0.6542037360208858,0.36944512305300453,0.02127659574468085,,0.0,0,0.1593,0.008,0.008,0.6012,1.09,1.0,0,0.0
P189,Dr. Nadia Quinn,Internal Medicine,F009,O057,Fort Worth,32.7715,-97.2509,312,73,26570.75,85.16266025641026,1,4.273972602739726,0.13709677419354838,0.9101123595505618,10.187603900341053,-0.1112225378733421,0.13421603420032863,0.5837823614915962,1.1944819993761446,-0.2894133753995698,0.4130351718441173,0.03676470588235294,,0.0,0,0.1447,0.0054,0.0082,0.0098,0.95,1.0,0,0.0
P190,Dr. Maria Shah,Internal Medicine,F032,O023,El Paso,31.7691,-106.514,193,50,16125.3,83.55077720207254,1,3.86,0.1032258064516129,0.8032786885245902,9.688206758569383,-0.48100719902811384,-0.2734477844251489,-0.43380579993508495,0.4268586646958235,-0.8634963724276291,0.38191485644686685,0.03571428571428571,,0.0,0,0.1719,0.0054,0.0058,0.0084,0.77,1.0,0,0.0
P191,Dr. Elena Morris,Cardiology,F009,O020,Fort Worth,32.7715,-97.2509,218,36,19113.96,87.67871559633028,1,6.055555555555555,0.12209302325581395,0.8309859154929577,9.858226553530887,1.5016054966071202,0.7910496153299799,-0.07342251774949801,0.8386175268741983,-0.6642515936236542,0.41799146514711,0.03676470588235294,,0.0,0,0.1249,0.004,0.0087,0.0133,1.21,1.0,0,0.0
P192,Dr. Samuel Foster,Family Medicine,F002,O030,Dallas,32.7728,-96.8521,115,23,10142.53,88.19591304347827,1,5.0,0.041237113402061855,0.9411764705882353,9.224591342796039,0.3952458455140552,0.753138092692108,-1.5366633887936474,-0.8700145319780764,-0.1930238021992154,0.44495595461796505,0.03676470588235294,,0.0,0,0.0967,0.004,0.005,0.005,1.2,1.0,0,0.0
P193,Dr. Kevin Ortiz,Family Medicine,F025,O030,San Antonio,29.427,-98.4958,250,48,20646.12,82.58448,1,5.208333333333333,0.04433497536945813,1.435483870967742,9.93533112135036,0.607179770416561,-0.6761504389707901,-0.1943783698621774,-0.8014511954212652,1.9896609479211087,0.4428972091276568,0.03676470588235294,,0.0,0,0.0552,0.0054,0.0054,0.0073,0.83,1.0,0,0.0
P194,Prairie EMS,Ambulance,F031,O022,Lubbock,33.537,-101.8938,354,122,113625.48,320.97593220338985,1,2.901639344262295,0.0,1.065934065934066,11.640671856697482,-1.143307999304241,-0.7396648737682604,1.2944080380791947,0.0,0.7926464954060832,0.41763422042839665,0.03676470588235294,,0.0,0,0.1683,0.0054,0.0059,0.0076,1.01,1.0,0,0.0
P195,Lone Star Medical Supply,DME Supplier,F004,O021,Austin,30.264,-97.752,365,122,16760.45,45.919041095890414,1,2.9918032786885247,0.0,1.0804597701149425,9.72683688580695,-0.5470989873490729,0.05089362711799329,0.7945736613883043,0.0,0.7214993325076664,0.3745714688957867,0.02127659574468085,,0.0,0,0.0658,0.0054,0.0084,0.0142,1.04,1.0,0,0.0
P196,Dr. Samuel Alvarez,Family Medicine,F011,O023,El Paso,31.7468,-106.4684,173,29,14856.99,85.87855491329479,1,5.9655172413793105,0.10714285714285714,0.75,9.60629304667343,1.3774499664415316,0.1628836294268815,-0.8157912858456626,0.5886423535399846,-1.0371907449041007,0.4168274127164705,0.03676470588235294,,0.0,0,0.1678,0.0054,0.0054,0.0054,1.06,1.0,0,0.0
P197,Brazos EMS,Ambulance,F013,O030,Houston,29.7461,-95.4551,501,140,164556.74,328.45656686626745,1,3.5785714285714287,0.0,1.015748031496063,12.011016790639921,-0.276857316228157,0.3211350948258871,1.8783167898080866,0.0,0.38036168602159026,0.3982066563691791,0.03676470588235294,,0.0,0,0.285,0.0054,0.0059,0.0076,1.02,1.0,0,0.0
P198,Pecos Diagnostics Lab,Laboratory,F039,O027,Fort Worth,32.7299,-97.3371,164,67,1333.44,8.130731707317073,1,2.4477611940298507,0.0,0.975,7.196267007174395,-1.5941045418879467,0.0,-0.17259709276216742,0.0,-0.04217458512382461,0.38848992002377647,0.03571428571428571,,0.0,0,0.1076,0.006,0.006,0.0088,0.65,1.0,0,0.0
P199,Dr. Daniel Ellis,Family Medicine,F013,O028,Houston,29.7461,-95.4551,128,28,10633.98,83.07796875,1,4.571428571428571,0.07142857142857142,1.15625,9.271903847049588,-0.040732514285386,-0.5504538824201575,-1.4473101999277502,-0.2018029978301379,0.7566640083437806,0.40476190270563217,0.03676470588235294,,0.0,0,0.1369,0.004,0.0042,0.0042,1.37,1.0,0,0.0
P200,Panhandle Medical Supply,DME Supplier,F003,O018,San Antonio,29.4072,-98.4682,90,29,4119.58,45.77311111111111,1,3.103448275862069,0.0,0.8333333333333334,8.323749209134492,-0.38578144000126646,-0.06343005572198118,-1.6266658199775579,0.0,-0.34109914363870464,0.3973397867749594,0.03676470588235294,,0.0,0,0.0308,0.0054,0.0066,0.0109,1.04,1.0,0,0.0
P201,Cypress EMS,Ambulance,F040,O039,Lubbock,33.5408,-101.8568,96,22,32892.87,342.6340625,1,4.363636363636363,0.0,0.967741935483871,10.401041597204879,0.7279998400703452,2.3315911056828433,-0.6600697772922173,0.0,-0.014014645268948285,0.4311062954455369,0.03676470588235294,,0.0,0,0.0898,0.004,0.004,0.004,1.18,1.0,0,0.0
P202,Dr. James Ibarra,Behavioral Health,F004,O030,Austin,30.264,-97.752,220,47,25100.26,114.0920909090909,1,4.680851063829787,0.0,0.8852459016393442,10.130673323063125,1.198985294786153,0.2499890312652102,0.21160632508857893,0.0,-0.22093091721052643,0.3622999270191565,0.0,,0.0,0,0.0529,0.0054,0.0057,0.0115,0.98,1.0,0,0.0
P203,Alamo Diagnostics Lab,Laboratory,F020,O014,Corpus Christi,27.7315,-97.3901,155,50,1258.25,8.11774193548387,1,3.1,0.0,0.9318181818181818,7.13827158462576,-0.8270640225177841,-0.1557052987358129,-0.2825463876610949,0.0,-0.26838372351524575,0.35845920682106575,0.0,,0.0,0,0.0671,0.0042,0.0062,0.0062,1.23,1.0,0,0.0
P204,Dr. Maria Ibarra,Internal Medicine,F008,O046,Lubbock,33.538,-101.8217,172,33,14303.17,83.15796511627907,1,5.212121212121212,0.044444444444444446,0.7966101694915254,9.568306382130144,0.7267869423121492,-0.37279449228082384,-0.6781187793452785,-0.9053130484001841,-0.8993304250767215,0.41785653138475554,0.03676470588235294,,0.0,0,0.1204,0.004,0.0065,0.0087,1.53,1.0,0,0.0
P205,Dr. Samuel Gupta,Orthopedics,F011,O053,El Paso,31.7468,-106.4684,141,28,11531.5,81.78368794326241,1,5.035714285714286,0.036036036036036036,1.6206896551724137,9.352924415431975,0.4206555276157444,-2.635502993695194,-0.3475479119347696,-1.7286334718409753,2.0614424127255973,0.5772628129013389,0.5,,0.0,0,0.1392,0.0054,0.0065,0.0097,1.0,1.0,0,0.0
P206,Dr. Elena Khan,Physical Therapy,F031,O024,Lubbock,33.537,-101.8938,86,24,5364.52,62.37813953488373,1,3.5833333333333335,0.0,0.8846153846153846,8.58774857487864,-0.0682107108841968,-2.3271902834785854,-1.3488214691402414,0.0,-0.20423550059094248,0.44656391877166984,0.03676470588235294,,0.0,0,0.0784,0.0054,0.0054,0.0066,1.0,1.0,0,0.0
P207,Dr. Robert Ortiz,Orthopedics,F006,O032,El Paso,31.704,-106.5256,134,36,11896.09,88.77679104477612,1,3.7222222222222223,0.07272727272727272,0.8787878787878788,9.384049111380248,-0.9126551624865289,-0.065260920773078,-0.27050755935966414,-0.3938424819508108,-0.5708569799509587,0.37618003811644074,0.03571428571428571,,0.0,0,0.1445,0.004,0.0048,0.0048,1.56,1.0,0,0.0
P208,Dr. Robert Nguyen,Internal Medicine,F027,O057,Fort Worth,32.7648,-97.3256,376,76,32540.67,86.54433510638297,1,4.947368421052632,0.1111111111111111,0.7964601769911505,10.39027670090665,0.49029418775025424,0.4836575423313796,0.9967551746060072,0.6055646262087024,-0.9001364269984007,0.4144989782229534,0.03676470588235294,,0.0,0,0.1704,0.0054,0.0057,0.0066,0.99,1.0,0,0.0
P209,Dr. Hannah Hayes,Behavioral Health,F023,O019,San Antonio,29.4003,-98.5606,503,156,55678.34,110.69252485089463,2,3.2243589743589745,0.0,0.8013245033112583,10.927364441489773,-0.45951929122791146,-1.3438615166768881,1.9065126103428698,0.0,-0.6125969648651403,0.6482933694364592,1.0,,0.0,0,0.4208,0.2393,0.9106,0.9784,0.93,0.37,64,1.0
P210,Rio Diagnostics Lab,Laboratory,F030,O014,Dallas,32.7671,-96.8444,501,127,4084.47,8.152634730538923,1,3.9448818897637796,0.0,0.8716216216216216,8.315192055755334,0.16652703278123665,0.2625463185779922,1.948691359495477,0.0,-0.5837250544165152,0.399610778121281,0.03676470588235294,,0.0,0,1.0,0.9828,0.9923,0.9923,1.3,1.19,60,1.0
P211,Live Oak Diagnostics Lab,Laboratory,F007,O021,Corpus Christi,27.7477,-97.3839,248,100,2013.07,8.117217741935484,1,2.48,0.0,1.1587301587301588,7.607912829377586,-1.556191326285211,-0.1619886818540828,0.6078122207724438,0.0,0.9203008884162823,0.4116838231648657,0.03676470588235294,,0.0,0,0.0687,0.006,0.0094,0.0196,0.89,1.0,0,0.0
P212,Dr. Hannah Khan,Family Medicine,F015,O027,Fort Worth,32.7182,-97.3633,148,38,12702.66,85.82878378378378,1,3.8947368421052633,0.058823529411764705,1.4102564102564104,9.449645419904595,-0.7291193981792398,0.1502064212936258,-1.1116319985895964,-0.48078371007841636,1.8782655010056712,0.438084555859648,0.03676470588235294,,0.0,0,0.0989,0.0054,0.0065,0.0092,0.57,1.0,0,0.0
P213,Dr. Thomas Patel,Internal Medicine,F001,O027,Houston,29.787,-95.3854,173,30,16712.98,96.60682080924855,1,5.766666666666667,0.2,0.5522388059701493,9.724000773959014,1.2221395372589627,3.0285762543032533,-0.3608707282981169,2.620068192353885,-2.212488003683939,0.6205688791932822,1.0,,0.0,0,0.3085,0.4535,0.8219,0.9903,1.37,1.78,9,0.4241
P214,Dr. Nadia Chen,Family Medicine,F036,O037,Houston,29.7747,-95.4059,300,68,26972.33,89.90776666666667,1,4.411764705882353,0.099601593625498,0.8333333333333334,10.20260387903472,-0.20315582479890265,1.1891644575352938,0.3103861437238558,0.421735566198883,-0.6692205391096633,0.39555514110256074,0.03676470588235294,,0.0,0,0.1999,0.004,0.0072,0.0087,1.41,1.0,0,0.0
P215,Dr. Elena Ibarra,Behavioral Health,F040,O017,Lubbock,33.5408,-101.8568,156,43,17074.73,109.45339743589743,1,3.627906976744186,0.0,0.975,9.745413436087352,0.0,-1.9248132839183936,-0.6080079379411575,0.0,0.19795668078075507,0.401589868558195,0.03676470588235294,,0.0,0,0.1131,0.0054,0.0054,0.0068,0.65,1.0,0,0.0
P216,Dr. Omar Hayes,Family Medicine,F018,O033,San Antonio,29.4105,-98.4992,275,87,23491.51,85.42367272727272,1,3.160919540229885,0.07657657657657657,1.0140845070422535,10.064436925924896,-1.4756191467287565,0.04702055368462899,0.049447559917618275,-0.08786492916417431,0.12891201993742554,0.388248895607302,0.03571428571428571,,0.0,0,0.0589,0.0054,0.0059,0.0081,0.99,1.0,0,0.0
P217,Rio Medical Supply,DME Supplier,F022,O007,Fort Worth,32.765,-97.3722,485,136,22207.72,45.78911340206186,1,3.5661764705882355,0.0,0.9761904761904762,10.00824028353027,0.2828215368600361,-0.050893627117998864,1.2801776817828607,0.0,0.2731604405787987,0.3712791911668586,0.02127659574468085,,0.0,0,0.1905,0.0054,0.0073,0.0139,0.84,1.0,0,0.0
P218,Dr. Robert Khan,Behavioral Health,F006,O057,El Paso,31.704,-106.5256,176,65,20136.96,114.41454545454545,1,2.707692307692308,0.0,1.0612244897959184,9.91036187017902,-1.0478465758742714,0.40116843038882594,-0.25709133900010656,0.0,0.6003713902851933,0.3767144998642768,0.03571428571428571,,0.0,0,0.1583,0.004,0.0065,0.009,1.26,1.0,0,0.0
P219,Dr. Victor Hayes,Internal Medicine,F036,O018,Houston,29.7747,-95.4059,729,166,64870.14,88.98510288065843,2,4.391566265060241,0.09634551495016612,0.8798076923076923,11.080158119661442,-0.006180966795074646,1.100955868386406,2.402480409681719,0.27092948233076547,-0.45225898416363836,0.6799496631532983,1.0,,0.0,0,0.984,0.994,0.9949,0.9949,0.68,0.7,46,0.8524
P220,Dr. Omar Ortiz,Physical Therapy,F031,O020,Lubbock,33.537,-101.8938,121,24,8028.38,66.3502479338843,1,5.041666666666667,0.0,0.7446808510638298,8.990862593499154,0.3674416396535571,-0.3563810922280699,-0.7098807484354894,0.0,-0.9957661478858089,0.37539214155935946,0.03571428571428571,,0.0,0,0.3261,0.3635,0.9046,0.9831,1.09,1.25,14,0.736
P221,Dr. Robert Turner,Family Medicine,F005,O010,Fort Worth,32.688,-97.3896,351,91,29515.12,84.08866096866096,1,3.857142857142857,0.10869565217391304,0.9680851063829787,10.292691833761536,-0.7673631139511207,-0.2930203915488805,0.4805239574001149,0.62300954272999,-0.07420488718674373,0.38922542476294036,0.03676470588235294,,0.0,0,0.4537,0.845,0.9999,0.9999,1.15,1.14,48,1.0
P222,Dr. Hannah Patel,Family Medicine,F022,O023,Fort Worth,32.765,-97.3722,266,44,22929.85,86.20244360902255,1,6.045454545454546,0.09389671361502347,1.3793103448275863,10.040238444506373,1.4587688141157222,0.24538134342472898,0.003746925073395307,0.295472481435573,1.7416187402332013,0.41405510711061533,0.03676470588235294,,0.0,0,0.1348,0.0054,0.0059,0.0081,0.88,1.0,0,0.0
P223,Dr. Nadia Quinn,Family Medicine,F007,O059,Corpus Christi,27.7477,-97.3839,127,24,11181.55,88.04370078740156,1,5.291666666666667,0.09433962264150944,1.0810810810810811,9.322109806569085,0.691953340377564,0.7143680975227236,-1.3524925052418326,0.3052751521054127,0.4247449375765014,0.40565032916472615,0.03676470588235294,,0.0,0,0.0475,0.0054,0.0054,0.0054,0.87,1.0,0,0.0
P224,Dr. Victor Khan,Orthopedics,F024,O036,Houston,29.7026,-95.3893,350,114,31196.17,89.13191428571427,1,3.0701754385964914,0.08928571428571429,0.6842105263157895,10.34808266455541,-1.5745403548063408,0.065260920773078,2.1156839380376344,0.20853728477178363,-1.2612257902763595,0.4948097092834821,0.2,,0.0,0,0.231,0.0054,0.0059,0.0081,0.91,1.0,0,0.0
P225,Live Oak Home Care,Home Health,F027,O041,Fort Worth,32.7648,-97.3256,376,117,48558.8,129.14574468085107,1,3.213675213675214,0.0,1.1428571428571428,10.790551307108753,0.0,0.9416239958453564,0.17308747665537003,0.0,0.6412524360763828,0.37095128795718696,0.02127659574468085,,0.0,0,0.1724,0.0054,0.0059,0.0072,0.94,0.5,1,0.0346
P226,Dr. Carlos Reyes,Family Medicine,F016,O036,Fort Worth,32.7473,-97.3474,675,134,56566.72,83.80254814814815,1,5.037313432835821,0.055658627087198514,0.9135135135135135,10.94319378347689,0.4332041604219665,-0.3658962095355113,1.7090453491036697,-0.5508308153182438,-0.315173530291232,0.40821982026131987,0.03676470588235294,,0.0,0,0.2234,0.0054,0.0059,0.0075,1.04,1.0,1,0.0299
P227,Dr. Hannah Ortiz,Physical Therapy,F018,O021,San Antonio,29.4105,-98.4992,207,51,14448.3,69.79855072463768,1,4.0588235294117645,0.0,0.8305084745762712,9.578401249460608,0.07383392105584384,1.3545356682363436,0.22137531049932022,0.0,-0.5102877411596085,0.3815890791576756,0.03571428571428571,,0.0,0,0.0467,0.0058,0.006,0.0113,1.09,1.0,0,0.0
P228,Dr. Elena Delgado,Family Medicine,F029,O048,Fort Worth,32.8196,-97.3508,88,23,7521.29,85.46920454545455,1,3.8260869565217392,0.07246376811594203,1.1153846153846154,8.925625891863287,-0.7989557487191961,0.058617966511051806,-2.1012819145519503,-0.1788915383701342,0.5762170805022779,0.44761744839321455,0.03676470588235294,,0.0,0,0.0858,0.0054,0.0054,0.0054,0.89,1.0,0,0.0
P229,Dr. Omar Quinn,Internal Medicine,F007,O021,Corpus Christi,27.7477,-97.3839,286,81,24249.91,84.78989510489511,1,3.5308641975308643,0.07327586206896551,1.0571428571428572,10.09620942143475,-0.7750106436630104,0.039939427278861045,0.39755394331347355,-0.2519018701569732,0.500671884254121,0.37604149667109177,0.03571428571428571,,0.0,0,0.0738,0.004,0.0059,0.0067,1.17,1.0,0,0.0
P230,Dr. Nadia Gupta,Behavioral Health,F002,O048,Dallas,32.7728,-96.8521,268,104,30749.39,114.73652985074627,1,2.576923076923077,0.0,0.9102564102564102,10.333657956081066,-1.1967532335267,0.5521274050133018,0.6434423558348153,0.0,-0.10420541864838498,0.383991722209384,0.03571428571428571,,0.0,0,0.1381,0.0054,0.0057,0.0064,1.0,1.0,0,0.0
P231,Rio Diagnostics Lab,Laboratory,F017,O060,Houston,29.7224,-95.3943,198,44,1591.81,8.039444444444444,1,4.5,0.0,0.8035714285714286,7.3732550309824125,0.8193524698602762,-1.094238660915174,0.16294160267413396,0.0,-0.9402078563318716,0.39248826394934105,0.03676470588235294,,0.0,0,0.4058,0.006,0.0074,0.0159,1.05,1.0,16,0.7072
P232,Panhandle Medical Supply,DME Supplier,F020,O001,Corpus Christi,27.7315,-97.3901,220,63,9744.55,44.29340909090909,1,3.492063492063492,0.0,1.5,9.18456604954862,0.17573457170325496,-1.2226502441643035,-0.1411964833939283,0.0,2.5254455827096454,0.4459293197377895,0.03676470588235294,,0.0,0,0.0645,0.0054,0.007,0.0135,0.94,1.0,0,0.0
P233,Dr. Omar Turner,Behavioral Health,F012,O011,Austin,30.3192,-97.7827,133,28,15341.7,115.35112781954888,1,4.75,0.0,1.7586206896551724,9.638395069863476,1.277725048050422,0.8402751546292884,-0.835682249045196,0.0,3.8551600221472437,0.5148114652544625,0.2,,0.0,0,0.0401,0.0054,0.0057,0.0115,1.04,1.0,0,0.0
P234,Dr. Thomas Foster,Cardiology,F018,O046,San Antonio,29.4105,-98.4992,198,68,16444.62,83.05363636363636,1,2.911764705882353,0.11320754716981132,1.3636363636363635,9.707814459341481,-1.2942642275555556,-0.24159667157107914,-0.2845792060892151,0.6362500402501368,2.2688723753442073,0.45718139907281347,0.03676470588235294,,0.0,0,0.0453,0.2062,0.2062,0.2062,1.09,1.0,0,0.0
P235,Dr. James Foster,Family Medicine,F005,O008,Fort Worth,32.688,-97.3896,376,80,31751.87,84.44646276595745,1,4.7,0.08852459016393442,1.3,10.365738393936361,0.09006099365444674,-0.20188466890516,0.6184778279525428,0.17657412118637977,1.3914126133391849,0.3922018775321509,0.03676470588235294,,0.0,0,0.1607,0.004,0.0055,0.0055,1.23,1.0,0,0.0
P236,Dr. David Delgado,Internal Medicine,F030,O044,Dallas,32.7671,-96.8444,419,101,36126.01,86.21959427207638,1,4.148514851485149,0.08115942028985507,0.8333333333333334,10.494796064005287,-0.2232887754211479,0.4015268392255991,1.2097272916503972,-0.07323548847065245,-0.7019942879188732,0.37985322589752274,0.03571428571428571,,0.0,0,0.2054,0.008,0.008,0.014,1.1,1.0,0,0.0
P237,Brazos Medical Supply,DME Supplier,F031,O015,Lubbock,33.537,-101.8938,101,35,4995.65,49.46188118811881,1,2.8857142857142857,0.0,0.6,8.516522966865933,-0.7003885800802223,2.8264063339083028,-1.2940056156647644,0.0,-1.3443897978606274,0.5070249441470052,0.2,,0.0,0,0.0929,0.0054,0.0059,0.0133,0.79,1.0,0,0.0
P238,Dr. Daniel Morris,Orthopedics,F011,O036,El Paso,31.7468,-106.4684,148,27,13397.039999999999,90.52054054054054,1,5.481481481481482,0.10833333333333334,1.1025641025641026,9.502863706583984,0.87314868226274,0.575636010616408,0.02358425508814921,0.9014708726356829,0.22311068085202457,0.3976047382805838,0.03676470588235294,,0.0,0,0.1413,0.0054,0.0065,0.0069,0.95,1.0,0,0.0
P239,Dr. Linh Ellis,Internal Medicine,F027,O040,Fort Worth,32.7648,-97.3256,102,23,9326.83,91.43950980392157,1,4.434782608695652,0.11764705882352941,1.0,9.140757683724374,0.032422411500508,1.721703692557413,-1.5493061721838557,0.7536898884252601,0.1936081807205905,0.4507857946015993,0.03676470588235294,,0.0,0,0.0837,0.0054,0.0082,0.0082,1.04,1.0,0,0.0
P240,Dr. Thomas Khan,Family Medicine,F010,O020,Dallas,32.7405,-96.6804,539,99,46563.77,86.38918367346938,1,5.444444444444445,0.08447488584474885,1.1300813008130082,10.748599525611443,0.847371551972735,0.29294591925550334,1.3415395966689718,0.08694416248771507,0.6411123888412593,0.3919287409961581,0.03676470588235294,,0.0,0,0.2065,0.0054,0.0059,0.0072,1.03,1.0,0,0.0
P241,Dr. Maria Jensen,Family Medicine,F016,O052,Fort Worth,32.7473,-97.3474,357,102,30436.56,85.2564705882353,1,3.5,0.0763888888888889,0.989010989010989,10.323432651075569,-1.1306784137839883,0.0044324843012779535,0.5385802809595849,-0.09201892125095398,0.01819632885796661,0.369969655460231,0.02127659574468085,,0.0,0,0.1609,0.0054,0.0057,0.0066,0.92,1.0,0,0.0
P242,Dr. David Jensen,Physical Therapy,F013,O055,Houston,29.7461,-95.4551,131,9,8802.36,67.19358778625954,1,14.555555555555555,0.0,0.9230769230769231,9.082888745774103,3.209554593161761,0.062052083670947146,-0.5640181553670159,0.0,0.013319706560278585,0.49184094695115615,0.2,,0.0,0,0.1334,0.0054,0.0054,0.0054,0.88,1.0,0,0.0
P243,Dr. James Ellis,Internal Medicine,F039,O014,Fort Worth,32.7299,-97.3371,214,44,18051.99,84.35509345794394,1,4.863636363636363,0.08433734939759036,1.2678571428571428,9.80106660101195,0.4154997924821844,-0.0700269249721647,-0.203838845853987,-0.0012135563651476397,1.6329692910340141,0.3814044864121774,0.03571428571428571,,0.0,0,0.1182,0.004,0.0079,0.0096,1.22,1.0,0,0.0
P244,Rio Medical Supply,DME Supplier,F020,O045,Corpus Christi,27.7315,-97.3901,166,75,7760.12,46.74771084337349,1,2.2133333333333334,0.0,0.6415094339622641,8.956881932659615,-1.6719220017961407,0.7000856182883703,-0.5340997796433697,0.0,-1.1659068243332773,0.4279907691650762,0.03676470588235294,,0.0,0,0.0577,0.0054,0.0054,0.0054,0.75,1.0,0,0.0
P245,Dr. David Chen,Cardiology,F026,O041,Houston,29.7392,-95.2991,154,45,12623.02,81.96766233766235,1,3.422222222222222,0.09322033898305085,0.8,9.443356627368305,-0.8402986860646929,-0.4840632303417644,-0.6558395113585407,0.1810396445169992,-0.8348804398953421,0.3830353951310869,0.03571428571428571,,0.0,0,0.1597,0.0285,0.0698,0.0698,0.79,1.0,0,0.0
P246,Hill Country Diagnostics Lab,Laboratory,F009,O016,Fort Worth,32.7715,-97.2509,283,63,2296.23,8.113886925795054,1,4.492063492063492,0.0,0.9342105263157895,7.739459328281501,0.8100190430327363,-0.20191438099947256,0.8572016409250233,0.0,-0.2558513612774935,0.36567997406938324,0.02127659574468085,,0.0,0,0.152,0.006,0.0089,0.0196,0.91,1.0,1,0.0381
P247,Dr. Rosa Shah,Family Medicine,F038,O049,Austin,30.2196,-97.7277,365,60,30433.65,83.37986301369864,1,6.083333333333333,0.07291666666666667,1.1375,10.323337040944043,1.4973022550070862,-0.473558371855209,0.538399714103645,-0.1688677748563826,0.673870712040032,0.39354893377133215,0.03676470588235294,,0.0,0,0.0619,0.0054,0.0054,0.0055,0.51,1.0,0,0.0
P248,Dr. Victor Patel,Family Medicine,F028,O019,Austin,30.2681,-97.7038,316,77,27017.78,85.49930379746836,1,4.103896103896104,0.08300395256916997,0.9024390243902439,10.204287458755367,-0.5163452704302304,0.06628454925054876,0.3135657094459225,0.05438877613172024,-0.3640745147923252,0.35464743522424774,0.0,,0.0,0,0.0685,0.0054,0.0054,0.014,0.83,1.0,0,0.0
P249,Dr. Rosa Foster,Internal Medicine,F005,O016,Fort Worth,32.688,-97.3896,163,37,14541.61,89.21233128834356,1,4.405405405405405,0.08088235294117647,0.8392857142857143,9.584838239792754,0.006180966795074646,1.1584245539264795,-0.6444329184607276,-0.07951471154287586,-0.6700084854674638,0.380022559981833,0.03571428571428571,,0.0,0,0.1028,0.004,0.0075,0.014,1.53,1.0,0,0.0
P250,Dr. Linh Alvarez,Family Medicine,F026,O061,Houston,29.7392,-95.2991,563,98,54399.13,96.62367673179395,1,5.744897959183674,0.08052434456928839,1.4491978609625669,10.904121822547062,1.1530177565940363,2.899774414277444,1.6352550401905244,-0.0004910731366233968,2.0502170245690112,0.512940404638039,0.2,N01,1.0,1,0.3376,0.005,0.0056,0.0085,1.13,1.0,0,0.0
P251,Brazos EMS,Ambulance,F021,O008,Austin,30.2846,-97.7494,191,52,63210.47,330.94486910994766,1,3.673076923076923,0.0,0.9122807017543859,11.054241051009885,-0.1558934083757195,0.6739916452262954,0.369804922601898,0.0,-0.4696359039009037,0.36109270856691156,0.0,,0.0,0,0.0461,0.004,0.0062,0.0062,1.2,1.0,0,0.0
P252,Prairie Diagnostics Lab,Laboratory,F017,O056,Houston,29.7224,-95.3943,166,49,1340.13,8.073072289156627,1,3.3877551020408165,0.0,1.4473684210526316,7.201267821163214,-0.4886606326849756,-0.6911497018490556,-0.16311641398048793,0.0,2.4323403387202798,0.43014640806445353,0.03676470588235294,,0.0,0,0.1843,0.0042,0.6155,0.6155,1.19,1.0,1,0.0481
P253,Dr. Maria Ortiz,Internal Medicine,F033,O024,Fort Worth,32.7643,-97.2457,235,59,19474.74,82.8712340425532,1,3.983050847457627,0.10227272727272728,1.253968253968254,9.87692486744967,-0.37109094942418897,-0.44531208846691944,-0.049267528926690354,0.4052588738931306,1.5583357519807257,0.4021992510350947,0.03676470588235294,,0.0,0,0.1314,0.004,0.0072,0.0087,1.44,1.0,0,0.0
P254,Dr. Carlos Turner,Cardiology,F023,O030,San Antonio,29.4003,-98.5606,326,101,26382.63,80.92831288343558,1,3.227722772277228,0.05859375,0.89,10.18049902105035,-1.013273018477433,-0.7161198721205843,0.37900112112881706,-0.6075839154409283,-0.33928120004257534,0.4049814556766064,0.03676470588235294,,0.0,0,0.0552,0.0054,0.0057,0.0066,0.97,1.0,0,0.0
P255,Dr. Omar Ibarra,Orthopedics,F023,O041,San Antonio,29.4003,-98.5606,105,21,9700.95,92.39,1,5.0,0.14606741573033707,1.1428571428571428,9.1800821752153,0.38440236685767665,1.2627363273963619,-0.7753698302048608,2.2741995603913425,0.3660721197763707,0.48324675162027103,0.2,,0.0,0,0.0376,0.0116,0.0175,0.0271,1.6,1.0,0,0.0
P256,Dr. Priya Lopez,Behavioral Health,F016,O053,Fort Worth,32.7473,-97.3474,127,42,14977.75,117.93503937007874,1,3.0238095238095237,0.0,1.303030303030303,9.614387808996726,-0.6878845435099975,2.0517147237227173,-0.8867560672335428,0.0,1.7288931863492785,0.45568668566244724,0.03676470588235294,,0.0,0,0.0909,0.0054,0.0054,0.0054,1.02,1.0,0,0.0
P257,Dr. Daniel Alvarez,Family Medicine,F034,O047,Houston,29.8148,-95.4027,210,41,17638.63,83.9934761904762,1,5.121951219512195,0.09467455621301775,1.0,9.777903354284113,0.5193047283838149,-0.31726491354428576,-0.49169243567495224,0.31268805927467563,0.0667198724792109,0.3689485098603917,0.02127659574468085,,0.0,0,0.1695,0.0054,0.0057,0.0118,0.94,1.0,0,0.0
P258,Dr. Maria Reyes,Internal Medicine,F029,O023,Fort Worth,32.8196,-97.3508,588,87,48603.18,82.6584693877551,1,6.758620689655173,0.056485355648535567,0.8666666666666667,10.791464814420541,2.1082111754406285,-0.49912272405248903,1.8142293663255364,-0.6324278895970449,-0.5228737941909805,0.48529976750081416,0.2,,0.0,0,0.5058,0.9828,0.9904,0.9904,0.83,0.88,84,1.0
P259,Dr. Samuel Morris,Family Medicine,F029,O045,Fort Worth,32.8196,-97.3508,356,71,29805.56,83.72348314606742,1,5.014084507042254,0.10139860139860139,0.9893617021276596,10.302483782495699,0.40957377283140817,-0.3860348621496099,0.49901678204368105,0.46150778653639846,0.01974495259055952,0.374058568980177,0.02127659574468085,,0.0,0,0.1609,0.0054,0.0057,0.0066,0.96,1.0,0,0.0
P260,Panhandle Medical Supply,DME Supplier,F027,O024,Fort Worth,32.7648,-97.3256,195,72,8982.23,46.062717948717946,1,2.7083333333333335,0.0,0.9122807017543859,9.103114784819944,-0.9566890047184512,0.16345217345747318,-0.2817529298990819,0.0,-0.001639899729031993,0.36038212764704874,0.0,,0.0,0,0.1173,0.0054,0.0062,0.0084,0.96,1.0,0,0.0
P261,Dr. Carlos Jensen,Internal Medicine,F027,O031,Fort Worth,32.7648,-97.3256,253,76,21354.66,84.40577075098814,1,3.3289473684210527,0.09268292682926829,0.8783783783783784,9.969072088908964,-0.9553746236454288,-0.057210052963735866,0.13849470241625988,0.18792364298348185,-0.4599395666649641,0.3695751558113723,0.02127659574468085,,0.0,0,0.1351,0.0054,0.0054,0.0096,0.71,1.0,0,0.0
P262,Dr. Victor Ellis,Physical Therapy,F031,O042,Lubbock,33.537,-101.8938,172,59,11804.84,68.63279069767442,1,2.9152542372881354,0.0,0.7708333333333334,9.376349603277832,-0.26778801045258194,0.7761298582363685,-0.09887905543265804,0.0,-0.8478363217466364,0.36712197255760254,0.02127659574468085,,0.0,0,0.1209,0.0054,0.0054,0.0054,0.94,1.0,0,0.0
P263,Gulf Coast Medical Supply,DME Supplier,F013,O061,Houston,29.7461,-95.4551,765,181,35671.78,46.629777777777775,1,4.226519337016574,0.0,1.3807531380753137,10.482143211957471,1.2369609458588504,0.6076951311112428,2.0979686863792897,0.0,2.0127058879339463,0.457479609416472,0.14285714285714285,N01,1.0,1,0.711,0.077,0.2196,0.2196,1.14,2.0,5,0.1461
P264,Dr. Daniel Alvarez,Internal Medicine,F021,O004,Austin,30.2846,-97.7494,261,41,21391.99,81.96164750957855,1,6.365853658536586,0.03902439024390244,1.032258064516129,9.970818577253683,1.7573685772741325,-0.6753570153646123,0.14205340492975468,-1.0281486317017197,0.36695059400564783,0.4533915533607266,0.03676470588235294,,0.0,0,0.0562,0.0054,0.0067,0.016,1.02,1.0,0,0.0
P265,Dr. David Ortiz,Family Medicine,F006,O003,El Paso,31.704,-106.5256,421,73,34629.95,82.2564133016627,1,5.767123287671233,0.0736196319018405,1.1844660194174756,10.452503069881875,1.175627201867393,-0.7597123323268866,0.7823393820799865,-0.15330941799147987,0.8812558620047608,0.4040273719252299,0.03676470588235294,,0.0,0,0.2375,0.0054,0.0054,0.0071,0.82,1.0,0,0.0
P266,Dr. Omar Gupta,Internal Medicine,F015,O009,Fort Worth,32.7182,-97.3633,112,20,9740.13,86.96544642857143,1,5.6,0.0989010989010989,0.9393939393939394,9.1841124063343,1.0732630742968055,0.590161453522569,-1.4609651530236585,0.32884710338656203,-0.13206544423921426,0.4146450098443857,0.03676470588235294,,0.0,0,0.0845,0.0054,0.0054,0.0054,1.03,1.0,0,0.0
P267,Dr. Priya Hayes,Behavioral Health,F012,O006,Austin,30.3192,-97.7827,107,43,12114.65,113.22102803738318,1,2.488372093023256,0.0,0.9333333333333333,9.402253284308287,-1.2975860591600137,-0.15839957233791901,-1.3380578715312024,0.0,0.0034959237223977572,0.4068830492544758,0.03676470588235294,,0.0,0,0.036,0.0054,0.0054,0.0054,0.92,1.0,0,0.0
P268,Dr. James Lopez,Cardiology,F009,O044,Fort Worth,32.7715,-97.2509,252,46,21222.83,84.21757936507937,1,5.478260869565218,0.09405940594059406,0.855072463768116,9.96287988598527,0.9881996080925697,0.0182781020562091,0.07349552912614632,0.2001494670705487,-0.5316152045587055,0.36715661799573485,0.02127659574468085,,0.0,0,0.1953,0.3749,0.8788,0.8788,1.05,2.67,5,0.1994
P269,Dr. Carlos Shah,Family Medicine,F022,O012,Fort Worth,32.765,-97.3722,272,75,22914.39,84.24408088235293,1,3.6266666666666665,0.05555555555555555,0.972972972972973,10.039564016217989,-1.0018225874432647,-0.253433373667566,0.002473217008703453,-0.5531120428835257,-0.05262181588655227,0.3860306395136316,0.03571428571428571,,0.0,0,0.1422,0.004,0.0047,0.0085,1.46,1.0,0,0.0
P270,Dr. Ines Jensen,Family Medicine,F018,O015,San Antonio,29.4105,-98.4992,771,230,64983.73,84.2849935149157,1,3.3521739130434782,0.07293354943273905,0.97,11.081907598202102,-1.2810593552800273,-0.24301251395686155,1.9710167218094647,-0.16849411754549745,-0.0657494016067866,0.42826767755149464,0.03676470588235294,,0.0,0,0.0948,0.0054,0.0079,0.0079,0.92,1.0,0,0.0
P271,Dr. Hannah Nguyen,Behavioral Health,F019,O019,Dallas,32.8103,-96.7544,66,22,7377.27,111.77681818181819,1,3.0,0.0,0.6538461538461539,8.906294472770304,-0.7149963999453135,-0.8355020701952339,-2.393176583740582,0.0,-1.3008870005459694,0.49242012925942197,0.2,,0.0,0,0.1005,0.0054,0.0054,0.0064,0.8,1.0,0,0.0
P272,Dr. Samuel Morris,Physical Therapy,F035,O011,San Antonio,29.4575,-98.4601,199,40,13373.66,67.2043216080402,1,4.975,0.0,0.8135593220338984,9.501117150880352,0.34752610362897385,0.06737779800137557,0.09887905543265804,0.0,-0.6061595273618411,0.3547595532934064,0.0,,0.0,0,0.0446,0.0054,0.0062,0.0084,0.98,1.0,0,0.0
P273,Dr. Maria Shah,Family Medicine,F015,O053,Fort Worth,32.7182,-97.3633,219,35,18922.44,86.40383561643836,1,6.257142857142857,0.06779661016949153,0.78125,9.848156644260765,1.6741157009257488,0.2966779167488145,-0.359013863978686,-0.28218727085082823,-0.8992019177311867,0.39393132169621264,0.03676470588235294,,0.0,0,0.1196,0.0054,0.0157,0.0157,0.88,1.0,0,0.0
P274,Cypress Diagnostics Lab,Laboratory,F017,O061,Houston,29.7224,-95.3943,644,130,5254.59,8.159301242236024,1,4.953846153846154,0.0,1.3766816143497758,8.567047551033534,1.3530808932136038,0.3424562052682086,2.426165837744793,0.0,2.062045563901683,0.47799543851904114,0.2,N01,1.0,1,0.376,0.0065,0.0082,0.0276,1.09,0.5,2,0.0604
P275,Dr. Kevin Ellis,Internal Medicine,F032,O012,El Paso,31.7691,-106.514,492,81,43203.53,87.81205284552846,1,6.074074074074074,0.11704834605597965,1.0535714285714286,10.67370062984577,1.4967339022780528,0.8042779825603038,1.5742691622318103,0.7401211621153465,0.4814804027832755,0.4583358644148469,0.14285714285714285,,0.0,0,0.2527,0.0054,0.7951,0.7951,0.91,1.0,0,0.0
P276,Dr. Thomas Lopez,Family Medicine,F009,O014,Fort Worth,32.7715,-97.2509,389,85,31899.37,82.00352185089974,1,4.576470588235294,0.07920792079207921,1.08,10.370372887451753,-0.03560335711127494,-0.8241263327311472,0.6272304142066828,-0.0296267826802101,0.4199712700418709,0.37376873838166025,0.02127659574468085,,0.0,0,0.1675,0.0054,0.0057,0.0074,0.91,1.0,0,0.0
P277,Dr. Daniel Alvarez,Internal Medicine,F039,O006,Fort Worth,32.7299,-97.3371,114,19,9758.01,85.59657894736843,1,6.0,0.06382978723404255,1.2692307692307692,9.18594623983609,1.4305665854059828,0.24395907669521633,-1.4572284731243126,-0.46597982386852216,1.6403506300612625,0.4547735654775047,0.03676470588235294,,0.0,0,0.085,0.004,0.0052,0.0052,1.16,1.0,0,0.0
P278,Dr. Robert Brooks,Physical Therapy,F027,O016,Fort Worth,32.7648,-97.3256,374,120,24148.25,64.56751336898395,1,3.1166666666666667,0.0,0.9797979797979798,10.092008602697852,-0.20761946305627807,-1.2409062141883915,1.0354493373954055,0.0,0.3341586989247045,0.39048243997429855,0.03676470588235294,,0.0,0,0.1665,0.0054,0.0072,0.0127,0.93,1.0,0,0.0
P279,Dr. Rosa Delgado,Behavioral Health,F011,O012,El Paso,31.7468,-106.4684,379,88,42243.66,111.46084432717679,1,4.306818181818182,0.0,0.9081632653061225,10.651233234264819,0.7730748112203331,-0.9836430660559754,1.3190622072246616,0.0,-0.11397424788836516,0.39232282881782193,0.03676470588235294,,0.0,0,0.2348,0.0054,0.0054,0.0064,0.76,1.0,0,0.0
P280,Dr. Maria Chen,Cardiology,F023,O021,San Antonio,29.4003,-98.5606,240,38,19768.38,82.36825,1,6.315789473684211,0.0797872340425532,0.7536231884057971,9.891889555025461,1.7330395097736664,-0.3946236031960878,-0.026164563171601735,-0.12490048272594433,-1.0902616907051417,0.410071126935687,0.03676470588235294,,0.0,0,0.0503,0.004,0.0079,0.0146,1.14,1.0,0,0.0
P281,Dr. Daniel Khan,Internal Medicine,F038,O010,Austin,30.2196,-97.7277,94,21,8556.35,91.025,1,4.476190476190476,0.14102564102564102,1.28,9.05454584176693,0.06941035260911839,1.6168693814889894,-1.7249742776108468,1.2835225571229465,1.69822032803489,0.5187200506128122,0.2,,0.0,0,0.0334,0.0054,0.0054,0.0054,0.9,1.0,0,0.0
P282,Dr. Priya Hayes,Internal Medicine,F037,O057,Houston,29.8189,-95.3325,204,38,17880.28,87.64843137254901,1,5.368421052631579,0.08383233532934131,0.6567164179104478,9.791509634532071,0.8664031468125454,0.7628962245571891,-0.22331243738191575,-0.012658773581360964,-1.6510655606562157,0.4174815974304834,0.03676470588235294,,0.0,0,0.1629,0.0054,0.0056,0.0056,0.93,1.0,0,0.0
P283,Dr. Linh Quinn,Internal Medicine,F016,O048,Fort Worth,32.7473,-97.3474,269,52,22223.41,82.61490706319702,1,5.173076923076923,0.06451612903225806,0.9305555555555556,10.008946513348072,0.6919102884014345,-0.510140138454706,0.21974415071904946,-0.45042514636740105,-0.17955951454585264,0.3768114191739012,0.03571428571428571,,0.0,0,0.134,0.008,0.008,0.0162,1.11,1.0,0,0.0
P284,Dr. Elena Chen,Internal Medicine,F002,O039,Dallas,32.7728,-96.8521,403,78,32761.41,81.29382133995037,1,5.166666666666667,0.08598726114649681,1.0,10.397037100584775,0.6861842705951977,-0.8442579574993448,1.0105303889666015,0.03617866603231734,0.1936081807205905,0.3829302937250003,0.03571428571428571,,0.0,0,0.157,0.004,0.0056,0.0056,1.17,1.0,0,0.0
P285,Dr. Nadia Ibarra,Cardiology,F004,O036,Austin,30.264,-97.752,85,29,7724.75,90.87941176470588,1,2.9310344827586206,0.15714285714285714,0.7741935483870968,8.952314184431913,-1.2771270233533971,1.5056724028506108,-1.3451916319009598,1.6368805261394128,-0.9769877488136985,0.5300273237157133,0.2,,0.0,0,0.0325,0.0054,0.006,0.008,0.95,1.0,0,0.0
P286,Dr. Priya Ibarra,Cardiology,F036,O042,Houston,29.7747,-95.4059,196,47,16490.6,84.13571428571427,1,4.170212765957447,0.09740259740259741,1.3404255319148937,9.710606439348807,-0.1750877305055206,0.0,-0.28065967252088964,0.276290941868328,2.1410582580385302,0.40588586203252375,0.03676470588235294,,0.0,0,0.1847,0.004,0.0059,0.0082,1.28,1.0,0,0.0
P287,Dr. Linh Ellis,Family Medicine,F027,O057,Fort Worth,32.7648,-97.3256,397,129,34359.43,86.54768261964736,1,3.0775193798449614,0.102803738317757,0.8240740740740741,10.44466089057169,-1.5604606987025584,0.3333171977324229,0.7675288422432457,0.492606937018381,-0.7101061175312676,0.432165398885865,0.03676470588235294,,0.0,0,0.1712,0.0054,0.0076,0.0099,0.79,1.0,0,0.0
P288,Dr. Elena Brooks,Internal Medicine,F030,O008,Dallas,32.7671,-96.8444,491,127,40865.43,83.2289816700611,1,3.8661417322834644,0.08376963350785341,0.7,10.618064222608504,-0.47552104275517776,-0.35483358660438874,1.4609025755747316,-0.014079795315011748,-1.4184762628304446,0.42219317656022254,0.03676470588235294,,0.0,0,0.1954,0.0054,0.0114,0.0114,1.02,1.0,0,0.0
P289,Dr. Ines Alvarez,Family Medicine,F029,O032,Fort Worth,32.8196,-97.3508,262,59,21933.13,83.71423664122138,1,4.440677966101695,0.08056872037914692,1.0746268656716418,9.995799150174115,-0.17374286134284259,-0.38839004009293043,-0.0801799928140604,0.0004910731366233968,0.39624542990706507,0.3564349337183039,0.0,,0.0,0,0.1353,0.004,0.0079,0.0099,1.24,1.0,0,0.0
P290,Dr. Hannah Alvarez,Behavioral Health,F032,O012,El Paso,31.7691,-106.514,306,62,35316.41,115.41310457516342,1,4.935483870967742,0.0,1.0240963855421688,10.47213132247083,1.4889351554416752,0.8693323002193097,0.9380350450288775,0.0,0.42709236801337436,0.4026528980059886,0.03676470588235294,,0.0,0,0.2085,0.0054,0.0057,0.0077,1.01,1.0,0,0.0
P291,Dr. Ines Hayes,Internal Medicine,F021,O028,Austin,30.2846,-97.7494,265,42,22539.04,85.05298113207547,1,6.309523809523809,0.07211538461538461,1.125,10.023048562215084,1.7070514451928456,0.10647691843166653,0.2484789527005432,-0.27820196230450855,0.8653100322001883,0.39507005953209406,0.03676470588235294,,0.0,0,0.0635,0.0054,0.0067,0.0138,1.03,1.0,0,0.0
P292,Dr. Daniel Brooks,Behavioral Health,F016,O054,Fort Worth,32.7473,-97.3474,300,60,34164.31,113.88103333333332,1,5.0,0.0,0.8536585365853658,10.438966080787061,1.5623995406212414,0.1510369217871462,0.8674782441788726,0.0,-0.3683509873355348,0.38586766473346956,0.03571428571428571,,0.0,0,0.1451,0.0054,0.0054,0.0063,0.84,1.0,0,0.0
P293,Dr. Aisha Hayes,Family Medicine,F010,O038,Dallas,32.7405,-96.6804,271,79,22809.64,84.16841328413284,1,3.430379746835443,0.08411214953271028,1.126984126984127,10.034982372754175,-1.2015019026121674,-0.2727066732893356,-0.006179557985924808,0.07891591200224206,0.6274363765469246,0.38249060426583426,0.03571428571428571,,0.0,0,0.1466,0.0054,0.006,0.0139,0.83,1.0,0,0.0
P294,Dr. James Ibarra,Internal Medicine,F013,O039,Houston,29.7461,-95.4551,313,99,26123.53,83.4617571884984,1,3.1616161616161618,0.06451612903225806,0.8695652173913043,10.170629998674661,-1.104844692919237,-0.2959619727653429,0.5491957770997342,-0.45042514636740105,-0.5072980990842074,0.3966420109116667,0.03676470588235294,,0.0,0,0.2683,0.004,0.0059,0.0076,1.15,1.0,4,0.1471
P295,Dr. Carlos Ibarra,Family Medicine,F031,O006,Lubbock,33.537,-101.8938,111,24,9038.42,81.4272072072072,1,4.625,0.054945054945054944,1.7,9.109350292035892,0.013764780689544382,-0.9709194788805935,-1.7543046981289798,-0.5666239292317329,3.157669601152483,0.5342381691282351,0.2,,0.0,0,0.0902,0.004,0.0046,0.0046,1.31,1.0,0,0.0
P296,Dr. Hannah Delgado,Family Medicine,F001,O049,Houston,29.787,-95.3854,337,99,28455.99,84.43913946587537,1,3.404040404040404,0.07720588235294118,0.8279569892473119,10.256149103576952,-1.2282964640421121,-0.20374998721870646,0.41151028916644267,-0.07393683804967673,-0.6929605523867237,0.38110231111623843,0.03571428571428571,,0.0,0,0.2276,0.0054,0.0059,0.0081,0.92,1.0,0,0.0
P297,Dr. Elena Jensen,Physical Therapy,F006,O043,El Paso,31.704,-106.5256,101,25,6735.76,66.69069306930693,1,4.04,0.0,1.0,8.815334376161045,0.06821071088419693,-0.18746515776458494,-0.9880951505885682,0.0,0.4484301208627195,0.36667029648138066,0.02127659574468085,,0.0,0,0.1323,0.004,0.0042,0.0042,1.45,1.0,1,0.0636
P298,Dr. Grace Hayes,Family Medicine,F032,O022,El Paso,31.7691,-106.514,356,76,34420.7,96.6873595505618,1,4.684210526315789,0.29537366548042704,0.9574468085106383,10.44644245843549,0.07399863303025653,2.9159950698254304,0.770893465873363,4.7546550417220175,-0.1211798070753951,0.6028391087538427,1.0,,0.0,0,0.83,0.9934,0.9934,0.9934,1.43,1.44,55,1.0
P299,Dr. Carlos Turner,Family Medicine,F026,O021,Houston,29.7392,-95.2991,192,52,15807.18,82.3290625,1,3.6923076923076925,0.07333333333333333,0.7704918032786885,9.668282806562498,-0.9350470984893671,-0.7412078495658047,-0.698719006318121,-0.15964591242373125,-0.9467062680694032,0.39383742445888453,0.03676470588235294,,0.0,0,0.1638,0.004,0.0066,0.0132,1.13,1.0,0,0.0
P300,Dr. Grace Alvarez,Internal Medicine,F007,O035,Corpus Christi,27.7477,-97.3839,284,66,23686.05,83.40158450704224,1,4.303030303030303,0.08444444444444445,1.173913043478261,10.072683764282852,-0.08526649202688925,-0.3111803380390122,0.3496172848804139,0.0012135563651479544,1.1281498871269882,0.37276919073648546,0.02127659574468085,,0.0,0,0.0826,0.0054,0.0054,0.0078,0.87,1.0,0,0.0
