claim_id,injected_pattern
C014086,unnecessary_procedure
C014122,unnecessary_procedure
C014131,unnecessary_procedure
C014133,unnecessary_procedure
C014148,unnecessary_procedure
C014165,unnecessary_procedure
C014168,unnecessary_procedure
C014170,unnecessary_procedure
C014171,unnecessary_procedure
C014262,overlapping_admission
C014475,overlapping_admission
C014959,duplicate_document
C015742,duplicate_document
C016515,overlapping_admission
C016855,duplicate_document
C017853,claim_after_death
C017863,duplicate_document
C018631,opd_to_ipd
C018643,opd_to_ipd
C018659,opd_to_ipd
C018968,opd_to_ipd
C019202,duplicate_document
C019271,claim_after_death
C019534,claim_after_death
C019625,duplicate_document
C019987,claim_after_death
C020032,claim_after_death
C020195,claim_after_death
C020311,package_upcoding
C020586,opd_to_ipd
C020654,opd_to_ipd
C020711,opd_to_ipd
C020727,opd_to_ipd
C020934,opd_to_ipd
C021875,unnecessary_procedure
C021895,unnecessary_procedure
C021927,unnecessary_procedure
C021941,opd_to_ipd
C021945,unnecessary_procedure
C021952,unnecessary_procedure
C022034,claim_after_death
C022160,opd_to_ipd
C022399,package_upcoding
C022474,opd_to_ipd
C022618,package_upcoding
C022905,opd_to_ipd
C023603,overlapping_admission
C023853,opd_to_ipd
C023885,opd_to_ipd
C023914,duplicate_document
C023996,opd_to_ipd
C024050,opd_to_ipd
C024274,opd_to_ipd
C024442,claim_after_death
C024695,duplicate_document
C024744,claim_after_death
C025008,duplicate_document
C025099,package_upcoding
C025421,opd_to_ipd
C025554,overlapping_admission
C025813,opd_to_ipd
C025955,claim_after_death
C025966,opd_to_ipd
C026005,opd_to_ipd
C026058,opd_to_ipd
C026059,claim_after_death
C026068,unnecessary_procedure
C026069,unnecessary_procedure
C026070,unnecessary_procedure
C026071,unnecessary_procedure
C026072,unnecessary_procedure
C026079,unnecessary_procedure
C026090,unnecessary_procedure
C026093,unnecessary_procedure
C026110,opd_to_ipd
C026123,overlapping_admission
C026138,opd_to_ipd
C026267,overlapping_admission
C026503,opd_to_ipd
C026773,opd_to_ipd
C026845,claim_after_death
C026874,unnecessary_procedure
C026876,unnecessary_procedure
C026877,unnecessary_procedure
C026878,unnecessary_procedure
C026881,unnecessary_procedure
C026882,unnecessary_procedure
C026885,unnecessary_procedure
C026895,unnecessary_procedure
C026896,unnecessary_procedure
C026899,duplicate_document
C026920,opd_to_ipd
C026925,unnecessary_procedure
C026931,unnecessary_procedure
C027165,duplicate_document
C027170,opd_to_ipd
C027406,opd_to_ipd
C027645,opd_to_ipd
C027712,opd_to_ipd
C027776,package_upcoding
C028101,opd_to_ipd
C028104,duplicate_document
C028233,claim_after_death
C028706,duplicate_document
C028717,duplicate_document
C028721,opd_to_ipd
C028828,opd_to_ipd
C028863,opd_to_ipd
C029085,package_upcoding
C029122,overlapping_admission
C029186,opd_to_ipd
C029209,opd_to_ipd
C029255,duplicate_document
C029400,opd_to_ipd
C029450,overlapping_admission
C029552,opd_to_ipd
C029793,opd_to_ipd
C029818,package_upcoding
C029904,overlapping_admission
C029908,opd_to_ipd
C030089,claim_after_death
C030228,collusive_ring
C030234,opd_to_ipd
C030240,duplicate_document
C030243,bed_overrun
C030244,bed_overrun
C030245,bed_overrun
C030247,bed_overrun
C030249,bed_overrun
C030252,bed_overrun
C030253,bed_overrun
C030254,bed_overrun
C030255,bed_overrun
C030257,bed_overrun
C030259,bed_overrun
C030260,bed_overrun
C030263,bed_overrun
C030271,bed_overrun
C030272,bed_overrun
C030277,bed_overrun
C030278,bed_overrun
C030279,bed_overrun
C030285,collusive_ring
C030287,bed_overrun
C030288,bed_overrun
C030289,bed_overrun
C030293,bed_overrun
C030295,bed_overrun
C030300,bed_overrun
C030302,bed_overrun
C030306,bed_overrun
C030310,bed_overrun
C030311,bed_overrun
C030317,bed_overrun
C030318,bed_overrun
C030320,bed_overrun
C030321,bed_overrun
C030322,collusive_ring
C030325,bed_overrun
C030328,bed_overrun
C030330,bed_overrun
C030334,bed_overrun
C030335,bed_overrun
C030336,bed_overrun
C030338,bed_overrun
C030339,bed_overrun
C030345,bed_overrun
C030347,bed_overrun
C030350,bed_overrun
C030351,bed_overrun
C030352,bed_overrun
C030355,opd_to_ipd
C030356,bed_overrun
C030358,bed_overrun
C030364,collusive_ring
C030365,bed_overrun
C030366,bed_overrun
C030367,bed_overrun
C030368,bed_overrun
C030369,bed_overrun
C030370,bed_overrun
C030371,bed_overrun
C030374,bed_overrun
C030379,bed_overrun
C030383,opd_to_ipd
C030385,collusive_ring
C030390,bed_overrun
C030391,bed_overrun
C030396,bed_overrun
C030397,bed_overrun
C030398,bed_overrun
C030400,bed_overrun
C030401,bed_overrun
C030402,bed_overrun
C030403,bed_overrun
C030406,bed_overrun
C030407,bed_overrun
C030412,collusive_ring
C030414,bed_overrun
C030416,bed_overrun
C030420,bed_overrun
C030421,bed_overrun
C030423,bed_overrun
C030428,bed_overrun
C030431,opd_to_ipd
C030434,bed_overrun
C030439,bed_overrun
C030441,bed_overrun
C030448,bed_overrun
C030450,bed_overrun
C030453,bed_overrun
C030455,bed_overrun
C030456,bed_overrun
C030461,bed_overrun
C030465,bed_overrun
C030466,bed_overrun
C030468,bed_overrun
C030470,bed_overrun
C030471,bed_overrun
C030472,bed_overrun
C030473,bed_overrun
C030474,bed_overrun
C030476,bed_overrun
C030477,bed_overrun
C030517,collusive_ring
C030518,opd_to_ipd
C030573,collusive_ring
C030578,opd_to_ipd
C030581,collusive_ring
C030584,opd_to_ipd
C030614,opd_to_ipd
C030619,claim_after_death
C030623,opd_to_ipd
C030624,collusive_ring
C030647,claim_after_death
C030658,collusive_ring
C030720,duplicate_document
C030726,overlapping_admission
C030751,collusive_ring
C030777,collusive_ring
C030784,collusive_ring
C030793,opd_to_ipd
C030799,ghost_beneficiary
C030816,collusive_ring
C030892,collusive_ring
C030912,collusive_ring
C031068,opd_to_ipd
C031114,opd_to_ipd
C031119,collusive_ring
C031123,collusive_ring
C031172,ghost_beneficiary
C031185,collusive_ring
C031231,duplicate_document
C031263,opd_to_ipd
C031348,claim_after_death
C031371,ghost_beneficiary
C031452,opd_to_ipd
C031459,ghost_beneficiary
C031483,collusive_ring
C031510,overlapping_admission
C031517,unnecessary_procedure
C031518,unnecessary_procedure
C031527,unnecessary_procedure
C031528,opd_to_ipd
C031533,opd_to_ipd
C031559,unnecessary_procedure
C031574,unnecessary_procedure
C031581,unnecessary_procedure
C031582,unnecessary_procedure
C031585,unnecessary_procedure
C031624,opd_to_ipd
C031673,collusive_ring
C031697,opd_to_ipd
C031713,opd_to_ipd
C031723,overlapping_admission
C031734,collusive_ring
C031739,collusive_ring
C031759,opd_to_ipd
C031762,opd_to_ipd
C031829,opd_to_ipd
C031855,ghost_beneficiary
C031874,collusive_ring
C031887,duplicate_document
C031895,collusive_ring
C031896,claim_after_death
C031907,collusive_ring
C031922,collusive_ring
C031926,collusive_ring
C031950,collusive_ring
C031951,collusive_ring
C031957,package_upcoding
C031977,collusive_ring
C031979,overlapping_admission
C032005,opd_to_ipd
C032013,collusive_ring
C032019,collusive_ring
C032022,opd_to_ipd
C032026,duplicate_document
C032033,opd_to_ipd
C032058,ghost_beneficiary
C032065,duplicate_document
C032089,ghost_beneficiary
C032090,duplicate_document
C032158,bed_overrun
C032167,bed_overrun
C032170,bed_overrun
C032171,bed_overrun
C032172,bed_overrun
C032174,bed_overrun
C032175,bed_overrun
C032176,bed_overrun
C032177,bed_overrun
C032180,bed_overrun
C032183,bed_overrun
C032186,bed_overrun
C032188,bed_overrun
C032189,bed_overrun
C032206,bed_overrun
C032207,bed_overrun
C032209,bed_overrun
C032212,bed_overrun
C032213,bed_overrun
C032216,bed_overrun
C032217,bed_overrun
C032220,duplicate_document
C032227,collusive_ring
C032232,bed_overrun
C032235,bed_overrun
C032236,bed_overrun
C032238,bed_overrun
C032239,bed_overrun
C032240,opd_to_ipd
C032251,bed_overrun
C032252,bed_overrun
C032256,bed_overrun
C032263,bed_overrun
C032264,bed_overrun
C032268,bed_overrun
C032272,bed_overrun
C032281,bed_overrun
C032282,bed_overrun
C032283,bed_overrun
C032294,bed_overrun
C032301,bed_overrun
C032303,bed_overrun
C032304,collusive_ring
C032312,bed_overrun
C032315,collusive_ring
C032316,bed_overrun
C032321,bed_overrun
C032322,bed_overrun
C032323,bed_overrun
C032327,bed_overrun
C032328,bed_overrun
C032329,bed_overrun
C032331,bed_overrun
C032336,bed_overrun
C032338,bed_overrun
C032339,bed_overrun
C032341,bed_overrun
C032360,collusive_ring
C032367,ghost_beneficiary
C032392,overlapping_admission
C032456,collusive_ring
C032468,collusive_ring
C032507,collusive_ring
C032534,collusive_ring
C032545,opd_to_ipd
C032565,overlapping_admission
C032589,overlapping_admission
C032590,opd_to_ipd
C032597,opd_to_ipd
C032618,opd_to_ipd
C032704,collusive_ring
C032745,collusive_ring
C032780,duplicate_document
C032813,collusive_ring
C032826,opd_to_ipd
C032939,collusive_ring
C032946,opd_to_ipd
C033022,ghost_beneficiary
C033054,ghost_beneficiary
C033130,collusive_ring
C033145,collusive_ring
C033171,collusive_ring
C033185,ghost_beneficiary
C033215,opd_to_ipd
C033232,collusive_ring
C033263,collusive_ring
C033327,ghost_beneficiary
C033363,opd_to_ipd
C033377,collusive_ring
C033503,collusive_ring
C033552,collusive_ring
C033569,package_upcoding
C033598,opd_to_ipd
C033604,opd_to_ipd
C033609,opd_to_ipd
C033634,ghost_beneficiary
C033638,collusive_ring
C033640,opd_to_ipd
C033646,collusive_ring
C033682,collusive_ring
C033687,ghost_beneficiary
C033688,opd_to_ipd
C033707,collusive_ring
C033723,ghost_beneficiary
C033729,collusive_ring
C033766,collusive_ring
C033813,collusive_ring
C033821,collusive_ring
C033840,overlapping_admission
C033846,opd_to_ipd
C033907,opd_to_ipd
C033921,ghost_beneficiary
C034006,ghost_beneficiary
C034016,opd_to_ipd
C034038,duplicate_document
C034076,ghost_beneficiary
C034078,collusive_ring
C034091,ghost_beneficiary
C034099,ghost_beneficiary
C034106,opd_to_ipd
C034110,collusive_ring
C034120,opd_to_ipd
C034127,duplicate_document
C034183,opd_to_ipd
C034203,collusive_ring
C034273,opd_to_ipd
C034281,collusive_ring
C034294,collusive_ring
C034312,opd_to_ipd
C034350,collusive_ring
C034365,collusive_ring
C034382,collusive_ring
C034397,package_upcoding
C034422,duplicate_document
C034457,claim_after_death
C034467,package_upcoding
C034502,collusive_ring
C034535,collusive_ring
C034551,opd_to_ipd
C034575,collusive_ring
C034603,collusive_ring
C034620,opd_to_ipd
C034641,collusive_ring
C034677,collusive_ring
C034684,collusive_ring
C034716,collusive_ring
C034746,collusive_ring
C034775,collusive_ring
C034787,collusive_ring
C034799,collusive_ring
C034801,opd_to_ipd
C034845,opd_to_ipd
C034859,overlapping_admission
C034887,collusive_ring
C034961,collusive_ring
C034981,opd_to_ipd
C034988,ghost_beneficiary
C034996,opd_to_ipd
C034997,collusive_ring
C035008,collusive_ring
C035026,claim_after_death
C035064,collusive_ring
C035090,opd_to_ipd
C035096,collusive_ring
C035183,opd_to_ipd
C035219,ghost_beneficiary
C035239,collusive_ring
C035290,ghost_beneficiary
C035298,collusive_ring
C035354,collusive_ring
C035356,duplicate_document
C035378,ghost_beneficiary
C035405,collusive_ring
C035455,ghost_beneficiary
C035456,opd_to_ipd
C035489,collusive_ring
C035574,ghost_beneficiary
C035607,collusive_ring
C035611,collusive_ring
C035626,claim_after_death
C035646,ghost_beneficiary
C035708,opd_to_ipd
C035710,collusive_ring
C035740,opd_to_ipd
C035767,overlapping_admission
C035773,opd_to_ipd
C035777,ghost_beneficiary
C035820,collusive_ring
C035826,opd_to_ipd
C035846,collusive_ring
C035851,collusive_ring
C035872,opd_to_ipd
C035886,opd_to_ipd
C035905,ghost_beneficiary
C035911,collusive_ring
C035970,collusive_ring
C035995,opd_to_ipd
C036004,collusive_ring
C036029,ghost_beneficiary
C036061,opd_to_ipd
C036094,duplicate_document
C036136,collusive_ring
C036153,opd_to_ipd
C036190,collusive_ring
C036244,ghost_beneficiary
C036261,collusive_ring
C036265,collusive_ring
C036305,collusive_ring
C036323,opd_to_ipd
C036343,collusive_ring
C036350,collusive_ring
C036407,ghost_beneficiary
C036584,collusive_ring
C036596,opd_to_ipd
C036622,collusive_ring
C036628,collusive_ring
C036644,opd_to_ipd
C036671,opd_to_ipd
C036679,collusive_ring
C036683,collusive_ring
C036689,collusive_ring
C036708,collusive_ring
C036802,opd_to_ipd
C036806,overlapping_admission
C036807,collusive_ring
C036834,collusive_ring
C036843,collusive_ring
C036867,collusive_ring
C036869,collusive_ring
C036873,collusive_ring
C036884,ghost_beneficiary
C036917,opd_to_ipd
C036952,opd_to_ipd
C036966,collusive_ring
C036975,opd_to_ipd
C036985,opd_to_ipd
C036988,collusive_ring
C037012,collusive_ring
C037047,collusive_ring
C037048,opd_to_ipd
C037065,collusive_ring
C037076,opd_to_ipd
C037099,collusive_ring
C037100,collusive_ring
C037166,collusive_ring
C037167,opd_to_ipd
C037173,opd_to_ipd
C037260,opd_to_ipd
C037263,opd_to_ipd
C037269,ghost_beneficiary
C037275,ghost_beneficiary
C037278,collusive_ring
C037299,collusive_ring
C037311,collusive_ring
C037326,opd_to_ipd
C037348,collusive_ring
C037418,collusive_ring
C037433,collusive_ring
C037448,opd_to_ipd
C037461,ghost_beneficiary
C037483,ghost_beneficiary
C037492,duplicate_document
C037507,collusive_ring
C037515,collusive_ring
C037520,collusive_ring
C037533,collusive_ring
C037547,collusive_ring
C037549,collusive_ring
C037582,opd_to_ipd
C037584,package_upcoding
C037607,ghost_beneficiary
C037609,collusive_ring
C037635,collusive_ring
C037638,opd_to_ipd
C037644,opd_to_ipd
C037651,collusive_ring
C037683,collusive_ring
C037725,collusive_ring
C037734,opd_to_ipd
C037743,collusive_ring
C037744,collusive_ring
C037748,collusive_ring
C037781,ghost_beneficiary
C037787,package_upcoding
C037817,ghost_beneficiary
C037827,collusive_ring
C037833,opd_to_ipd
C037843,opd_to_ipd
C037869,ghost_beneficiary
C037881,opd_to_ipd
C037909,collusive_ring
C037940,overlapping_admission
C037948,opd_to_ipd
C037973,collusive_ring
C037987,collusive_ring
C038009,opd_to_ipd
C038012,collusive_ring
C038020,opd_to_ipd
C038027,collusive_ring
C038054,collusive_ring
C038106,opd_to_ipd
C038107,collusive_ring
C038109,opd_to_ipd
C038118,ghost_beneficiary
C038129,collusive_ring
C038139,ghost_beneficiary
C038156,collusive_ring
C038194,opd_to_ipd
C038228,opd_to_ipd
C038249,ghost_beneficiary
C038256,ghost_beneficiary
C038294,collusive_ring
C038324,ghost_beneficiary
C038339,collusive_ring
C038363,collusive_ring
C038433,collusive_ring
C038468,collusive_ring
C038488,collusive_ring
C038512,collusive_ring
C038524,opd_to_ipd
C038563,ghost_beneficiary
C038592,collusive_ring
C038597,opd_to_ipd
C038621,collusive_ring
C038645,opd_to_ipd
C038653,opd_to_ipd
C038656,collusive_ring
C038660,collusive_ring
C038671,collusive_ring
C038711,collusive_ring
C038785,collusive_ring
C038801,collusive_ring
C038841,ghost_beneficiary
C038845,opd_to_ipd
C038853,collusive_ring
C038863,opd_to_ipd
C038941,opd_to_ipd
C038950,opd_to_ipd
C039000,overlapping_admission
C039022,opd_to_ipd
C039033,opd_to_ipd
C039041,collusive_ring
C039049,overlapping_admission
C039059,overlapping_admission
C039064,opd_to_ipd
C039069,opd_to_ipd
C039117,collusive_ring
C039130,collusive_ring
C039176,ghost_beneficiary
C039199,collusive_ring
C039201,collusive_ring
C039203,opd_to_ipd
C039225,collusive_ring
C039231,collusive_ring
C039236,collusive_ring
C039256,opd_to_ipd
C039261,opd_to_ipd
C039286,ghost_beneficiary
C039301,ghost_beneficiary
C039310,collusive_ring
C039376,opd_to_ipd
C039429,ghost_beneficiary
C039442,collusive_ring
C039491,collusive_ring
C039511,collusive_ring
C039536,collusive_ring
C039540,opd_to_ipd
C039548,collusive_ring
C039585,ghost_beneficiary
C039634,unnecessary_procedure
C039636,unnecessary_procedure
C039640,unnecessary_procedure
C039642,unnecessary_procedure
C039643,unnecessary_procedure
C039644,unnecessary_procedure
C039646,unnecessary_procedure
C039647,collusive_ring
C039648,collusive_ring
C039655,unnecessary_procedure
C039656,collusive_ring
C039673,unnecessary_procedure
C039681,unnecessary_procedure
C039709,unnecessary_procedure
C039713,ghost_beneficiary
C039786,collusive_ring
C039791,ghost_beneficiary
C039800,collusive_ring
C039836,collusive_ring
C039837,ghost_beneficiary
C039872,unnecessary_procedure
C039876,unnecessary_procedure
C039877,bed_overrun
C039879,bed_overrun
C039889,unnecessary_procedure
C039893,bed_overrun
C039894,bed_overrun
C039895,bed_overrun
C039898,bed_overrun
C039899,bed_overrun
C039901,bed_overrun
C039902,bed_overrun
C039904,collusive_ring
C039908,bed_overrun
C039910,bed_overrun
C039911,bed_overrun
C039912,bed_overrun
C039913,bed_overrun
C039922,bed_overrun
C039924,collusive_ring
C039929,unnecessary_procedure
C039933,unnecessary_procedure
C039936,bed_overrun
C039939,bed_overrun
C039944,unnecessary_procedure
C039945,bed_overrun
C039948,collusive_ring
C039950,bed_overrun
C039954,bed_overrun
C039956,bed_overrun
C039958,ghost_beneficiary
C039959,bed_overrun
C039963,bed_overrun
C039967,bed_overrun
C039969,bed_overrun
C039973,bed_overrun
C039975,bed_overrun
C039978,bed_overrun
C039980,bed_overrun
C039981,bed_overrun
C039988,bed_overrun
C039989,bed_overrun
C039991,bed_overrun
C039993,bed_overrun
C039999,bed_overrun
C040000,bed_overrun
C040004,bed_overrun
C040005,opd_to_ipd
C040009,bed_overrun
C040011,bed_overrun
C040013,bed_overrun
C040020,bed_overrun
C040021,bed_overrun
C040034,bed_overrun
C040037,bed_overrun
C040040,bed_overrun
C040048,bed_overrun
C040050,bed_overrun
C040051,bed_overrun
C040058,bed_overrun
C040069,collusive_ring
C040070,duplicate_document
C040126,opd_to_ipd
C040128,duplicate_document
C040140,opd_to_ipd
C040166,collusive_ring
C040169,collusive_ring
C040197,collusive_ring
C040204,ghost_beneficiary
C040210,ghost_beneficiary
C040219,opd_to_ipd
C040238,duplicate_document
C040271,overlapping_admission
C040284,opd_to_ipd
C040312,opd_to_ipd
C040322,collusive_ring
C040327,collusive_ring
C040362,ghost_beneficiary
C040372,opd_to_ipd
C040408,collusive_ring
C040453,collusive_ring
C040488,duplicate_document
C040495,overlapping_admission
C040519,collusive_ring
C040527,collusive_ring
C040533,collusive_ring
C040539,collusive_ring
C040556,collusive_ring
C040586,collusive_ring
C040595,collusive_ring
C040604,ghost_beneficiary
C040605,collusive_ring
C040619,opd_to_ipd
C040630,opd_to_ipd
C040645,collusive_ring
C040646,opd_to_ipd
C040678,collusive_ring
C040681,opd_to_ipd
C040740,duplicate_document
C040748,collusive_ring
C040754,collusive_ring
C040759,collusive_ring
C040780,collusive_ring
C040808,package_upcoding
C040813,collusive_ring
C040831,collusive_ring
C040853,collusive_ring
C040877,opd_to_ipd
C040881,collusive_ring
C040893,claim_after_death
C040904,collusive_ring
C040931,opd_to_ipd
C040946,collusive_ring
C040947,ghost_beneficiary
C040952,ghost_beneficiary
C040972,collusive_ring
C040975,overlapping_admission
C040992,package_upcoding
C041000,collusive_ring
C041004,ghost_beneficiary
C041013,opd_to_ipd
C041015,ghost_beneficiary
C041026,opd_to_ipd
C041027,collusive_ring
C041031,ghost_beneficiary
C041032,collusive_ring
C041078,ghost_beneficiary
C041095,opd_to_ipd
C041110,collusive_ring
C041194,collusive_ring
C041208,collusive_ring
C041253,opd_to_ipd
C041262,collusive_ring
C041264,collusive_ring
C041270,overlapping_admission
C041274,collusive_ring
C041313,unnecessary_procedure
C041320,unnecessary_procedure
C041321,unnecessary_procedure
C041323,unnecessary_procedure
C041330,unnecessary_procedure
C041331,unnecessary_procedure
C041335,collusive_ring
C041338,unnecessary_procedure
C041342,opd_to_ipd
C041343,overlapping_admission
C041358,unnecessary_procedure
C041359,collusive_ring
C041365,ghost_beneficiary
C041372,unnecessary_procedure
C041463,collusive_ring
C041524,opd_to_ipd
C041528,overlapping_admission
C041537,collusive_ring
C041557,collusive_ring
C041575,collusive_ring
C041586,collusive_ring
C041595,collusive_ring
C041604,opd_to_ipd
C041635,collusive_ring
C041642,opd_to_ipd
C041681,collusive_ring
C041691,opd_to_ipd
C041707,opd_to_ipd
C041715,package_upcoding
C041719,overlapping_admission
C041721,collusive_ring
C041731,ghost_beneficiary
C041732,collusive_ring
C041737,collusive_ring
C041742,collusive_ring
C041763,package_upcoding
C041774,ghost_beneficiary
C041786,collusive_ring
C041790,opd_to_ipd
C041813,collusive_ring
C041828,collusive_ring
C041839,collusive_ring
C041857,collusive_ring
C041870,collusive_ring
C041882,ghost_beneficiary
C041889,duplicate_document
C041895,opd_to_ipd
C041957,ghost_beneficiary
C042011,collusive_ring
C042016,collusive_ring
C042040,collusive_ring
C042048,opd_to_ipd
C042055,opd_to_ipd
C042065,collusive_ring
C042114,opd_to_ipd
C042129,collusive_ring
C042181,overlapping_admission
C042198,opd_to_ipd
C042221,collusive_ring
C042246,opd_to_ipd
C042257,collusive_ring
C042265,opd_to_ipd
C042268,opd_to_ipd
C042276,collusive_ring
C042294,overlapping_admission
C042338,collusive_ring
C042366,collusive_ring
C042386,collusive_ring
C042400,opd_to_ipd
C042411,opd_to_ipd
C042413,ghost_beneficiary
C042434,opd_to_ipd
C042439,collusive_ring
C042446,opd_to_ipd
C042448,collusive_ring
C042456,opd_to_ipd
C042457,collusive_ring
C042466,collusive_ring
C042506,bed_overrun
C042509,bed_overrun
C042510,bed_overrun
C042511,bed_overrun
C042513,bed_overrun
C042516,bed_overrun
C042518,bed_overrun
C042521,bed_overrun
C042523,bed_overrun
C042524,bed_overrun
C042525,bed_overrun
C042530,bed_overrun
C042531,bed_overrun
C042538,bed_overrun
C042539,bed_overrun
C042542,ghost_beneficiary
C042543,bed_overrun
C042545,bed_overrun
C042546,bed_overrun
C042547,ghost_beneficiary
C042548,bed_overrun
C042551,bed_overrun
C042552,bed_overrun
C042554,bed_overrun
C042555,bed_overrun
C042556,bed_overrun
C042558,bed_overrun
C042560,bed_overrun
C042561,bed_overrun
C042562,bed_overrun
C042570,bed_overrun
C042571,bed_overrun
C042572,bed_overrun
C042576,bed_overrun
C042579,bed_overrun
C042583,bed_overrun
C042584,bed_overrun
C042585,bed_overrun
C042587,bed_overrun
C042588,bed_overrun
C042589,bed_overrun
C042594,bed_overrun
C042595,bed_overrun
C042598,bed_overrun
C042601,bed_overrun
C042603,bed_overrun
C042605,bed_overrun
C042606,bed_overrun
C042607,bed_overrun
C042608,bed_overrun
C042613,bed_overrun
C042617,bed_overrun
C042619,bed_overrun
C042620,bed_overrun
C042621,bed_overrun
C042627,bed_overrun
C042631,bed_overrun
C042634,bed_overrun
C042640,bed_overrun
C042643,bed_overrun
C042644,bed_overrun
C042646,bed_overrun
C042649,bed_overrun
C042651,bed_overrun
C042652,bed_overrun
C042654,bed_overrun
C042657,bed_overrun
C042659,bed_overrun
C042660,bed_overrun
C042662,bed_overrun
C042663,bed_overrun
C042664,bed_overrun
C042665,bed_overrun
C042667,bed_overrun
C042672,bed_overrun
C042677,bed_overrun
C042679,bed_overrun
C042680,bed_overrun
C042681,bed_overrun
C042684,bed_overrun
C042685,bed_overrun
C042691,bed_overrun
C042692,bed_overrun
C042693,bed_overrun
C042694,bed_overrun
C042695,bed_overrun
C042696,bed_overrun
C042699,bed_overrun
C042701,bed_overrun
C042702,bed_overrun
C042703,bed_overrun
C042704,bed_overrun
C042705,bed_overrun
C042706,bed_overrun
C042708,bed_overrun
C042709,bed_overrun
C042710,bed_overrun
C042715,bed_overrun
C042720,bed_overrun
C042722,bed_overrun
C042725,bed_overrun
C042727,bed_overrun
C042728,bed_overrun
C042729,bed_overrun
C042730,bed_overrun
C042733,bed_overrun
C042734,bed_overrun
C042737,bed_overrun
C042738,bed_overrun
C042741,bed_overrun
C042743,bed_overrun
C042745,bed_overrun
C042746,bed_overrun
C042748,bed_overrun
C042750,bed_overrun
C042752,bed_overrun
C042755,bed_overrun
C042757,bed_overrun
C042759,bed_overrun
C042760,bed_overrun
C042761,bed_overrun
C042762,bed_overrun
C042763,bed_overrun
C042768,bed_overrun
C042769,bed_overrun
C042771,bed_overrun
C042772,bed_overrun
C042774,bed_overrun
C042775,bed_overrun
C042777,bed_overrun
C042778,bed_overrun
C042780,bed_overrun
C042781,bed_overrun
C042782,bed_overrun
C042783,bed_overrun
C042784,bed_overrun
C042785,bed_overrun
C042786,bed_overrun
C042788,bed_overrun
C042789,bed_overrun
C042790,bed_overrun
C042795,ghost_beneficiary
C042836,collusive_ring
C042851,overlapping_admission
C042854,overlapping_admission
C042866,ghost_beneficiary
C042871,collusive_ring
C042907,duplicate_document
C042911,opd_to_ipd
C042919,ghost_beneficiary
C042925,collusive_ring
C042935,collusive_ring
C042948,collusive_ring
C042954,collusive_ring
C042963,collusive_ring
C042998,collusive_ring
C043029,opd_to_ipd
C043040,collusive_ring
C043042,collusive_ring
C043049,collusive_ring
C043050,overlapping_admission
C043057,collusive_ring
C043067,collusive_ring
C043073,collusive_ring
C043076,bed_overrun
C043078,bed_overrun
C043079,bed_overrun
C043080,bed_overrun
C043081,bed_overrun
C043082,bed_overrun
C043083,bed_overrun
C043084,bed_overrun
C043085,bed_overrun
C043086,bed_overrun
C043087,bed_overrun
C043088,bed_overrun
C043089,bed_overrun
C043093,bed_overrun
C043094,opd_to_ipd
C043096,bed_overrun
C043097,bed_overrun
C043098,bed_overrun
C043099,bed_overrun
C043104,bed_overrun
C043105,bed_overrun
C043106,bed_overrun
C043108,bed_overrun
C043109,bed_overrun
C043110,bed_overrun
C043116,bed_overrun
C043117,bed_overrun
C043118,bed_overrun
C043120,bed_overrun
C043122,bed_overrun
C043125,bed_overrun
C043126,bed_overrun
C043130,bed_overrun
C043131,bed_overrun
C043132,bed_overrun
C043138,bed_overrun
C043139,bed_overrun
C043141,bed_overrun
C043142,bed_overrun
C043143,bed_overrun
C043145,bed_overrun
C043146,bed_overrun
C043147,bed_overrun
C043148,bed_overrun
C043149,bed_overrun
C043150,bed_overrun
C043152,bed_overrun
C043155,bed_overrun
C043156,bed_overrun
C043157,bed_overrun
C043160,bed_overrun
C043162,bed_overrun
C043163,bed_overrun
C043166,bed_overrun
C043168,bed_overrun
C043169,bed_overrun
C043170,bed_overrun
C043172,bed_overrun
C043173,bed_overrun
C043174,bed_overrun
C043175,bed_overrun
C043176,bed_overrun
C043177,bed_overrun
C043178,bed_overrun
C043179,bed_overrun
C043180,bed_overrun
C043182,bed_overrun
C043186,bed_overrun
C043187,bed_overrun
C043189,bed_overrun
C043190,bed_overrun
C043192,bed_overrun
C043193,bed_overrun
C043194,bed_overrun
C043195,bed_overrun
C043196,bed_overrun
C043197,bed_overrun
C043200,bed_overrun
C043204,bed_overrun
C043205,bed_overrun
C043210,bed_overrun
C043211,bed_overrun
C043213,bed_overrun
C043214,opd_to_ipd
C043215,bed_overrun
C043216,bed_overrun
C043217,bed_overrun
C043218,bed_overrun
C043219,bed_overrun
C043220,bed_overrun
C043222,bed_overrun
C043226,bed_overrun
C043229,bed_overrun
C043230,bed_overrun
C043232,bed_overrun
C043233,bed_overrun
C043234,bed_overrun
C043235,bed_overrun
C043237,bed_overrun
C043238,bed_overrun
C043239,bed_overrun
C043240,bed_overrun
C043243,bed_overrun
C043245,bed_overrun
C043253,bed_overrun
C043254,bed_overrun
C043255,bed_overrun
C043256,bed_overrun
C043258,bed_overrun
C043259,bed_overrun
C043260,bed_overrun
C043262,collusive_ring
C043264,bed_overrun
C043267,bed_overrun
C043268,bed_overrun
C043272,bed_overrun
C043274,bed_overrun
C043275,bed_overrun
C043276,bed_overrun
C043281,bed_overrun
C043285,bed_overrun
C043286,bed_overrun
C043287,bed_overrun
C043288,bed_overrun
C043289,bed_overrun
C043290,bed_overrun
C043292,bed_overrun
C043293,bed_overrun
C043294,bed_overrun
C043298,bed_overrun
C043299,bed_overrun
C043301,bed_overrun
C043302,bed_overrun
C043303,bed_overrun
C043305,bed_overrun
C043306,bed_overrun
C043307,bed_overrun
C043309,bed_overrun
C043310,bed_overrun
C043311,bed_overrun
C043313,bed_overrun
C043315,bed_overrun
C043316,bed_overrun
C043317,bed_overrun
C043319,bed_overrun
C043323,collusive_ring
C043328,bed_overrun
C043330,bed_overrun
C043332,bed_overrun
C043333,ghost_beneficiary
C043336,bed_overrun
C043343,bed_overrun
C043348,bed_overrun
C043349,bed_overrun
C043350,bed_overrun
C043351,bed_overrun
C043353,bed_overrun
C043355,bed_overrun
C043356,collusive_ring
C043357,bed_overrun
C043360,bed_overrun
C043361,bed_overrun
C043366,bed_overrun
C043368,bed_overrun
C043371,bed_overrun
C043373,bed_overrun
C043374,bed_overrun
C043379,bed_overrun
C043381,bed_overrun
C043384,bed_overrun
C043385,bed_overrun
C043387,collusive_ring
C043388,bed_overrun
C043389,bed_overrun
C043390,bed_overrun
C043391,bed_overrun
C043392,bed_overrun
C043393,bed_overrun
C043397,bed_overrun
C043401,bed_overrun
C043402,bed_overrun
C043403,bed_overrun
C043405,bed_overrun
C043406,collusive_ring
C043407,bed_overrun
C043408,bed_overrun
C043411,bed_overrun
C043412,bed_overrun
C043413,ghost_beneficiary
C043415,bed_overrun
C043425,opd_to_ipd
C043440,opd_to_ipd
C043449,ghost_beneficiary
C043475,collusive_ring
C043479,overlapping_admission
C043485,collusive_ring
C043488,collusive_ring
C043497,collusive_ring
C043503,opd_to_ipd
C043593,collusive_ring
C043597,opd_to_ipd
C043606,opd_to_ipd
C043612,opd_to_ipd
C043625,collusive_ring
C043627,ghost_beneficiary
C043641,collusive_ring
C043651,collusive_ring
C043690,opd_to_ipd
C043705,collusive_ring
C043708,package_upcoding
C043724,collusive_ring
C043728,duplicate_document
C043739,collusive_ring
C043747,ghost_beneficiary
C043771,collusive_ring
C043779,collusive_ring
C043794,collusive_ring
C043799,collusive_ring
C043829,opd_to_ipd
C043833,collusive_ring
C043844,collusive_ring
C043893,opd_to_ipd
C043896,opd_to_ipd
C043903,collusive_ring
C043909,collusive_ring
C043930,ghost_beneficiary
C043945,opd_to_ipd
C043963,collusive_ring
C043978,opd_to_ipd
C043995,opd_to_ipd
C043998,package_upcoding
C044021,collusive_ring
C044034,ghost_beneficiary
C044042,duplicate_document
C044049,overlapping_admission
C044065,collusive_ring
C044074,collusive_ring
C044083,ghost_beneficiary
C044085,overlapping_admission
C044086,overlapping_admission
C044111,opd_to_ipd
C044114,collusive_ring
C044127,collusive_ring
C044134,opd_to_ipd
C044135,collusive_ring
C044137,opd_to_ipd
C044142,opd_to_ipd
C044183,ghost_beneficiary
C044187,opd_to_ipd
C044192,opd_to_ipd
C044211,opd_to_ipd
C044230,collusive_ring
C044243,collusive_ring
C044247,collusive_ring
C044311,overlapping_admission
C044316,ghost_beneficiary
C044354,collusive_ring
C044378,opd_to_ipd
C044382,opd_to_ipd
C044419,opd_to_ipd
C044448,collusive_ring
C044459,collusive_ring
C044485,collusive_ring
C044516,collusive_ring
C044529,overlapping_admission
C044539,duplicate_document
C044541,collusive_ring
C044549,duplicate_document
C044573,collusive_ring
C044590,collusive_ring
C044595,opd_to_ipd
C044613,collusive_ring
C044614,collusive_ring
C044616,ghost_beneficiary
C044699,collusive_ring
C044703,collusive_ring
C044718,package_upcoding
C044769,ghost_beneficiary
C044777,collusive_ring
C044803,opd_to_ipd
C044806,ghost_beneficiary
C044815,ghost_beneficiary
C044822,overlapping_admission
C044828,opd_to_ipd
C044832,collusive_ring
C044835,collusive_ring
C044844,collusive_ring
C044847,collusive_ring
C044870,opd_to_ipd
C044880,collusive_ring
C044889,collusive_ring
C044894,collusive_ring
C044896,opd_to_ipd
C044914,collusive_ring
C044935,collusive_ring
C044938,opd_to_ipd
C044939,opd_to_ipd
C044950,collusive_ring
C044956,opd_to_ipd
C044959,collusive_ring
C044970,collusive_ring
C044976,collusive_ring
C044980,overlapping_admission
C044991,collusive_ring
C045003,collusive_ring
C045033,collusive_ring
C045047,collusive_ring
C045056,collusive_ring
C045067,ghost_beneficiary
C045079,collusive_ring
C045093,opd_to_ipd
C045095,opd_to_ipd
C045116,collusive_ring
C045124,ghost_beneficiary
C045130,opd_to_ipd
C045139,opd_to_ipd
C045142,opd_to_ipd
C045153,opd_to_ipd
C045161,bed_overrun
C045166,bed_overrun
C045168,bed_overrun
C045170,bed_overrun
C045171,bed_overrun
C045173,collusive_ring
C045177,bed_overrun
C045181,bed_overrun
C045184,bed_overrun
C045185,bed_overrun
C045186,bed_overrun
C045190,bed_overrun
C045192,bed_overrun
C045194,bed_overrun
C045195,bed_overrun
C045201,bed_overrun
C045203,ghost_beneficiary
C045205,bed_overrun
C045210,opd_to_ipd
C045211,bed_overrun
C045212,collusive_ring
C045213,bed_overrun
C045215,bed_overrun
C045216,bed_overrun
C045218,bed_overrun
C045219,bed_overrun
C045221,bed_overrun
C045224,bed_overrun
C045231,bed_overrun
C045232,bed_overrun
C045239,bed_overrun
C045240,bed_overrun
C045242,bed_overrun
C045246,bed_overrun
C045249,bed_overrun
C045252,bed_overrun
C045253,bed_overrun
C045258,bed_overrun
C045259,collusive_ring
C045261,bed_overrun
C045262,bed_overrun
C045263,bed_overrun
C045265,bed_overrun
C045271,collusive_ring
C045274,bed_overrun
C045277,bed_overrun
C045278,bed_overrun
C045279,bed_overrun
C045281,bed_overrun
C045285,bed_overrun
C045288,bed_overrun
C045290,bed_overrun
C045292,bed_overrun
C045293,collusive_ring
C045294,bed_overrun
C045297,collusive_ring
C045299,bed_overrun
C045300,bed_overrun
C045302,bed_overrun
C045303,bed_overrun
C045308,bed_overrun
C045311,bed_overrun
C045314,bed_overrun
C045316,bed_overrun
C045317,bed_overrun
C045319,bed_overrun
C045320,bed_overrun
C045321,bed_overrun
C045322,bed_overrun
C045325,bed_overrun
C045329,bed_overrun
C045331,bed_overrun
C045332,bed_overrun
C045334,bed_overrun
C045337,bed_overrun
C045339,bed_overrun
C045341,bed_overrun
C045342,bed_overrun
C045343,bed_overrun
C045344,bed_overrun
C045346,bed_overrun
C045347,bed_overrun
C045352,bed_overrun
C045353,bed_overrun
C045357,bed_overrun
C045360,bed_overrun
C045361,bed_overrun
C045365,bed_overrun
C045366,bed_overrun
C045368,collusive_ring
C045384,opd_to_ipd
C045392,collusive_ring
C045397,ghost_beneficiary
C045431,collusive_ring
C045442,collusive_ring
C045501,opd_to_ipd
C045523,collusive_ring
C045528,opd_to_ipd
C045529,duplicate_document
C045562,collusive_ring
C045597,collusive_ring
C045629,ghost_beneficiary
C045642,collusive_ring
C045651,collusive_ring
C045676,collusive_ring
C045689,ghost_beneficiary
C045697,collusive_ring
C045712,collusive_ring
C045757,collusive_ring
C045761,collusive_ring
C045777,opd_to_ipd
C045801,ghost_beneficiary
C045818,collusive_ring
C045834,ghost_beneficiary
C045840,collusive_ring
C045863,collusive_ring
C045872,collusive_ring
C045890,collusive_ring
C045896,collusive_ring
C045937,collusive_ring
C045962,opd_to_ipd
C045973,ghost_beneficiary
C045981,collusive_ring
C045982,collusive_ring
C046055,collusive_ring
C046074,collusive_ring
C046075,collusive_ring
C046115,collusive_ring
C046118,collusive_ring
C046130,collusive_ring
C046143,opd_to_ipd
C046156,opd_to_ipd
C046160,collusive_ring
C046178,opd_to_ipd
C046197,collusive_ring
C046200,opd_to_ipd
C046207,collusive_ring
C046215,collusive_ring
C046217,ghost_beneficiary
C046237,ghost_beneficiary
C046239,opd_to_ipd
C046261,collusive_ring
C046262,collusive_ring
C046274,duplicate_document
C046278,collusive_ring
C046282,collusive_ring
C046284,collusive_ring
C046297,collusive_ring
C046303,collusive_ring
C046317,package_upcoding
C046327,package_upcoding
C046331,collusive_ring
C046340,overlapping_admission
C046354,collusive_ring
C046356,collusive_ring
C046358,opd_to_ipd
C046367,collusive_ring
C046370,opd_to_ipd
C046373,collusive_ring
C046380,opd_to_ipd
C046385,opd_to_ipd
C046411,collusive_ring
C046436,collusive_ring
C046464,collusive_ring
C046487,collusive_ring
C046489,ghost_beneficiary
C046491,opd_to_ipd
C046500,collusive_ring
C046509,opd_to_ipd
C046532,collusive_ring
C046534,collusive_ring
C046545,opd_to_ipd
C046546,opd_to_ipd
C046553,opd_to_ipd
C046566,opd_to_ipd
C046589,opd_to_ipd
C046603,ghost_beneficiary
C046623,opd_to_ipd
C046628,opd_to_ipd
C046678,opd_to_ipd
C046680,collusive_ring
C046687,collusive_ring
C046726,opd_to_ipd
C046729,duplicate_document
C046734,opd_to_ipd
C046738,collusive_ring
C046744,collusive_ring
C046753,collusive_ring
C046797,ghost_beneficiary
C046805,collusive_ring
C046820,collusive_ring
C046830,collusive_ring
C046838,opd_to_ipd
C046848,ghost_beneficiary
C046854,collusive_ring
C046859,opd_to_ipd
C046917,collusive_ring
C046933,opd_to_ipd
C046963,collusive_ring
C046966,duplicate_document
C046986,collusive_ring
C046997,opd_to_ipd
C047002,opd_to_ipd
C047003,overlapping_admission
C047018,ghost_beneficiary
C047020,ghost_beneficiary
C047037,opd_to_ipd
C047050,collusive_ring
C047052,collusive_ring
C047096,opd_to_ipd
C047121,ghost_beneficiary
C047140,collusive_ring
C047159,collusive_ring
C047165,collusive_ring
C047176,ghost_beneficiary
C047223,collusive_ring
C047231,opd_to_ipd
C047236,collusive_ring
C047245,collusive_ring
C047304,duplicate_document
C047354,collusive_ring
C047355,collusive_ring
C047366,ghost_beneficiary
C047378,collusive_ring
C047386,opd_to_ipd
C047389,collusive_ring
C047424,duplicate_document
C047433,collusive_ring
C047443,opd_to_ipd
C047450,claim_after_death
C047452,duplicate_document
C047453,unnecessary_procedure
C047454,unnecessary_procedure
C047468,unnecessary_procedure
C047477,unnecessary_procedure
C047478,unnecessary_procedure
C047496,unnecessary_procedure
C047517,collusive_ring
C047519,unnecessary_procedure
C047537,opd_to_ipd
C047543,collusive_ring
C047555,duplicate_document
C047559,collusive_ring
C047569,duplicate_document
C047574,collusive_ring
C047624,opd_to_ipd
C047627,opd_to_ipd
C047637,overlapping_admission
C047668,unnecessary_procedure
C047672,unnecessary_procedure
C047678,unnecessary_procedure
C047698,opd_to_ipd
C047705,unnecessary_procedure
C047708,collusive_ring
C047715,unnecessary_procedure
C047719,unnecessary_procedure
C047724,unnecessary_procedure
C047725,unnecessary_procedure
C047726,unnecessary_procedure
C047727,claim_after_death
C047735,ghost_beneficiary
C047738,collusive_ring
C047766,collusive_ring
C047770,ghost_beneficiary
C047771,collusive_ring
C047772,opd_to_ipd
C047810,ghost_beneficiary
C047837,overlapping_admission
C047866,collusive_ring
C047870,collusive_ring
C047875,overlapping_admission
C047893,collusive_ring
C047898,package_upcoding
C047920,collusive_ring
C047922,ghost_beneficiary
C047931,collusive_ring
C047972,ghost_beneficiary
C047990,opd_to_ipd
C048078,opd_to_ipd
C048091,opd_to_ipd
C048123,package_upcoding
C048126,collusive_ring
C048160,collusive_ring
C048164,collusive_ring
C048193,opd_to_ipd
C048211,opd_to_ipd
C048221,ghost_beneficiary
C048222,collusive_ring
C048226,opd_to_ipd
C048261,collusive_ring
C048269,collusive_ring
C048281,claim_after_death
C048287,collusive_ring
C048304,collusive_ring
C048327,duplicate_document
C048332,collusive_ring
C048337,collusive_ring
C048361,collusive_ring
C048367,overlapping_admission
C048392,collusive_ring
C048422,ghost_beneficiary
C048424,collusive_ring
C048426,collusive_ring
C048477,collusive_ring
C048481,opd_to_ipd
C048518,collusive_ring
C048530,opd_to_ipd
C048555,opd_to_ipd
C048561,ghost_beneficiary
C048566,collusive_ring
C048567,collusive_ring
C048582,ghost_beneficiary
C048583,opd_to_ipd
C048587,collusive_ring
C048604,opd_to_ipd
C048612,opd_to_ipd
C048625,collusive_ring
C048680,collusive_ring
C048694,collusive_ring
C048706,opd_to_ipd
C048731,opd_to_ipd
C048744,collusive_ring
C048748,opd_to_ipd
C048754,opd_to_ipd
C048810,collusive_ring
C048823,collusive_ring
C048824,collusive_ring
C048840,ghost_beneficiary
C048872,collusive_ring
C048904,overlapping_admission
C048911,ghost_beneficiary
C048947,collusive_ring
C048967,ghost_beneficiary
C048976,collusive_ring
C048994,collusive_ring
C048996,collusive_ring
C049013,collusive_ring
C049034,collusive_ring
C049039,collusive_ring
C049049,collusive_ring
C049051,collusive_ring
C049060,collusive_ring
C049063,collusive_ring
C049064,opd_to_ipd
C049076,overlapping_admission
C049085,opd_to_ipd
C049090,opd_to_ipd
C049109,bed_overrun
C049111,bed_overrun
C049112,bed_overrun
C049115,bed_overrun
C049116,bed_overrun
C049117,bed_overrun
C049119,bed_overrun
C049122,bed_overrun
C049123,bed_overrun
C049126,bed_overrun
C049127,bed_overrun
C049130,bed_overrun
C049134,bed_overrun
C049137,bed_overrun
C049138,bed_overrun
C049139,duplicate_document
C049146,bed_overrun
C049147,bed_overrun
C049148,bed_overrun
C049149,bed_overrun
C049150,bed_overrun
C049154,bed_overrun
C049162,bed_overrun
C049163,bed_overrun
C049164,bed_overrun
C049165,bed_overrun
C049167,collusive_ring
C049168,bed_overrun
C049169,bed_overrun
C049173,bed_overrun
C049176,bed_overrun
C049179,bed_overrun
C049185,bed_overrun
C049187,bed_overrun
C049192,bed_overrun
C049194,bed_overrun
C049198,collusive_ring
C049200,bed_overrun
C049201,bed_overrun
C049202,bed_overrun
C049203,bed_overrun
C049206,bed_overrun
C049208,bed_overrun
C049210,bed_overrun
C049211,bed_overrun
C049213,bed_overrun
C049215,collusive_ring
C049219,bed_overrun
C049220,bed_overrun
C049225,bed_overrun
C049228,bed_overrun
C049230,bed_overrun
C049233,bed_overrun
C049236,bed_overrun
C049239,bed_overrun
C049240,bed_overrun
C049242,bed_overrun
C049244,bed_overrun
C049245,bed_overrun
C049246,bed_overrun
C049247,bed_overrun
C049248,bed_overrun
C049249,bed_overrun
C049250,bed_overrun
C049251,bed_overrun
C049252,bed_overrun
C049253,bed_overrun
C049255,bed_overrun
C049256,bed_overrun
C049257,bed_overrun
C049259,bed_overrun
C049260,bed_overrun
C049263,bed_overrun
C049264,bed_overrun
C049265,bed_overrun
C049266,bed_overrun
C049267,bed_overrun
C049275,bed_overrun
C049277,bed_overrun
C049278,bed_overrun
C049279,bed_overrun
C049280,bed_overrun
C049284,bed_overrun
C049286,bed_overrun
C049287,bed_overrun
C049289,bed_overrun
C049291,bed_overrun
C049294,bed_overrun
C049296,bed_overrun
C049297,bed_overrun
C049298,bed_overrun
C049299,bed_overrun
C049300,bed_overrun
C049301,bed_overrun
C049303,bed_overrun
C049304,bed_overrun
C049306,bed_overrun
C049309,bed_overrun
C049311,bed_overrun
C049312,bed_overrun
C049313,bed_overrun
C049315,bed_overrun
C049317,bed_overrun
C049318,bed_overrun
C049319,bed_overrun
C049322,bed_overrun
C049323,bed_overrun
C049326,bed_overrun
C049328,bed_overrun
C049329,bed_overrun
C049330,bed_overrun
C049331,bed_overrun
C049333,bed_overrun
C049334,bed_overrun
C049335,collusive_ring
C049336,bed_overrun
C049339,bed_overrun
C049346,bed_overrun
C049349,bed_overrun
C049350,bed_overrun
C049351,bed_overrun
C049353,bed_overrun
C049354,bed_overrun
C049355,bed_overrun
C049356,bed_overrun
C049358,bed_overrun
C049361,bed_overrun
C049362,bed_overrun
C049363,bed_overrun
C049364,bed_overrun
C049367,bed_overrun
C049369,bed_overrun
C049370,bed_overrun
C049371,bed_overrun
C049372,bed_overrun
C049373,bed_overrun
C049374,bed_overrun
C049375,bed_overrun
C049376,bed_overrun
C049378,bed_overrun
C049383,bed_overrun
C049386,bed_overrun
C049387,bed_overrun
C049390,bed_overrun
C049391,collusive_ring
C049408,duplicate_document
C049431,overlapping_admission
C049435,ghost_beneficiary
C049439,ghost_beneficiary
C049488,duplicate_document
C049502,ghost_beneficiary
C049581,overlapping_admission
C049584,ghost_beneficiary
C049602,collusive_ring
C049605,overlapping_admission
C049607,collusive_ring
C049639,collusive_ring
C049666,collusive_ring
C049669,opd_to_ipd
C049671,collusive_ring
C049672,opd_to_ipd
C049682,opd_to_ipd
C049701,collusive_ring
C049709,collusive_ring
C049716,opd_to_ipd
C049766,ghost_beneficiary
C049775,collusive_ring
C049791,collusive_ring
C049831,collusive_ring
C049858,overlapping_admission
C049860,opd_to_ipd
C049862,collusive_ring
C049885,collusive_ring
C049910,ghost_beneficiary
C049914,collusive_ring
C049933,collusive_ring
C049945,collusive_ring
C049946,opd_to_ipd
C049962,collusive_ring
C049963,collusive_ring
C049970,collusive_ring
C049976,opd_to_ipd
C049982,ghost_beneficiary
C049989,opd_to_ipd
C049998,collusive_ring
C050019,collusive_ring
C050030,collusive_ring
C050041,collusive_ring
C050065,opd_to_ipd
C050092,opd_to_ipd
C050128,collusive_ring
C050142,collusive_ring
C050158,collusive_ring
C050190,collusive_ring
C050206,ghost_beneficiary
C050207,ghost_beneficiary
C050210,opd_to_ipd
C050222,collusive_ring
C050249,opd_to_ipd
C050257,collusive_ring
C050267,ghost_beneficiary
C050268,collusive_ring
C050292,ghost_beneficiary
C050294,collusive_ring
C050298,collusive_ring
C050335,opd_to_ipd
C050359,collusive_ring
C050373,collusive_ring
C050390,collusive_ring
C050393,collusive_ring
C050399,opd_to_ipd
C050419,unnecessary_procedure
C050421,unnecessary_procedure
C050423,unnecessary_procedure
C050424,collusive_ring
C050425,unnecessary_procedure
C050431,unnecessary_procedure
C050434,collusive_ring
C050438,unnecessary_procedure
C050455,unnecessary_procedure
C050462,unnecessary_procedure
C050468,opd_to_ipd
C050473,unnecessary_procedure
C050477,collusive_ring
C050486,unnecessary_procedure
C050525,collusive_ring
C050531,collusive_ring
C050537,collusive_ring
C050556,collusive_ring
C050578,overlapping_admission
C050579,opd_to_ipd
C050586,opd_to_ipd
C050597,opd_to_ipd
C050609,collusive_ring
C050611,collusive_ring
C050614,opd_to_ipd
C050650,collusive_ring
C050657,collusive_ring
C050671,collusive_ring
C050678,opd_to_ipd
C050683,opd_to_ipd
C050690,collusive_ring
C050691,opd_to_ipd
C050692,collusive_ring
C050695,collusive_ring
C050715,collusive_ring
C050718,collusive_ring
C050735,collusive_ring
C050771,collusive_ring
C050781,collusive_ring
C050782,collusive_ring
C050797,collusive_ring
C050800,opd_to_ipd
C050801,opd_to_ipd
C050810,collusive_ring
C050814,collusive_ring
C050816,collusive_ring
C050822,ghost_beneficiary
C050824,overlapping_admission
C050826,collusive_ring
C050837,collusive_ring
C050860,collusive_ring
C050868,opd_to_ipd
C050896,collusive_ring
C050924,opd_to_ipd
C050929,opd_to_ipd
C050941,collusive_ring
C050968,collusive_ring
C050970,collusive_ring
C050971,collusive_ring
C051018,collusive_ring
C051041,collusive_ring
C051045,overlapping_admission
C051049,collusive_ring
C051073,collusive_ring
C051103,collusive_ring
C051112,collusive_ring
C051117,collusive_ring
C051133,opd_to_ipd
C051152,collusive_ring
C051167,collusive_ring
C051172,collusive_ring
C051173,opd_to_ipd
C051218,opd_to_ipd
C051219,collusive_ring
C051223,collusive_ring
C051229,collusive_ring
C051234,collusive_ring
C051238,collusive_ring
C051244,collusive_ring
C051251,package_upcoding
C051252,collusive_ring
C051262,collusive_ring
C051270,collusive_ring
C051282,opd_to_ipd
C051285,opd_to_ipd
C051290,opd_to_ipd
C051326,collusive_ring
C051347,opd_to_ipd
C051379,collusive_ring
C051387,duplicate_document
C051388,collusive_ring
C051389,collusive_ring
C051404,collusive_ring
C051408,collusive_ring
C051426,ghost_beneficiary
C051459,opd_to_ipd
C051461,collusive_ring
C051467,ghost_beneficiary
C051476,collusive_ring
C051485,opd_to_ipd
C051486,collusive_ring
C051514,collusive_ring
C051530,collusive_ring
C051535,collusive_ring
C051537,opd_to_ipd
C051542,collusive_ring
C051549,opd_to_ipd
C051552,opd_to_ipd
C051562,opd_to_ipd
C051584,opd_to_ipd
C051586,ghost_beneficiary
C051592,collusive_ring
C051596,collusive_ring
C051601,collusive_ring
C051653,opd_to_ipd
C051663,collusive_ring
C051666,duplicate_document
C051673,collusive_ring
C051681,opd_to_ipd
C051691,collusive_ring
C051699,opd_to_ipd
C051703,collusive_ring
C051719,opd_to_ipd
C051765,collusive_ring
C051782,opd_to_ipd
C051786,opd_to_ipd
C051789,collusive_ring
C051795,opd_to_ipd
C051830,collusive_ring
C051845,collusive_ring
C051861,collusive_ring
C051872,opd_to_ipd
C051942,collusive_ring
C051959,opd_to_ipd
C051964,opd_to_ipd
C051979,opd_to_ipd
C051995,collusive_ring
C052012,collusive_ring
C052013,collusive_ring
C052025,collusive_ring
C052047,collusive_ring
C052063,opd_to_ipd
C052069,collusive_ring
C052085,overlapping_admission
C052089,collusive_ring
C052091,collusive_ring
C052112,collusive_ring
C052123,collusive_ring
C052151,opd_to_ipd
C052158,collusive_ring
C052173,collusive_ring
C052185,ghost_beneficiary
C052219,opd_to_ipd
C052220,collusive_ring
C052233,collusive_ring
C052234,collusive_ring
C052252,opd_to_ipd
C052256,collusive_ring
C052270,overlapping_admission
C052273,opd_to_ipd
C052283,opd_to_ipd
C052295,overlapping_admission
C052303,collusive_ring
C052314,collusive_ring
C052321,opd_to_ipd
C052327,collusive_ring
C052329,duplicate_document
C052335,collusive_ring
C052341,opd_to_ipd
C052359,collusive_ring
C052375,opd_to_ipd
C052383,opd_to_ipd
C052389,package_upcoding
C052437,opd_to_ipd
C052462,duplicate_document
C052468,opd_to_ipd
C052476,duplicate_document
C052490,collusive_ring
C052495,collusive_ring
C052502,ghost_beneficiary
C052503,opd_to_ipd
C052527,collusive_ring
C052556,opd_to_ipd
C052562,collusive_ring
C052564,collusive_ring
C052578,collusive_ring
C052628,collusive_ring
C052640,opd_to_ipd
C052648,collusive_ring
C052657,package_upcoding
C052676,collusive_ring
C052700,opd_to_ipd
C052734,collusive_ring
C052744,duplicate_document
C052750,collusive_ring
C052773,collusive_ring
C052776,collusive_ring
C052794,collusive_ring
C052798,collusive_ring
C052802,collusive_ring
C052817,opd_to_ipd
C052822,opd_to_ipd
C052828,ghost_beneficiary
C052832,collusive_ring
C052855,collusive_ring
C052859,collusive_ring
C052863,collusive_ring
C052867,collusive_ring
C052884,collusive_ring
C052891,ghost_beneficiary
C053016,opd_to_ipd
C053022,opd_to_ipd
C053023,collusive_ring
C053028,opd_to_ipd
C053029,collusive_ring
C053058,collusive_ring
C053061,opd_to_ipd
C053062,opd_to_ipd
C053094,opd_to_ipd
C053113,collusive_ring
C053142,ghost_beneficiary
C053146,collusive_ring
C053196,opd_to_ipd
C053222,ghost_beneficiary
C053227,ghost_beneficiary
C053246,collusive_ring
C053250,opd_to_ipd
C053296,opd_to_ipd
C053320,collusive_ring
C053336,collusive_ring
C053362,collusive_ring
C053377,ghost_beneficiary
C053388,collusive_ring
C053401,ghost_beneficiary
C053408,collusive_ring
C053449,collusive_ring
C053478,ghost_beneficiary
C053488,collusive_ring
C053501,ghost_beneficiary
C053506,collusive_ring
C053524,collusive_ring
C053544,claim_after_death
C053545,collusive_ring
C053549,collusive_ring
C053578,collusive_ring
C053592,collusive_ring
C053608,collusive_ring
C053612,opd_to_ipd
C053626,collusive_ring
C053629,collusive_ring
C053633,collusive_ring
C053637,collusive_ring
C053661,collusive_ring
C053662,opd_to_ipd
C053663,collusive_ring
C053667,overlapping_admission
C053677,collusive_ring
C053695,opd_to_ipd
C053698,opd_to_ipd
C053743,collusive_ring
C053755,opd_to_ipd
C053794,collusive_ring
C053819,collusive_ring
C053846,opd_to_ipd
C053857,opd_to_ipd
C053869,collusive_ring
C053873,opd_to_ipd
C053877,collusive_ring
C053886,duplicate_document
C053895,collusive_ring
C053896,collusive_ring
C053902,opd_to_ipd
C053904,package_upcoding
C053911,collusive_ring
C053912,collusive_ring
C053962,opd_to_ipd
C053973,collusive_ring
C053980,collusive_ring
C053983,collusive_ring
C054001,opd_to_ipd
C054008,collusive_ring
C054041,collusive_ring
C054042,collusive_ring
C054055,collusive_ring
C054059,collusive_ring
C054068,collusive_ring
C054084,collusive_ring
C054103,collusive_ring
C054104,collusive_ring
C054109,collusive_ring
C054125,collusive_ring
C054130,collusive_ring
C054139,opd_to_ipd
C054145,collusive_ring
C054150,collusive_ring
C054169,collusive_ring
C054177,opd_to_ipd
C054179,unnecessary_procedure
C054180,unnecessary_procedure
C054195,collusive_ring
C054208,collusive_ring
C054212,unnecessary_procedure
C054224,unnecessary_procedure
C054226,unnecessary_procedure
C054227,collusive_ring
C054232,ghost_beneficiary
C054235,unnecessary_procedure
C054238,opd_to_ipd
C054259,collusive_ring
C054260,ghost_beneficiary
C054262,collusive_ring
C054264,unnecessary_procedure
C054285,overlapping_admission
C054312,opd_to_ipd
C054319,collusive_ring
C054367,opd_to_ipd
C054372,overlapping_admission
C054377,collusive_ring
C054393,collusive_ring
C054395,collusive_ring
C054397,overlapping_admission
C054400,collusive_ring
C054405,opd_to_ipd
C054412,collusive_ring
C054414,collusive_ring
C054415,collusive_ring
C054426,opd_to_ipd
C054428,ghost_beneficiary
C054435,collusive_ring
C054448,collusive_ring
C054452,opd_to_ipd
C054456,collusive_ring
C054458,package_upcoding
C054461,opd_to_ipd
C054469,collusive_ring
C054475,opd_to_ipd
C054478,opd_to_ipd
C054503,ghost_beneficiary
C054519,collusive_ring
C054523,collusive_ring
C054539,opd_to_ipd
C054549,opd_to_ipd
C054582,collusive_ring
C054602,opd_to_ipd
C054604,collusive_ring
C054614,collusive_ring
C054622,collusive_ring
C054626,unnecessary_procedure
C054627,ghost_beneficiary
C054629,unnecessary_procedure
C054631,unnecessary_procedure
C054635,unnecessary_procedure
C054642,collusive_ring
C054643,unnecessary_procedure
C054649,unnecessary_procedure
C054654,unnecessary_procedure
C054659,unnecessary_procedure
C054661,unnecessary_procedure
C054673,unnecessary_procedure
C054679,collusive_ring
C054683,opd_to_ipd
C054691,unnecessary_procedure
C054692,collusive_ring
C054693,ghost_beneficiary
C054694,unnecessary_procedure
C054703,unnecessary_procedure
C054707,collusive_ring
C054764,overlapping_admission
C054789,opd_to_ipd
C054791,ghost_beneficiary
C054833,collusive_ring
C054834,collusive_ring
C054841,collusive_ring
C054842,collusive_ring
C054852,collusive_ring
C054855,overlapping_admission
C054857,collusive_ring
C054864,opd_to_ipd
C054871,collusive_ring
C054876,collusive_ring
C054882,overlapping_admission
C054884,collusive_ring
C054891,collusive_ring
C054892,collusive_ring
C054944,collusive_ring
C054946,collusive_ring
C054953,ghost_beneficiary
C054966,collusive_ring
C054970,opd_to_ipd
C055006,claim_after_death
C055008,opd_to_ipd
C055015,collusive_ring
C055022,collusive_ring
C055045,unnecessary_procedure
C055069,unnecessary_procedure
C055076,unnecessary_procedure
C055106,unnecessary_procedure
C055107,unnecessary_procedure
C055109,unnecessary_procedure
C055130,unnecessary_procedure
C055145,collusive_ring
C055147,ghost_beneficiary
C055164,ghost_beneficiary
C055171,collusive_ring
C055183,collusive_ring
C055213,opd_to_ipd
C055220,opd_to_ipd
C055265,ghost_beneficiary
C055280,opd_to_ipd
C055314,opd_to_ipd
C055349,collusive_ring
C055383,collusive_ring
C055401,opd_to_ipd
C055420,duplicate_document
C055443,collusive_ring
C055445,collusive_ring
C055450,ghost_beneficiary
C055451,opd_to_ipd
C055475,package_upcoding
C055478,opd_to_ipd
C055484,opd_to_ipd
C055492,collusive_ring
C055552,collusive_ring
C055555,duplicate_document
C055557,collusive_ring
C055567,collusive_ring
C055579,ghost_beneficiary
C055582,opd_to_ipd
C055592,collusive_ring
C055594,collusive_ring
C055606,duplicate_document
C055611,collusive_ring
C055617,collusive_ring
C055633,collusive_ring
C055634,collusive_ring
C055636,opd_to_ipd
C055644,opd_to_ipd
C055862,collusive_ring
C055871,collusive_ring
C055887,collusive_ring
C055899,ghost_beneficiary
C055956,collusive_ring
C055962,opd_to_ipd
C055985,collusive_ring
C055992,opd_to_ipd
C055993,collusive_ring
C056004,opd_to_ipd
C056011,collusive_ring
C056028,ghost_beneficiary
C056035,collusive_ring
C056081,collusive_ring
C056083,collusive_ring
C056132,collusive_ring
C056135,collusive_ring
C056145,opd_to_ipd
C056146,collusive_ring
C056150,collusive_ring
C056161,collusive_ring
C056181,opd_to_ipd
C056202,collusive_ring
C056232,opd_to_ipd
C056236,opd_to_ipd
C056254,collusive_ring
C056260,collusive_ring
C056267,overlapping_admission
C056268,collusive_ring
C056272,collusive_ring
C056284,collusive_ring
C056317,collusive_ring
C056321,package_upcoding
C056324,collusive_ring
C056367,ghost_beneficiary
C056371,collusive_ring
C056377,collusive_ring
C056385,collusive_ring
C056393,ghost_beneficiary
C056400,ghost_beneficiary
C056401,opd_to_ipd
C056418,overlapping_admission
C056422,opd_to_ipd
C056423,opd_to_ipd
C056445,duplicate_document
C056456,collusive_ring
C056503,collusive_ring
C056510,collusive_ring
C056528,opd_to_ipd
C056529,collusive_ring
C056530,collusive_ring
C056538,opd_to_ipd
C056541,opd_to_ipd
C056543,opd_to_ipd
C056553,collusive_ring
C056576,collusive_ring
C056579,opd_to_ipd
C056590,collusive_ring
C056616,collusive_ring
C056649,collusive_ring
C056652,collusive_ring
C056656,collusive_ring
C056659,collusive_ring
C056684,collusive_ring
C056686,collusive_ring
C056688,collusive_ring
C056703,collusive_ring
C056706,opd_to_ipd
C056764,collusive_ring
C056765,collusive_ring
C056777,collusive_ring
C056793,opd_to_ipd
C056795,opd_to_ipd
C056801,collusive_ring
C056807,collusive_ring
C056825,collusive_ring
C056834,collusive_ring
C056839,collusive_ring
C056872,collusive_ring
C056876,opd_to_ipd
C056927,collusive_ring
C056945,collusive_ring
C056952,opd_to_ipd
C056973,opd_to_ipd
C056976,opd_to_ipd
C056999,opd_to_ipd
C057013,opd_to_ipd
C057055,opd_to_ipd
C057061,collusive_ring
C057081,collusive_ring
C057082,collusive_ring
C057086,opd_to_ipd
C057131,collusive_ring
C057133,opd_to_ipd
C057143,collusive_ring
C057144,package_upcoding
C057205,opd_to_ipd
C057206,collusive_ring
C057209,collusive_ring
C057210,collusive_ring
C057213,opd_to_ipd
C057236,opd_to_ipd
C057258,claim_after_death
C057268,opd_to_ipd
C057269,opd_to_ipd
C057286,collusive_ring
C057309,package_upcoding
C057316,opd_to_ipd
C057317,collusive_ring
C057339,collusive_ring
C057365,collusive_ring
C057368,ghost_beneficiary
C057375,opd_to_ipd
C057386,collusive_ring
C057392,opd_to_ipd
C057396,collusive_ring
C057442,opd_to_ipd
C057445,collusive_ring
C057447,opd_to_ipd
C057485,collusive_ring
C057499,collusive_ring
C057508,collusive_ring
C057515,collusive_ring
C057516,collusive_ring
C057521,opd_to_ipd
C057523,collusive_ring
C057544,ghost_beneficiary
C057567,opd_to_ipd
C057571,collusive_ring
C057574,opd_to_ipd
C057595,collusive_ring
C057602,collusive_ring
C057607,collusive_ring
C057622,collusive_ring
C057624,ghost_beneficiary
C057638,collusive_ring
C057651,package_upcoding
C057660,collusive_ring
C057673,collusive_ring
C057696,overlapping_admission
C057699,collusive_ring
C057702,collusive_ring
C057707,collusive_ring
C057725,collusive_ring
C057733,collusive_ring
C057734,unnecessary_procedure
C057754,collusive_ring
C057763,collusive_ring
C057766,collusive_ring
C057776,collusive_ring
C057784,collusive_ring
C057789,unnecessary_procedure
C057790,unnecessary_procedure
C057792,unnecessary_procedure
C057802,unnecessary_procedure
C057804,unnecessary_procedure
C057826,collusive_ring
C057840,collusive_ring
C057844,opd_to_ipd
C057851,opd_to_ipd
C057855,opd_to_ipd
C057856,collusive_ring
C057861,collusive_ring
C057875,collusive_ring
C057918,collusive_ring
C057930,collusive_ring
C057940,collusive_ring
C057948,opd_to_ipd
C057951,collusive_ring
C057952,collusive_ring
C057954,collusive_ring
C057969,collusive_ring
C057988,ghost_beneficiary
C057995,opd_to_ipd
C058007,collusive_ring
C058027,collusive_ring
C058055,collusive_ring
C058059,claim_after_death
C058066,collusive_ring
C058067,opd_to_ipd
C058087,collusive_ring
C058108,collusive_ring
C058115,collusive_ring
C058150,collusive_ring
C058166,collusive_ring
C058167,collusive_ring
C058189,opd_to_ipd
C058193,collusive_ring
C058217,collusive_ring
C058220,ghost_beneficiary
C058231,collusive_ring
C058238,collusive_ring
C058243,opd_to_ipd
C058262,collusive_ring
C058270,opd_to_ipd
C058289,opd_to_ipd
C058304,collusive_ring
C058306,collusive_ring
C058310,opd_to_ipd
C058319,collusive_ring
C058365,collusive_ring
C058373,package_upcoding
C058380,collusive_ring
C058382,collusive_ring
C058389,collusive_ring
C058397,collusive_ring
C058403,collusive_ring
C058405,opd_to_ipd
C058406,package_upcoding
C058413,ghost_beneficiary
C058419,ghost_beneficiary
C058422,ghost_beneficiary
C058432,collusive_ring
C058464,collusive_ring
C058474,opd_to_ipd
C058475,collusive_ring
C058485,collusive_ring
C058495,opd_to_ipd
C058508,collusive_ring
C058510,opd_to_ipd
C058521,opd_to_ipd
C058530,collusive_ring
C058534,overlapping_admission
C058538,collusive_ring
C058552,ghost_beneficiary
C058558,collusive_ring
C058569,collusive_ring
C058573,collusive_ring
C058578,opd_to_ipd
C058583,collusive_ring
C058586,collusive_ring
C058589,overlapping_admission
C058591,opd_to_ipd
C058600,collusive_ring
C058611,collusive_ring
C058627,package_upcoding
C058628,collusive_ring
C058631,opd_to_ipd
C058645,collusive_ring
C058650,collusive_ring
C058660,opd_to_ipd
C058671,opd_to_ipd
C058673,collusive_ring
C058687,claim_after_death
C058711,collusive_ring
C058743,ghost_beneficiary
C058768,opd_to_ipd
C058776,collusive_ring
C058780,collusive_ring
C058805,opd_to_ipd
C058825,collusive_ring
C058847,opd_to_ipd
C058852,collusive_ring
C058863,collusive_ring
C058892,collusive_ring
C058895,collusive_ring
C058903,collusive_ring
C058911,collusive_ring
C058920,collusive_ring
C058923,collusive_ring
C058935,opd_to_ipd
C058937,collusive_ring
C058960,opd_to_ipd
C058963,opd_to_ipd
C058974,opd_to_ipd
C058983,collusive_ring
C058996,opd_to_ipd
C059009,opd_to_ipd
C059029,ghost_beneficiary
C059034,collusive_ring
C059055,collusive_ring
C059085,ghost_beneficiary
C059093,collusive_ring
C059097,collusive_ring
C059102,ghost_beneficiary
C059103,collusive_ring
C059104,collusive_ring
C059105,collusive_ring
C059130,collusive_ring
C059139,opd_to_ipd
C059143,overlapping_admission
C059149,collusive_ring
C059153,collusive_ring
C059155,collusive_ring
C059195,duplicate_document
C059206,opd_to_ipd
C059223,collusive_ring
C059224,collusive_ring
C059229,collusive_ring
C059242,opd_to_ipd
C059272,collusive_ring
C059276,opd_to_ipd
C059281,collusive_ring
C059294,ghost_beneficiary
C059309,ghost_beneficiary
C059325,opd_to_ipd
C059362,collusive_ring
C059392,overlapping_admission
C059399,collusive_ring
C059403,opd_to_ipd
C059408,collusive_ring
C059414,collusive_ring
C059415,opd_to_ipd
C059417,opd_to_ipd
C059418,opd_to_ipd
C059433,collusive_ring
C059440,collusive_ring
C059446,opd_to_ipd
C059448,collusive_ring
C059470,collusive_ring
C059479,collusive_ring
C059480,collusive_ring
C059508,opd_to_ipd
C059518,collusive_ring
C059534,ghost_beneficiary
C059537,ghost_beneficiary
C059539,collusive_ring
C059545,collusive_ring
C059550,collusive_ring
C059558,overlapping_admission
C059566,duplicate_document
C059572,collusive_ring
C059580,opd_to_ipd
C059585,collusive_ring
C059587,ghost_beneficiary
C059600,collusive_ring
C059613,collusive_ring
C059626,bed_overrun
C059628,bed_overrun
C059629,bed_overrun
C059632,opd_to_ipd
C059637,bed_overrun
C059638,collusive_ring
C059639,bed_overrun
C059640,bed_overrun
C059650,bed_overrun
C059654,bed_overrun
C059658,bed_overrun
C059659,bed_overrun
C059662,bed_overrun
C059666,bed_overrun
C059668,bed_overrun
C059669,bed_overrun
C059676,bed_overrun
C059679,ghost_beneficiary
C059683,bed_overrun
C059685,bed_overrun
C059688,collusive_ring
C059690,bed_overrun
C059695,bed_overrun
C059697,bed_overrun
C059698,bed_overrun
C059702,bed_overrun
C059703,bed_overrun
C059707,bed_overrun
C059709,bed_overrun
C059711,bed_overrun
C059712,bed_overrun
C059716,bed_overrun
C059717,bed_overrun
C059718,bed_overrun
C059719,bed_overrun
C059720,bed_overrun
C059723,bed_overrun
C059727,collusive_ring
C059728,bed_overrun
C059733,collusive_ring
C059737,bed_overrun
C059745,bed_overrun
C059746,bed_overrun
C059751,bed_overrun
C059752,bed_overrun
C059755,bed_overrun
C059757,bed_overrun
C059758,bed_overrun
C059759,bed_overrun
C059763,bed_overrun
C059768,bed_overrun
C059770,bed_overrun
C059771,bed_overrun
C059775,collusive_ring
C059776,opd_to_ipd
C059777,bed_overrun
C059778,bed_overrun
C059779,collusive_ring
C059788,bed_overrun
C059789,ghost_beneficiary
C059790,bed_overrun
C059794,bed_overrun
C059795,bed_overrun
C059799,bed_overrun
C059800,claim_after_death
C059808,bed_overrun
C059818,package_upcoding
C059833,collusive_ring
C059844,collusive_ring
C059855,collusive_ring
C059856,collusive_ring
C059863,opd_to_ipd
C059864,collusive_ring
C059865,opd_to_ipd
C059867,collusive_ring
C059875,collusive_ring
C059880,opd_to_ipd
C059887,duplicate_document
C059891,collusive_ring
C059913,ghost_beneficiary
C059921,collusive_ring
C059923,opd_to_ipd
C059938,opd_to_ipd
C059942,collusive_ring
C059965,opd_to_ipd
C059968,collusive_ring
C059969,collusive_ring
C059976,collusive_ring
C059985,collusive_ring
C059988,collusive_ring
C059989,collusive_ring
C059995,opd_to_ipd
C060005,collusive_ring
C060011,ghost_beneficiary
C060013,collusive_ring
C060016,collusive_ring
C060019,opd_to_ipd
C060026,collusive_ring
C060042,collusive_ring
C060050,collusive_ring
C060058,collusive_ring
C060064,collusive_ring
C060067,opd_to_ipd
C060068,collusive_ring
C060076,overlapping_admission
C060085,package_upcoding
C060091,collusive_ring
C060095,opd_to_ipd
C060104,collusive_ring
C060135,opd_to_ipd
C060137,opd_to_ipd
C060158,collusive_ring
C060198,collusive_ring
C060207,collusive_ring
C060211,opd_to_ipd
C060219,collusive_ring
C060232,package_upcoding
C060241,collusive_ring
C060245,collusive_ring
C060254,collusive_ring
C060275,ghost_beneficiary
C060278,collusive_ring
C060279,duplicate_document
C060281,ghost_beneficiary
C060290,ghost_beneficiary
C060292,collusive_ring
C060328,collusive_ring
C060335,collusive_ring
C060346,opd_to_ipd
C060355,ghost_beneficiary
C060377,collusive_ring
C060405,collusive_ring
C060415,collusive_ring
C060422,opd_to_ipd
C060423,collusive_ring
C060442,collusive_ring
C060447,collusive_ring
C060464,opd_to_ipd
C060465,collusive_ring
C060493,collusive_ring
C060504,opd_to_ipd
C060512,opd_to_ipd
C060521,collusive_ring
C060526,collusive_ring
C060538,collusive_ring
C060549,collusive_ring
C060557,collusive_ring
C060584,duplicate_document
C060588,collusive_ring
C060593,collusive_ring
C060618,opd_to_ipd
C060628,collusive_ring
C060647,collusive_ring
C060651,collusive_ring
C060657,collusive_ring
C060663,collusive_ring
C060669,collusive_ring
C060680,opd_to_ipd
C060697,opd_to_ipd
C060716,opd_to_ipd
C060725,collusive_ring
C060727,collusive_ring
C060738,collusive_ring
C060742,collusive_ring
C060756,collusive_ring
C060782,collusive_ring
C060790,ghost_beneficiary
C060796,collusive_ring
C060808,collusive_ring
C060812,collusive_ring
C060824,collusive_ring
C060833,collusive_ring
C060854,opd_to_ipd
C060864,collusive_ring
C060872,duplicate_document
C060873,opd_to_ipd
C060875,collusive_ring
C060877,collusive_ring
C060886,collusive_ring
C060890,ghost_beneficiary
C060894,opd_to_ipd
C060902,collusive_ring
C060921,collusive_ring
C060930,opd_to_ipd
C060931,collusive_ring
C060950,ghost_beneficiary
C060951,ghost_beneficiary
C060957,collusive_ring
C060959,collusive_ring
C060962,collusive_ring
C060993,collusive_ring
C061020,claim_after_death
C061033,collusive_ring
C061039,collusive_ring
C061057,collusive_ring
C061065,claim_after_death
C061085,collusive_ring
C061088,ghost_beneficiary
C061089,collusive_ring
C061103,collusive_ring
C061114,ghost_beneficiary
C061115,opd_to_ipd
C061116,opd_to_ipd
C061140,collusive_ring
C061160,opd_to_ipd
C061171,opd_to_ipd
C061178,duplicate_document
C061186,opd_to_ipd
C061193,ghost_beneficiary
C061199,collusive_ring
C061210,ghost_beneficiary
C061215,opd_to_ipd
C061238,collusive_ring
C061251,collusive_ring
C061258,collusive_ring
C061272,opd_to_ipd
C061285,opd_to_ipd
C061333,opd_to_ipd
C061337,opd_to_ipd
C061374,opd_to_ipd
C061382,collusive_ring
C061398,collusive_ring
C061410,collusive_ring
C061422,opd_to_ipd
C061424,collusive_ring
C061426,collusive_ring
C061443,opd_to_ipd
C061444,collusive_ring
C061455,collusive_ring
C061464,collusive_ring
C061488,collusive_ring
C061502,collusive_ring
C061504,opd_to_ipd
C061521,collusive_ring
C061548,collusive_ring
C061561,opd_to_ipd
C061576,collusive_ring
C061577,collusive_ring
C061589,collusive_ring
C061597,collusive_ring
C061619,collusive_ring
C061628,collusive_ring
C061643,collusive_ring
C061655,package_upcoding
C061677,opd_to_ipd
C061678,ghost_beneficiary
C061704,collusive_ring
C061709,collusive_ring
C061716,duplicate_document
C061725,collusive_ring
C061729,overlapping_admission
C061760,opd_to_ipd
C061766,opd_to_ipd
C061786,collusive_ring
C061823,opd_to_ipd
C061827,opd_to_ipd
C061829,collusive_ring
C061848,opd_to_ipd
C061862,opd_to_ipd
C061882,opd_to_ipd
C061894,package_upcoding
C061916,opd_to_ipd
C061920,collusive_ring
C061949,collusive_ring
C061955,collusive_ring
C061979,collusive_ring
C061985,collusive_ring
C061992,opd_to_ipd
C061994,collusive_ring
C061995,collusive_ring
C062019,collusive_ring
C062041,ghost_beneficiary
C062084,opd_to_ipd
C062088,opd_to_ipd
C062097,collusive_ring
C062106,collusive_ring
C062114,collusive_ring
C062115,collusive_ring
C062124,opd_to_ipd
C062172,package_upcoding
C062248,overlapping_admission
C062340,opd_to_ipd
C062342,collusive_ring
C062345,collusive_ring
C062378,opd_to_ipd
C062379,collusive_ring
C062388,opd_to_ipd
C062402,opd_to_ipd
C062415,opd_to_ipd
C062420,collusive_ring
C062421,collusive_ring
C062457,opd_to_ipd
C062477,collusive_ring
C062480,collusive_ring
C062484,collusive_ring
C062487,collusive_ring
C062490,opd_to_ipd
C062543,collusive_ring
C062546,collusive_ring
C062554,opd_to_ipd
C062557,collusive_ring
C062561,opd_to_ipd
C062566,collusive_ring
C062567,opd_to_ipd
C062568,collusive_ring
C062574,collusive_ring
C062584,collusive_ring
C062602,collusive_ring
C062606,opd_to_ipd
C062607,collusive_ring
C062613,ghost_beneficiary
C062696,ghost_beneficiary
C062702,opd_to_ipd
C062726,collusive_ring
C062748,collusive_ring
C062753,opd_to_ipd
C062760,collusive_ring
C062775,opd_to_ipd
C062786,collusive_ring
C062792,collusive_ring
C062808,collusive_ring
C062824,ghost_beneficiary
C062830,collusive_ring
C062839,collusive_ring
C062841,opd_to_ipd
C062844,collusive_ring
C062851,collusive_ring
C062867,collusive_ring
C062876,collusive_ring
C062891,collusive_ring
C062909,duplicate_document
C062918,collusive_ring
C062921,collusive_ring
C062923,opd_to_ipd
C062924,opd_to_ipd
C062943,opd_to_ipd
C062952,collusive_ring
C062968,collusive_ring
C062970,collusive_ring
C063009,collusive_ring
C063022,collusive_ring
C063037,collusive_ring
C063047,opd_to_ipd
C063048,ghost_beneficiary
C063051,opd_to_ipd
C063054,collusive_ring
C063059,collusive_ring
C063069,collusive_ring
C063091,collusive_ring
C063093,collusive_ring
C063104,opd_to_ipd
C063109,ghost_beneficiary
C063126,collusive_ring
C063132,ghost_beneficiary
C063133,collusive_ring
C063139,collusive_ring
C063147,collusive_ring
C063160,collusive_ring
C063169,collusive_ring
C063184,opd_to_ipd
C063188,ghost_beneficiary
C063190,collusive_ring
C063191,duplicate_document
C063202,collusive_ring
C063210,collusive_ring
C063217,collusive_ring
C063221,overlapping_admission
C063232,collusive_ring
C063236,claim_after_death
C063238,collusive_ring
C063241,collusive_ring
C063254,collusive_ring
C063267,ghost_beneficiary
C063278,collusive_ring
C063287,collusive_ring
C063289,collusive_ring
C063307,ghost_beneficiary
C063344,collusive_ring
C063345,ghost_beneficiary
C063355,opd_to_ipd
C063356,collusive_ring
C063358,collusive_ring
C063367,collusive_ring
C063378,collusive_ring
C063402,collusive_ring
C063416,opd_to_ipd
C063424,ghost_beneficiary
C063433,collusive_ring
C063442,collusive_ring
C063446,package_upcoding
C063461,opd_to_ipd
C063472,opd_to_ipd
C063489,opd_to_ipd
C063506,opd_to_ipd
C063518,opd_to_ipd
C063521,collusive_ring
C063523,collusive_ring
C063532,collusive_ring
C063548,opd_to_ipd
C063552,collusive_ring
C063556,collusive_ring
C063561,ghost_beneficiary
C063562,collusive_ring
C063563,opd_to_ipd
C063568,collusive_ring
C063570,collusive_ring
C063577,opd_to_ipd
C063583,collusive_ring
C063602,collusive_ring
C063618,collusive_ring
C063620,collusive_ring
C063627,opd_to_ipd
C063636,collusive_ring
C063639,opd_to_ipd
C063656,collusive_ring
C063663,collusive_ring
C063674,collusive_ring
C063687,collusive_ring
C063702,opd_to_ipd
C063766,collusive_ring
C063778,collusive_ring
C063798,collusive_ring
C063808,collusive_ring
C063817,ghost_beneficiary
C063830,collusive_ring
C063849,collusive_ring
C063861,opd_to_ipd
C063869,collusive_ring
C063874,opd_to_ipd
C063885,collusive_ring
C063900,opd_to_ipd
C063921,overlapping_admission
C063922,collusive_ring
C063929,opd_to_ipd
C063937,unnecessary_procedure
C063946,collusive_ring
C063948,unnecessary_procedure
C063986,unnecessary_procedure
C063994,collusive_ring
C064008,opd_to_ipd
C064012,unnecessary_procedure
C064016,opd_to_ipd
C064019,unnecessary_procedure
C064030,unnecessary_procedure
C064034,collusive_ring
C064035,opd_to_ipd
C064039,collusive_ring
C064045,collusive_ring
C064047,collusive_ring
C064067,opd_to_ipd
C064073,collusive_ring
C064077,collusive_ring
C064088,collusive_ring
C064090,collusive_ring
C064123,collusive_ring
C064124,collusive_ring
C064128,collusive_ring
C064134,ghost_beneficiary
C064144,collusive_ring
C064172,overlapping_admission
C064193,opd_to_ipd
C064219,opd_to_ipd
C064228,collusive_ring
C064233,ghost_beneficiary
C064239,collusive_ring
C064246,package_upcoding
C064257,collusive_ring
C064265,collusive_ring
C064269,package_upcoding
C064275,collusive_ring
C064290,collusive_ring
C064291,opd_to_ipd
C064294,opd_to_ipd
C064296,collusive_ring
C064300,collusive_ring
C064306,collusive_ring
C064335,opd_to_ipd
C064390,collusive_ring
C064399,opd_to_ipd
C064406,ghost_beneficiary
C064444,overlapping_admission
C064455,collusive_ring
C064470,collusive_ring
C064481,collusive_ring
C064488,collusive_ring
C064494,collusive_ring
C064496,opd_to_ipd
C064516,opd_to_ipd
C064530,collusive_ring
C064569,claim_after_death
C064570,collusive_ring
C064574,collusive_ring
C064578,collusive_ring
C064594,collusive_ring
C064606,collusive_ring
C064612,collusive_ring
C064628,collusive_ring
C064644,collusive_ring
C064681,ghost_beneficiary
C064692,collusive_ring
C064706,collusive_ring
C064725,collusive_ring
C064733,collusive_ring
C064741,opd_to_ipd
C064756,ghost_beneficiary
C064764,collusive_ring
C064780,collusive_ring
C064798,collusive_ring
C064803,collusive_ring
C064812,collusive_ring
C064817,collusive_ring
C064820,opd_to_ipd
C064831,collusive_ring
C064878,collusive_ring
C064881,ghost_beneficiary
C064884,collusive_ring
C064890,collusive_ring
C064904,opd_to_ipd
C064912,opd_to_ipd
C064919,opd_to_ipd
C064920,overlapping_admission
C064922,opd_to_ipd
C064924,duplicate_document
C064944,collusive_ring
C064945,ghost_beneficiary
C064949,collusive_ring
C064951,collusive_ring
C064955,ghost_beneficiary
C064959,collusive_ring
C064968,overlapping_admission
C064976,opd_to_ipd
C064983,collusive_ring
C064994,collusive_ring
C065004,collusive_ring
C065012,collusive_ring
C065016,collusive_ring
C065030,collusive_ring
C065036,collusive_ring
C065041,bed_overrun
C065042,bed_overrun
C065045,bed_overrun
C065046,bed_overrun
C065047,opd_to_ipd
C065048,bed_overrun
C065049,collusive_ring
C065051,bed_overrun
C065055,bed_overrun
C065057,collusive_ring
C065059,bed_overrun
C065061,bed_overrun
C065063,bed_overrun
C065064,bed_overrun
C065067,collusive_ring
C065068,bed_overrun
C065069,bed_overrun
C065070,bed_overrun
C065071,bed_overrun
C065073,bed_overrun
C065076,ghost_beneficiary
C065078,bed_overrun
C065080,bed_overrun
C065081,bed_overrun
C065082,bed_overrun
C065083,bed_overrun
C065085,bed_overrun
C065086,bed_overrun
C065087,bed_overrun
C065088,bed_overrun
C065090,bed_overrun
C065091,bed_overrun
C065092,bed_overrun
C065095,bed_overrun
C065096,bed_overrun
C065098,bed_overrun
C065099,bed_overrun
C065100,bed_overrun
C065103,bed_overrun
C065104,bed_overrun
C065107,bed_overrun
C065108,opd_to_ipd
C065109,bed_overrun
C065112,bed_overrun
C065113,bed_overrun
C065114,bed_overrun
C065119,bed_overrun
C065120,bed_overrun
C065121,bed_overrun
C065122,bed_overrun
C065123,bed_overrun
C065124,bed_overrun
C065125,bed_overrun
C065126,bed_overrun
C065131,bed_overrun
C065134,bed_overrun
C065135,bed_overrun
C065136,bed_overrun
C065137,bed_overrun
C065138,bed_overrun
C065140,bed_overrun
C065142,bed_overrun
C065145,bed_overrun
C065147,bed_overrun
C065148,bed_overrun
C065149,bed_overrun
C065151,collusive_ring
C065152,bed_overrun
C065155,collusive_ring
C065157,bed_overrun
C065161,bed_overrun
C065162,bed_overrun
C065164,bed_overrun
C065166,bed_overrun
C065167,bed_overrun
C065168,bed_overrun
C065170,bed_overrun
C065173,bed_overrun
C065174,collusive_ring
C065176,bed_overrun
C065178,bed_overrun
C065179,opd_to_ipd
C065180,bed_overrun
C065182,bed_overrun
C065185,bed_overrun
C065186,bed_overrun
C065187,bed_overrun
C065194,bed_overrun
C065199,bed_overrun
C065202,bed_overrun
C065205,bed_overrun
C065210,bed_overrun
C065212,bed_overrun
C065216,bed_overrun
C065217,bed_overrun
C065219,bed_overrun
C065224,bed_overrun
C065226,collusive_ring
C065227,bed_overrun
C065228,bed_overrun
C065229,bed_overrun
C065230,bed_overrun
C065232,bed_overrun
C065233,bed_overrun
C065236,bed_overrun
C065237,bed_overrun
C065238,bed_overrun
C065239,bed_overrun
C065240,bed_overrun
C065244,bed_overrun
C065249,bed_overrun
C065251,bed_overrun
C065252,bed_overrun
C065254,bed_overrun
C065255,bed_overrun
C065258,bed_overrun
C065262,collusive_ring
C065265,bed_overrun
C065268,bed_overrun
C065269,bed_overrun
C065270,bed_overrun
C065272,bed_overrun
C065274,bed_overrun
C065276,bed_overrun
C065277,bed_overrun
C065278,bed_overrun
C065282,bed_overrun
C065283,bed_overrun
C065285,bed_overrun
C065288,bed_overrun
C065289,bed_overrun
C065290,bed_overrun
C065291,collusive_ring
C065293,bed_overrun
C065294,bed_overrun
C065295,bed_overrun
C065298,bed_overrun
C065299,bed_overrun
C065300,bed_overrun
C065304,bed_overrun
C065305,bed_overrun
C065307,bed_overrun
C065310,package_upcoding
C065312,bed_overrun
C065313,bed_overrun
C065315,bed_overrun
C065318,collusive_ring
C065320,bed_overrun
C065321,bed_overrun
C065322,bed_overrun
C065323,bed_overrun
C065342,opd_to_ipd
C065355,collusive_ring
C065364,collusive_ring
C065394,unnecessary_procedure
C065403,opd_to_ipd
C065426,unnecessary_procedure
C065431,package_upcoding
C065441,unnecessary_procedure
C065452,unnecessary_procedure
C065456,unnecessary_procedure
C065458,unnecessary_procedure
C065462,unnecessary_procedure
C065467,unnecessary_procedure
C065476,unnecessary_procedure
C065481,opd_to_ipd
C065489,collusive_ring
C065496,opd_to_ipd
C065498,collusive_ring
C065502,collusive_ring
C065515,collusive_ring
C065526,collusive_ring
C065530,opd_to_ipd
C065569,collusive_ring
C065574,collusive_ring
C065577,collusive_ring
C065590,collusive_ring
C065591,collusive_ring
C065617,ghost_beneficiary
C065624,duplicate_document
C065629,opd_to_ipd
C065630,overlapping_admission
C065632,collusive_ring
C065642,collusive_ring
C065668,opd_to_ipd
C065679,opd_to_ipd
C065688,collusive_ring
C065692,collusive_ring
C065694,collusive_ring
C065696,opd_to_ipd
C065719,collusive_ring
C065731,opd_to_ipd
C065735,collusive_ring
C065744,opd_to_ipd
C065747,collusive_ring
C065750,collusive_ring
C065763,opd_to_ipd
C065767,package_upcoding
C065773,collusive_ring
C065774,collusive_ring
C065818,collusive_ring
C065827,collusive_ring
C065830,duplicate_document
C065836,package_upcoding
C065844,collusive_ring
C065849,opd_to_ipd
C065851,collusive_ring
C065862,opd_to_ipd
C065871,collusive_ring
C065883,collusive_ring
C065908,collusive_ring
C065928,opd_to_ipd
C065931,collusive_ring
C065942,collusive_ring
C065968,collusive_ring
C065972,opd_to_ipd
C065975,collusive_ring
C065978,collusive_ring
C065981,opd_to_ipd
C065987,opd_to_ipd
C065988,collusive_ring
C065993,collusive_ring
C065999,opd_to_ipd
C066031,bed_overrun
C066033,bed_overrun
C066037,bed_overrun
C066038,bed_overrun
C066051,bed_overrun
C066052,bed_overrun
C066056,bed_overrun
C066059,bed_overrun
C066060,bed_overrun
C066070,bed_overrun
C066072,collusive_ring
C066084,bed_overrun
C066086,collusive_ring
C066087,bed_overrun
C066095,bed_overrun
C066096,bed_overrun
C066098,bed_overrun
C066100,bed_overrun
C066103,bed_overrun
C066108,ghost_beneficiary
C066109,opd_to_ipd
C066110,bed_overrun
C066114,collusive_ring
C066118,bed_overrun
C066119,bed_overrun
C066125,bed_overrun
C066128,bed_overrun
C066130,opd_to_ipd
C066136,bed_overrun
C066138,bed_overrun
C066140,bed_overrun
C066143,bed_overrun
C066148,bed_overrun
C066152,bed_overrun
C066153,bed_overrun
C066156,bed_overrun
C066158,bed_overrun
C066161,bed_overrun
C066162,bed_overrun
C066163,bed_overrun
C066164,bed_overrun
C066166,opd_to_ipd
C066167,bed_overrun
C066171,bed_overrun
C066172,bed_overrun
C066180,opd_to_ipd
C066183,collusive_ring
C066184,bed_overrun
C066186,collusive_ring
C066187,ghost_beneficiary
C066191,bed_overrun
C066193,bed_overrun
C066194,bed_overrun
C066200,bed_overrun
C066202,bed_overrun
C066204,collusive_ring
C066208,bed_overrun
C066210,bed_overrun
C066212,bed_overrun
C066213,bed_overrun
C066214,bed_overrun
C066216,bed_overrun
C066219,bed_overrun
C066224,bed_overrun
C066227,collusive_ring
C066231,collusive_ring
C066243,collusive_ring
C066248,collusive_ring
C066251,collusive_ring
C066262,collusive_ring
C066265,collusive_ring
C066272,collusive_ring
C066274,collusive_ring
C066306,ghost_beneficiary
C066312,collusive_ring
C066327,collusive_ring
C066336,ghost_beneficiary
C066341,collusive_ring
C066350,collusive_ring
C066354,opd_to_ipd
C066376,ghost_beneficiary
C066386,collusive_ring
C066398,collusive_ring
C066406,collusive_ring
C066416,opd_to_ipd
C066421,collusive_ring
C066425,collusive_ring
C066430,opd_to_ipd
C066449,ghost_beneficiary
C066451,duplicate_document
C066453,collusive_ring
C066459,collusive_ring
C066461,collusive_ring
C066498,collusive_ring
C066504,overlapping_admission
C066522,collusive_ring
C066523,opd_to_ipd
C066586,ghost_beneficiary
C066598,package_upcoding
C066607,collusive_ring
C066610,collusive_ring
C066614,opd_to_ipd
C066618,opd_to_ipd
C066626,collusive_ring
C066634,collusive_ring
C066657,ghost_beneficiary
C066661,collusive_ring
C066670,collusive_ring
C066678,collusive_ring
C066697,opd_to_ipd
C066700,opd_to_ipd
C066714,collusive_ring
C066719,collusive_ring
C066730,collusive_ring
C066741,unnecessary_procedure
C066743,collusive_ring
C066763,unnecessary_procedure
C066767,unnecessary_procedure
C066771,collusive_ring
C066774,unnecessary_procedure
C066781,unnecessary_procedure
C066789,opd_to_ipd
C066790,collusive_ring
C066806,collusive_ring
C066823,collusive_ring
C066830,opd_to_ipd
C066834,collusive_ring
C066837,opd_to_ipd
C066847,opd_to_ipd
C066862,ghost_beneficiary
C066883,opd_to_ipd
C066889,collusive_ring
C066906,collusive_ring
C066907,collusive_ring
C066928,overlapping_admission
C066949,collusive_ring
C066953,collusive_ring
C066955,collusive_ring
C066958,collusive_ring
C066968,collusive_ring
C066976,opd_to_ipd
C067008,collusive_ring
C067025,opd_to_ipd
C067039,collusive_ring
C067046,collusive_ring
C067047,collusive_ring
C067056,collusive_ring
C067061,collusive_ring
C067066,collusive_ring
C067068,collusive_ring
C067071,ghost_beneficiary
C067083,collusive_ring
C067084,opd_to_ipd
C067088,collusive_ring
C067103,overlapping_admission
C067111,collusive_ring
C067127,collusive_ring
C067148,collusive_ring
C067152,collusive_ring
C067156,ghost_beneficiary
C067160,collusive_ring
C067166,opd_to_ipd
C067170,unnecessary_procedure
C067171,collusive_ring
C067172,opd_to_ipd
C067177,unnecessary_procedure
C067179,unnecessary_procedure
C067183,collusive_ring
C067208,collusive_ring
C067216,collusive_ring
C067220,unnecessary_procedure
C067223,unnecessary_procedure
C067233,unnecessary_procedure
C067246,unnecessary_procedure
C067252,unnecessary_procedure
C067261,collusive_ring
C067262,unnecessary_procedure
C067279,opd_to_ipd
C067284,collusive_ring
C067301,opd_to_ipd
C067329,collusive_ring
C067330,opd_to_ipd
C067331,collusive_ring
C067333,collusive_ring
C067341,opd_to_ipd
C067346,overlapping_admission
C067351,collusive_ring
C067358,opd_to_ipd
C067367,collusive_ring
C067373,collusive_ring
C067379,opd_to_ipd
C067384,opd_to_ipd
C067389,overlapping_admission
C067395,opd_to_ipd
C067417,duplicate_document
C067424,collusive_ring
C067438,opd_to_ipd
C067451,opd_to_ipd
C067460,opd_to_ipd
C067463,collusive_ring
C067469,collusive_ring
C067472,opd_to_ipd
C067481,collusive_ring
C067482,collusive_ring
C067484,collusive_ring
C067485,ghost_beneficiary
C067486,ghost_beneficiary
C067494,collusive_ring
C067505,collusive_ring
C067509,opd_to_ipd
C067512,opd_to_ipd
C067517,opd_to_ipd
C067529,duplicate_document
C067531,opd_to_ipd
C067533,opd_to_ipd
C067540,collusive_ring
C067541,collusive_ring
C067546,collusive_ring
C067559,opd_to_ipd
C067575,ghost_beneficiary
C067580,collusive_ring
C067584,collusive_ring
C067593,collusive_ring
C067600,overlapping_admission
C067601,unnecessary_procedure
C067608,unnecessary_procedure
C067618,collusive_ring
C067624,collusive_ring
C067630,unnecessary_procedure
C067635,opd_to_ipd
C067648,unnecessary_procedure
C067652,unnecessary_procedure
C067655,collusive_ring
C067665,ghost_beneficiary
C067668,unnecessary_procedure
C067672,opd_to_ipd
C067675,collusive_ring
C067680,unnecessary_procedure
C067681,package_upcoding
C067698,opd_to_ipd
C067702,ghost_beneficiary
C067716,collusive_ring
C067721,collusive_ring
C067737,collusive_ring
C067738,collusive_ring
C067750,ghost_beneficiary
C067762,opd_to_ipd
C067797,duplicate_document
C067801,opd_to_ipd
C067804,collusive_ring
C067814,opd_to_ipd
C067815,collusive_ring
C067818,collusive_ring
C067830,duplicate_document
C067832,collusive_ring
C067911,collusive_ring
C067915,opd_to_ipd
C067918,ghost_beneficiary
C067937,opd_to_ipd
C067946,collusive_ring
C067948,collusive_ring
C067963,opd_to_ipd
C067979,opd_to_ipd
C067986,opd_to_ipd
C067996,opd_to_ipd
C068009,opd_to_ipd
C068017,overlapping_admission
C068025,collusive_ring
C068041,opd_to_ipd
C068046,collusive_ring
C068059,unnecessary_procedure
C068077,collusive_ring
C068080,unnecessary_procedure
C068088,unnecessary_procedure
C068091,unnecessary_procedure
C068097,collusive_ring
C068103,opd_to_ipd
C068111,collusive_ring
C068112,collusive_ring
C068117,unnecessary_procedure
C068128,opd_to_ipd
C068130,collusive_ring
C068135,opd_to_ipd
C068136,ghost_beneficiary
C068140,collusive_ring
C068141,collusive_ring
C068143,unnecessary_procedure
C068161,collusive_ring
C068169,collusive_ring
C068179,opd_to_ipd
C068180,collusive_ring
C068184,collusive_ring
C068192,collusive_ring
C068196,opd_to_ipd
C068200,collusive_ring
C068203,opd_to_ipd
C068230,duplicate_document
C068246,collusive_ring
C068260,opd_to_ipd
C068268,collusive_ring
C068274,collusive_ring
C068278,collusive_ring
C068293,collusive_ring
C068296,collusive_ring
C068303,duplicate_document
C068312,package_upcoding
C068323,ghost_beneficiary
C068328,opd_to_ipd
C068331,collusive_ring
C068335,collusive_ring
C068349,collusive_ring
C068351,collusive_ring
C068393,collusive_ring
C068397,collusive_ring
C068402,collusive_ring
C068424,collusive_ring
C068440,opd_to_ipd
C068446,collusive_ring
C068454,opd_to_ipd
C068459,collusive_ring
C068511,collusive_ring
C068515,opd_to_ipd
C068519,collusive_ring
C068529,collusive_ring
C068542,collusive_ring
C068557,collusive_ring
C068565,collusive_ring
C068575,collusive_ring
C068582,collusive_ring
C068588,collusive_ring
C068607,collusive_ring
C068629,collusive_ring
C068632,collusive_ring
C068633,collusive_ring
C068634,opd_to_ipd
C068641,collusive_ring
C068652,collusive_ring
C068653,claim_after_death
C068660,opd_to_ipd
C068666,collusive_ring
C068668,collusive_ring
C068682,collusive_ring
C068683,collusive_ring
C068715,collusive_ring
C068717,collusive_ring
C068732,ghost_beneficiary
C068733,collusive_ring
C068739,collusive_ring
C068742,opd_to_ipd
C068743,opd_to_ipd
C068746,collusive_ring
C068758,collusive_ring
C068759,collusive_ring
C068798,opd_to_ipd
C068808,opd_to_ipd
C068812,collusive_ring
C068859,opd_to_ipd
C068864,collusive_ring
C068866,opd_to_ipd
C068870,collusive_ring
C068909,collusive_ring
C068918,collusive_ring
C068925,collusive_ring
C068933,overlapping_admission
C068934,collusive_ring
C068937,overlapping_admission
C068938,collusive_ring
C068958,collusive_ring
C068963,overlapping_admission
C068971,ghost_beneficiary
C068977,ghost_beneficiary
C068980,opd_to_ipd
C068982,duplicate_document
C069056,collusive_ring
C069059,duplicate_document
C069096,collusive_ring
C069104,opd_to_ipd
C069116,collusive_ring
C069119,opd_to_ipd
C069151,package_upcoding
C069155,ghost_beneficiary
C069214,claim_after_death
C069276,overlapping_admission
C069320,collusive_ring
C069329,collusive_ring
C069334,collusive_ring
C069342,collusive_ring
C069344,collusive_ring
C069345,collusive_ring
C069362,collusive_ring
C069365,collusive_ring
C069375,opd_to_ipd
C069392,collusive_ring
C069426,collusive_ring
C069427,collusive_ring
C069438,collusive_ring
C069456,ghost_beneficiary
C069468,duplicate_document
C069471,collusive_ring
C069486,collusive_ring
C069494,collusive_ring
C069500,opd_to_ipd
C069509,collusive_ring
C069525,opd_to_ipd
C069546,overlapping_admission
C069550,ghost_beneficiary
C069551,ghost_beneficiary
C069558,ghost_beneficiary
C069562,collusive_ring
C069563,opd_to_ipd
C069580,overlapping_admission
C069592,opd_to_ipd
C069597,collusive_ring
C069599,collusive_ring
C069610,collusive_ring
C069613,opd_to_ipd
C069615,collusive_ring
C069639,collusive_ring
C069662,opd_to_ipd
C069670,collusive_ring
C069695,opd_to_ipd
C069704,opd_to_ipd
C069705,opd_to_ipd
C069708,collusive_ring
C069717,collusive_ring
C069719,collusive_ring
C069720,collusive_ring
C069727,opd_to_ipd
C069743,opd_to_ipd
C069748,collusive_ring
C069772,opd_to_ipd
C069779,claim_after_death
C069784,collusive_ring
C069803,overlapping_admission
C069804,collusive_ring
C069809,opd_to_ipd
C069810,opd_to_ipd
C069812,collusive_ring
C069829,collusive_ring
C069850,opd_to_ipd
C069851,collusive_ring
C069860,collusive_ring
C069869,ghost_beneficiary
C069877,opd_to_ipd
C069897,collusive_ring
C069908,opd_to_ipd
C069921,duplicate_document
C069924,collusive_ring
C069942,opd_to_ipd
C069943,collusive_ring
C069965,duplicate_document
C069981,collusive_ring
C070005,collusive_ring
C070025,collusive_ring
C070029,collusive_ring
C070041,opd_to_ipd
C070062,opd_to_ipd
C070063,collusive_ring
C070067,collusive_ring
C070069,opd_to_ipd
C070085,collusive_ring
C070094,opd_to_ipd
C070107,collusive_ring
C070116,collusive_ring
C070119,ghost_beneficiary
C070134,collusive_ring
C070154,collusive_ring
C070158,collusive_ring
C070159,opd_to_ipd
C070161,collusive_ring
C070175,duplicate_document
C070188,collusive_ring
C070194,collusive_ring
C070196,opd_to_ipd
C070221,collusive_ring
C070225,ghost_beneficiary
C070233,collusive_ring
C070258,collusive_ring
C070263,collusive_ring
C070266,opd_to_ipd
C070272,collusive_ring
C070276,overlapping_admission
C070279,claim_after_death
C070289,collusive_ring
C070296,collusive_ring
C070300,collusive_ring
C070301,collusive_ring
C070306,ghost_beneficiary
C070348,opd_to_ipd
C070357,collusive_ring
C070373,package_upcoding
C070380,opd_to_ipd
C070412,collusive_ring
C070414,overlapping_admission
C070416,opd_to_ipd
C070420,opd_to_ipd
C070430,opd_to_ipd
C070436,duplicate_document
C070437,collusive_ring
C070448,collusive_ring
C070452,package_upcoding
C070459,collusive_ring
C070463,overlapping_admission
C070466,collusive_ring
C070474,collusive_ring
C070477,opd_to_ipd
C070479,collusive_ring
C070489,opd_to_ipd
C070493,opd_to_ipd
C070496,collusive_ring
C070503,opd_to_ipd
C070508,opd_to_ipd
C070509,collusive_ring
C070510,collusive_ring
C070511,collusive_ring
C070520,collusive_ring
C070544,collusive_ring
C070555,collusive_ring
C070559,collusive_ring
C070568,collusive_ring
C070572,collusive_ring
C070578,collusive_ring
C070597,ghost_beneficiary
C070627,collusive_ring
C070634,opd_to_ipd
C070635,ghost_beneficiary
C070636,collusive_ring
C070642,collusive_ring
C070649,ghost_beneficiary
C070692,collusive_ring
C070694,collusive_ring
C070698,collusive_ring
C070699,collusive_ring
C070707,collusive_ring
C070716,overlapping_admission
C070719,claim_after_death
C070729,ghost_beneficiary
C070739,opd_to_ipd
C070750,opd_to_ipd
C070754,collusive_ring
C070764,collusive_ring
C070766,collusive_ring
C070784,collusive_ring
C070788,collusive_ring
C070798,collusive_ring
C070808,collusive_ring
C070814,opd_to_ipd
C070816,collusive_ring
C070819,opd_to_ipd
C070821,collusive_ring
C070822,collusive_ring
C070824,package_upcoding
C070847,opd_to_ipd
C070850,collusive_ring
C070875,collusive_ring
C070880,opd_to_ipd
C070885,collusive_ring
C070890,collusive_ring
C070892,collusive_ring
C070898,collusive_ring
C070905,collusive_ring
C070906,opd_to_ipd
C070916,collusive_ring
C070917,collusive_ring
C070926,opd_to_ipd
C070940,collusive_ring
C070941,collusive_ring
C070948,ghost_beneficiary
C070952,collusive_ring
C070965,collusive_ring
C070967,collusive_ring
C070992,collusive_ring
C070995,opd_to_ipd
C070999,collusive_ring
C071011,collusive_ring
C071026,package_upcoding
C071045,ghost_beneficiary
C071054,collusive_ring
C071059,collusive_ring
C071061,ghost_beneficiary
C071076,collusive_ring
C071080,collusive_ring
C071087,opd_to_ipd
C071090,opd_to_ipd
C071098,collusive_ring
C071121,collusive_ring
C071123,opd_to_ipd
C071136,package_upcoding
C071154,opd_to_ipd
C071155,collusive_ring
C071162,collusive_ring
C071179,collusive_ring
C071190,collusive_ring
C071191,collusive_ring
C071193,collusive_ring
C071198,collusive_ring
C071204,collusive_ring
C071208,collusive_ring
C071235,collusive_ring
C071236,opd_to_ipd
C071246,collusive_ring
C071265,collusive_ring
C071274,collusive_ring
C071277,collusive_ring
C071289,duplicate_document
C071297,ghost_beneficiary
C071302,collusive_ring
C071304,collusive_ring
C071311,opd_to_ipd
C071313,collusive_ring
C071328,ghost_beneficiary
C071351,collusive_ring
C071356,collusive_ring
C071357,collusive_ring
C071360,opd_to_ipd
C071365,collusive_ring
C071374,collusive_ring
C071385,ghost_beneficiary
C071391,collusive_ring
C071395,collusive_ring
C071396,collusive_ring
C071405,collusive_ring
C071407,collusive_ring
C071410,collusive_ring
C071411,opd_to_ipd
C071416,collusive_ring
C071420,ghost_beneficiary
C071441,collusive_ring
C071454,collusive_ring
C071481,collusive_ring
C071495,collusive_ring
C071499,opd_to_ipd
C071504,collusive_ring
C071516,collusive_ring
C071518,collusive_ring
C071522,collusive_ring
C071533,opd_to_ipd
C071536,ghost_beneficiary
C071538,opd_to_ipd
C071541,overlapping_admission
C071553,collusive_ring
C071556,collusive_ring
C071579,collusive_ring
C071586,opd_to_ipd
C071595,collusive_ring
C071622,claim_after_death
C071628,ghost_beneficiary
C071644,collusive_ring
C071646,collusive_ring
C071656,collusive_ring
C071663,collusive_ring
C071667,collusive_ring
C071670,collusive_ring
C071691,opd_to_ipd
C071700,collusive_ring
C071711,ghost_beneficiary
C071713,opd_to_ipd
C071717,opd_to_ipd
C071719,opd_to_ipd
C071723,ghost_beneficiary
C071731,collusive_ring
C071753,collusive_ring
C071764,package_upcoding
C071765,opd_to_ipd
C071780,opd_to_ipd
C071784,collusive_ring
C071789,collusive_ring
C071791,bed_overrun
C071792,collusive_ring
C071794,bed_overrun
C071798,bed_overrun
C071803,bed_overrun
C071804,opd_to_ipd
C071808,bed_overrun
C071809,bed_overrun
C071814,bed_overrun
C071820,bed_overrun
C071823,collusive_ring
C071824,bed_overrun
C071827,opd_to_ipd
C071831,bed_overrun
C071837,bed_overrun
C071838,bed_overrun
C071841,collusive_ring
C071842,bed_overrun
C071843,bed_overrun
C071849,bed_overrun
C071854,bed_overrun
C071856,bed_overrun
C071863,bed_overrun
C071864,bed_overrun
C071867,bed_overrun
C071868,bed_overrun
C071871,collusive_ring
C071872,bed_overrun
C071874,bed_overrun
C071880,bed_overrun
C071881,collusive_ring
C071882,bed_overrun
C071883,bed_overrun
C071886,bed_overrun
C071888,bed_overrun
C071889,bed_overrun
C071893,bed_overrun
C071896,bed_overrun
C071897,bed_overrun
C071898,bed_overrun
C071902,bed_overrun
C071903,bed_overrun
C071905,collusive_ring
C071909,collusive_ring
C071913,bed_overrun
C071916,collusive_ring
C071918,bed_overrun
C071919,bed_overrun
C071920,bed_overrun
C071922,bed_overrun
C071923,collusive_ring
C071924,collusive_ring
C071925,bed_overrun
C071930,bed_overrun
C071931,bed_overrun
C071932,bed_overrun
C071938,bed_overrun
C071939,bed_overrun
C071940,bed_overrun
C071945,bed_overrun
C071947,bed_overrun
C071948,bed_overrun
C071950,bed_overrun
C071953,bed_overrun
C071955,bed_overrun
C071961,bed_overrun
C071962,bed_overrun
C071963,collusive_ring
C071966,bed_overrun
C071967,bed_overrun
C071968,bed_overrun
C071969,collusive_ring
C071972,bed_overrun
C071974,bed_overrun
C071975,bed_overrun
C071976,bed_overrun
C071979,collusive_ring
C071980,bed_overrun
C071981,ghost_beneficiary
C071985,bed_overrun
C071989,bed_overrun
C071991,bed_overrun
C071992,bed_overrun
C071994,bed_overrun
C071996,bed_overrun
C071998,overlapping_admission
C072019,package_upcoding
C072025,opd_to_ipd
C072026,opd_to_ipd
C072027,collusive_ring
C072035,collusive_ring
C072044,collusive_ring
C072055,opd_to_ipd
C072061,collusive_ring
C072063,collusive_ring
C072074,collusive_ring
C072086,opd_to_ipd
C072096,collusive_ring
C072102,ghost_beneficiary
C072119,opd_to_ipd
C072121,ghost_beneficiary
C072122,collusive_ring
C072161,ghost_beneficiary
C072175,opd_to_ipd
C072180,ghost_beneficiary
C072191,collusive_ring
C072211,collusive_ring
C072215,collusive_ring
C072216,collusive_ring
C072225,collusive_ring
C072247,ghost_beneficiary
C072253,collusive_ring
C072254,opd_to_ipd
C072275,unnecessary_procedure
C072280,unnecessary_procedure
C072283,unnecessary_procedure
C072284,opd_to_ipd
C072285,collusive_ring
C072293,unnecessary_procedure
C072295,opd_to_ipd
C072300,unnecessary_procedure
C072303,opd_to_ipd
C072309,unnecessary_procedure
C072312,opd_to_ipd
C072317,collusive_ring
C072324,collusive_ring
C072325,unnecessary_procedure
C072330,unnecessary_procedure
C072331,collusive_ring
C072344,unnecessary_procedure
C072350,collusive_ring
C072355,collusive_ring
C072405,opd_to_ipd
C072418,collusive_ring
C072425,collusive_ring
C072435,opd_to_ipd
C072444,collusive_ring
C072458,collusive_ring
C072464,opd_to_ipd
C072466,collusive_ring
C072476,duplicate_document
C072484,collusive_ring
C072493,collusive_ring
C072500,ghost_beneficiary
C072502,collusive_ring
C072507,collusive_ring
C072510,collusive_ring
C072517,opd_to_ipd
C072519,collusive_ring
C072524,ghost_beneficiary
C072529,collusive_ring
C072555,collusive_ring
C072561,collusive_ring
C072578,collusive_ring
C072599,collusive_ring
C072618,collusive_ring
C072626,opd_to_ipd
C072635,opd_to_ipd
C072637,collusive_ring
C072638,ghost_beneficiary
C072662,collusive_ring
C072668,collusive_ring
C072688,package_upcoding
C072706,collusive_ring
C072715,unnecessary_procedure
C072717,collusive_ring
C072724,collusive_ring
C072728,opd_to_ipd
C072731,unnecessary_procedure
C072745,unnecessary_procedure
C072748,opd_to_ipd
C072761,collusive_ring
C072763,collusive_ring
C072769,unnecessary_procedure
C072771,unnecessary_procedure
C072774,collusive_ring
C072779,collusive_ring
C072785,collusive_ring
C072787,collusive_ring
C072795,collusive_ring
C072797,ghost_beneficiary
C072799,collusive_ring
C072831,collusive_ring
C072836,package_upcoding
C072838,collusive_ring
C072843,duplicate_document
C072857,opd_to_ipd
C072863,duplicate_document
C072884,collusive_ring
C072898,collusive_ring
C072906,collusive_ring
C072908,ghost_beneficiary
C072927,opd_to_ipd
C072936,overlapping_admission
C072949,collusive_ring
C072960,opd_to_ipd
C072969,collusive_ring
C072974,collusive_ring
C072978,collusive_ring
C072991,opd_to_ipd
C073004,collusive_ring
C073006,opd_to_ipd
C073011,opd_to_ipd
C073016,collusive_ring
C073024,collusive_ring
C073052,opd_to_ipd
C073069,collusive_ring
C073071,collusive_ring
C073089,collusive_ring
C073100,collusive_ring
C073103,collusive_ring
C073106,package_upcoding
C073107,opd_to_ipd
C073108,collusive_ring
C073119,collusive_ring
C073127,overlapping_admission
C073135,collusive_ring
C073142,collusive_ring
C073146,collusive_ring
C073154,collusive_ring
C073198,collusive_ring
C073203,collusive_ring
C073209,collusive_ring
C073224,collusive_ring
C073226,opd_to_ipd
C073244,collusive_ring
C073268,opd_to_ipd
C073296,collusive_ring
C073308,collusive_ring
C073316,opd_to_ipd
C073327,opd_to_ipd
C073330,collusive_ring
C073336,claim_after_death
C073347,opd_to_ipd
C073348,collusive_ring
C073374,collusive_ring
C073382,collusive_ring
C073404,collusive_ring
C073406,collusive_ring
C073410,collusive_ring
C073427,opd_to_ipd
C073433,collusive_ring
C073447,opd_to_ipd
C073451,collusive_ring
C073454,collusive_ring
C073456,ghost_beneficiary
C073472,opd_to_ipd
C073481,package_upcoding
C073482,opd_to_ipd
C073487,opd_to_ipd
C073490,opd_to_ipd
C073500,collusive_ring
C073507,opd_to_ipd
C073508,collusive_ring
C073509,ghost_beneficiary
C073519,opd_to_ipd
C073526,opd_to_ipd
C073537,collusive_ring
C073541,collusive_ring
C073549,ghost_beneficiary
C073551,collusive_ring
C073565,collusive_ring
C073581,collusive_ring
C073591,opd_to_ipd
C073606,collusive_ring
C073607,collusive_ring
C073617,opd_to_ipd
C073658,collusive_ring
C073663,opd_to_ipd
C073665,collusive_ring
C073675,collusive_ring
C073676,collusive_ring
C073678,collusive_ring
C073686,collusive_ring
C073691,package_upcoding
C073692,opd_to_ipd
C073695,collusive_ring
C073703,opd_to_ipd
C073717,opd_to_ipd
C073725,duplicate_document
C073731,collusive_ring
C073734,collusive_ring
C073738,ghost_beneficiary
C073744,opd_to_ipd
C073774,opd_to_ipd
C073776,collusive_ring
C073790,opd_to_ipd
C073791,collusive_ring
C073798,ghost_beneficiary
C073803,collusive_ring
C073817,ghost_beneficiary
C073826,opd_to_ipd
C073829,collusive_ring
C073833,opd_to_ipd
C073834,package_upcoding
C073850,collusive_ring
C073855,collusive_ring
C073858,collusive_ring
C073860,collusive_ring
C073864,collusive_ring
C073882,opd_to_ipd
C073885,opd_to_ipd
C073891,collusive_ring
C073898,opd_to_ipd
C073905,opd_to_ipd
C073930,collusive_ring
C073943,collusive_ring
C073950,opd_to_ipd
C073968,collusive_ring
C073972,collusive_ring
C073983,collusive_ring
C073984,collusive_ring
C073986,opd_to_ipd
C073989,opd_to_ipd
C073991,opd_to_ipd
C073994,collusive_ring
C074003,opd_to_ipd
C074031,ghost_beneficiary
C074035,opd_to_ipd
C074038,collusive_ring
C074041,overlapping_admission
C074052,collusive_ring
C074054,opd_to_ipd
C074055,opd_to_ipd
C074073,collusive_ring
C074076,collusive_ring
C074079,collusive_ring
C074084,collusive_ring
C074091,collusive_ring
C074093,collusive_ring
C074113,opd_to_ipd
C074114,collusive_ring
C074128,collusive_ring
C074132,opd_to_ipd
C074137,opd_to_ipd
C074144,collusive_ring
C074159,overlapping_admission
C074166,collusive_ring
C074172,opd_to_ipd
C074177,collusive_ring
C074181,opd_to_ipd
C074189,collusive_ring
C074195,collusive_ring
C074197,collusive_ring
C074198,opd_to_ipd
C074212,overlapping_admission
C074229,opd_to_ipd
C074232,ghost_beneficiary
C074245,collusive_ring
C074248,collusive_ring
C074256,collusive_ring
C074311,collusive_ring
C074317,collusive_ring
C074321,collusive_ring
C074325,collusive_ring
C074326,opd_to_ipd
C074331,opd_to_ipd
C074354,collusive_ring
C074392,opd_to_ipd
C074405,collusive_ring
C074408,collusive_ring
C074410,overlapping_admission
C074411,opd_to_ipd
C074419,opd_to_ipd
C074447,collusive_ring
C074458,collusive_ring
C074461,collusive_ring
C074464,ghost_beneficiary
C074467,opd_to_ipd
C074478,collusive_ring
C074479,opd_to_ipd
C074493,collusive_ring
C074495,collusive_ring
C074497,collusive_ring
C074521,collusive_ring
C074528,collusive_ring
C074532,collusive_ring
C074533,collusive_ring
C074536,collusive_ring
C074545,collusive_ring
C074549,collusive_ring
C074550,opd_to_ipd
C074556,collusive_ring
C074560,collusive_ring
C074561,collusive_ring
C074562,opd_to_ipd
C074568,opd_to_ipd
C074569,collusive_ring
C074598,collusive_ring
C074617,collusive_ring
C074623,collusive_ring
C074632,collusive_ring
C074633,collusive_ring
C074634,opd_to_ipd
C074635,collusive_ring
C074642,ghost_beneficiary
C074661,unnecessary_procedure
C074674,overlapping_admission
C074679,unnecessary_procedure
C074682,unnecessary_procedure
C074691,collusive_ring
C074692,collusive_ring
C074697,unnecessary_procedure
C074698,unnecessary_procedure
C074703,unnecessary_procedure
C074705,collusive_ring
C074710,unnecessary_procedure
C074713,collusive_ring
C074725,collusive_ring
C074730,collusive_ring
C074737,collusive_ring
C074740,collusive_ring
C074741,unnecessary_procedure
C074745,ghost_beneficiary
C074753,collusive_ring
C074763,collusive_ring
C074765,collusive_ring
C074780,collusive_ring
C074785,collusive_ring
C074805,collusive_ring
C074812,ghost_beneficiary
C074862,collusive_ring
C074880,collusive_ring
C074888,collusive_ring
C074889,collusive_ring
C074903,opd_to_ipd
C074904,opd_to_ipd
C074915,ghost_beneficiary
C074926,opd_to_ipd
C074928,opd_to_ipd
C074930,collusive_ring
C074932,collusive_ring
C074936,collusive_ring
C074947,opd_to_ipd
C074968,collusive_ring
C074970,collusive_ring
C074989,collusive_ring
C074992,collusive_ring
C074994,opd_to_ipd
C075013,collusive_ring
C075034,collusive_ring
C075043,collusive_ring
C075056,ghost_beneficiary
C075059,opd_to_ipd
C075062,ghost_beneficiary
C075064,opd_to_ipd
C075067,collusive_ring
C075090,collusive_ring
C075116,collusive_ring
C075135,collusive_ring
C075151,collusive_ring
C075155,opd_to_ipd
C075163,opd_to_ipd
C075181,duplicate_document
C075194,collusive_ring
C075231,opd_to_ipd
C075233,collusive_ring
C075239,collusive_ring
C075249,collusive_ring
C075258,opd_to_ipd
C075273,opd_to_ipd
C075276,collusive_ring
C075280,collusive_ring
C075285,collusive_ring
C075287,opd_to_ipd
C075289,overlapping_admission
C075303,opd_to_ipd
C075327,collusive_ring
C075337,collusive_ring
C075345,collusive_ring
C075359,collusive_ring
C075361,ghost_beneficiary
C075364,collusive_ring
C075379,collusive_ring
C075385,collusive_ring
C075403,collusive_ring
C075423,opd_to_ipd
C075425,collusive_ring
C075440,collusive_ring
C075444,collusive_ring
C075453,collusive_ring
C075465,opd_to_ipd
C075501,collusive_ring
C075502,opd_to_ipd
C075508,collusive_ring
C075512,opd_to_ipd
C075520,unnecessary_procedure
C075521,collusive_ring
C075528,unnecessary_procedure
C075530,collusive_ring
C075540,opd_to_ipd
C075544,unnecessary_procedure
C075545,collusive_ring
C075549,opd_to_ipd
C075551,unnecessary_procedure
C075554,unnecessary_procedure
C075555,unnecessary_procedure
C075562,unnecessary_procedure
C075569,unnecessary_procedure
C075570,collusive_ring
C075585,package_upcoding
C075586,collusive_ring
C075588,opd_to_ipd
C075593,collusive_ring
C075595,collusive_ring
C075602,ghost_beneficiary
C075617,opd_to_ipd
C075627,collusive_ring
C075632,ghost_beneficiary
C075636,collusive_ring
C075642,collusive_ring
C075646,collusive_ring
C075649,package_upcoding
C075650,opd_to_ipd
C075663,collusive_ring
C075665,collusive_ring
C075684,opd_to_ipd
C075705,collusive_ring
C075707,collusive_ring
C075709,opd_to_ipd
C075720,collusive_ring
