claim_id,rule,detail,provider_id,member_id,facility_id,procedure_code,paid_amount,billed_amount,service_datetime
C031510,overlapping_admission,"Admitted 07 Mar 2026 03:58 while an inpatient at P052 under C031411 (admitted 06 Mar 2026 12:58, discharged 10 Mar 2026 10:25); stays overlap by 78 h",P221,M000045,F221,MG038A,3600.0,3600.0,2026-03-07 03:58:00
C029122,overlapping_admission,"Admitted 23 Feb 2026 13:53 while an inpatient at P128 under C028885 (admitted 22 Feb 2026 10:53, discharged 01 Mar 2026 14:26); stays overlap by 145 h",P275,M000264,F275,MG003A,3960.0,3960.0,2026-02-23 13:53:00
C058534,overlapping_admission,"Admitted 13 Jul 2026 19:03 while an inpatient at P230 under C058275 (admitted 12 Jul 2026 15:03, discharged 16 Jul 2026 15:13); stays overlap by 68 h",P221,M000374,F221,MG016A,14400.0,14400.0,2026-07-13 19:03:00
C072159,overlapping_admission,"Admitted 13 Sep 2026 14:42 while an inpatient at P198 under C071893 (admitted 12 Sep 2026 12:48, discharged 17 Sep 2026 14:36); stays overlap by 96 h",P148,M000538,F148,MG038A,9000.0,9000.0,2026-09-13 14:42:00
C049431,overlapping_admission,"Admitted 31 May 2026 01:37 while an inpatient at P228 under C049395 (admitted 30 May 2026 18:37, discharged 03 Jun 2026 10:35); stays overlap by 81 h",P275,M000882,F275,MG045A,3960.0,3960.0,2026-05-31 01:37:00
C038468,overlapping_admission,"Admitted 10 Apr 2026 11:40 while an inpatient at P148 under C038363 (admitted 09 Apr 2026 19:03, discharged 11 Apr 2026 16:39); stays overlap by 29 h",P152,M000919,F152,MG009A,5400.0,5400.0,2026-04-10 11:40:00
C056083,overlapping_admission,"Admitted 02 Jul 2026 09:14 while an inpatient at P152 under C055594 (admitted 29 Jun 2026 16:59, discharged 05 Jul 2026 16:00); stays overlap by 79 h",P022,M000919,F022,SO057,10328.0,11500.0,2026-07-02 09:14:00
C043078,overlapping_admission,"Admitted 02 May 2026 08:07 while an inpatient at P203 under C042366 (admitted 29 Apr 2026 12:27, discharged 04 May 2026 13:19); stays overlap by 53 h",P198,M000920,F198,MG016A,5400.0,5400.0,2026-05-02 08:07:00
C064123,overlapping_admission,"Admitted 08 Aug 2026 20:02 while an inpatient at P203 under C063620 (admitted 06 Aug 2026 16:09, discharged 12 Aug 2026 10:47); stays overlap by 87 h",P148,M000920,F148,MG003A,3600.0,3600.0,2026-08-08 20:02:00
C071059,overlapping_admission,"Admitted 08 Sep 2026 15:36 while an inpatient at P148 under C070511 (admitted 06 Sep 2026 00:34, discharged 10 Sep 2026 11:00); stays overlap by 43 h",P059,M000920,F059,SG050A,15620.0,15620.0,2026-09-08 15:36:00
C075595,overlapping_admission,"Admitted 29 Sep 2026 12:55 while an inpatient at P152 under C074598 (admitted 24 Sep 2026 17:40, discharged 04 Oct 2026 12:57); stays overlap by 120 h",P059,M000920,F059,MG029A,13860.0,13860.0,2026-09-29 12:55:00
C035767,overlapping_admission,"Admitted 27 Mar 2026 17:16 while an inpatient at P142 under C035637 (admitted 26 Mar 2026 23:16, discharged 03 Apr 2026 14:10); stays overlap by 165 h",P221,M000949,F221,MG070A,3160.0,3600.0,2026-03-27 17:16:00
C051347,overlapping_admission,"Admitted 09 Jun 2026 11:52 while an inpatient at P143 under C051293 (admitted 09 Jun 2026 08:11, discharged 12 Jun 2026 12:07); stays overlap by 72 h",P156,M000965,F156,MG001A,1532.0,1800.0,2026-06-09 11:52:00
C071541,overlapping_admission,"Admitted 10 Sep 2026 19:16 while an inpatient at P012 under C071164 (admitted 09 Sep 2026 08:16, discharged 15 Sep 2026 13:36); stays overlap by 114 h",P275,M000970,F275,MG064A,3960.0,3960.0,2026-09-10 19:16:00
C052798,overlapping_admission,"Admitted 16 Jun 2026 12:55 while an inpatient at P059 under C052335 (admitted 14 Jun 2026 09:22, discharged 22 Jun 2026 15:50); stays overlap by 147 h",P022,M001135,F022,SO057,11500.0,11500.0,2026-06-16 12:55:00
C054884,overlapping_admission,"Admitted 26 Jun 2026 10:46 while an inpatient at P059 under C054707 (admitted 25 Jun 2026 13:09, discharged 28 Jun 2026 15:10); stays overlap by 52 h",P152,M001135,F152,SO057,11500.0,11500.0,2026-06-26 10:46:00
C059153,overlapping_admission,"Admitted 16 Jul 2026 15:56 while an inpatient at P022 under C059034 (admitted 16 Jul 2026 08:32, discharged 20 Jul 2026 11:26); stays overlap by 92 h",P148,M001135,F148,MG004A,3600.0,3600.0,2026-07-16 15:56:00
C045253,overlapping_admission,"Admitted 11 May 2026 12:06 while an inpatient at P152 under C045173 (admitted 11 May 2026 08:32, discharged 20 May 2026 11:35); stays overlap by 215 h",P198,M001136,F198,MG001A,10800.0,10800.0,2026-05-11 12:06:00
C051167,overlapping_admission,"Admitted 08 Jun 2026 13:48 while an inpatient at P022 under C050695 (admitted 06 Jun 2026 11:53, discharged 12 Jun 2026 16:25); stays overlap by 99 h",P152,M001136,F152,MG006A,5667.0,7200.0,2026-06-08 13:48:00
C059448,overlapping_admission,"Admitted 18 Jul 2026 09:07 while an inpatient at P013 under C058850 (admitted 15 Jul 2026 11:07, discharged 20 Jul 2026 11:04); stays overlap by 50 h",P152,M001136,F152,MG009A,9000.0,9000.0,2026-07-18 09:07:00
C060328,overlapping_admission,"Admitted 22 Jul 2026 09:14 while an inpatient at P152 under C059448 (admitted 18 Jul 2026 09:07, discharged 23 Jul 2026 13:50); stays overlap by 29 h",P203,M001136,F203,SG039C,25080.0,25080.0,2026-07-22 09:14:00
C060669,overlapping_admission,"Admitted 23 Jul 2026 18:35 while an inpatient at P203 under C060328 (admitted 22 Jul 2026 09:14, discharged 26 Jul 2026 14:11); stays overlap by 68 h",P152,M001136,F152,MG038A,13500.0,13500.0,2026-07-23 18:35:00
C061995,overlapping_admission,"Admitted 30 Jul 2026 10:03 while an inpatient at P059 under C061410 (admitted 27 Jul 2026 11:02, discharged 31 Jul 2026 11:36); stays overlap by 26 h",P022,M001137,F022,SB020A,14000.0,14000.0,2026-07-30 10:03:00
C067584,overlapping_admission,"Admitted 24 Aug 2026 01:48 while an inpatient at P059 under C067546 (admitted 23 Aug 2026 19:27, discharged 30 Aug 2026 14:48); stays overlap by 157 h",P152,M001137,F152,SO057,11500.0,11500.0,2026-08-24 01:48:00
C074617,overlapping_admission,"Admitted 24 Sep 2026 20:50 while an inpatient at P152 under C074560 (admitted 24 Sep 2026 14:56, discharged 27 Sep 2026 13:22); stays overlap by 65 h",P148,M001137,F148,SG050A,14200.0,14200.0,2026-09-24 20:50:00
C035820,overlapping_admission,"Admitted 28 Mar 2026 04:27 while an inpatient at P203 under C035354 (admitted 25 Mar 2026 13:17, discharged 29 Mar 2026 12:23); stays overlap by 32 h",P022,M001138,F022,SO057,11500.0,11500.0,2026-03-28 04:27:00
C063820,overlapping_admission,"Admitted 07 Aug 2026 15:25 while an inpatient at P059 under C063367 (admitted 05 Aug 2026 15:15, discharged 09 Aug 2026 14:08); stays overlap by 47 h",P022,M001138,F022,MG009A,18900.0,18900.0,2026-08-07 15:25:00
C049076,overlapping_admission,"Admitted 30 May 2026 01:53 while an inpatient at P036 under C048753 (admitted 28 May 2026 11:53, discharged 06 Jun 2026 10:49); stays overlap by 177 h",P043,M001195,F043,MG070A,9900.0,9900.0,2026-05-30 01:53:00
C074410,overlapping_admission,"Admitted 23 Sep 2026 20:26 while an inpatient at P287 under C074237 (admitted 23 Sep 2026 08:26, discharged 27 Sep 2026 10:34); stays overlap by 86 h",P275,M001209,F275,MG059A,3960.0,3960.0,2026-09-23 20:26:00
C032392,overlapping_admission,"Admitted 11 Mar 2026 03:06 while an inpatient at P012 under C032116 (admitted 09 Mar 2026 20:06, discharged 16 Mar 2026 15:06); stays overlap by 132 h",P275,M001356,F275,MG070A,4182.0,5940.0,2026-03-11 03:06:00
C047875,overlapping_admission,"Admitted 24 May 2026 07:54 while an inpatient at P257 under C047702 (admitted 23 May 2026 10:54, discharged 27 May 2026 15:58); stays overlap by 80 h",P275,M001356,F275,MG016A,9900.0,9900.0,2026-05-24 07:54:00
C068937,overlapping_admission,"Admitted 30 Aug 2026 03:40 while an inpatient at P230 under C068581 (admitted 28 Aug 2026 13:40, discharged 01 Sep 2026 10:51); stays overlap by 55 h",P221,M001381,F221,MG006A,5400.0,5400.0,2026-08-30 03:40:00
C043050,overlapping_admission,"Admitted 02 May 2026 00:15 while an inpatient at P118 under C042885 (admitted 01 May 2026 10:15, discharged 05 May 2026 15:48); stays overlap by 88 h",P221,M001474,F221,MG038A,5400.0,5400.0,2026-05-02 00:15:00
C065119,overlapping_admission,"Admitted 13 Aug 2026 10:46 while an inpatient at P022 under C063850 (admitted 07 Aug 2026 17:29, discharged 15 Aug 2026 14:32); stays overlap by 52 h",P198,M001549,F198,MG016A,6534.0,9000.0,2026-08-13 10:46:00
C054393,overlapping_admission,"Admitted 23 Jun 2026 23:42 while an inpatient at P022 under C053637 (admitted 20 Jun 2026 14:12, discharged 26 Jun 2026 13:40); stays overlap by 62 h",P059,M001780,F059,MG006A,11880.0,11880.0,2026-06-23 23:42:00
C067655,overlapping_admission,"Admitted 24 Aug 2026 10:45 while an inpatient at P022 under C067373 (admitted 22 Aug 2026 21:56, discharged 27 Aug 2026 16:23); stays overlap by 78 h",P059,M001780,F059,SG051B,16110.0,19140.0,2026-08-24 10:45:00
C074533,overlapping_admission,"Admitted 24 Sep 2026 13:24 while an inpatient at P152 under C074038 (admitted 22 Sep 2026 10:24, discharged 26 Sep 2026 13:28); stays overlap by 48 h",P022,M001780,F022,SG050A,11280.0,14200.0,2026-09-24 13:24:00
C052233,overlapping_admission,"Admitted 13 Jun 2026 16:46 while an inpatient at P022 under C051845 (admitted 11 Jun 2026 16:48, discharged 16 Jun 2026 11:57); stays overlap by 67 h",P059,M001781,F059,MG038A,14850.0,14850.0,2026-06-13 16:46:00
C059272,overlapping_admission,"Admitted 17 Jul 2026 10:52 while an inpatient at P203 under C058306 (admitted 12 Jul 2026 17:08, discharged 23 Jul 2026 14:22); stays overlap by 148 h",P152,M001781,F152,SO057,9650.0,11500.0,2026-07-17 10:52:00
C075249,overlapping_admission,"Admitted 27 Sep 2026 18:43 while an inpatient at P059 under C074763 (admitted 25 Sep 2026 13:42, discharged 01 Oct 2026 11:52); stays overlap by 89 h",P148,M001781,F148,MG009A,5400.0,5400.0,2026-09-27 18:43:00
C037909,overlapping_admission,"Admitted 07 Apr 2026 12:21 while an inpatient at P152 under C037515 (admitted 05 Apr 2026 14:03, discharged 09 Apr 2026 10:01); stays overlap by 46 h",P022,M001782,F022,SG039C,22800.0,22800.0,2026-04-07 12:21:00
C048994,overlapping_admission,"Admitted 29 May 2026 15:30 while an inpatient at P059 under C048744 (admitted 28 May 2026 11:31, discharged 01 Jun 2026 10:53); stays overlap by 67 h",P148,M001782,F148,SG017A,11000.0,11000.0,2026-05-29 15:30:00
C049198,overlapping_admission,"Admitted 30 May 2026 11:03 while an inpatient at P148 under C048994 (admitted 29 May 2026 15:30, discharged 02 Jun 2026 15:33); stays overlap by 76 h",P022,M001782,F022,MG003A,27000.0,27000.0,2026-05-30 11:03:00
C071374,overlapping_admission,"Admitted 10 Sep 2026 09:00 while an inpatient at P059 under C070999 (admitted 08 Sep 2026 11:17, discharged 13 Sep 2026 10:51); stays overlap by 74 h",P203,M001782,F203,MG009A,2845.0,3960.0,2026-09-10 09:00:00
C049116,overlapping_admission,"Admitted 30 May 2026 08:23 while an inpatient at P059 under C048424 (admitted 26 May 2026 17:02, discharged 01 Jun 2026 13:12); stays overlap by 53 h",P198,M001783,F198,MG001A,5400.0,5400.0,2026-05-30 08:23:00
C042181,overlapping_admission,"Admitted 28 Apr 2026 12:40 while an inpatient at P142 under C042113 (admitted 28 Apr 2026 03:40, discharged 02 May 2026 13:19); stays overlap by 97 h",P221,M001820,F221,MG009A,5400.0,5400.0,2026-04-28 12:40:00
C033840,overlapping_admission,"Admitted 18 Mar 2026 06:03 while an inpatient at P287 under C033728 (admitted 17 Mar 2026 14:03, discharged 23 Mar 2026 13:28); stays overlap by 127 h",P275,M002009,F275,MG059A,5864.0,7920.0,2026-03-18 06:03:00
C065088,overlapping_admission,"Admitted 13 Aug 2026 09:37 while an inpatient at P059 under C064627 (admitted 11 Aug 2026 10:11, discharged 14 Aug 2026 16:44); stays overlap by 31 h",P198,M002054,F198,MG009A,3600.0,3600.0,2026-08-13 09:37:00
C071998,overlapping_admission,"Admitted 12 Sep 2026 18:02 while an inpatient at P142 under C071685 (admitted 11 Sep 2026 14:02, discharged 20 Sep 2026 15:16); stays overlap by 189 h",P221,M002074,F221,MG038A,5400.0,5400.0,2026-09-12 18:02:00
C014262,overlapping_admission,"Admitted 10 Dec 2025 20:24 while an inpatient at P230 under C013973 (admitted 09 Dec 2025 13:24, discharged 19 Dec 2025 12:32); stays overlap by 208 h",P221,M002204,F221,MG006A,3600.0,3600.0,2025-12-10 20:24:00
C047354,overlapping_admission,"Admitted 21 May 2026 15:01 while an inpatient at P059 under C047236 (admitted 21 May 2026 04:42, discharged 22 May 2026 15:39); stays overlap by 25 h",P148,M002319,F148,SG050A,14200.0,14200.0,2026-05-21 15:01:00
C073983,overlapping_admission,"Admitted 21 Sep 2026 23:59 while an inpatient at P167 under C073640 (admitted 20 Sep 2026 09:44, discharged 23 Sep 2026 11:24); stays overlap by 35 h",P152,M002319,F152,SO057,11500.0,11500.0,2026-09-21 23:59:00
C074091,overlapping_admission,"Admitted 22 Sep 2026 13:29 while an inpatient at P152 under C073983 (admitted 21 Sep 2026 23:59, discharged 27 Sep 2026 15:15); stays overlap by 122 h",P148,M002319,F148,SG050A,14200.0,14200.0,2026-09-22 13:29:00
C071405,overlapping_admission,"Admitted 10 Sep 2026 10:38 while an inpatient at P059 under C069427 (admitted 01 Sep 2026 13:32, discharged 14 Sep 2026 14:55); stays overlap by 100 h",P148,M002320,F148,SO057,11500.0,11500.0,2026-09-10 10:38:00
C056576,overlapping_admission,"Admitted 04 Jul 2026 12:23 while an inpatient at P203 under C055985 (admitted 01 Jul 2026 17:06, discharged 07 Jul 2026 13:44); stays overlap by 73 h",P148,M002321,F148,MG017A,28800.0,28800.0,2026-07-04 12:23:00
C073406,overlapping_admission,"Admitted 19 Sep 2026 08:47 while an inpatient at P022 under C072884 (admitted 16 Sep 2026 18:53, discharged 21 Sep 2026 14:12); stays overlap by 53 h",P152,M002321,F152,MG006A,6908.0,9000.0,2026-09-19 08:47:00
C054259,overlapping_admission,"Admitted 23 Jun 2026 12:26 while an inpatient at P022 under C054169 (admitted 23 Jun 2026 05:21, discharged 28 Jun 2026 11:53); stays overlap by 119 h",P059,M002322,F059,MG001A,7920.0,7920.0,2026-06-23 12:26:00
C066312,overlapping_admission,"Admitted 18 Aug 2026 09:01 while an inpatient at P152 under C065747 (admitted 15 Aug 2026 17:10, discharged 24 Aug 2026 11:03); stays overlap by 146 h",P203,M002322,F203,MG003A,3960.0,3960.0,2026-08-18 09:01:00
C070555,overlapping_admission,"Admitted 06 Sep 2026 09:48 while an inpatient at P152 under C070158 (admitted 04 Sep 2026 12:39, discharged 11 Sep 2026 16:51); stays overlap by 127 h",P203,M002322,F203,MG059A,5940.0,5940.0,2026-09-06 09:48:00
C072044,overlapping_admission,"Admitted 13 Sep 2026 01:47 while an inpatient at P059 under C071365 (admitted 10 Sep 2026 08:41, discharged 14 Sep 2026 10:07); stays overlap by 32 h",P022,M002322,F022,MC011A,72200.0,72200.0,2026-09-13 01:47:00
C072215,overlapping_admission,"Admitted 13 Sep 2026 17:54 while an inpatient at P022 under C072044 (admitted 13 Sep 2026 01:47, discharged 19 Sep 2026 12:54); stays overlap by 139 h",P203,M002322,F203,SO057,9306.0,12650.0,2026-09-13 17:54:00
C072324,overlapping_admission,"Admitted 14 Sep 2026 10:29 while an inpatient at P203 under C072215 (admitted 13 Sep 2026 17:54, discharged 19 Sep 2026 11:20); stays overlap by 121 h",P152,M002322,F152,SG017A,11000.0,11000.0,2026-09-14 10:29:00
C054319,overlapping_admission,"Admitted 23 Jun 2026 15:42 while an inpatient at P022 under C054055 (admitted 22 Jun 2026 13:25, discharged 29 Jun 2026 15:00); stays overlap by 143 h",P059,M002323,F059,MG029A,11880.0,11880.0,2026-06-23 15:42:00
C055183,overlapping_admission,"Admitted 27 Jun 2026 16:41 while an inpatient at P059 under C054319 (admitted 23 Jun 2026 15:42, discharged 29 Jun 2026 16:35); stays overlap by 48 h",P203,M002323,F203,MG064A,5940.0,5940.0,2026-06-27 16:41:00
C056510,overlapping_admission,"Admitted 04 Jul 2026 06:53 while an inpatient at P152 under C056035 (admitted 01 Jul 2026 23:40, discharged 06 Jul 2026 12:00); stays overlap by 53 h",P148,M002323,F148,SB010A,14900.0,14900.0,2026-07-04 06:53:00
C059681,overlapping_admission,"Admitted 19 Jul 2026 11:06 while an inpatient at P152 under C058892 (admitted 15 Jul 2026 13:42, discharged 22 Jul 2026 12:20); stays overlap by 73 h",P203,M002323,F203,SG051B,19140.0,19140.0,2026-07-19 11:06:00
C065908,overlapping_admission,"Admitted 16 Aug 2026 13:11 while an inpatient at P148 under C065694 (admitted 15 Aug 2026 13:55, discharged 17 Aug 2026 13:38); stays overlap by 24 h",P152,M002323,F152,SO057,11500.0,11500.0,2026-08-16 13:11:00
C073198,overlapping_admission,"Admitted 18 Sep 2026 09:46 while an inpatient at P022 under C072578 (admitted 15 Sep 2026 13:00, discharged 22 Sep 2026 13:27); stays overlap by 100 h",P152,M002587,F152,MG038A,9000.0,9000.0,2026-09-18 09:46:00
C073537,overlapping_admission,"Admitted 19 Sep 2026 17:44 while an inpatient at P152 under C073198 (admitted 18 Sep 2026 09:46, discharged 23 Sep 2026 16:24); stays overlap by 95 h",P148,M002587,F148,SB039,80000.0,80000.0,2026-09-19 17:44:00
C073791,overlapping_admission,"Admitted 20 Sep 2026 22:33 while an inpatient at P148 under C073537 (admitted 19 Sep 2026 17:44, discharged 26 Sep 2026 13:14); stays overlap by 135 h",P059,M002587,F059,MG009A,29700.0,29700.0,2026-09-20 22:33:00
C074076,overlapping_admission,"Admitted 22 Sep 2026 12:51 while an inpatient at P059 under C073791 (admitted 20 Sep 2026 22:33, discharged 26 Sep 2026 15:24); stays overlap by 99 h",P022,M002587,F022,SO010,20000.0,20000.0,2026-09-22 12:51:00
C034716,overlapping_admission,"Admitted 22 Mar 2026 10:11 while an inpatient at P148 under C034677 (admitted 22 Mar 2026 04:59, discharged 27 Mar 2026 11:46); stays overlap by 122 h",P022,M002588,F022,SG039C,22800.0,22800.0,2026-03-22 10:11:00
C047574,overlapping_admission,"Admitted 22 May 2026 16:29 while an inpatient at P203 under C047165 (admitted 20 May 2026 16:33, discharged 24 May 2026 13:15); stays overlap by 45 h",P022,M002588,F022,SO010,18567.0,20000.0,2026-05-22 16:29:00
C052734,overlapping_admission,"Admitted 16 Jun 2026 07:36 while an inpatient at P203 under C051596 (admitted 10 Jun 2026 14:11, discharged 17 Jun 2026 11:34); stays overlap by 28 h",P152,M002588,F152,MG016A,3600.0,3600.0,2026-06-16 07:36:00
C058238,overlapping_admission,"Admitted 12 Jul 2026 12:22 while an inpatient at P059 under C058007 (admitted 11 Jul 2026 11:57, discharged 15 Jul 2026 14:47); stays overlap by 74 h",P203,M002588,F203,SO057,9321.0,12650.0,2026-07-12 12:22:00
C067484,overlapping_admission,"Admitted 23 Aug 2026 14:02 while an inpatient at P059 under C067068 (admitted 21 Aug 2026 16:05, discharged 26 Aug 2026 14:59); stays overlap by 73 h",P203,M002588,F203,SG051B,19140.0,19140.0,2026-08-23 14:02:00
C071967,overlapping_admission,"Admitted 12 Sep 2026 16:27 while an inpatient at P203 under C071924 (admitted 12 Sep 2026 14:25, discharged 16 Sep 2026 11:42); stays overlap by 91 h",P198,M002588,F198,MG009A,10800.0,10800.0,2026-09-12 16:27:00
C072555,overlapping_admission,"Admitted 15 Sep 2026 11:44 while an inpatient at P198 under C071967 (admitted 12 Sep 2026 16:27, discharged 18 Sep 2026 10:21); stays overlap by 71 h",P152,M002588,F152,MG009A,3600.0,3600.0,2026-09-15 11:44:00
C052750,overlapping_admission,"Admitted 16 Jun 2026 08:50 while an inpatient at P059 under C052158 (admitted 13 Jun 2026 11:31, discharged 18 Jun 2026 13:01); stays overlap by 52 h",P022,M002589,F022,SO057,11500.0,11500.0,2026-06-16 08:50:00
C070107,overlapping_admission,"Admitted 04 Sep 2026 09:49 while an inpatient at P148 under C069981 (admitted 03 Sep 2026 17:12, discharged 09 Sep 2026 10:53); stays overlap by 121 h",P022,M002590,F022,MN002A,15000.0,15000.0,2026-09-04 09:49:00
C070459,overlapping_admission,"Admitted 05 Sep 2026 18:38 while an inpatient at P022 under C070107 (admitted 04 Sep 2026 09:49, discharged 09 Sep 2026 16:23); stays overlap by 94 h",P148,M002590,F148,MG029A,13500.0,13500.0,2026-09-05 18:38:00
C070692,overlapping_admission,"Admitted 06 Sep 2026 17:56 while an inpatient at P148 under C070459 (admitted 05 Sep 2026 18:38, discharged 08 Sep 2026 11:04); stays overlap by 41 h",P203,M002590,F203,MG009A,7059.0,7920.0,2026-09-06 17:56:00
C072510,overlapping_admission,"Admitted 15 Sep 2026 09:08 while an inpatient at P022 under C072355 (admitted 14 Sep 2026 12:36, discharged 20 Sep 2026 16:32); stays overlap by 127 h",P152,M002590,F152,MG049C,12600.0,12600.0,2026-09-15 09:08:00
C064706,overlapping_admission,"Admitted 11 Aug 2026 14:15 while an inpatient at P059 under C064488 (admitted 10 Aug 2026 14:15, discharged 15 Aug 2026 12:52); stays overlap by 95 h",P022,M002591,F022,SG050A,14200.0,14200.0,2026-08-11 14:15:00
C042925,overlapping_admission,"Admitted 01 May 2026 13:02 while an inpatient at P198 under C042620 (admitted 30 Apr 2026 12:02, discharged 04 May 2026 13:25); stays overlap by 72 h",P203,M002592,F203,MG017A,11880.0,11880.0,2026-05-01 13:02:00
C067284,overlapping_admission,"Admitted 22 Aug 2026 14:08 while an inpatient at P022 under C066949 (admitted 21 Aug 2026 07:50, discharged 25 Aug 2026 10:49); stays overlap by 69 h",P059,M002592,F059,MG017A,7920.0,7920.0,2026-08-22 14:08:00
C074635,overlapping_admission,"Admitted 24 Sep 2026 23:14 while an inpatient at P022 under C074545 (admitted 24 Sep 2026 13:53, discharged 28 Sep 2026 14:48); stays overlap by 88 h",P203,M002592,F203,SG039C,25080.0,25080.0,2026-09-24 23:14:00
C062792,overlapping_admission,"Admitted 03 Aug 2026 04:39 while an inpatient at P203 under C062574 (admitted 02 Aug 2026 06:13, discharged 05 Aug 2026 10:52); stays overlap by 54 h",P022,M002593,F022,SG017A,10408.0,11000.0,2026-08-03 04:39:00
C047672,overlapping_admission,"Admitted 23 May 2026 08:48 while an inpatient at P184 under C047310 (admitted 21 May 2026 11:57, discharged 27 May 2026 14:54); stays overlap by 102 h",P240,M002764,F240,SO010,22000.0,22000.0,2026-05-23 08:48:00
C067645,overlapping_admission,"Admitted 24 Aug 2026 09:58 while an inpatient at P240 under C066741 (admitted 20 Aug 2026 07:26, discharged 29 Aug 2026 14:46); stays overlap by 125 h",P184,M002764,F184,SG017A,13310.0,13310.0,2026-08-24 09:58:00
C074703,overlapping_admission,"Admitted 25 Sep 2026 10:22 while an inpatient at P184 under C074686 (admitted 25 Sep 2026 09:48, discharged 28 Sep 2026 15:48); stays overlap by 77 h",P240,M002764,F240,SO010,22000.0,22000.0,2026-09-25 10:22:00
C069803,overlapping_admission,"Admitted 03 Sep 2026 02:15 while an inpatient at P142 under C069676 (admitted 02 Sep 2026 14:15, discharged 06 Sep 2026 13:51); stays overlap by 84 h",P221,M002943,F221,MG038A,3600.0,3600.0,2026-09-03 02:15:00
C057696,overlapping_admission,"Admitted 09 Jul 2026 20:17 while an inpatient at P052 under C057358 (admitted 08 Jul 2026 09:17, discharged 14 Jul 2026 14:31); stays overlap by 114 h",P221,M003147,F221,MG049C,9000.0,9000.0,2026-07-09 20:17:00
C055322,overlapping_admission,"Admitted 28 Jun 2026 11:40 while an inpatient at P184 under C055013 (admitted 26 Jun 2026 22:34, discharged 30 Jun 2026 10:41); stays overlap by 47 h",P085,M003154,F085,SG039C,22800.0,22800.0,2026-06-28 11:40:00
C026267,overlapping_admission,"Admitted 09 Feb 2026 05:10 while an inpatient at P005 under C026095 (admitted 08 Feb 2026 09:10, discharged 11 Feb 2026 15:00); stays overlap by 58 h",P275,M003353,F275,MG045A,3007.0,3960.0,2026-02-09 05:10:00
C069580,overlapping_admission,"Admitted 02 Sep 2026 07:35 while an inpatient at P065 under C069295 (admitted 31 Aug 2026 19:35, discharged 07 Sep 2026 11:27); stays overlap by 124 h",P043,M003625,F043,MG003A,7920.0,7920.0,2026-09-02 07:35:00
C048904,overlapping_admission,"Admitted 29 May 2026 08:43 while an inpatient at P053 under C048732 (admitted 28 May 2026 10:43, discharged 31 May 2026 15:25); stays overlap by 55 h",P043,M003626,F043,MG029A,10988.0,14850.0,2026-05-29 08:43:00
C045981,overlapping_admission,"Admitted 14 May 2026 22:16 while an inpatient at P148 under C045297 (admitted 11 May 2026 14:40, discharged 17 May 2026 16:42); stays overlap by 66 h",P059,M003637,F059,MG038A,5945.0,7920.0,2026-05-14 22:16:00
C046284,overlapping_admission,"Admitted 16 May 2026 11:05 while an inpatient at P059 under C045981 (admitted 14 May 2026 22:16, discharged 18 May 2026 12:20); stays overlap by 49 h",P152,M003637,F152,SG039C,22800.0,22800.0,2026-05-16 11:05:00
C069597,overlapping_admission,"Admitted 02 Sep 2026 08:56 while an inpatient at P148 under C068607 (admitted 28 Aug 2026 14:55, discharged 03 Sep 2026 15:20); stays overlap by 30 h",P059,M003637,F059,SG032A,16500.0,16500.0,2026-09-02 08:56:00
C051018,overlapping_admission,"Admitted 07 Jun 2026 17:56 while an inpatient at P203 under C050611 (admitted 05 Jun 2026 22:34, discharged 09 Jun 2026 10:03); stays overlap by 40 h",P152,M003638,F152,SO057,11500.0,11500.0,2026-06-07 17:56:00
C053578,overlapping_admission,"Admitted 20 Jun 2026 10:35 while an inpatient at P022 under C053320 (admitted 19 Jun 2026 06:25, discharged 22 Jun 2026 10:18); stays overlap by 48 h",P148,M003638,F148,MG016A,7200.0,7200.0,2026-06-20 10:35:00
C053877,overlapping_admission,"Admitted 21 Jun 2026 16:08 while an inpatient at P148 under C053578 (admitted 20 Jun 2026 10:35, discharged 24 Jun 2026 16:23); stays overlap by 72 h",P022,M003638,F022,SB010A,14900.0,14900.0,2026-06-21 16:08:00
C061398,overlapping_admission,"Admitted 27 Jul 2026 10:31 while an inpatient at P148 under C061103 (admitted 25 Jul 2026 20:41, discharged 29 Jul 2026 12:36); stays overlap by 50 h",P203,M003638,F203,MG021A,11880.0,11880.0,2026-07-27 10:31:00
C072027,overlapping_admission,"Admitted 12 Sep 2026 22:19 while an inpatient at P148 under C071753 (admitted 11 Sep 2026 21:07, discharged 15 Sep 2026 12:52); stays overlap by 63 h",P059,M003638,F059,MG006A,11880.0,11880.0,2026-09-12 22:19:00
C056684,overlapping_admission,"Admitted 04 Jul 2026 19:12 while an inpatient at P203 under C055592 (admitted 29 Jun 2026 16:55, discharged 06 Jul 2026 10:14); stays overlap by 39 h",P059,M003639,F059,SO010,22000.0,22000.0,2026-07-04 19:12:00
C057571,overlapping_admission,"Admitted 09 Jul 2026 09:49 while an inpatient at P059 under C056684 (admitted 04 Jul 2026 19:12, discharged 13 Jul 2026 11:18); stays overlap by 97 h",P148,M003639,F148,MG070A,18000.0,18000.0,2026-07-09 09:49:00
C057733,overlapping_admission,"Admitted 10 Jul 2026 06:22 while an inpatient at P148 under C057571 (admitted 09 Jul 2026 09:49, discharged 14 Jul 2026 12:00); stays overlap by 102 h",P152,M003639,F152,MG001A,3600.0,3600.0,2026-07-10 06:22:00
C060808,overlapping_admission,"Admitted 24 Jul 2026 12:51 while an inpatient at P148 under C060526 (admitted 23 Jul 2026 09:29, discharged 31 Jul 2026 10:57); stays overlap by 166 h",P059,M003639,F059,MG006A,5940.0,5940.0,2026-07-24 12:51:00
C068958,overlapping_admission,"Admitted 30 Aug 2026 08:44 while an inpatient at P059 under C068519 (admitted 28 Aug 2026 09:34, discharged 01 Sep 2026 14:35); stays overlap by 54 h",P148,M003639,F148,MG009A,14400.0,14400.0,2026-08-30 08:44:00
C074447,overlapping_admission,"Admitted 24 Sep 2026 07:45 while an inpatient at P059 under C074079 (admitted 22 Sep 2026 12:58, discharged 26 Sep 2026 16:31); stays overlap by 57 h",P152,M003639,F152,MG064A,7200.0,7200.0,2026-09-24 07:45:00
C030726,overlapping_admission,"Admitted 03 Mar 2026 01:53 while an inpatient at P228 under C030593 (admitted 02 Mar 2026 11:53, discharged 07 Mar 2026 11:34); stays overlap by 106 h",P275,M003686,F275,MG071A,7920.0,7920.0,2026-03-03 01:53:00
C031585,overlapping_admission,"Admitted 07 Mar 2026 11:44 while an inpatient at P050 under C030846 (admitted 03 Mar 2026 14:30, discharged 08 Mar 2026 16:56); stays overlap by 29 h",P194,M003699,F194,MC011A,72200.0,72200.0,2026-03-07 11:44:00
C064300,overlapping_admission,"Admitted 09 Aug 2026 17:47 while an inpatient at P203 under C063287 (admitted 05 Aug 2026 09:52, discharged 11 Aug 2026 15:42); stays overlap by 46 h",P059,M003860,F059,SG017A,12100.0,12100.0,2026-08-09 17:47:00
C046303,overlapping_admission,"Admitted 16 May 2026 12:24 while an inpatient at P203 under C045896 (admitted 14 May 2026 13:52, discharged 19 May 2026 12:25); stays overlap by 72 h",P152,M003861,F152,MG017A,13528.0,14400.0,2026-05-16 12:24:00
C046604,overlapping_admission,"Admitted 18 May 2026 01:02 while an inpatient at P152 under C046303 (admitted 16 May 2026 12:24, discharged 24 May 2026 12:27); stays overlap by 155 h",P016,M003861,F016,MG059A,18000.0,18000.0,2026-05-18 01:02:00
C060756,overlapping_admission,"Admitted 24 Jul 2026 09:30 while an inpatient at P059 under C060538 (admitted 23 Jul 2026 10:13, discharged 25 Jul 2026 13:37); stays overlap by 28 h",P152,M003861,F152,MG045A,7200.0,7200.0,2026-07-24 09:30:00
C062891,overlapping_admission,"Admitted 03 Aug 2026 13:30 while an inpatient at P203 under C062607 (admitted 02 Aug 2026 09:17, discharged 06 Aug 2026 16:53); stays overlap by 75 h",P059,M003861,F059,MG021A,5940.0,5940.0,2026-08-03 13:30:00
C040527,overlapping_admission,"Admitted 20 Apr 2026 05:14 while an inpatient at P203 under C039924 (admitted 17 Apr 2026 11:00, discharged 24 Apr 2026 10:24); stays overlap by 101 h",P148,M003862,F148,SG051B,17400.0,17400.0,2026-04-20 05:14:00
C047052,overlapping_admission,"Admitted 20 May 2026 10:30 while an inpatient at P148 under C047050 (admitted 20 May 2026 10:19, discharged 21 May 2026 14:21); stays overlap by 28 h",P152,M003862,F152,MG071A,7200.0,7200.0,2026-05-20 10:30:00
C047708,overlapping_admission,"Admitted 23 May 2026 11:35 while an inpatient at P152 under C047052 (admitted 20 May 2026 10:30, discharged 24 May 2026 13:06); stays overlap by 26 h",P059,M003862,F059,MG001A,1980.0,1980.0,2026-05-23 11:35:00
C068870,overlapping_admission,"Admitted 29 Aug 2026 17:51 while an inpatient at P022 under C068575 (admitted 28 Aug 2026 13:22, discharged 31 Aug 2026 14:33); stays overlap by 45 h",P203,M003862,F203,MG009A,5940.0,5940.0,2026-08-29 17:51:00
C047931,overlapping_admission,"Admitted 24 May 2026 12:27 while an inpatient at P022 under C047893 (admitted 24 May 2026 09:07, discharged 27 May 2026 12:17); stays overlap by 72 h",P059,M003863,F059,MG001A,5940.0,5940.0,2026-05-24 12:27:00
C050814,overlapping_admission,"Admitted 06 Jun 2026 22:24 while an inpatient at P152 under C050657 (admitted 06 Jun 2026 08:31, discharged 09 Jun 2026 14:17); stays overlap by 64 h",P059,M003863,F059,SO057,12650.0,12650.0,2026-06-06 22:24:00
C051326,overlapping_admission,"Admitted 09 Jun 2026 10:17 while an inpatient at P059 under C050814 (admitted 06 Jun 2026 22:24, discharged 12 Jun 2026 11:42); stays overlap by 73 h",P152,M003863,F152,SO010,20000.0,20000.0,2026-06-09 10:17:00
C063037,overlapping_admission,"Admitted 04 Aug 2026 08:51 while an inpatient at P203 under C061548 (admitted 28 Jul 2026 00:59, discharged 05 Aug 2026 13:29); stays overlap by 29 h",P059,M003863,F059,MG009A,5940.0,5940.0,2026-08-04 08:51:00
C064890,overlapping_admission,"Admitted 12 Aug 2026 13:45 while an inpatient at P203 under C064884 (admitted 12 Aug 2026 13:25, discharged 16 Aug 2026 10:40); stays overlap by 93 h",P152,M003863,F152,MG009A,5400.0,5400.0,2026-08-12 13:45:00
C031922,overlapping_admission,"Admitted 08 Mar 2026 21:32 while an inpatient at P203 under C031739 (admitted 08 Mar 2026 05:59, discharged 10 Mar 2026 15:17); stays overlap by 42 h",P059,M003864,F059,SO010,22000.0,22000.0,2026-03-08 21:32:00
C043593,overlapping_admission,"Admitted 03 May 2026 16:35 while an inpatient at P059 under C042338 (admitted 29 Apr 2026 09:55, discharged 11 May 2026 10:47); stays overlap by 186 h",P152,M003864,F152,SO057,11500.0,11500.0,2026-05-03 16:35:00
C051486,overlapping_admission,"Admitted 10 Jun 2026 06:26 while an inpatient at P203 under C051152 (admitted 08 Jun 2026 13:05, discharged 14 Jun 2026 10:09); stays overlap by 100 h",P022,M003864,F022,MG038A,9000.0,9000.0,2026-06-10 06:26:00
C051542,overlapping_admission,"Admitted 10 Jun 2026 11:16 while an inpatient at P022 under C051486 (admitted 10 Jun 2026 06:26, discharged 15 Jun 2026 16:23); stays overlap by 125 h",P148,M003864,F148,SB039,60193.0,80000.0,2026-06-10 11:16:00
C052013,overlapping_admission,"Admitted 12 Jun 2026 15:44 while an inpatient at P148 under C051542 (admitted 10 Jun 2026 11:16, discharged 14 Jun 2026 14:13); stays overlap by 46 h",P022,M003864,F022,MG003A,9000.0,9000.0,2026-06-12 15:44:00
C064257,overlapping_admission,"Admitted 09 Aug 2026 14:14 while an inpatient at P203 under C064144 (admitted 08 Aug 2026 23:57, discharged 13 Aug 2026 10:46); stays overlap by 93 h",P059,M003864,F059,MG029A,5940.0,5940.0,2026-08-09 14:14:00
C071663,overlapping_admission,"Admitted 11 Sep 2026 12:31 while an inpatient at P148 under C071407 (admitted 10 Sep 2026 10:51, discharged 13 Sep 2026 15:40); stays overlap by 51 h",P152,M003864,F152,SO057,11500.0,11500.0,2026-09-11 12:31:00
C063160,overlapping_admission,"Admitted 04 Aug 2026 16:42 while an inpatient at P203 under C063147 (admitted 04 Aug 2026 15:54, discharged 06 Aug 2026 10:05); stays overlap by 41 h",P022,M003882,F022,MG004A,18000.0,18000.0,2026-08-04 16:42:00
C063830,overlapping_admission,"Admitted 07 Aug 2026 16:04 while an inpatient at P022 under C063160 (admitted 04 Aug 2026 16:42, discharged 09 Aug 2026 13:12); stays overlap by 45 h",P059,M003882,F059,SG050A,15620.0,15620.0,2026-08-07 16:04:00
C068184,overlapping_admission,"Admitted 26 Aug 2026 15:11 while an inpatient at P148 under C068169 (admitted 26 Aug 2026 14:19, discharged 01 Sep 2026 13:22); stays overlap by 142 h",P203,M003882,F203,SO010,22000.0,22000.0,2026-08-26 15:11:00
C031185,overlapping_admission,"Admitted 05 Mar 2026 10:36 while an inpatient at P152 under C030816 (admitted 03 Mar 2026 12:28, discharged 08 Mar 2026 15:48); stays overlap by 77 h",P148,M003883,F148,SO010,16450.0,20000.0,2026-03-05 10:36:00
C046744,overlapping_admission,"Admitted 18 May 2026 17:41 while an inpatient at P148 under C045937 (admitted 14 May 2026 16:28, discharged 21 May 2026 10:09); stays overlap by 64 h",P203,M003883,F203,MG064A,7920.0,7920.0,2026-05-18 17:41:00
C049666,overlapping_admission,"Admitted 01 Jun 2026 11:03 while an inpatient at P148 under C048947 (admitted 29 May 2026 11:35, discharged 06 Jun 2026 14:40); stays overlap by 124 h",P152,M003883,F152,SG039C,22800.0,22800.0,2026-06-01 11:03:00
C053626,overlapping_admission,"Admitted 20 Jun 2026 13:43 while an inpatient at P203 under C053113 (admitted 18 Jun 2026 02:18, discharged 24 Jun 2026 15:38); stays overlap by 98 h",P022,M003883,F022,MG001A,1800.0,1800.0,2026-06-20 13:43:00
C058863,overlapping_admission,"Admitted 15 Jul 2026 11:57 while an inpatient at P148 under C058780 (admitted 15 Jul 2026 01:03, discharged 18 Jul 2026 16:23); stays overlap by 76 h",P022,M003883,F022,MG070A,21600.0,21600.0,2026-07-15 11:57:00
C066958,overlapping_admission,"Admitted 21 Aug 2026 08:29 while an inpatient at P059 under C066955 (admitted 21 Aug 2026 08:22, discharged 27 Aug 2026 12:33); stays overlap by 148 h",P152,M003883,F152,MG017A,5400.0,5400.0,2026-08-21 08:29:00
C042474,overlapping_admission,"Admitted 29 Apr 2026 22:57 while an inpatient at P059 under C041828 (admitted 26 Apr 2026 16:15, discharged 05 May 2026 14:57); stays overlap by 136 h",P091,M003884,F091,MG006A,23760.0,23760.0,2026-04-29 22:57:00
C057209,overlapping_admission,"Admitted 07 Jul 2026 12:38 while an inpatient at P203 under C056590 (admitted 04 Jul 2026 13:13, discharged 11 Jul 2026 16:09); stays overlap by 100 h",P059,M003884,F059,MG038A,9900.0,9900.0,2026-07-07 12:38:00
C064034,overlapping_admission,"Admitted 08 Aug 2026 13:08 while an inpatient at P152 under C063217 (admitted 04 Aug 2026 21:12, discharged 10 Aug 2026 12:25); stays overlap by 47 h",P148,M003884,F148,SL016,7500.0,7500.0,2026-08-08 13:08:00
C064045,overlapping_admission,"Admitted 08 Aug 2026 13:56 while an inpatient at P148 under C064034 (admitted 08 Aug 2026 13:08, discharged 09 Aug 2026 14:43); stays overlap by 25 h",P203,M003884,F203,SO057,12650.0,12650.0,2026-08-08 13:56:00
C042129,overlapping_admission,"Admitted 28 Apr 2026 08:34 while an inpatient at P059 under C041857 (admitted 26 Apr 2026 18:56, discharged 30 Apr 2026 10:04); stays overlap by 50 h",P152,M003885,F152,MG001A,5400.0,5400.0,2026-04-28 08:34:00
C058573,overlapping_admission,"Admitted 14 Jul 2026 01:52 while an inpatient at P152 under C058304 (admitted 12 Jul 2026 16:59, discharged 15 Jul 2026 11:20); stays overlap by 33 h",P022,M003885,F022,SG051B,17400.0,17400.0,2026-07-14 01:52:00
C069365,overlapping_admission,"Admitted 01 Sep 2026 08:37 while an inpatient at P059 under C068652 (admitted 28 Aug 2026 18:55, discharged 03 Sep 2026 14:28); stays overlap by 54 h",P022,M003885,F022,SB020A,14000.0,14000.0,2026-09-01 08:37:00
C072519,overlapping_admission,"Admitted 15 Sep 2026 09:29 while an inpatient at P148 under C072350 (admitted 14 Sep 2026 12:23, discharged 18 Sep 2026 15:21); stays overlap by 78 h",P152,M003885,F152,SG050A,14200.0,14200.0,2026-09-15 09:29:00
C059167,overlapping_admission,"Admitted 16 Jul 2026 17:25 while an inpatient at P148 under C058628 (admitted 14 Jul 2026 10:39, discharged 20 Jul 2026 15:46); stays overlap by 94 h",P200,M003886,F200,MG006A,10800.0,10800.0,2026-07-16 17:25:00
C059969,overlapping_admission,"Admitted 20 Jul 2026 14:01 while an inpatient at P200 under C059167 (admitted 16 Jul 2026 17:25, discharged 22 Jul 2026 15:19); stays overlap by 49 h",P203,M003886,F203,MG009A,23760.0,23760.0,2026-07-20 14:01:00
C064455,overlapping_admission,"Admitted 10 Aug 2026 12:21 while an inpatient at P152 under C064265 (admitted 09 Aug 2026 14:49, discharged 13 Aug 2026 10:11); stays overlap by 70 h",P059,M003886,F059,MG009A,1980.0,1980.0,2026-08-10 12:21:00
C066406,overlapping_admission,"Admitted 18 Aug 2026 15:05 while an inpatient at P148 under C065942 (admitted 16 Aug 2026 15:32, discharged 20 Aug 2026 15:48); stays overlap by 49 h",P203,M003886,F203,MG009A,5940.0,5940.0,2026-08-18 15:05:00
C070917,overlapping_admission,"Admitted 07 Sep 2026 22:05 while an inpatient at P022 under C069720 (admitted 02 Sep 2026 16:35, discharged 10 Sep 2026 13:47); stays overlap by 64 h",P059,M003886,F059,MG006A,1980.0,1980.0,2026-09-07 22:05:00
C074458,overlapping_admission,"Admitted 24 Sep 2026 08:26 while an inpatient at P059 under C073374 (admitted 19 Sep 2026 04:06, discharged 26 Sep 2026 12:00); stays overlap by 52 h",P022,M003886,F022,MG038A,18900.0,18900.0,2026-09-24 08:26:00
C074493,overlapping_admission,"Admitted 24 Sep 2026 10:33 while an inpatient at P022 under C074478 (admitted 24 Sep 2026 09:26, discharged 29 Sep 2026 15:07); stays overlap by 125 h",P203,M003886,F203,MG064A,9900.0,9900.0,2026-09-24 10:33:00
C070992,overlapping_admission,"Admitted 08 Sep 2026 10:53 while an inpatient at P022 under C070808 (admitted 07 Sep 2026 11:36, discharged 09 Sep 2026 11:16); stays overlap by 24 h",P148,M004274,F148,SO057,11500.0,11500.0,2026-09-08 10:53:00
C071235,overlapping_admission,"Admitted 09 Sep 2026 14:24 while an inpatient at P059 under C070627 (admitted 06 Sep 2026 13:37, discharged 11 Sep 2026 13:35); stays overlap by 47 h",P152,M004275,F152,MG045A,12600.0,12600.0,2026-09-09 14:24:00
C072444,overlapping_admission,"Admitted 14 Sep 2026 20:02 while an inpatient at P152 under C071644 (admitted 11 Sep 2026 10:58, discharged 16 Sep 2026 10:41); stays overlap by 39 h",P148,M004275,F148,MG004A,7200.0,7200.0,2026-09-14 20:02:00
C054855,overlapping_admission,"Admitted 26 Jun 2026 08:32 while an inpatient at P228 under C054644 (admitted 25 Jun 2026 08:32, discharged 04 Jul 2026 11:56); stays overlap by 195 h",P275,M004313,F275,MG071A,9900.0,9900.0,2026-06-26 08:32:00
C058911,overlapping_admission,"Admitted 15 Jul 2026 14:37 while an inpatient at P155 under C058223 (admitted 12 Jul 2026 11:51, discharged 18 Jul 2026 10:36); stays overlap by 68 h",P022,M004370,F022,MG009A,9000.0,9000.0,2026-07-15 14:37:00
C069829,overlapping_admission,"Admitted 03 Sep 2026 08:18 while an inpatient at P148 under C069438 (admitted 01 Sep 2026 14:16, discharged 04 Sep 2026 16:32); stays overlap by 32 h",P203,M004370,F203,SG039C,25080.0,25080.0,2026-09-03 08:18:00
C055567,overlapping_admission,"Admitted 29 Jun 2026 15:14 while an inpatient at P152 under C054966 (admitted 26 Jun 2026 16:51, discharged 02 Jul 2026 15:59); stays overlap by 73 h",P059,M004371,F059,SG050A,15620.0,15620.0,2026-06-29 15:14:00
C056456,overlapping_admission,"Admitted 03 Jul 2026 19:51 while an inpatient at P203 under C056161 (admitted 02 Jul 2026 14:26, discharged 06 Jul 2026 15:56); stays overlap by 68 h",P022,M004371,F022,SO010,20000.0,20000.0,2026-07-03 19:51:00
C059864,overlapping_admission,"Admitted 20 Jul 2026 05:47 while an inpatient at P059 under C059775 (admitted 19 Jul 2026 16:12, discharged 22 Jul 2026 12:26); stays overlap by 55 h",P203,M004371,F203,MG003A,11880.0,11880.0,2026-07-20 05:47:00
C074195,overlapping_admission,"Admitted 22 Sep 2026 22:46 while an inpatient at P022 under C073296 (admitted 18 Sep 2026 16:35, discharged 25 Sep 2026 11:57); stays overlap by 61 h",P148,M004371,F148,MG001A,5400.0,5400.0,2026-09-22 22:46:00
C063568,overlapping_admission,"Admitted 06 Aug 2026 13:03 while an inpatient at P152 under C063521 (admitted 06 Aug 2026 10:01, discharged 12 Aug 2026 10:28); stays overlap by 141 h",P203,M004372,F203,SG039C,25080.0,25080.0,2026-08-06 13:03:00
C063674,overlapping_admission,"Admitted 06 Aug 2026 21:45 while an inpatient at P022 under C063069 (admitted 04 Aug 2026 11:17, discharged 08 Aug 2026 13:35); stays overlap by 40 h",P148,M004755,F148,SO010,20000.0,20000.0,2026-08-06 21:45:00
C066204,overlapping_admission,"Admitted 17 Aug 2026 16:49 while an inpatient at P022 under C065827 (admitted 16 Aug 2026 07:23, discharged 22 Aug 2026 14:52); stays overlap by 118 h",P148,M004755,F148,SG017A,11000.0,11000.0,2026-08-17 16:49:00
C066327,overlapping_admission,"Admitted 18 Aug 2026 09:37 while an inpatient at P148 under C066204 (admitted 17 Aug 2026 16:49, discharged 19 Aug 2026 16:01); stays overlap by 30 h",P203,M004755,F203,SO057,12650.0,12650.0,2026-08-18 09:37:00
C066626,overlapping_admission,"Admitted 19 Aug 2026 14:23 while an inpatient at P203 under C066327 (admitted 18 Aug 2026 09:37, discharged 22 Aug 2026 12:28); stays overlap by 70 h",P022,M004755,F022,SG050A,14200.0,14200.0,2026-08-19 14:23:00
C046282,overlapping_admission,"Admitted 16 May 2026 11:02 while an inpatient at P022 under C046207 (admitted 15 May 2026 23:06, discharged 19 May 2026 14:57); stays overlap by 76 h",P059,M004756,F059,MG038A,17820.0,17820.0,2026-05-16 11:02:00
C052832,overlapping_admission,"Admitted 16 Jun 2026 15:48 while an inpatient at P152 under C052578 (admitted 15 Jun 2026 11:04, discharged 19 Jun 2026 12:05); stays overlap by 68 h",P203,M004757,F203,MG071A,23760.0,23760.0,2026-06-16 15:48:00
C059891,overlapping_admission,"Admitted 20 Jul 2026 09:07 while an inpatient at P059 under C059550 (admitted 18 Jul 2026 16:27, discharged 22 Jul 2026 14:06); stays overlap by 53 h",P203,M004757,F203,MG070A,9900.0,9900.0,2026-07-20 09:07:00
C039536,overlapping_admission,"Admitted 15 Apr 2026 14:15 while an inpatient at P203 under C039117 (admitted 13 Apr 2026 12:07, discharged 18 Apr 2026 14:28); stays overlap by 72 h",P059,M004759,F059,SG032A,16500.0,16500.0,2026-04-15 14:15:00
C039786,overlapping_admission,"Admitted 16 Apr 2026 17:19 while an inpatient at P059 under C039536 (admitted 15 Apr 2026 14:15, discharged 19 Apr 2026 14:51); stays overlap by 70 h",P152,M004759,F152,SG032A,15000.0,15000.0,2026-04-16 17:19:00
C039904,overlapping_admission,"Admitted 17 Apr 2026 09:33 while an inpatient at P152 under C039786 (admitted 16 Apr 2026 17:19, discharged 19 Apr 2026 14:56); stays overlap by 53 h",P148,M004759,F148,MG045A,9000.0,9000.0,2026-04-17 09:33:00
C057445,overlapping_admission,"Admitted 08 Jul 2026 14:48 while an inpatient at P203 under C057131 (admitted 07 Jul 2026 07:19, discharged 11 Jul 2026 16:02); stays overlap by 73 h",P059,M004759,F059,SO010,18599.0,22000.0,2026-07-08 14:48:00
C072799,overlapping_admission,"Admitted 16 Sep 2026 12:57 while an inpatient at P059 under C072717 (admitted 16 Sep 2026 07:40, discharged 22 Sep 2026 11:26); stays overlap by 142 h",P148,M004759,F148,MG070A,12600.0,12600.0,2026-09-16 12:57:00
C067083,overlapping_admission,"Admitted 21 Aug 2026 16:54 while an inpatient at P059 under C066350 (admitted 18 Aug 2026 11:02, discharged 26 Aug 2026 15:36); stays overlap by 119 h",P203,M004847,F203,SO057,12650.0,12650.0,2026-08-21 16:54:00
C067469,overlapping_admission,"Admitted 23 Aug 2026 13:14 while an inpatient at P203 under C067083 (admitted 21 Aug 2026 16:54, discharged 24 Aug 2026 16:21); stays overlap by 27 h",P148,M004847,F148,SO010,20000.0,20000.0,2026-08-23 13:14:00
C052012,overlapping_admission,"Admitted 12 Jun 2026 15:40 while an inpatient at P152 under C050816 (admitted 06 Jun 2026 22:40, discharged 14 Jun 2026 16:06); stays overlap by 48 h",P203,M004848,F203,SG032A,16500.0,16500.0,2026-06-12 15:40:00
C070952,overlapping_admission,"Admitted 08 Sep 2026 07:11 while an inpatient at P148 under C070798 (admitted 07 Sep 2026 10:58, discharged 12 Sep 2026 15:08); stays overlap by 104 h",P203,M004848,F203,MG009A,1980.0,1980.0,2026-09-08 07:11:00
C045761,overlapping_admission,"Admitted 13 May 2026 18:56 while an inpatient at P152 under C045293 (admitted 11 May 2026 14:27, discharged 15 May 2026 10:10); stays overlap by 39 h",P148,M004849,F148,MG004A,9000.0,9000.0,2026-05-13 18:56:00
C053663,overlapping_admission,"Admitted 20 Jun 2026 16:22 while an inpatient at P022 under C053633 (admitted 20 Jun 2026 13:57, discharged 24 Jun 2026 15:59); stays overlap by 96 h",P152,M004849,F152,MG064A,7200.0,7200.0,2026-06-20 16:22:00
C043625,overlapping_admission,"Admitted 03 May 2026 22:04 while an inpatient at P198 under C043176 (admitted 02 May 2026 10:44, discharged 07 May 2026 15:27); stays overlap by 89 h",P152,M004892,F152,MG001A,1800.0,1800.0,2026-05-03 22:04:00
C052562,overlapping_admission,"Admitted 15 Jun 2026 10:00 while an inpatient at P203 under C052173 (admitted 13 Jun 2026 12:12, discharged 17 Jun 2026 16:54); stays overlap by 55 h",P059,M004892,F059,MG006A,15840.0,15840.0,2026-06-15 10:00:00
C054642,overlapping_admission,"Admitted 25 Jun 2026 08:29 while an inpatient at P152 under C054582 (admitted 24 Jun 2026 18:18, discharged 28 Jun 2026 15:42); stays overlap by 79 h",P148,M004892,F148,SB020A,14000.0,14000.0,2026-06-25 08:29:00
C060557,overlapping_admission,"Admitted 23 Jul 2026 10:48 while an inpatient at P059 under C059867 (admitted 20 Jul 2026 05:59, discharged 26 Jul 2026 16:11); stays overlap by 77 h",P203,M004892,F203,SG039C,25080.0,25080.0,2026-07-23 10:48:00
C060588,overlapping_admission,"Admitted 23 Jul 2026 13:17 while an inpatient at P203 under C060557 (admitted 23 Jul 2026 10:48, discharged 25 Jul 2026 15:49); stays overlap by 51 h",P059,M004892,F059,SO057,12650.0,12650.0,2026-07-23 13:17:00
C049202,overlapping_admission,"Admitted 30 May 2026 11:17 while an inpatient at P022 under C049167 (admitted 30 May 2026 10:07, discharged 01 Jun 2026 11:21); stays overlap by 48 h",P198,M004893,F198,MG016A,21600.0,21600.0,2026-05-30 11:17:00
C051379,overlapping_admission,"Admitted 09 Jun 2026 14:19 while an inpatient at P198 under C049202 (admitted 30 May 2026 11:17, discharged 11 Jun 2026 13:46); stays overlap by 47 h",P059,M004893,F059,SO057,12650.0,12650.0,2026-06-09 14:19:00
C054415,overlapping_admission,"Admitted 24 Jun 2026 06:24 while an inpatient at P059 under C053983 (admitted 22 Jun 2026 08:39, discharged 25 Jun 2026 15:55); stays overlap by 34 h",P203,M004893,F203,MG017A,23760.0,23760.0,2026-06-24 06:24:00
C057875,overlapping_admission,"Admitted 10 Jul 2026 17:25 while an inpatient at P152 under C057699 (admitted 09 Jul 2026 20:40, discharged 14 Jul 2026 11:31); stays overlap by 90 h",P059,M004893,F059,MG003A,11880.0,11880.0,2026-07-10 17:25:00
C058923,overlapping_admission,"Admitted 15 Jul 2026 15:18 while an inpatient at P203 under C058475 (admitted 13 Jul 2026 14:11, discharged 17 Jul 2026 14:39); stays overlap by 47 h",P059,M004893,F059,MG003A,10703.0,11880.0,2026-07-15 15:18:00
C062342,overlapping_admission,"Admitted 01 Aug 2026 00:56 while an inpatient at P148 under C061577 (admitted 28 Jul 2026 08:08, discharged 02 Aug 2026 14:33); stays overlap by 38 h",P203,M004893,F203,SG032A,16500.0,16500.0,2026-08-01 00:56:00
C073860,overlapping_admission,"Admitted 21 Sep 2026 11:12 while an inpatient at P203 under C073500 (admitted 19 Sep 2026 15:23, discharged 24 Sep 2026 15:57); stays overlap by 77 h",P022,M004893,F022,MG006A,7200.0,7200.0,2026-09-21 11:12:00
C056148,overlapping_admission,"Admitted 02 Jul 2026 13:36 while an inpatient at P022 under C055862 (admitted 01 Jul 2026 08:07, discharged 05 Jul 2026 14:17); stays overlap by 73 h",P155,M004896,F155,MG016A,7200.0,7200.0,2026-07-02 13:36:00
C059779,overlapping_admission,"Admitted 19 Jul 2026 16:27 while an inpatient at P022 under C059281 (admitted 17 Jul 2026 11:27, discharged 22 Jul 2026 15:24); stays overlap by 71 h",P203,M004896,F203,SG050A,15620.0,15620.0,2026-07-19 16:27:00
C067389,overlapping_admission,"Admitted 23 Aug 2026 02:00 while an inpatient at P230 under C067035 (admitted 21 Aug 2026 14:00, discharged 27 Aug 2026 12:09); stays overlap by 106 h",P221,M004897,F221,MG001A,5400.0,5400.0,2026-08-23 02:00:00
C063221,overlapping_admission,"Admitted 04 Aug 2026 21:42 while an inpatient at P295 under C063127 (admitted 04 Aug 2026 14:42, discharged 09 Aug 2026 11:12); stays overlap by 110 h",P275,M005037,F275,MG070A,5940.0,5940.0,2026-08-04 21:42:00
C039049,overlapping_admission,"Admitted 13 Apr 2026 04:51 while an inpatient at P230 under C038991 (admitted 12 Apr 2026 16:51, discharged 16 Apr 2026 12:29); stays overlap by 80 h",P221,M005175,F221,MG029A,6686.0,7200.0,2026-04-13 04:51:00
C044529,overlapping_admission,"Admitted 08 May 2026 02:07 while an inpatient at P228 under C044438 (admitted 07 May 2026 16:07, discharged 10 May 2026 12:19); stays overlap by 58 h",P275,M005311,F275,MG049C,3960.0,3960.0,2026-05-08 02:07:00
C064444,overlapping_admission,"Admitted 10 Aug 2026 11:47 while an inpatient at P230 under C064182 (admitted 09 Aug 2026 08:47, discharged 12 Aug 2026 15:10); stays overlap by 51 h",P221,M005371,F221,MG004A,6165.0,7200.0,2026-08-10 11:47:00
C041270,overlapping_admission,"Admitted 23 Apr 2026 19:47 while an inpatient at P171 under C041167 (admitted 23 Apr 2026 09:47, discharged 26 Apr 2026 11:44); stays overlap by 64 h",P221,M005372,F221,MG017A,3600.0,3600.0,2026-04-23 19:47:00
C053408,overlapping_admission,"Admitted 19 Jun 2026 13:15 while an inpatient at P148 under C053029 (admitted 17 Jun 2026 14:48, discharged 22 Jun 2026 15:59); stays overlap by 75 h",P152,M005592,F152,SG032A,15000.0,15000.0,2026-06-19 13:15:00
C064725,overlapping_admission,"Admitted 11 Aug 2026 15:25 while an inpatient at P148 under C064606 (admitted 11 Aug 2026 08:50, discharged 16 Aug 2026 10:52); stays overlap by 115 h",P059,M005592,F059,MG003A,11880.0,11880.0,2026-08-11 15:25:00
C070412,overlapping_admission,"Admitted 05 Sep 2026 15:04 while an inpatient at P022 under C070296 (admitted 05 Sep 2026 06:22, discharged 09 Sep 2026 15:03); stays overlap by 96 h",P152,M005592,F152,MG017A,10800.0,10800.0,2026-09-05 15:04:00
C036806,overlapping_admission,"Admitted 02 Apr 2026 06:07 while an inpatient at P002 under C036627 (admitted 01 Apr 2026 09:07, discharged 08 Apr 2026 12:54); stays overlap by 151 h",P043,M005861,F043,MG029A,7920.0,7920.0,2026-04-02 06:07:00
C044822,overlapping_admission,"Admitted 09 May 2026 13:16 while an inpatient at P053 under C044676 (admitted 08 May 2026 18:16, discharged 11 May 2026 11:16); stays overlap by 46 h",P043,M005992,F043,MG064A,3960.0,3960.0,2026-05-09 13:16:00
C068866,overlapping_admission,"Admitted 29 Aug 2026 17:34 while an inpatient at P294 under C068674 (admitted 28 Aug 2026 20:48, discharged 01 Sep 2026 10:44); stays overlap by 65 h",P024,M006306,F024,MG021A,1800.0,1800.0,2026-08-29 17:34:00
C032565,overlapping_admission,"Admitted 11 Mar 2026 23:07 while an inpatient at P230 under C032405 (admitted 11 Mar 2026 08:07, discharged 19 Mar 2026 15:48); stays overlap by 185 h",P221,M006668,F221,MG017A,7200.0,7200.0,2026-03-11 23:07:00
C044980,overlapping_admission,"Admitted 10 May 2026 10:53 while an inpatient at P228 under C044792 (admitted 09 May 2026 11:53, discharged 12 May 2026 12:46); stays overlap by 50 h",P275,M006752,F275,MG016A,11880.0,11880.0,2026-05-10 10:53:00
C066921,overlapping_admission,"Admitted 21 Aug 2026 00:49 while an inpatient at P240 under C066781 (admitted 20 Aug 2026 10:33, discharged 25 Aug 2026 10:56); stays overlap by 106 h",P184,M006764,F184,MG004A,13068.0,13068.0,2026-08-21 00:49:00
C067246,overlapping_admission,"Admitted 22 Aug 2026 12:03 while an inpatient at P184 under C066921 (admitted 21 Aug 2026 00:49, discharged 27 Aug 2026 13:24); stays overlap by 121 h",P240,M006764,F240,SO010,22000.0,22000.0,2026-08-22 12:03:00
C074041,overlapping_admission,"Admitted 22 Sep 2026 10:39 while an inpatient at P065 under C073988 (admitted 22 Sep 2026 00:39, discharged 25 Sep 2026 15:50); stays overlap by 77 h",P043,M006777,F043,MG017A,3960.0,3960.0,2026-09-22 10:39:00
C039059,overlapping_admission,"Admitted 13 Apr 2026 08:26 while an inpatient at P036 under C038918 (admitted 12 Apr 2026 11:26, discharged 15 Apr 2026 13:51); stays overlap by 53 h",P043,M006786,F043,MG016A,3960.0,3960.0,2026-04-13 08:26:00
C014475,overlapping_admission,"Admitted 11 Dec 2025 22:46 while an inpatient at P142 under C014365 (admitted 11 Dec 2025 12:46, discharged 18 Dec 2025 10:47); stays overlap by 156 h",P221,M006835,F221,MG071A,5400.0,5400.0,2025-12-11 22:46:00
C040975,overlapping_admission,"Admitted 22 Apr 2026 11:05 while an inpatient at P036 under C040899 (admitted 21 Apr 2026 22:05, discharged 24 Apr 2026 11:13); stays overlap by 48 h",P043,M006848,F043,MG021A,3960.0,3960.0,2026-04-22 11:05:00
C041719,overlapping_admission,"Admitted 26 Apr 2026 05:08 while an inpatient at P269 under C041500 (admitted 24 Apr 2026 22:08, discharged 30 Apr 2026 11:51); stays overlap by 103 h",P043,M007278,F043,MG009A,7920.0,7920.0,2026-04-26 05:08:00
C049581,overlapping_admission,"Admitted 31 May 2026 20:29 while an inpatient at P230 under C049204 (admitted 30 May 2026 11:29, discharged 02 Jun 2026 12:28); stays overlap by 40 h",P221,M007543,F221,MG006A,4480.0,5400.0,2026-05-31 20:29:00
C060894,overlapping_admission,"Admitted 24 Jul 2026 20:59 while an inpatient at P291 under C060683 (admitted 23 Jul 2026 20:49, discharged 29 Jul 2026 10:26); stays overlap by 109 h",P024,M007651,F024,MG009A,1634.0,1800.0,2026-07-24 20:59:00
C046340,overlapping_admission,"Admitted 16 May 2026 14:45 while an inpatient at P142 under C046119 (admitted 15 May 2026 14:45, discharged 19 May 2026 14:27); stays overlap by 72 h",P221,M007694,F221,MG029A,5400.0,5400.0,2026-05-16 14:45:00
C054285,overlapping_admission,"Admitted 23 Jun 2026 13:54 while an inpatient at P276 under C054030 (admitted 22 Jun 2026 11:54, discharged 26 Jun 2026 16:50); stays overlap by 75 h",P043,M007714,F043,MG003A,9900.0,9900.0,2026-06-23 13:54:00
C066504,overlapping_admission,"Admitted 18 Aug 2026 23:53 while an inpatient at P012 under C066127 (admitted 17 Aug 2026 12:53, discharged 21 Aug 2026 16:23); stays overlap by 64 h",P275,M007725,F275,MG070A,3960.0,3960.0,2026-08-18 23:53:00
C049260,overlapping_admission,"Admitted 30 May 2026 13:42 while an inpatient at P152 under C048545 (admitted 27 May 2026 10:38, discharged 01 Jun 2026 14:47); stays overlap by 49 h",P198,M007774,F198,MG001A,3600.0,3600.0,2026-05-30 13:42:00
C069850,overlapping_admission,"Admitted 03 Sep 2026 09:34 while an inpatient at P114 under C069554 (admitted 02 Sep 2026 01:39, discharged 05 Sep 2026 14:54); stays overlap by 53 h",P024,M007802,F024,MG009A,1800.0,1800.0,2026-09-03 09:34:00
C061399,overlapping_admission,"Admitted 27 Jul 2026 10:32 while an inpatient at P125 under C061374 (admitted 27 Jul 2026 09:04, discharged 28 Jul 2026 12:05); stays overlap by 26 h",P173,M007899,F173,SB019B,15800.0,15800.0,2026-07-27 10:32:00
C036323,overlapping_admission,"Admitted 30 Mar 2026 16:12 while an inpatient at P293 under C036096 (admitted 29 Mar 2026 12:14, discharged 01 Apr 2026 16:00); stays overlap by 48 h",P125,M007901,F125,MG001A,1800.0,1800.0,2026-03-30 16:12:00
C075289,overlapping_admission,"Admitted 28 Sep 2026 04:25 while an inpatient at P228 under C075003 (admitted 26 Sep 2026 15:25, discharged 29 Sep 2026 12:46); stays overlap by 32 h",P275,M007941,F275,MG071A,3960.0,3960.0,2026-09-28 04:25:00
C048304,overlapping_admission,"Admitted 26 May 2026 08:30 while an inpatient at P022 under C048261 (admitted 25 May 2026 23:36, discharged 01 Jun 2026 16:32); stays overlap by 152 h",P148,M007999,F148,MG064A,3600.0,3600.0,2026-05-26 08:30:00
C055871,overlapping_admission,"Admitted 01 Jul 2026 08:37 while an inpatient at P059 under C055617 (admitted 29 Jun 2026 18:53, discharged 08 Jul 2026 13:56); stays overlap by 173 h",P148,M007999,F148,SO057,11500.0,11500.0,2026-07-01 08:37:00
C060549,overlapping_admission,"Admitted 23 Jul 2026 10:32 while an inpatient at P203 under C059942 (admitted 20 Jul 2026 12:07, discharged 24 Jul 2026 14:04); stays overlap by 28 h",P059,M007999,F059,SO057,12650.0,12650.0,2026-07-23 10:32:00
C060877,overlapping_admission,"Admitted 24 Jul 2026 17:58 while an inpatient at P059 under C060549 (admitted 23 Jul 2026 10:32, discharged 28 Jul 2026 14:54); stays overlap by 93 h",P148,M007999,F148,SO057,11500.0,11500.0,2026-07-24 17:58:00
C071969,overlapping_admission,"Admitted 12 Sep 2026 16:33 while an inpatient at P152 under C071579 (admitted 11 Sep 2026 01:48, discharged 15 Sep 2026 16:56); stays overlap by 72 h",P059,M007999,F059,SO057,12650.0,12650.0,2026-09-12 16:33:00
C063766,overlapping_admission,"Admitted 07 Aug 2026 11:42 while an inpatient at P203 under C063663 (admitted 06 Aug 2026 20:21, discharged 16 Aug 2026 15:58); stays overlap by 220 h",P152,M008000,F152,MG003A,7200.0,7200.0,2026-08-07 11:42:00
C068963,overlapping_admission,"Admitted 30 Aug 2026 09:13 while an inpatient at P230 under C068785 (admitted 29 Aug 2026 12:13, discharged 04 Sep 2026 15:31); stays overlap by 126 h",P221,M008023,F221,MG009A,3600.0,3600.0,2026-08-30 09:13:00
C043497,overlapping_admission,"Admitted 03 May 2026 10:01 while an inpatient at P148 under C042448 (admitted 29 Apr 2026 19:12, discharged 04 May 2026 12:39); stays overlap by 27 h",P059,M008054,F059,MG070A,9900.0,9900.0,2026-05-03 10:01:00
C045259,overlapping_admission,"Admitted 11 May 2026 12:25 while an inpatient at P059 under C044889 (admitted 09 May 2026 17:49, discharged 14 May 2026 15:27); stays overlap by 75 h",P022,M008054,F022,MG016A,9000.0,9000.0,2026-05-11 12:25:00
C049885,overlapping_admission,"Admitted 02 Jun 2026 13:19 while an inpatient at P148 under C049671 (admitted 01 Jun 2026 11:27, discharged 04 Jun 2026 10:20); stays overlap by 45 h",P203,M008054,F203,MG001A,3960.0,3960.0,2026-06-02 13:19:00
C064390,overlapping_admission,"Admitted 10 Aug 2026 08:44 while an inpatient at P059 under C063849 (admitted 07 Aug 2026 17:27, discharged 11 Aug 2026 15:30); stays overlap by 31 h",P152,M008054,F152,SG017A,11000.0,11000.0,2026-08-10 08:44:00
C065692,overlapping_admission,"Admitted 15 Aug 2026 13:39 while an inpatient at P059 under C065498 (admitted 14 Aug 2026 13:44, discharged 26 Aug 2026 13:11); stays overlap by 264 h",P148,M008054,F148,MG029A,25200.0,25200.0,2026-08-15 13:39:00
C069392,overlapping_admission,"Admitted 01 Sep 2026 11:03 while an inpatient at P203 under C069056 (admitted 30 Aug 2026 15:42, discharged 03 Sep 2026 13:16); stays overlap by 50 h",P152,M008054,F152,MG021A,12600.0,12600.0,2026-09-01 11:03:00
C060245,overlapping_admission,"Admitted 21 Jul 2026 17:23 while an inpatient at P148 under C060207 (admitted 21 Jul 2026 14:45, discharged 27 Jul 2026 15:05); stays overlap by 142 h",P152,M008055,F152,MG016A,10800.0,10800.0,2026-07-21 17:23:00
C072458,overlapping_admission,"Admitted 14 Sep 2026 22:16 while an inpatient at P203 under C072425 (admitted 14 Sep 2026 17:40, discharged 20 Sep 2026 12:41); stays overlap by 134 h",P059,M008055,F059,MG009A,1980.0,1980.0,2026-09-14 22:16:00
C041335,overlapping_admission,"Admitted 24 Apr 2026 09:20 while an inpatient at P148 under C041032 (admitted 22 Apr 2026 14:38, discharged 28 Apr 2026 16:51); stays overlap by 104 h",P203,M008056,F203,SO057,12650.0,12650.0,2026-04-24 09:20:00
C074674,overlapping_admission,"Admitted 25 Sep 2026 08:53 while an inpatient at P053 under C074498 (admitted 24 Sep 2026 10:53, discharged 28 Sep 2026 15:57); stays overlap by 79 h",P043,M008065,F043,MG017A,5940.0,5940.0,2026-09-25 08:53:00
C054764,overlapping_admission,"Admitted 25 Jun 2026 17:23 while an inpatient at P012 under C054660 (admitted 25 Jun 2026 09:23, discharged 28 Jun 2026 10:13); stays overlap by 65 h",P275,M008111,F275,MG009A,3960.0,3960.0,2026-06-25 17:23:00
C063548,overlapping_admission,"Admitted 06 Aug 2026 12:06 while an inpatient at P294 under C063008 (admitted 04 Aug 2026 03:50, discharged 08 Aug 2026 10:46); stays overlap by 47 h",P024,M008165,F024,MG001A,1800.0,1800.0,2026-08-06 12:06:00
C049709,overlapping_admission,"Admitted 01 Jun 2026 15:02 while an inpatient at P152 under C049063 (admitted 29 May 2026 23:04, discharged 03 Jun 2026 13:56); stays overlap by 47 h",P148,M008211,F148,MG006A,8100.0,8100.0,2026-06-01 15:02:00
C051691,overlapping_admission,"Admitted 10 Jun 2026 22:42 while an inpatient at P152 under C050896 (admitted 07 Jun 2026 10:03, discharged 13 Jun 2026 11:40); stays overlap by 61 h",P148,M008211,F148,MG001A,4240.0,5400.0,2026-06-10 22:42:00
C061140,overlapping_admission,"Admitted 26 Jul 2026 05:51 while an inpatient at P152 under C060725 (admitted 24 Jul 2026 05:54, discharged 31 Jul 2026 11:27); stays overlap by 126 h",P148,M008211,F148,SB020A,14000.0,14000.0,2026-07-26 05:51:00
C073451,overlapping_admission,"Admitted 19 Sep 2026 12:04 while an inpatient at P203 under C072502 (admitted 15 Sep 2026 08:53, discharged 21 Sep 2026 16:32); stays overlap by 52 h",P059,M008211,F059,SG017A,12100.0,12100.0,2026-09-19 12:04:00
C057082,overlapping_admission,"Admitted 06 Jul 2026 17:32 while an inpatient at P013 under C056939 (admitted 06 Jul 2026 08:10, discharged 10 Jul 2026 16:15); stays overlap by 95 h",P203,M008212,F203,SG032A,16500.0,16500.0,2026-07-06 17:32:00
C065851,overlapping_admission,"Admitted 16 Aug 2026 09:08 while an inpatient at P059 under C065688 (admitted 15 Aug 2026 13:23, discharged 17 Aug 2026 16:21); stays overlap by 31 h",P022,M008212,F022,SB014A,12700.0,12700.0,2026-08-16 09:08:00
C068351,overlapping_admission,"Admitted 27 Aug 2026 11:57 while an inpatient at P022 under C067911 (admitted 25 Aug 2026 13:27, discharged 28 Aug 2026 16:28); stays overlap by 29 h",P152,M008212,F152,MG001A,12600.0,12600.0,2026-08-27 11:57:00
C043485,overlapping_admission,"Admitted 03 May 2026 08:36 while an inpatient at P198 under C043298 (admitted 02 May 2026 14:21, discharged 04 May 2026 11:47); stays overlap by 27 h",P022,M008213,F022,SG039C,22800.0,22800.0,2026-05-03 08:36:00
C065931,overlapping_admission,"Admitted 16 Aug 2026 14:46 while an inpatient at P059 under C065818 (admitted 16 Aug 2026 05:46, discharged 21 Aug 2026 12:21); stays overlap by 118 h",P148,M008213,F148,SO057,11500.0,11500.0,2026-08-16 14:46:00
C066459,overlapping_admission,"Admitted 18 Aug 2026 17:59 while an inpatient at P148 under C065931 (admitted 16 Aug 2026 14:46, discharged 21 Aug 2026 10:32); stays overlap by 65 h",P152,M008213,F152,MG001A,3600.0,3600.0,2026-08-18 17:59:00
C047245,overlapping_admission,"Admitted 21 May 2026 07:10 while an inpatient at P059 under C046986 (admitted 19 May 2026 20:56, discharged 23 May 2026 10:51); stays overlap by 52 h",P152,M008214,F152,SO057,11500.0,11500.0,2026-05-21 07:10:00
C054448,overlapping_admission,"Admitted 24 Jun 2026 09:53 while an inpatient at P059 under C054377 (admitted 23 Jun 2026 21:45, discharged 01 Jul 2026 12:30); stays overlap by 171 h",P022,M008214,F022,MN003A,30000.0,30000.0,2026-06-24 09:53:00
C075013,overlapping_admission,"Admitted 26 Sep 2026 16:00 while an inpatient at P059 under C074461 (admitted 24 Sep 2026 08:34, discharged 28 Sep 2026 11:47); stays overlap by 44 h",P152,M008225,F152,MG045A,12600.0,12600.0,2026-09-26 16:00:00
C075239,overlapping_admission,"Admitted 27 Sep 2026 17:35 while an inpatient at P152 under C075013 (admitted 26 Sep 2026 16:00, discharged 03 Oct 2026 12:10); stays overlap by 139 h",P148,M008225,F148,MG021A,7200.0,7200.0,2026-09-27 17:35:00
C044311,overlapping_admission,"Admitted 07 May 2026 07:20 while an inpatient at P228 under C044102 (admitted 06 May 2026 08:20, discharged 12 May 2026 11:43); stays overlap by 124 h",P275,M008463,F275,MG059A,9900.0,9900.0,2026-05-07 07:20:00
C042854,overlapping_admission,"Admitted 01 May 2026 08:07 while an inpatient at P228 under C042444 (admitted 29 Apr 2026 18:07, discharged 02 May 2026 13:38); stays overlap by 30 h",P275,M008464,F275,MG071A,15840.0,15840.0,2026-05-01 08:07:00
C075082,overlapping_admission,"Admitted 27 Sep 2026 02:11 while an inpatient at P240 under C074697 (admitted 25 Sep 2026 10:12, discharged 29 Sep 2026 11:16); stays overlap by 57 h",P184,M008477,F184,MG070A,19602.0,19602.0,2026-09-27 02:11:00
C075693,overlapping_admission,"Admitted 29 Sep 2026 19:40 while an inpatient at P240 under C074679 (admitted 25 Sep 2026 09:25, discharged 01 Oct 2026 10:23); stays overlap by 39 h",P184,M008479,F184,MG006A,4356.0,4356.0,2026-09-29 19:40:00
C021388,overlapping_admission,"Admitted 15 Jan 2026 17:35 while an inpatient at P144 under C021300 (admitted 15 Jan 2026 10:54, discharged 21 Jan 2026 16:58); stays overlap by 143 h",P098,M008726,F098,MN003A,60000.0,60000.0,2026-01-15 17:35:00
C044085,overlapping_admission,"Admitted 06 May 2026 03:52 while an inpatient at P012 under C043984 (admitted 05 May 2026 14:52, discharged 10 May 2026 14:58); stays overlap by 107 h",P275,M008733,F275,MG029A,3960.0,3960.0,2026-05-06 03:52:00
C048367,overlapping_admission,"Admitted 26 May 2026 13:23 while an inpatient at P257 under C048183 (admitted 25 May 2026 15:23, discharged 04 Jun 2026 15:47); stays overlap by 218 h",P275,M008955,F275,MG064A,9900.0,9900.0,2026-05-26 13:23:00
C049605,overlapping_admission,"Admitted 01 Jun 2026 01:30 while an inpatient at P065 under C049576 (admitted 31 May 2026 19:30, discharged 06 Jun 2026 16:18); stays overlap by 135 h",P043,M008958,F043,MG045A,14850.0,14850.0,2026-06-01 01:30:00
C042851,overlapping_admission,"Admitted 01 May 2026 07:48 while an inpatient at P012 under C042464 (admitted 29 Apr 2026 21:48, discharged 04 May 2026 13:29); stays overlap by 78 h",P275,M009062,F275,MG064A,3960.0,3960.0,2026-05-01 07:48:00
C054235,overlapping_admission,"Admitted 23 Jun 2026 10:46 while an inpatient at P184 under C053704 (admitted 20 Jun 2026 22:03, discharged 24 Jun 2026 14:11); stays overlap by 27 h",P240,M009067,F240,SO010,22000.0,22000.0,2026-06-23 10:46:00
C038156,overlapping_admission,"Admitted 08 Apr 2026 15:55 while an inpatient at P203 under C038129 (admitted 08 Apr 2026 13:19, discharged 10 Apr 2026 10:30); stays overlap by 43 h",P059,M009132,F059,SO010,22000.0,22000.0,2026-04-08 15:55:00
C051663,overlapping_admission,"Admitted 10 Jun 2026 18:29 while an inpatient at P148 under C050860 (admitted 07 Jun 2026 08:05, discharged 12 Jun 2026 13:11); stays overlap by 43 h",P059,M009132,F059,MG021A,2970.0,2970.0,2026-06-10 18:29:00
C062420,overlapping_admission,"Admitted 01 Aug 2026 11:14 while an inpatient at P148 under C061619 (admitted 28 Jul 2026 10:58, discharged 03 Aug 2026 14:41); stays overlap by 51 h",P203,M009132,F203,MG009A,7920.0,7920.0,2026-08-01 11:14:00
C062808,overlapping_admission,"Admitted 03 Aug 2026 08:12 while an inpatient at P203 under C062420 (admitted 01 Aug 2026 11:14, discharged 05 Aug 2026 13:24); stays overlap by 53 h",P152,M009132,F152,MG021A,2801.0,3600.0,2026-08-03 08:12:00
C073972,overlapping_admission,"Admitted 21 Sep 2026 23:07 while an inpatient at P059 under C073665 (admitted 20 Sep 2026 12:06, discharged 24 Sep 2026 11:49); stays overlap by 61 h",P152,M009132,F152,MG059A,1800.0,1800.0,2026-09-21 23:07:00
C041264,overlapping_admission,"Admitted 23 Apr 2026 19:01 while an inpatient at P059 under C040556 (admitted 20 Apr 2026 09:01, discharged 29 Apr 2026 13:39); stays overlap by 139 h",P022,M009133,F022,SG017A,11000.0,11000.0,2026-04-23 19:01:00
C070875,overlapping_admission,"Admitted 07 Sep 2026 16:14 while an inpatient at P152 under C070850 (admitted 07 Sep 2026 14:51, discharged 09 Sep 2026 16:42); stays overlap by 48 h",P022,M009133,F022,MG049C,16200.0,16200.0,2026-09-07 16:14:00
C071916,overlapping_admission,"Admitted 12 Sep 2026 14:03 while an inpatient at P022 under C070875 (admitted 07 Sep 2026 16:14, discharged 16 Sep 2026 10:21); stays overlap by 92 h",P059,M009133,F059,MG016A,7920.0,7920.0,2026-09-12 14:03:00
C043262,overlapping_admission,"Admitted 02 May 2026 13:36 while an inpatient at P198 under C043110 (admitted 02 May 2026 08:53, discharged 05 May 2026 15:42); stays overlap by 74 h",P152,M009134,F152,SG039C,22800.0,22800.0,2026-05-02 13:36:00
C045477,overlapping_admission,"Admitted 12 May 2026 11:46 while an inpatient at P148 under C045431 (admitted 12 May 2026 08:15, discharged 16 May 2026 11:09); stays overlap by 95 h",P022,M009134,F022,MG016A,18000.0,18000.0,2026-05-12 11:46:00
C059713,overlapping_admission,"Admitted 19 Jul 2026 12:56 while an inpatient at P148 under C058920 (admitted 15 Jul 2026 15:02, discharged 22 Jul 2026 11:30); stays overlap by 71 h",P167,M009134,F167,MG045A,13389.0,16200.0,2026-07-19 12:56:00
C065569,overlapping_admission,"Admitted 14 Aug 2026 19:57 while an inpatient at P022 under C064798 (admitted 12 Aug 2026 03:43, discharged 20 Aug 2026 16:44); stays overlap by 141 h",P152,M009134,F152,SO057,9968.0,11500.0,2026-08-14 19:57:00
C066386,overlapping_admission,"Admitted 18 Aug 2026 13:24 while an inpatient at P059 under C066262 (admitted 17 Aug 2026 23:07, discharged 25 Aug 2026 15:40); stays overlap by 170 h",P022,M009134,F022,MG049C,18000.0,18000.0,2026-08-18 13:24:00
C073850,overlapping_admission,"Admitted 21 Sep 2026 10:31 while an inpatient at P148 under C073404 (admitted 19 Sep 2026 08:35, discharged 25 Sep 2026 13:32); stays overlap by 99 h",P059,M009134,F059,MG003A,3960.0,3960.0,2026-09-21 10:31:00
C039236,overlapping_admission,"Admitted 14 Apr 2026 02:57 while an inpatient at P059 under C039231 (admitted 14 Apr 2026 01:38, discharged 19 Apr 2026 13:16); stays overlap by 130 h",P022,M009135,F022,SO057,11500.0,11500.0,2026-04-14 02:57:00
C057918,overlapping_admission,"Admitted 10 Jul 2026 23:26 while an inpatient at P203 under C057602 (admitted 09 Jul 2026 11:32, discharged 12 Jul 2026 12:25); stays overlap by 37 h",P022,M009135,F022,SB019B,14133.0,15800.0,2026-07-10 23:26:00
C070263,overlapping_admission,"Admitted 04 Sep 2026 22:33 while an inpatient at P022 under C069164 (admitted 31 Aug 2026 08:51, discharged 07 Sep 2026 13:45); stays overlap by 63 h",P148,M009135,F148,MC011A,72200.0,72200.0,2026-09-04 22:33:00
C074569,overlapping_admission,"Admitted 24 Sep 2026 15:29 while an inpatient at P022 under C074561 (admitted 24 Sep 2026 14:58, discharged 30 Sep 2026 11:48); stays overlap by 140 h",P203,M009135,F203,MG006A,11880.0,11880.0,2026-09-24 15:29:00
C043125,overlapping_admission,"Admitted 02 May 2026 09:22 while an inpatient at P059 under C042948 (admitted 01 May 2026 14:22, discharged 04 May 2026 16:45); stays overlap by 55 h",P198,M009156,F198,MG001A,3600.0,3600.0,2026-05-02 09:22:00
C066227,overlapping_admission,"Admitted 17 Aug 2026 18:40 while an inpatient at P198 under C065136 (admitted 13 Aug 2026 11:28, discharged 23 Aug 2026 12:15); stays overlap by 138 h",P059,M009156,F059,SO057,12650.0,12650.0,2026-08-17 18:40:00
C067804,overlapping_admission,"Admitted 24 Aug 2026 19:16 while an inpatient at P022 under C067505 (admitted 23 Aug 2026 15:18, discharged 29 Aug 2026 14:56); stays overlap by 116 h",P203,M009156,F203,MG029A,8027.0,9900.0,2026-08-24 19:16:00
C068141,overlapping_admission,"Admitted 26 Aug 2026 12:52 while an inpatient at P203 under C067804 (admitted 24 Aug 2026 19:16, discharged 29 Aug 2026 15:42); stays overlap by 75 h",P059,M009156,F059,MG029A,11187.0,11880.0,2026-08-26 12:52:00
C069096,overlapping_admission,"Admitted 30 Aug 2026 18:37 while an inpatient at P059 under C068141 (admitted 26 Aug 2026 12:52, discharged 01 Sep 2026 10:25); stays overlap by 40 h",P152,M009156,F152,SG051B,15982.0,17400.0,2026-08-30 18:37:00
C074753,overlapping_admission,"Admitted 25 Sep 2026 13:05 while an inpatient at P203 under C074128 (admitted 22 Sep 2026 15:42, discharged 29 Sep 2026 12:17); stays overlap by 95 h",P022,M009156,F022,MG009A,10800.0,10800.0,2026-09-25 13:05:00
C056703,overlapping_admission,"Admitted 04 Jul 2026 21:25 while an inpatient at P022 under C056616 (admitted 04 Jul 2026 14:35, discharged 10 Jul 2026 14:19); stays overlap by 137 h",P203,M009157,F203,SG051B,19140.0,19140.0,2026-07-04 21:25:00
C057286,overlapping_admission,"Admitted 07 Jul 2026 18:19 while an inpatient at P022 under C057210 (admitted 07 Jul 2026 12:40, discharged 10 Jul 2026 11:35); stays overlap by 65 h",P148,M009157,F148,SG050A,14200.0,14200.0,2026-07-07 18:19:00
C071646,overlapping_admission,"Admitted 11 Sep 2026 11:15 while an inpatient at P203 under C070636 (admitted 06 Sep 2026 13:52, discharged 12 Sep 2026 16:50); stays overlap by 30 h",P022,M009157,F022,MG070A,5400.0,5400.0,2026-09-11 11:15:00
C072211,overlapping_admission,"Admitted 13 Sep 2026 17:38 while an inpatient at P059 under C072191 (admitted 13 Sep 2026 16:35, discharged 19 Sep 2026 15:27); stays overlap by 142 h",P152,M009157,F152,MG001A,5400.0,5400.0,2026-09-13 17:38:00
C049263,overlapping_admission,"Admitted 30 May 2026 13:47 while an inpatient at P152 under C048810 (admitted 28 May 2026 15:54, discharged 03 Jun 2026 12:27); stays overlap by 95 h",P198,M009158,F198,MG009A,1800.0,1800.0,2026-05-30 13:47:00
C067111,overlapping_admission,"Admitted 21 Aug 2026 19:42 while an inpatient at P152 under C067047 (admitted 21 Aug 2026 14:50, discharged 24 Aug 2026 13:43); stays overlap by 66 h",P022,M009158,F022,MG009A,10800.0,10800.0,2026-08-21 19:42:00
C068278,overlapping_admission,"Admitted 27 Aug 2026 03:27 while an inpatient at P203 under C068111 (admitted 26 Aug 2026 10:48, discharged 29 Aug 2026 15:40); stays overlap by 60 h",P152,M009158,F152,MG071A,12600.0,12600.0,2026-08-27 03:27:00
C045712,overlapping_admission,"Admitted 13 May 2026 15:08 while an inpatient at P198 under C045166 (admitted 11 May 2026 08:17, discharged 16 May 2026 15:45); stays overlap by 73 h",P059,M009159,F059,SO057,12650.0,12650.0,2026-05-13 15:08:00
C048587,overlapping_admission,"Admitted 27 May 2026 13:37 while an inpatient at P022 under C048426 (admitted 26 May 2026 17:08, discharged 03 Jun 2026 14:02); stays overlap by 168 h",P152,M009159,F152,SG039C,22800.0,22800.0,2026-05-27 13:37:00
C071495,overlapping_admission,"Admitted 10 Sep 2026 16:06 while an inpatient at P152 under C070568 (admitted 06 Sep 2026 10:18, discharged 12 Sep 2026 13:24); stays overlap by 45 h",P148,M009159,F148,SG051B,17400.0,17400.0,2026-09-10 16:06:00
C039876,overlapping_admission,"Admitted 17 Apr 2026 08:03 while an inpatient at P273 under C038971 (admitted 12 Apr 2026 15:14, discharged 19 Apr 2026 10:15); stays overlap by 50 h",P166,M009552,F166,SO010,20000.0,20000.0,2026-04-17 08:03:00
C050448,overlapping_admission,"Admitted 05 Jun 2026 08:50 while an inpatient at P022 under C049914 (admitted 02 Jun 2026 15:42, discharged 08 Jun 2026 12:41); stays overlap by 76 h",P200,M009580,F200,SG017A,11000.0,11000.0,2026-06-05 08:50:00
C063656,overlapping_admission,"Admitted 06 Aug 2026 19:50 while an inpatient at P059 under C063232 (admitted 05 Aug 2026 00:20, discharged 15 Aug 2026 12:13); stays overlap by 208 h",P152,M009580,F152,MG009A,5400.0,5400.0,2026-08-06 19:50:00
C073891,overlapping_admission,"Admitted 21 Sep 2026 13:40 while an inpatient at P148 under C072331 (admitted 14 Sep 2026 10:44, discharged 23 Sep 2026 13:45); stays overlap by 48 h",P203,M009580,F203,MG006A,11880.0,11880.0,2026-09-21 13:40:00
C074805,overlapping_admission,"Admitted 25 Sep 2026 16:37 while an inpatient at P203 under C074713 (admitted 25 Sep 2026 11:00, discharged 28 Sep 2026 14:37); stays overlap by 70 h",P022,M009580,F022,MG009A,7200.0,7200.0,2026-09-25 16:37:00
C042257,overlapping_admission,"Admitted 28 Apr 2026 19:44 while an inpatient at P059 under C042040 (admitted 27 Apr 2026 16:50, discharged 02 May 2026 15:45); stays overlap by 92 h",P022,M009581,F022,MG049C,6664.0,7200.0,2026-04-28 19:44:00
C055810,overlapping_admission,"Admitted 30 Jun 2026 18:55 while an inpatient at P148 under C055634 (admitted 29 Jun 2026 22:20, discharged 03 Jul 2026 11:05); stays overlap by 64 h",P198,M009581,F198,MG029A,7200.0,7200.0,2026-06-30 18:55:00
C055956,overlapping_admission,"Admitted 01 Jul 2026 15:12 while an inpatient at P198 under C055810 (admitted 30 Jun 2026 18:55, discharged 04 Jul 2026 15:29); stays overlap by 72 h",P059,M009581,F059,SO057,10966.0,12650.0,2026-07-01 15:12:00
C056317,overlapping_admission,"Admitted 03 Jul 2026 09:31 while an inpatient at P059 under C055956 (admitted 01 Jul 2026 15:12, discharged 04 Jul 2026 15:51); stays overlap by 30 h",P152,M009581,F152,SO057,11500.0,11500.0,2026-07-03 09:31:00
C060593,overlapping_admission,"Admitted 23 Jul 2026 13:25 while an inpatient at P059 under C060521 (admitted 23 Jul 2026 09:13, discharged 29 Jul 2026 11:43); stays overlap by 142 h",P148,M009582,F148,MG059A,12600.0,12600.0,2026-07-23 13:25:00
C063238,overlapping_admission,"Admitted 05 Aug 2026 02:46 while an inpatient at P022 under C062484 (admitted 01 Aug 2026 15:27, discharged 06 Aug 2026 15:56); stays overlap by 37 h",P152,M009582,F152,MG071A,12600.0,12600.0,2026-08-05 02:46:00
C069703,overlapping_admission,"Admitted 02 Sep 2026 15:58 while an inpatient at P059 under C069344 (admitted 01 Sep 2026 07:28, discharged 05 Sep 2026 15:20); stays overlap by 71 h",P093,M009582,F093,SO057,11500.0,11500.0,2026-09-02 15:58:00
C070194,overlapping_admission,"Admitted 04 Sep 2026 14:55 while an inpatient at P093 under C069703 (admitted 02 Sep 2026 15:58, discharged 06 Sep 2026 10:26); stays overlap by 44 h",P148,M009582,F148,SG039C,22800.0,22800.0,2026-09-04 14:55:00
C070510,overlapping_admission,"Admitted 06 Sep 2026 00:32 while an inpatient at P148 under C070194 (admitted 04 Sep 2026 14:55, discharged 08 Sep 2026 15:51); stays overlap by 63 h",P203,M009582,F203,SO057,12650.0,12650.0,2026-09-06 00:32:00
C071246,overlapping_admission,"Admitted 09 Sep 2026 15:19 while an inpatient at P203 under C071162 (admitted 09 Sep 2026 08:06, discharged 11 Sep 2026 10:06); stays overlap by 43 h",P148,M009582,F148,SG050A,14200.0,14200.0,2026-09-09 15:19:00
C073119,overlapping_admission,"Admitted 17 Sep 2026 21:07 while an inpatient at P059 under C073108 (admitted 17 Sep 2026 19:49, discharged 23 Sep 2026 14:51); stays overlap by 138 h",P152,M009582,F152,SG050A,13414.0,14200.0,2026-09-17 21:07:00
C073943,overlapping_admission,"Admitted 21 Sep 2026 17:34 while an inpatient at P059 under C073454 (admitted 19 Sep 2026 12:08, discharged 26 Sep 2026 10:24); stays overlap by 113 h",P148,M009582,F148,MG029A,13497.0,14400.0,2026-09-21 17:34:00
C053146,overlapping_admission,"Admitted 18 Jun 2026 09:51 while an inpatient at P022 under C052867 (admitted 16 Jun 2026 20:16, discharged 22 Jun 2026 16:49); stays overlap by 103 h",P148,M009583,F148,SG017A,11000.0,11000.0,2026-06-18 09:51:00
C059875,overlapping_admission,"Admitted 20 Jul 2026 08:08 while an inpatient at P022 under C059613 (admitted 19 Jul 2026 04:06, discharged 23 Jul 2026 16:56); stays overlap by 81 h",P152,M009583,F152,SO010,20000.0,20000.0,2026-07-20 08:08:00
C069943,overlapping_admission,"Admitted 03 Sep 2026 14:23 while an inpatient at P148 under C069708 (admitted 02 Sep 2026 16:03, discharged 08 Sep 2026 15:41); stays overlap by 121 h",P203,M009583,F203,MG003A,4257.0,5940.0,2026-09-03 14:23:00
C032468,overlapping_admission,"Admitted 11 Mar 2026 13:06 while an inpatient at P203 under C032304 (admitted 10 Mar 2026 15:58, discharged 13 Mar 2026 11:21); stays overlap by 46 h",P152,M009584,F152,MG016A,3600.0,3600.0,2026-03-11 13:06:00
C041000,overlapping_admission,"Admitted 22 Apr 2026 12:27 while an inpatient at P203 under C040972 (admitted 22 Apr 2026 10:58, discharged 25 Apr 2026 12:48); stays overlap by 72 h",P148,M009584,F148,MG049C,7200.0,7200.0,2026-04-22 12:27:00
C026123,overlapping_admission,"Admitted 08 Feb 2026 11:11 while an inpatient at P228 under C025996 (admitted 07 Feb 2026 17:11, discharged 10 Feb 2026 10:21); stays overlap by 47 h",P275,M009603,F275,MG064A,3960.0,3960.0,2026-02-08 11:11:00
C070276,overlapping_admission,"Admitted 05 Sep 2026 01:05 while an inpatient at P074 under C069900 (admitted 03 Sep 2026 12:05, discharged 06 Sep 2026 13:08); stays overlap by 36 h",P043,M009797,F043,MG059A,9900.0,9900.0,2026-09-05 01:05:00
C063921,overlapping_admission,"Admitted 08 Aug 2026 03:03 while an inpatient at P052 under C063723 (admitted 07 Aug 2026 08:03, discharged 10 Aug 2026 14:41); stays overlap by 60 h",P221,M009803,F221,MG003A,5400.0,5400.0,2026-08-08 03:03:00
C040495,overlapping_admission,"Admitted 19 Apr 2026 20:46 while an inpatient at P230 under C040222 (admitted 18 Apr 2026 12:46, discharged 22 Apr 2026 12:45); stays overlap by 64 h",P221,M009808,F221,MG071A,9000.0,9000.0,2026-04-19 20:46:00
C070414,overlapping_admission,"Admitted 05 Sep 2026 15:14 while an inpatient at P070 under C070091 (admitted 04 Sep 2026 09:14, discharged 08 Sep 2026 15:32); stays overlap by 72 h",P043,M010085,F043,MG045A,5940.0,5940.0,2026-09-05 15:14:00
C052270,overlapping_admission,"Admitted 13 Jun 2026 19:55 while an inpatient at P146 under C052106 (admitted 13 Jun 2026 05:55, discharged 17 Jun 2026 16:00); stays overlap by 92 h",P043,M010302,F043,MG029A,3960.0,3960.0,2026-06-13 19:55:00
C037940,overlapping_admission,"Admitted 07 Apr 2026 13:45 while an inpatient at P228 under C037838 (admitted 07 Apr 2026 05:45, discharged 12 Apr 2026 13:09); stays overlap by 119 h",P275,M010497,F275,MG006A,6161.0,7920.0,2026-04-07 13:45:00
C067103,overlapping_admission,"Admitted 21 Aug 2026 18:48 while an inpatient at P070 under C066863 (admitted 20 Aug 2026 16:48, discharged 30 Aug 2026 10:38); stays overlap by 208 h",P043,M010566,F043,MG045A,7920.0,7920.0,2026-08-21 18:48:00
C038107,overlapping_admission,"Admitted 08 Apr 2026 11:20 while an inpatient at P022 under C037418 (admitted 05 Apr 2026 05:18, discharged 09 Apr 2026 14:25); stays overlap by 27 h",P059,M010605,F059,MG016A,9900.0,9900.0,2026-04-08 11:20:00
C045954,overlapping_admission,"Admitted 14 May 2026 17:50 while an inpatient at P198 under C045213 (admitted 11 May 2026 10:14, discharged 18 May 2026 14:41); stays overlap by 93 h",P200,M010605,F200,MG029A,10800.0,10800.0,2026-05-14 17:50:00
C049639,overlapping_admission,"Admitted 01 Jun 2026 09:16 while an inpatient at P198 under C049219 (admitted 30 May 2026 12:14, discharged 02 Jun 2026 12:46); stays overlap by 28 h",P022,M010605,F022,SG039C,22800.0,22800.0,2026-06-01 09:16:00
C059223,overlapping_admission,"Admitted 17 Jul 2026 03:19 while an inpatient at P152 under C058569 (admitted 14 Jul 2026 01:18, discharged 21 Jul 2026 11:59); stays overlap by 105 h",P203,M010605,F203,SO057,12650.0,12650.0,2026-07-17 03:19:00
C060104,overlapping_admission,"Admitted 21 Jul 2026 07:36 while an inpatient at P203 under C059223 (admitted 17 Jul 2026 03:19, discharged 25 Jul 2026 16:10); stays overlap by 105 h",P059,M010605,F059,SG017A,12100.0,12100.0,2026-07-21 07:36:00
C073658,overlapping_admission,"Admitted 20 Sep 2026 10:53 while an inpatient at P059 under C072096 (admitted 13 Sep 2026 10:17, discharged 24 Sep 2026 10:37); stays overlap by 96 h",P022,M010605,F022,SB014A,12700.0,12700.0,2026-09-20 10:53:00
C043408,overlapping_admission,"Admitted 02 May 2026 17:38 while an inpatient at P059 under C042466 (admitted 29 Apr 2026 22:02, discharged 06 May 2026 12:09); stays overlap by 91 h",P198,M010606,F198,MG001A,3600.0,3600.0,2026-05-02 17:38:00
C071656,overlapping_admission,"Admitted 11 Sep 2026 12:05 while an inpatient at P152 under C071190 (admitted 09 Sep 2026 10:37, discharged 15 Sep 2026 11:52); stays overlap by 96 h",P022,M010606,F022,SG050A,14200.0,14200.0,2026-09-11 12:05:00
C037099,overlapping_admission,"Admitted 03 Apr 2026 13:37 while an inpatient at P203 under C036807 (admitted 02 Apr 2026 06:19, discharged 05 Apr 2026 14:00); stays overlap by 48 h",P152,M010607,F152,SO010,20000.0,20000.0,2026-04-03 13:37:00
C054059,overlapping_admission,"Admitted 22 Jun 2026 13:40 while an inpatient at P203 under C053819 (admitted 21 Jun 2026 12:15, discharged 25 Jun 2026 12:46); stays overlap by 71 h",P148,M010607,F148,MG001A,3600.0,3600.0,2026-06-22 13:40:00
C058937,overlapping_admission,"Admitted 15 Jul 2026 16:15 while an inpatient at P022 under C058711 (admitted 14 Jul 2026 15:29, discharged 17 Jul 2026 12:03); stays overlap by 44 h",P148,M010607,F148,MG064A,1800.0,1800.0,2026-07-15 16:15:00
C066398,overlapping_admission,"Admitted 18 Aug 2026 14:26 while an inpatient at P148 under C066248 (admitted 17 Aug 2026 21:29, discharged 24 Aug 2026 14:54); stays overlap by 144 h",P152,M010607,F152,MG001A,7200.0,7200.0,2026-08-18 14:26:00
C066907,overlapping_admission,"Admitted 20 Aug 2026 22:50 while an inpatient at P152 under C066398 (admitted 18 Aug 2026 14:26, discharged 22 Aug 2026 16:03); stays overlap by 41 h",P203,M010607,F203,MG006A,15840.0,15840.0,2026-08-20 22:50:00
C067675,overlapping_admission,"Admitted 24 Aug 2026 11:44 while an inpatient at P203 under C066907 (admitted 20 Aug 2026 22:50, discharged 28 Aug 2026 12:26); stays overlap by 97 h",P148,M010607,F148,MG006A,22500.0,22500.0,2026-08-24 11:44:00
C041681,overlapping_admission,"Admitted 25 Apr 2026 18:13 while an inpatient at P059 under C041194 (admitted 23 Apr 2026 12:00, discharged 29 Apr 2026 16:28); stays overlap by 94 h",P203,M010608,F203,SO057,12650.0,12650.0,2026-04-25 18:13:00
C046229,overlapping_admission,"Admitted 16 May 2026 05:54 while an inpatient at P022 under C045757 (admitted 13 May 2026 17:56, discharged 17 May 2026 10:18); stays overlap by 28 h",P152,M010608,F152,MG006A,3600.0,3600.0,2026-05-16 05:54:00
C065773,overlapping_admission,"Admitted 15 Aug 2026 19:21 while an inpatient at P203 under C065318 (admitted 13 Aug 2026 17:45, discharged 18 Aug 2026 16:57); stays overlap by 70 h",P022,M010608,F022,SB010A,14900.0,14900.0,2026-08-15 19:21:00
C065988,overlapping_admission,"Admitted 16 Aug 2026 21:15 while an inpatient at P022 under C065773 (admitted 15 Aug 2026 19:21, discharged 21 Aug 2026 11:09); stays overlap by 110 h",P152,M010608,F152,MG017A,9000.0,9000.0,2026-08-16 21:15:00
C066670,overlapping_admission,"Admitted 19 Aug 2026 17:35 while an inpatient at P152 under C065988 (admitted 16 Aug 2026 21:15, discharged 21 Aug 2026 13:28); stays overlap by 44 h",P148,M010608,F148,SO057,11500.0,11500.0,2026-08-19 17:35:00
C068746,overlapping_admission,"Admitted 29 Aug 2026 09:24 while an inpatient at P203 under C068097 (admitted 26 Aug 2026 10:08, discharged 03 Sep 2026 15:06); stays overlap by 126 h",P148,M010608,F148,SG039C,22800.0,22800.0,2026-08-29 09:24:00
C071667,overlapping_admission,"Admitted 11 Sep 2026 12:48 while an inpatient at P203 under C071504 (admitted 10 Sep 2026 16:40, discharged 15 Sep 2026 10:27); stays overlap by 94 h",P152,M010608,F152,SG017A,11000.0,11000.0,2026-09-11 12:48:00
C074536,overlapping_admission,"Admitted 24 Sep 2026 13:34 while an inpatient at P059 under C074052 (admitted 22 Sep 2026 11:41, discharged 26 Sep 2026 10:21); stays overlap by 45 h",P022,M010608,F022,SB010A,14900.0,14900.0,2026-09-24 13:34:00
C051045,overlapping_admission,"Admitted 07 Jun 2026 22:09 while an inpatient at P053 under C050793 (admitted 06 Jun 2026 18:09, discharged 13 Jun 2026 10:29); stays overlap by 132 h",P043,M010625,F043,MG070A,7920.0,7920.0,2026-06-07 22:09:00
C043336,overlapping_admission,"Admitted 02 May 2026 15:34 while an inpatient at P203 under C042315 (admitted 29 Apr 2026 08:26, discharged 04 May 2026 16:38); stays overlap by 49 h",P198,M010722,F198,MG001A,13500.0,13500.0,2026-05-02 15:34:00
C068933,overlapping_admission,"Admitted 30 Aug 2026 02:42 while an inpatient at P036 under C068769 (admitted 29 Aug 2026 10:42, discharged 04 Sep 2026 15:25); stays overlap by 133 h",P043,M010958,F043,MG003A,5940.0,5940.0,2026-08-30 02:42:00
C047719,overlapping_admission,"Admitted 23 May 2026 11:56 while an inpatient at P184 under C046233 (admitted 16 May 2026 07:03, discharged 24 May 2026 13:24); stays overlap by 25 h",P240,M011050,F240,SO010,19510.0,22000.0,2026-05-23 11:56:00
C074942,overlapping_admission,"Admitted 26 Sep 2026 10:19 while an inpatient at P240 under C074698 (admitted 25 Sep 2026 10:12, discharged 03 Oct 2026 14:22); stays overlap by 172 h",P098,M011050,F098,SG039C,22800.0,22800.0,2026-09-26 10:19:00
C054372,overlapping_admission,"Admitted 23 Jun 2026 20:27 while an inpatient at P228 under C054090 (admitted 22 Jun 2026 15:27, discharged 27 Jun 2026 14:51); stays overlap by 90 h",P275,M011133,F275,MG029A,9900.0,9900.0,2026-06-23 20:27:00
C058589,overlapping_admission,"Admitted 14 Jul 2026 06:00 while an inpatient at P228 under C058291 (admitted 12 Jul 2026 16:00, discharged 20 Jul 2026 15:41); stays overlap by 154 h",P275,M011165,F275,MG003A,3960.0,3960.0,2026-07-14 06:00:00
C068017,overlapping_admission,"Admitted 25 Aug 2026 22:21 while an inpatient at P027 under C067900 (admitted 25 Aug 2026 12:21, discharged 28 Aug 2026 14:23); stays overlap by 64 h",P043,M011415,F043,MG006A,7920.0,7920.0,2026-08-25 22:21:00
C059558,overlapping_admission,"Admitted 18 Jul 2026 17:04 while an inpatient at P228 under C059372 (admitted 17 Jul 2026 19:04, discharged 22 Jul 2026 16:28); stays overlap by 95 h",P275,M011490,F275,MG049C,3960.0,3960.0,2026-07-18 17:04:00
C042294,overlapping_admission,"Admitted 29 Apr 2026 03:05 while an inpatient at P070 under C041993 (admitted 27 Apr 2026 14:05, discharged 05 May 2026 15:57); stays overlap by 157 h",P043,M011553,F043,MG064A,6140.0,7920.0,2026-04-29 03:05:00
C056825,overlapping_admission,"Admitted 05 Jul 2026 14:49 while an inpatient at P059 under C056659 (admitted 04 Jul 2026 16:37, discharged 08 Jul 2026 12:28); stays overlap by 70 h",P022,M011658,F022,MG064A,2863.0,3600.0,2026-07-05 14:49:00
C065632,overlapping_admission,"Admitted 15 Aug 2026 09:41 while an inpatient at P152 under C065012 (admitted 13 Aug 2026 00:42, discharged 16 Aug 2026 12:43); stays overlap by 27 h",P059,M011658,F059,MG029A,9900.0,9900.0,2026-08-15 09:41:00
C066251,overlapping_admission,"Admitted 17 Aug 2026 22:10 while an inpatient at P059 under C065632 (admitted 15 Aug 2026 09:41, discharged 20 Aug 2026 15:16); stays overlap by 65 h",P148,M011658,F148,SO010,20000.0,20000.0,2026-08-17 22:10:00
C066522,overlapping_admission,"Admitted 19 Aug 2026 04:18 while an inpatient at P148 under C066251 (admitted 17 Aug 2026 22:10, discharged 23 Aug 2026 12:34); stays overlap by 104 h",P059,M011658,F059,MG021A,15840.0,15840.0,2026-08-19 04:18:00
C073864,overlapping_admission,"Admitted 21 Sep 2026 11:19 while an inpatient at P059 under C073142 (admitted 17 Sep 2026 23:50, discharged 23 Sep 2026 13:20); stays overlap by 50 h",P148,M011658,F148,SO057,11500.0,11500.0,2026-09-21 11:19:00
C053506,overlapping_admission,"Admitted 19 Jun 2026 23:46 while an inpatient at P148 under C053449 (admitted 19 Jun 2026 16:25, discharged 24 Jun 2026 11:59); stays overlap by 108 h",P059,M011659,F059,MG038A,24750.0,24750.0,2026-06-19 23:46:00
C062480,overlapping_admission,"Admitted 01 Aug 2026 15:10 while an inpatient at P022 under C061628 (admitted 28 Jul 2026 11:30, discharged 04 Aug 2026 11:48); stays overlap by 69 h",P152,M011659,F152,MG021A,7200.0,7200.0,2026-08-01 15:10:00
C071416,overlapping_admission,"Admitted 10 Sep 2026 11:16 while an inpatient at P152 under C070965 (admitted 08 Sep 2026 08:41, discharged 12 Sep 2026 12:36); stays overlap by 49 h",P022,M011659,F022,MG059A,10800.0,10800.0,2026-09-10 11:16:00
C034859,overlapping_admission,"Admitted 23 Mar 2026 01:38 while an inpatient at P118 under C034823 (admitted 22 Mar 2026 18:38, discharged 02 Apr 2026 11:06); stays overlap by 249 h",P221,M011852,F221,MG003A,9000.0,9000.0,2026-03-23 01:38:00
C064920,overlapping_admission,"Admitted 12 Aug 2026 15:58 while an inpatient at P053 under C064844 (admitted 12 Aug 2026 09:58, discharged 16 Aug 2026 12:17); stays overlap by 92 h",P043,M012331,F043,MG003A,9900.0,9900.0,2026-08-12 15:58:00
C073663,overlapping_admission,"Admitted 20 Sep 2026 11:52 while an inpatient at P230 under C072972 (admitted 17 Sep 2026 09:43, discharged 27 Sep 2026 16:54); stays overlap by 173 h",P156,M012837,F156,MG009A,1800.0,1800.0,2026-09-20 11:52:00
C060076,overlapping_admission,"Admitted 21 Jul 2026 00:38 while an inpatient at P154 under C059670 (admitted 19 Jul 2026 10:38, discharged 24 Jul 2026 15:53); stays overlap by 87 h",P275,M012946,F275,MG071A,9900.0,9900.0,2026-07-21 00:38:00
C070463,overlapping_admission,"Admitted 05 Sep 2026 18:51 while an inpatient at P228 under C070245 (admitted 04 Sep 2026 19:51, discharged 09 Sep 2026 11:01); stays overlap by 88 h",P275,M012970,F275,MG071A,9900.0,9900.0,2026-09-05 18:51:00
C074060,overlapping_admission,"Admitted 22 Sep 2026 12:11 while an inpatient at P139 under C072836 (admitted 16 Sep 2026 15:50, discharged 23 Sep 2026 15:09); stays overlap by 27 h",P184,M013267,F184,SG050A,17182.0,17182.0,2026-09-22 12:11:00
C059143,overlapping_admission,"Admitted 16 Jul 2026 15:34 while an inpatient at P228 under C058797 (admitted 15 Jul 2026 06:34, discharged 29 Jul 2026 10:59); stays overlap by 307 h",P275,M013345,F275,MG017A,7920.0,7920.0,2026-07-16 15:34:00
C031723,overlapping_admission,"Admitted 08 Mar 2026 00:44 while an inpatient at P232 under C031435 (admitted 06 Mar 2026 14:44, discharged 09 Mar 2026 15:53); stays overlap by 39 h",P221,M013671,F221,MG004A,9000.0,9000.0,2026-03-08 00:44:00
C014133,overlapping_admission,"Admitted 10 Dec 2025 11:12 while an inpatient at P078 under C013765 (admitted 08 Dec 2025 12:34, discharged 12 Dec 2025 12:21); stays overlap by 49 h",P166,M013700,F166,SO010,18894.0,20000.0,2025-12-10 11:12:00
C050393,overlapping_admission,"Admitted 04 Jun 2026 23:46 while an inpatient at P148 under C049831 (admitted 02 Jun 2026 09:20, discharged 06 Jun 2026 11:09); stays overlap by 35 h",P203,M013732,F203,MG004A,11880.0,11880.0,2026-06-04 23:46:00
C050782,overlapping_admission,"Admitted 06 Jun 2026 17:29 while an inpatient at P203 under C050393 (admitted 04 Jun 2026 23:46, discharged 10 Jun 2026 15:13); stays overlap by 94 h",P152,M013732,F152,SO010,20000.0,20000.0,2026-06-06 17:29:00
C058055,overlapping_admission,"Admitted 11 Jul 2026 14:31 while an inpatient at P148 under C057516 (admitted 08 Jul 2026 23:39, discharged 16 Jul 2026 14:56); stays overlap by 120 h",P203,M013732,F203,SG039C,25080.0,25080.0,2026-07-11 14:31:00
C060091,overlapping_admission,"Admitted 21 Jul 2026 05:22 while an inpatient at P152 under C059985 (admitted 20 Jul 2026 14:59, discharged 24 Jul 2026 13:24); stays overlap by 80 h",P022,M013732,F022,MC001B,5000.0,5000.0,2026-07-21 05:22:00
C059638,overlapping_admission,"Admitted 19 Jul 2026 08:43 while an inpatient at P203 under C059414 (admitted 18 Jul 2026 03:13, discharged 22 Jul 2026 13:19); stays overlap by 77 h",P152,M013749,F152,MG021A,18000.0,18000.0,2026-07-19 08:43:00
C064803,overlapping_admission,"Admitted 12 Aug 2026 06:58 while an inpatient at P203 under C064128 (admitted 08 Aug 2026 21:02, discharged 13 Aug 2026 14:46); stays overlap by 32 h",P022,M013749,F022,MG064A,9000.0,9000.0,2026-08-12 06:58:00
C069494,overlapping_admission,"Admitted 01 Sep 2026 17:40 while an inpatient at P152 under C068529 (admitted 28 Aug 2026 10:09, discharged 03 Sep 2026 10:20); stays overlap by 41 h",P203,M013749,F203,SG050A,15620.0,15620.0,2026-09-01 17:40:00
C070029,overlapping_admission,"Admitted 03 Sep 2026 22:47 while an inpatient at P022 under C069599 (admitted 02 Sep 2026 09:00, discharged 09 Sep 2026 13:08); stays overlap by 134 h",P152,M013749,F152,SG039C,17235.0,22800.0,2026-09-03 22:47:00
C042954,overlapping_admission,"Admitted 01 May 2026 14:38 while an inpatient at P198 under C042786 (admitted 30 Apr 2026 17:47, discharged 08 May 2026 15:13); stays overlap by 169 h",P059,M013750,F059,SO057,12650.0,12650.0,2026-05-01 14:38:00
C053524,overlapping_admission,"Admitted 20 Jun 2026 06:20 while an inpatient at P152 under C052794 (admitted 16 Jun 2026 12:24, discharged 22 Jun 2026 12:23); stays overlap by 54 h",P203,M013750,F203,MG003A,1980.0,1980.0,2026-06-20 06:20:00
C067160,overlapping_admission,"Admitted 22 Aug 2026 04:10 while an inpatient at P059 under C066114 (admitted 17 Aug 2026 12:11, discharged 25 Aug 2026 15:03); stays overlap by 83 h",P022,M013750,F022,SB010A,14900.0,14900.0,2026-08-22 04:10:00
C054882,overlapping_admission,"Admitted 26 Jun 2026 10:41 while an inpatient at P143 under C054755 (admitted 25 Jun 2026 16:41, discharged 30 Jun 2026 12:04); stays overlap by 97 h",P221,M013781,F221,MG006A,9000.0,9000.0,2026-06-26 10:41:00
C034961,overlapping_admission,"Admitted 23 Mar 2026 13:39 while an inpatient at P148 under C034502 (admitted 21 Mar 2026 08:57, discharged 28 Mar 2026 11:28); stays overlap by 118 h",P152,M013825,F152,SG051B,15248.0,17400.0,2026-03-23 13:39:00
C035710,overlapping_admission,"Admitted 27 Mar 2026 12:23 while an inpatient at P152 under C034961 (admitted 23 Mar 2026 13:39, discharged 28 Mar 2026 14:29); stays overlap by 26 h",P059,M013825,F059,MG021A,7920.0,7920.0,2026-03-27 12:23:00
C044247,overlapping_admission,"Admitted 06 May 2026 17:35 while an inpatient at P148 under C044243 (admitted 06 May 2026 17:16, discharged 11 May 2026 14:47); stays overlap by 117 h",P152,M013825,F152,MG004A,7200.0,7200.0,2026-05-06 17:35:00
C063190,overlapping_admission,"Admitted 04 Aug 2026 18:04 while an inpatient at P059 under C061955 (admitted 30 Jul 2026 02:28, discharged 06 Aug 2026 13:29); stays overlap by 43 h",P022,M013825,F022,SB010A,14900.0,14900.0,2026-08-04 18:04:00
C051103,overlapping_admission,"Admitted 08 Jun 2026 10:17 while an inpatient at P203 under C050718 (admitted 06 Jun 2026 13:04, discharged 10 Jun 2026 16:21); stays overlap by 54 h",P148,M013827,F148,SO010,18882.0,20000.0,2026-06-08 10:17:00
C063278,overlapping_admission,"Admitted 05 Aug 2026 09:42 while an inpatient at P059 under C063054 (admitted 04 Aug 2026 10:37, discharged 08 Aug 2026 11:39); stays overlap by 74 h",P152,M013827,F152,MG070A,5400.0,5400.0,2026-08-05 09:42:00
C073203,overlapping_admission,"Admitted 18 Sep 2026 10:12 while an inpatient at P152 under C072484 (admitted 15 Sep 2026 02:54, discharged 21 Sep 2026 13:18); stays overlap by 75 h",P059,M013827,F059,MG004A,15840.0,15840.0,2026-09-18 10:12:00
C074632,overlapping_admission,"Admitted 24 Sep 2026 22:57 while an inpatient at P059 under C073203 (admitted 18 Sep 2026 10:12, discharged 26 Sep 2026 10:49); stays overlap by 36 h",P148,M013827,F148,MG009A,3600.0,3600.0,2026-09-24 22:57:00
C043488,overlapping_admission,"Admitted 03 May 2026 08:57 while an inpatient at P203 under C042963 (admitted 01 May 2026 15:17, discharged 06 May 2026 16:51); stays overlap by 80 h",P152,M013828,F152,MG006A,9000.0,9000.0,2026-05-03 08:57:00
C068717,overlapping_admission,"Admitted 29 Aug 2026 07:15 while an inpatient at P059 under C068629 (admitted 28 Aug 2026 16:29, discharged 07 Sep 2026 14:55); stays overlap by 224 h",P203,M013828,F203,MG003A,9900.0,9900.0,2026-08-29 07:15:00
C070716,overlapping_admission,"Admitted 06 Sep 2026 22:45 while an inpatient at P260 under C070314 (admitted 05 Sep 2026 08:45, discharged 09 Sep 2026 10:42); stays overlap by 60 h",P221,M014224,F221,MG004A,9000.0,9000.0,2026-09-06 22:45:00
C053667,overlapping_admission,"Admitted 20 Jun 2026 16:47 while an inpatient at P228 under C053454 (admitted 19 Jun 2026 16:47, discharged 25 Jun 2026 12:37); stays overlap by 116 h",P275,M014382,F275,MG006A,7920.0,7920.0,2026-06-20 16:47:00
C064172,overlapping_admission,"Admitted 09 Aug 2026 06:57 while an inpatient at P074 under C063862 (admitted 07 Aug 2026 17:57, discharged 12 Aug 2026 11:51); stays overlap by 77 h",P043,M014670,F043,MG064A,9900.0,9900.0,2026-08-09 06:57:00
C074212,overlapping_admission,"Admitted 23 Sep 2026 02:41 while an inpatient at P052 under C074116 (admitted 22 Sep 2026 14:41, discharged 29 Sep 2026 11:54); stays overlap by 153 h",P221,M014747,F221,MG071A,5400.0,5400.0,2026-09-23 02:41:00
C040271,overlapping_admission,"Admitted 18 Apr 2026 16:46 while an inpatient at P228 under C039890 (admitted 17 Apr 2026 08:46, discharged 30 Apr 2026 10:33); stays overlap by 282 h",P275,M014909,F275,MG001A,8910.0,8910.0,2026-04-18 16:46:00
C067172,overlapping_admission,"Admitted 22 Aug 2026 07:45 while an inpatient at P226 under C067037 (admitted 21 Aug 2026 14:01, discharged 23 Aug 2026 12:31); stays overlap by 29 h",P125,M015192,F125,MG001A,1800.0,1800.0,2026-08-22 07:45:00
C050824,overlapping_admission,"Admitted 06 Jun 2026 23:37 while an inpatient at P204 under C050539 (admitted 05 Jun 2026 14:37, discharged 12 Jun 2026 11:34); stays overlap by 132 h",P221,M015197,F221,MG064A,7200.0,7200.0,2026-06-06 23:37:00
C065538,overlapping_admission,"Admitted 14 Aug 2026 17:09 while an inpatient at P240 under C065394 (admitted 14 Aug 2026 07:45, discharged 21 Aug 2026 13:22); stays overlap by 164 h",P184,M015300,F184,SG039C,27588.0,27588.0,2026-08-14 17:09:00
C052295,overlapping_admission,"Admitted 14 Jun 2026 01:18 while an inpatient at P257 under C052055 (admitted 12 Jun 2026 18:18, discharged 21 Jun 2026 16:05); stays overlap by 183 h",P275,M015810,F275,MG004A,7274.0,7920.0,2026-06-14 01:18:00
C065630,overlapping_admission,"Admitted 15 Aug 2026 09:34 while an inpatient at P005 under C065475 (admitted 14 Aug 2026 12:34, discharged 18 Aug 2026 15:33); stays overlap by 78 h",P275,M016152,F275,MG017A,9900.0,9900.0,2026-08-15 09:34:00
C044049,overlapping_admission,"Admitted 05 May 2026 20:03 while an inpatient at P204 under C043785 (admitted 04 May 2026 16:03, discharged 10 May 2026 10:14); stays overlap by 110 h",P221,M016267,F221,MG006A,7200.0,7200.0,2026-05-05 20:03:00
C029904,overlapping_admission,"Admitted 27 Feb 2026 11:41 while an inpatient at P115 under C029777 (admitted 26 Feb 2026 16:41, discharged 01 Mar 2026 15:46); stays overlap by 52 h",P275,M016335,F275,MG006A,24750.0,24750.0,2026-02-27 11:41:00
C032589,overlapping_admission,"Admitted 12 Mar 2026 06:36 while an inpatient at P228 under C032293 (admitted 10 Mar 2026 15:36, discharged 15 Mar 2026 12:22); stays overlap by 78 h",P275,M016336,F275,MG021A,5940.0,5940.0,2026-03-12 06:36:00
C030355,overlapping_admission,"Admitted 01 Mar 2026 13:00 while an inpatient at P260 under C029370 (admitted 24 Feb 2026 16:17, discharged 03 Mar 2026 15:19); stays overlap by 50 h",P156,M016599,F156,MG001A,1800.0,1800.0,2026-03-01 13:00:00
C031979,overlapping_admission,"Admitted 09 Mar 2026 09:12 while an inpatient at P230 under C031852 (admitted 08 Mar 2026 15:12, discharged 15 Mar 2026 16:43); stays overlap by 152 h",P221,M016730,F221,MG009A,3333.0,3600.0,2026-03-09 09:12:00
C047637,overlapping_admission,"Admitted 23 May 2026 01:39 while an inpatient at P143 under C047289 (admitted 21 May 2026 10:39, discharged 26 May 2026 11:46); stays overlap by 82 h",P221,M016748,F221,MG004A,5400.0,5400.0,2026-05-23 01:39:00
C067600,overlapping_admission,"Admitted 24 Aug 2026 05:47 while an inpatient at P074 under C067340 (admitted 22 Aug 2026 17:47, discharged 26 Aug 2026 10:49); stays overlap by 53 h",P043,M017352,F043,MG001A,3960.0,3960.0,2026-08-24 05:47:00
C069546,overlapping_admission,"Admitted 01 Sep 2026 23:42 while an inpatient at P012 under C069163 (admitted 31 Aug 2026 08:42, discharged 03 Sep 2026 12:48); stays overlap by 37 h",P275,M018195,F275,MG045A,9900.0,9900.0,2026-09-01 23:42:00
C043479,overlapping_admission,"Admitted 03 May 2026 07:33 while an inpatient at P171 under C043435 (admitted 02 May 2026 20:33, discharged 05 May 2026 15:13); stays overlap by 56 h",P221,M018481,F221,MG029A,3600.0,3600.0,2026-05-03 07:33:00
C064968,overlapping_admission,"Admitted 12 Aug 2026 19:29 while an inpatient at P230 under C064709 (admitted 11 Aug 2026 14:29, discharged 15 Aug 2026 11:33); stays overlap by 64 h",P221,M018482,F221,MG049C,18000.0,18000.0,2026-08-12 19:29:00
C071602,overlapping_admission,"Admitted 11 Sep 2026 08:29 while an inpatient at P135 under C070961 (admitted 08 Sep 2026 08:33, discharged 14 Sep 2026 12:00); stays overlap by 76 h",P131,M018907,F131,SO057,13915.0,13915.0,2026-09-11 08:29:00
C016515,overlapping_admission,"Admitted 21 Dec 2025 21:46 while an inpatient at P143 under C016460 (admitted 21 Dec 2025 15:46, discharged 26 Dec 2025 11:39); stays overlap by 110 h",P221,M019223,F221,MG003A,9000.0,9000.0,2025-12-21 21:46:00
C010540,overlapping_admission,"Admitted 22 Nov 2025 17:41 while an inpatient at P240 under C009690 (admitted 18 Nov 2025 16:39, discharged 24 Nov 2025 13:11); stays overlap by 44 h",P184,M019525,F184,SB020A,16940.0,16940.0,2025-11-22 17:41:00
C049858,overlapping_admission,"Admitted 02 Jun 2026 11:05 while an inpatient at P215 under C049772 (admitted 01 Jun 2026 21:05, discharged 06 Jun 2026 14:34); stays overlap by 99 h",P043,M019916,F043,MG029A,3960.0,3960.0,2026-06-02 11:05:00
C062248,overlapping_admission,"Admitted 31 Jul 2026 13:26 while an inpatient at P204 under C062131 (admitted 30 Jul 2026 21:26, discharged 09 Aug 2026 14:55); stays overlap by 217 h",P221,M020258,F221,MG045A,7200.0,7200.0,2026-07-31 13:26:00
C023603,overlapping_admission,"Admitted 26 Jan 2026 23:49 while an inpatient at P230 under C023527 (admitted 26 Jan 2026 13:49, discharged 03 Feb 2026 12:29); stays overlap by 181 h",P221,M020400,F221,MG016A,18000.0,18000.0,2026-01-26 23:49:00
C047726,overlapping_admission,"Admitted 23 May 2026 12:30 while an inpatient at P184 under C046864 (admitted 19 May 2026 11:00, discharged 01 Jun 2026 11:41); stays overlap by 215 h",P240,M020658,F240,SO010,22000.0,22000.0,2026-05-23 12:30:00
C056267,overlapping_admission,"Admitted 02 Jul 2026 22:55 while an inpatient at P074 under C056188 (admitted 02 Jul 2026 15:55, discharged 06 Jul 2026 15:33); stays overlap by 89 h",P043,M021332,F043,MG003A,7920.0,7920.0,2026-07-02 22:55:00
C044086,overlapping_admission,"Admitted 06 May 2026 03:56 while an inpatient at P079 under C043897 (admitted 05 May 2026 08:56, discharged 09 May 2026 13:44); stays overlap by 82 h",P043,M021352,F043,MG029A,3960.0,3960.0,2026-05-06 03:56:00
C074159,overlapping_admission,"Admitted 22 Sep 2026 18:24 while an inpatient at P065 under C073998 (admitted 22 Sep 2026 03:24, discharged 25 Sep 2026 11:44); stays overlap by 65 h",P043,M021841,F043,MG016A,7920.0,7920.0,2026-09-22 18:24:00
C050578,overlapping_admission,"Admitted 05 Jun 2026 18:10 while an inpatient at P230 under C050370 (admitted 04 Jun 2026 21:10, discharged 07 Jun 2026 14:48); stays overlap by 45 h",P221,M021963,F221,MG059A,3600.0,3600.0,2026-06-05 18:10:00
C025554,overlapping_admission,"Admitted 05 Feb 2026 16:20 while an inpatient at P228 under C025453 (admitted 05 Feb 2026 08:20, discharged 10 Feb 2026 14:42); stays overlap by 118 h",P275,M022139,F275,MG064A,19800.0,19800.0,2026-02-05 16:20:00
C062208,overlapping_admission,"Admitted 31 Jul 2026 10:21 while an inpatient at P004 under C061558 (admitted 28 Jul 2026 02:59, discharged 01 Aug 2026 10:35); stays overlap by 24 h",P243,M022183,F243,SG050A,15620.0,15620.0,2026-07-31 10:21:00
C043425,overlapping_admission,"Admitted 02 May 2026 19:04 while an inpatient at P230 under C042232 (admitted 28 Apr 2026 16:51, discharged 05 May 2026 12:07); stays overlap by 65 h",P156,M022302,F156,MG021A,1533.0,1800.0,2026-05-02 19:04:00
C047003,overlapping_admission,"Admitted 19 May 2026 23:18 while an inpatient at P065 under C046661 (admitted 18 May 2026 11:18, discharged 21 May 2026 14:41); stays overlap by 39 h",P043,M022627,F043,MG045A,8991.0,9900.0,2026-05-19 23:18:00
C052085,overlapping_admission,"Admitted 13 Jun 2026 00:40 while an inpatient at P287 under C051843 (admitted 11 Jun 2026 16:40, discharged 15 Jun 2026 16:43); stays overlap by 64 h",P275,M023172,F275,MG029A,9900.0,9900.0,2026-06-13 00:40:00
C059392,overlapping_admission,"Admitted 17 Jul 2026 21:52 while an inpatient at P228 under C059089 (admitted 16 Jul 2026 11:52, discharged 21 Jul 2026 10:45); stays overlap by 85 h",P275,M023295,F275,MG045A,5516.0,5940.0,2026-07-17 21:52:00
C061729,overlapping_admission,"Admitted 28 Jul 2026 18:59 while an inpatient at P280 under C061529 (admitted 27 Jul 2026 20:59, discharged 30 Jul 2026 11:35); stays overlap by 41 h",P043,M023502,F043,MG049C,7523.0,7920.0,2026-07-28 18:59:00
C069276,overlapping_admission,"Admitted 31 Aug 2026 17:04 while an inpatient at P036 under C069099 (admitted 30 Aug 2026 19:04, discharged 07 Sep 2026 16:26); stays overlap by 167 h",P043,M023534,F043,MG009A,9900.0,9900.0,2026-08-31 17:04:00
C041528,overlapping_admission,"Admitted 25 Apr 2026 03:45 while an inpatient at P230 under C041231 (admitted 23 Apr 2026 15:45, discharged 27 Apr 2026 16:41); stays overlap by 61 h",P221,M023598,F221,MG004A,3600.0,3600.0,2026-04-25 03:45:00
C066928,overlapping_admission,"Admitted 21 Aug 2026 02:40 while an inpatient at P147 under C066690 (admitted 19 Aug 2026 21:40, discharged 26 Aug 2026 11:14); stays overlap by 129 h",P043,M023723,F043,MG006A,7920.0,7920.0,2026-08-21 02:40:00
C073127,overlapping_admission,"Admitted 17 Sep 2026 22:15 while an inpatient at P138 under C072784 (admitted 16 Sep 2026 12:15, discharged 23 Sep 2026 15:21); stays overlap by 137 h",P275,M023940,F275,MG003A,7920.0,7920.0,2026-09-17 22:15:00
C072936,overlapping_admission,"Admitted 17 Sep 2026 06:09 while an inpatient at P036 under C072616 (admitted 15 Sep 2026 15:09, discharged 19 Sep 2026 11:33); stays overlap by 53 h",P043,M024205,F043,MG006A,7920.0,7920.0,2026-09-17 06:09:00
C067346,overlapping_admission,"Admitted 22 Aug 2026 18:27 while an inpatient at P065 under C067006 (admitted 21 Aug 2026 11:27, discharged 24 Aug 2026 15:03); stays overlap by 45 h",P043,M024501,F043,MG003A,11880.0,11880.0,2026-08-22 18:27:00
C054397,overlapping_admission,"Admitted 24 Jun 2026 00:26 while an inpatient at P012 under C054022 (admitted 22 Jun 2026 11:26, discharged 01 Jul 2026 10:41); stays overlap by 178 h",P275,M024567,F275,MG009A,7920.0,7920.0,2026-06-24 00:26:00
C047837,overlapping_admission,"Admitted 23 May 2026 21:36 while an inpatient at P036 under C047632 (admitted 23 May 2026 00:36, discharged 27 May 2026 13:16); stays overlap by 88 h",P043,M025029,F043,MG004A,3960.0,3960.0,2026-05-23 21:36:00
C039000,overlapping_admission,"Admitted 12 Apr 2026 17:51 while an inpatient at P230 under C038829 (admitted 11 Apr 2026 23:51, discharged 14 Apr 2026 13:21); stays overlap by 44 h",P221,M025073,F221,MG070A,9000.0,9000.0,2026-04-12 17:51:00
C029450,overlapping_admission,"Admitted 25 Feb 2026 04:39 while an inpatient at P142 under C029238 (admitted 24 Feb 2026 06:39, discharged 28 Feb 2026 14:48); stays overlap by 82 h",P221,M025136,F221,MG070A,3600.0,3600.0,2026-02-25 04:39:00
C056418,overlapping_admission,"Admitted 03 Jul 2026 16:33 while an inpatient at P230 under C056292 (admitted 03 Jul 2026 07:33, discharged 11 Jul 2026 13:07); stays overlap by 189 h",P221,M025480,F221,MG001A,4643.0,5400.0,2026-07-03 16:33:00
C041343,overlapping_admission,"Admitted 24 Apr 2026 10:00 while an inpatient at P228 under C041235 (admitted 23 Apr 2026 16:00, discharged 30 Apr 2026 16:38); stays overlap by 151 h",P275,M025667,F275,MG038A,5940.0,5940.0,2026-04-24 10:00:00
C011516,overlapping_admission,"Admitted 27 Nov 2025 14:46 while an inpatient at P228 under C010620 (admitted 23 Nov 2025 08:01, discharged 29 Nov 2025 11:59); stays overlap by 45 h",P098,M025715,F098,SB019B,15800.0,15800.0,2025-11-27 14:46:00
C057855,duplicate_package,Package MG001A billed again 7.0 days after C056422 for the same beneficiary at the same hospital,P156,M000350,F156,MG001A,1800.0,1800.0,2026-07-10 16:01:00
C040877,duplicate_package,Package MG001A billed again 2.4 days after C040372 for the same beneficiary at the same hospital,P024,M000575,F024,MG001A,1800.0,1800.0,2026-04-21 18:50:00
C067166,duplicate_package,Package MG009A billed again 4.7 days after C066130 for the same beneficiary at the same hospital,P156,M000653,F156,MG009A,1800.0,1800.0,2026-08-22 05:06:00
C026920,duplicate_package,Package MG001A billed again 4.8 days after C025966 for the same beneficiary at the same hospital,P125,M000915,F125,MG001A,1306.0,1800.0,2026-02-12 10:25:00
C067546,duplicate_package,Package MG070A billed again 1.0 days after C067351 for the same beneficiary at the same hospital,P059,M001137,F059,MG070A,9929.0,13860.0,2026-08-23 19:27:00
C027406,duplicate_package,Package MG001A billed again 3.1 days after C026773 for the same beneficiary at the same hospital,P125,M001699,F125,MG001A,1800.0,1800.0,2026-02-14 16:40:00
C029552,duplicate_package,Package MG001A billed again 1.7 days after C029186 for the same beneficiary at the same hospital,P125,M001700,F125,MG001A,1800.0,1800.0,2026-02-25 12:21:00
C032597,duplicate_package,Package MG001A billed again 3.8 days after C031829 for the same beneficiary at the same hospital,P125,M001863,F125,MG001A,1800.0,1800.0,2026-03-12 08:19:00
C034016,duplicate_package,Package MG001A billed again 6.7 days after C032597 for the same beneficiary at the same hospital,P125,M001863,F125,MG001A,1800.0,1800.0,2026-03-19 00:32:00
C043131,duplicate_package,Package MG016A billed again 2.0 days after C042585 for the same beneficiary at the same hospital,P198,M001997,F198,MG016A,10800.0,10800.0,2026-05-02 09:36:00
C068117,duplicate_package,Package SO010 billed again 4.0 days after C067223 for the same beneficiary at the same hospital,P240,M002766,F240,SO010,22000.0,22000.0,2026-08-26 11:11:00
C054635,duplicate_package,Package SO010 billed again 1.9 days after C054226 for the same beneficiary at the same hospital,P240,M003155,F240,SO010,22000.0,22000.0,2026-06-25 08:04:00
C065456,duplicate_package,Package SO010 billed again 6.0 days after C064019 for the same beneficiary at the same hospital,P240,M003157,F240,SO010,22000.0,22000.0,2026-08-14 11:22:00
C068059,duplicate_package,Package SO010 billed again 3.8 days after C067233 for the same beneficiary at the same hospital,P240,M003157,F240,SO010,22000.0,22000.0,2026-08-26 07:23:00
C052418,duplicate_package,Package SO057 billed again 3.9 days after C051642 for the same beneficiary at the same hospital,P066,M003854,F066,SO057,12930.0,14547.0,2026-06-14 14:40:00
C074478,duplicate_package,Package MG038A billed again 0.0 days after C074458 for the same beneficiary at the same hospital,P022,M003886,F022,MG038A,9000.0,9000.0,2026-09-24 09:26:00
C060697,duplicate_package,Package MG021A billed again 5.1 days after C059580 for the same beneficiary at the same hospital,P024,M004099,F024,MG021A,1800.0,1800.0,2026-07-23 22:27:00
C062124,duplicate_package,Package MG001A billed again 4.9 days after C061115 for the same beneficiary at the same hospital,P024,M004197,F024,MG001A,1800.0,1800.0,2026-07-30 20:46:00
C048518,duplicate_package,Package MG006A billed again 4.9 days after C047517 for the same beneficiary at the same hospital,P059,M004274,F059,MG006A,1749.0,1980.0,2026-05-27 08:56:00
C053025,duplicate_package,Package SO057 billed again 6.1 days after C051780 for the same beneficiary at the same hospital,P184,M004465,F184,SO057,13915.0,13915.0,2026-06-17 14:43:00
C050771,duplicate_package,Package MG001A billed again 5.6 days after C049607 for the same beneficiary at the same hospital,P152,M004847,F152,MG001A,9000.0,9000.0,2026-06-06 16:36:00
C042588,duplicate_package,Package MG009A billed again 0.0 days after C042579 for the same beneficiary at the same hospital,P198,M004859,F198,MG009A,5400.0,5400.0,2026-04-30 10:35:00
C058923,duplicate_package,Package MG003A billed again 4.9 days after C057875 for the same beneficiary at the same hospital,P059,M004893,F059,MG003A,10703.0,11880.0,2026-07-15 15:18:00
C072295,duplicate_package,Package MG001A billed again 2.7 days after C071717 for the same beneficiary at the same hospital,P156,M005890,F156,MG001A,1800.0,1800.0,2026-09-14 08:54:00
C050468,duplicate_package,Package MG009A billed again 2.3 days after C049989 for the same beneficiary at the same hospital,P125,M006540,F125,MG009A,1274.0,1800.0,2026-06-05 10:14:00
C067246,duplicate_package,Package SO010 billed again 2.1 days after C066781 for the same beneficiary at the same hospital,P240,M006764,F240,SO010,22000.0,22000.0,2026-08-22 12:03:00
C073526,duplicate_package,Package MG009A billed again 6.8 days after C072025 for the same beneficiary at the same hospital,P125,M007031,F125,MG009A,1800.0,1800.0,2026-09-19 17:19:00
C073447,duplicate_package,Package MG001A billed again 0.7 days after C073327 for the same beneficiary at the same hospital,P125,M007133,F125,MG001A,1800.0,1800.0,2026-09-19 11:47:00
C066354,duplicate_package,Package MG001A billed again 6.8 days after C064741 for the same beneficiary at the same hospital,P125,M007791,F125,MG001A,1800.0,1800.0,2026-08-18 11:10:00
C037260,duplicate_package,Package MG009A billed again 5.8 days after C036153 for the same beneficiary at the same hospital,P125,M007900,F125,MG009A,1800.0,1800.0,2026-04-04 11:45:00
C006421,duplicate_package,Package MG009A billed again 4.2 days after C005601 for the same beneficiary at the same hospital,P184,M008007,F184,MG009A,13068.0,13068.0,2025-11-02 08:07:00
C039800,duplicate_package,Package SG050A billed again 2.8 days after C039225 for the same beneficiary at the same hospital,P022,M008211,F022,SG050A,14200.0,14200.0,2026-04-16 17:52:00
C065403,duplicate_package,Package MG001A billed again 4.6 days after C064294 for the same beneficiary at the same hospital,P024,M008290,F024,MG001A,1800.0,1800.0,2026-08-14 08:20:00
C045320,duplicate_package,Package MG001A billed again 0.3 days after C045192 for the same beneficiary at the same hospital,P198,M008310,F198,MG001A,9000.0,9000.0,2026-05-11 15:37:00
C065452,duplicate_package,Package SO010 billed again 6.0 days after C064012 for the same beneficiary at the same hospital,P240,M008479,F240,SO010,22000.0,22000.0,2026-08-14 11:00:00
C055359,duplicate_package,Package MC011A billed again 3.2 days after C054673 for the same beneficiary at the same hospital,P194,M009098,F194,MC011A,72200.0,72200.0,2026-06-28 14:31:00
C073776,duplicate_package,Package SG017A billed again 5.2 days after C072618 for the same beneficiary at the same hospital,P148,M009158,F148,SG017A,11000.0,11000.0,2026-09-20 20:53:00
C017935,duplicate_package,Package MG009A billed again 6.5 days after C016696 for the same beneficiary at the same hospital,P218,M010017,F218,MG009A,7200.0,7200.0,2025-12-29 12:16:00
C003955,duplicate_package,Package SG039C billed again 3.1 days after C003327 for the same beneficiary at the same hospital,P258,M010093,F258,SG039C,22800.0,22800.0,2025-10-20 15:11:00
C054367,duplicate_package,Package MG001A billed again 2.1 days after C053873 for the same beneficiary at the same hospital,P156,M010567,F156,MG001A,1800.0,1800.0,2026-06-23 19:15:00
C053250,duplicate_package,Package MG001A billed again 2.1 days after C052822 for the same beneficiary at the same hospital,P024,M010589,F024,MG001A,1800.0,1800.0,2026-06-18 16:52:00
C046229,duplicate_package,Package MG006A billed again 6.5 days after C044880 for the same beneficiary at the same hospital,P152,M010608,F152,MG006A,3600.0,3600.0,2026-05-16 05:54:00
C043978,duplicate_package,Package MG009A billed again 1.9 days after C043597 for the same beneficiary at the same hospital,P024,M010628,F024,MG009A,1800.0,1800.0,2026-05-05 14:32:00
C067179,duplicate_package,Package SO010 billed again 2.0 days after C066763 for the same beneficiary at the same hospital,P240,M011050,F240,SO010,22000.0,22000.0,2026-08-22 08:20:00
C068080,duplicate_package,Package SO010 billed again 4.0 days after C067179 for the same beneficiary at the same hospital,P240,M011050,F240,SO010,22000.0,22000.0,2026-08-26 09:19:00
C043106,duplicate_package,Package MG001A billed again 1.6 days after C042785 for the same beneficiary at the same hospital,P198,M011540,F198,MG001A,1512.0,1800.0,2026-05-02 08:47:00
C058465,duplicate_package,Package SO057 billed again 6.9 days after C057068 for the same beneficiary at the same hospital,P039,M011946,F039,SO057,12650.0,12650.0,2026-07-13 13:34:00
C036061,duplicate_package,Package MG001A billed again 3.4 days after C035456 for the same beneficiary at the same hospital,P156,M012144,F156,MG001A,1800.0,1800.0,2026-03-29 10:15:00
C033609,duplicate_package,Package MG021A billed again 3.5 days after C032826 for the same beneficiary at the same hospital,P156,M012146,F156,MG021A,1800.0,1800.0,2026-03-16 23:04:00
C042660,duplicate_package,Package MG009A billed again 0.0 days after C042644 for the same beneficiary at the same hospital,P198,M012153,F198,MG009A,5400.0,5400.0,2026-04-30 13:26:00
C067379,duplicate_package,Package MG021A billed again 1.4 days after C067025 for the same beneficiary at the same hospital,P156,M012456,F156,MG021A,1800.0,1800.0,2026-08-22 22:34:00
C013473,duplicate_package,Package MG021A billed again 5.8 days after C012341 for the same beneficiary at the same hospital,P184,M013267,F184,MG021A,9801.0,9801.0,2025-12-07 06:29:00
C068143,duplicate_package,Package SO010 billed again 4.0 days after C067252 for the same beneficiary at the same hospital,P240,M013346,F240,SO010,22000.0,22000.0,2026-08-26 12:55:00
C058591,duplicate_package,Package MG001A billed again 6.6 days after C057269 for the same beneficiary at the same hospital,P024,M013800,F024,MG001A,1800.0,1800.0,2026-07-14 06:16:00
C068454,duplicate_package,Package MG001A billed again 2.9 days after C067814 for the same beneficiary at the same hospital,P125,M013831,F125,MG001A,1685.0,1800.0,2026-08-27 20:23:00
C035023,duplicate_package,Package SO057 billed again 2.3 days after C034552 for the same beneficiary at the same hospital,P258,M013880,F258,SO057,11500.0,11500.0,2026-03-23 18:41:00
C045142,duplicate_package,Package MG001A billed again 5.8 days after C043893 for the same beneficiary at the same hospital,P156,M014268,F156,MG001A,1800.0,1800.0,2026-05-11 03:40:00
C054602,duplicate_package,Package MG009A billed again 0.3 days after C054539 for the same beneficiary at the same hospital,P024,M014407,F024,MG009A,1800.0,1800.0,2026-06-24 21:34:00
C006767,duplicate_package,Package SB020A billed again 5.0 days after C005750 for the same beneficiary at the same hospital,P078,M014593,F078,SB020A,14000.0,14000.0,2025-11-03 19:54:00
C054703,duplicate_package,Package SO010 billed again 2.1 days after C054224 for the same beneficiary at the same hospital,P240,M015457,F240,SO010,19845.0,22000.0,2026-06-25 12:54:00
C068088,duplicate_package,Package SO010 billed again 4.1 days after C067170 for the same beneficiary at the same hospital,P240,M015457,F240,SO010,22000.0,22000.0,2026-08-26 09:49:00
C074035,duplicate_package,Package MG001A billed again 1.0 days after C073826 for the same beneficiary at the same hospital,P024,M015481,F024,MG001A,1800.0,1800.0,2026-09-22 10:03:00
C052993,duplicate_package,Package SO057 billed again 6.9 days after C051608 for the same beneficiary at the same hospital,P184,M015535,F184,SO057,13915.0,13915.0,2026-06-17 12:35:00
C060346,duplicate_package,Package MG009A billed again 1.8 days after C059995 for the same beneficiary at the same hospital,P156,M015609,F156,MG009A,1800.0,1800.0,2026-07-22 10:29:00
C054654,duplicate_package,Package SO010 billed again 2.1 days after C054180 for the same beneficiary at the same hospital,P240,M015697,F240,SO010,22000.0,22000.0,2026-06-25 09:06:00
C066774,duplicate_package,Package SO010 billed again 5.9 days after C065462 for the same beneficiary at the same hospital,P240,M015697,F240,SO010,22000.0,22000.0,2026-08-20 10:02:00
C067220,duplicate_package,Package SO010 billed again 2.0 days after C066774 for the same beneficiary at the same hospital,P240,M015697,F240,SO010,22000.0,22000.0,2026-08-22 10:53:00
C040005,duplicate_package,Package MG009A billed again 4.6 days after C039033 for the same beneficiary at the same hospital,P125,M015926,F125,MG009A,1800.0,1800.0,2026-04-17 15:10:00
C018473,duplicate_package,Package SO057 billed again 5.0 days after C017515 for the same beneficiary at the same hospital,P184,M016357,F184,SO057,13915.0,13915.0,2026-01-01 09:02:00
C043403,duplicate_package,Package MG001A billed again 2.1 days after C042696 for the same beneficiary at the same hospital,P198,M016371,F198,MG001A,5400.0,5400.0,2026-05-02 17:29:00
C071816,duplicate_package,Package SO057 billed again 6.9 days after C070354 for the same beneficiary at the same hospital,P259,M016723,F259,SO057,12650.0,12650.0,2026-09-12 09:09:00
C018832,duplicate_package,Package SO057 billed again 5.3 days after C017801 for the same beneficiary at the same hospital,P184,M016962,F184,SO057,13915.0,13915.0,2026-01-02 23:18:00
C057567,duplicate_package,Package MG009A billed again 1.9 days after C057205 for the same beneficiary at the same hospital,P156,M017018,F156,MG009A,1344.0,1800.0,2026-07-09 09:45:00
C049354,duplicate_package,Package MG016A billed again 0.4 days after C049111 for the same beneficiary at the same hospital,P198,M017814,F198,MG016A,13500.0,13500.0,2026-05-30 17:02:00
C022160,duplicate_package,Package MG001A billed again 6.9 days after C020727 for the same beneficiary at the same hospital,P125,M017855,F125,MG001A,1479.0,1800.0,2026-01-19 12:55:00
C020934,duplicate_package,Package MG009A billed again 1.0 days after C020711 for the same beneficiary at the same hospital,P125,M017857,F125,MG009A,1673.0,1800.0,2026-01-13 13:34:00
C049350,duplicate_package,Package MG009A billed again 0.1 days after C049284 for the same beneficiary at the same hospital,P198,M019051,F198,MG009A,1800.0,1800.0,2026-05-30 16:57:00
C045501,duplicate_package,Package MG001A billed again 1.4 days after C045139 for the same beneficiary at the same hospital,P024,M019216,F024,MG001A,1800.0,1800.0,2026-05-12 13:30:00
C041488,duplicate_package,Package SO010 billed again 2.2 days after C041060 for the same beneficiary at the same hospital,P184,M019526,F184,SO010,17742.0,24200.0,2026-04-24 20:48:00
C004095,duplicate_package,Package MG001A billed again 5.7 days after C003014 for the same beneficiary at the same hospital,P228,M019819,F228,MG001A,4356.0,4356.0,2025-10-21 11:15:00
C042400,duplicate_package,Package MG001A billed again 1.5 days after C042114 for the same beneficiary at the same hospital,P125,M019961,F125,MG001A,1800.0,1800.0,2026-04-29 14:44:00
C068179,duplicate_package,Package MG009A billed again 6.2 days after C066789 for the same beneficiary at the same hospital,P125,M019961,F125,MG009A,1800.0,1800.0,2026-08-26 14:56:00
C003434,duplicate_package,Package MC011A billed again 5.7 days after C002259 for the same beneficiary at the same hospital,P261,M020070,F261,MC011A,80726.0,80726.0,2025-10-17 21:56:00
C049346,duplicate_package,Package MG009A billed again 0.2 days after C049210 for the same beneficiary at the same hospital,P198,M020115,F198,MG009A,5400.0,5400.0,2026-05-30 16:49:00
C065134,duplicate_package,Package MG009A billed again 0.0 days after C065099 for the same beneficiary at the same hospital,P198,M020458,F198,MG009A,7200.0,7200.0,2026-08-13 11:21:00
C043315,duplicate_package,Package MG016A billed again 2.0 days after C042681 for the same beneficiary at the same hospital,P198,M020599,F198,MG016A,12600.0,12600.0,2026-05-02 14:54:00
C054659,duplicate_package,Package SO010 billed again 1.9 days after C054264 for the same beneficiary at the same hospital,P240,M020658,F240,SO010,22000.0,22000.0,2026-06-25 09:19:00
C066767,duplicate_package,Package SO010 billed again 6.0 days after C065426 for the same beneficiary at the same hospital,P240,M020658,F240,SO010,22000.0,22000.0,2026-08-20 09:20:00
C040931,duplicate_package,Package MG001A billed again 1.7 days after C040630 for the same beneficiary at the same hospital,P024,M020703,F024,MG001A,1800.0,1800.0,2026-04-22 07:55:00
C067422,duplicate_package,Package SO057 billed again 3.0 days after C066777 for the same beneficiary at the same hospital,P261,M021156,F261,SO057,13915.0,13915.0,2026-08-23 09:13:00
C018559,duplicate_package,Package SO057 billed again 4.3 days after C017675 for the same beneficiary at the same hospital,P122,M021175,F122,SO057,8923.0,12650.0,2026-01-01 14:41:00
C042789,duplicate_package,Package MG009A billed again 0.2 days after C042680 for the same beneficiary at the same hospital,P198,M021327,F198,MG009A,1800.0,1800.0,2026-04-30 17:53:00
C033215,duplicate_package,Package MG001A billed again 5.8 days after C032005 for the same beneficiary at the same hospital,P024,M021849,F024,MG001A,1800.0,1800.0,2026-03-15 06:42:00
C043085,duplicate_package,Package MG016A billed again 1.6 days after C042757 for the same beneficiary at the same hospital,P198,M021858,F198,MG016A,9000.0,9000.0,2026-05-02 08:19:00
C024274,duplicate_package,Package MG001A billed again 6.9 days after C022905 for the same beneficiary at the same hospital,P125,M022539,F125,MG001A,1800.0,1800.0,2026-01-30 08:22:00
C060908,duplicate_package,Package SO057 billed again 6.3 days after C059543 for the same beneficiary at the same hospital,P184,M022834,F184,SO057,13915.0,13915.0,2026-07-24 22:23:00
C043829,duplicate_package,Package MG001A billed again 1.1 days after C043612 for the same beneficiary at the same hospital,P024,M022940,F024,MG001A,1800.0,1800.0,2026-05-04 21:00:00
C046553,duplicate_package,Package MG001A billed again 1.0 days after C046370 for the same beneficiary at the same hospital,P125,M023228,F125,MG001A,1800.0,1800.0,2026-05-17 17:08:00
C073617,duplicate_package,Package MG001A billed again 6.0 days after C072303 for the same beneficiary at the same hospital,P024,M023564,F024,MG001A,1800.0,1800.0,2026-09-20 08:23:00
C065295,duplicate_package,Package MG009A billed again 0.3 days after C065085 for the same beneficiary at the same hospital,P198,M023833,F198,MG009A,9000.0,9000.0,2026-08-13 16:36:00
C065323,duplicate_package,Package MG009A billed again 0.1 days after C065295 for the same beneficiary at the same hospital,P198,M023833,F198,MG009A,3600.0,3600.0,2026-08-13 17:58:00
C058067,duplicate_package,Package MG009A billed again 4.1 days after C057236 for the same beneficiary at the same hospital,P125,M023950,F125,MG009A,1800.0,1800.0,2026-07-11 15:26:00
C058996,duplicate_package,Package MG009A billed again 4.3 days after C058067 for the same beneficiary at the same hospital,P125,M023950,F125,MG009A,1568.0,1800.0,2026-07-15 23:28:00
C043385,duplicate_package,Package MG001A billed again 0.1 days after C043275 for the same beneficiary at the same hospital,P198,M024070,F198,MG001A,5400.0,5400.0,2026-05-02 17:00:00
C014791,duplicate_package,Package MG021A billed again 5.8 days after C013625 for the same beneficiary at the same hospital,P184,M024251,F184,MG021A,6534.0,6534.0,2025-12-13 13:49:00
C041330,duplicate_package,Package SO010 billed again 6.9 days after C039944 for the same beneficiary at the same hospital,P166,M024560,F166,SO010,20000.0,20000.0,2026-04-24 09:02:00
C022367,duplicate_package,Package MG001A billed again 5.1 days after C021296 for the same beneficiary at the same hospital,P184,M024754,F184,MG001A,4356.0,4356.0,2026-01-20 13:40:00
C024938,duplicate_package,Package SE027B billed again 4.5 days after C024015 for the same beneficiary at the same hospital,P170,M024870,F170,SE027B,11000.0,11000.0,2026-02-02 13:01:00
C072475,duplicate_package,Package MG001A billed again 3.5 days after C071652 for the same beneficiary at the same hospital,P011,M024941,F011,MG001A,14850.0,14850.0,2026-09-15 00:36:00
C055368,duplicate_package,Package SO057 billed again 6.9 days after C053894 for the same beneficiary at the same hospital,P184,M024961,F184,SO057,11667.0,13915.0,2026-06-28 15:19:00
C073950,duplicate_package,Package MG001A billed again 6.1 days after C072626 for the same beneficiary at the same hospital,P125,M025305,F125,MG001A,1800.0,1800.0,2026-09-21 18:22:00
C003544,duplicate_package,Package SO057 billed again 4.6 days after C002635 for the same beneficiary at the same hospital,P184,M025716,F184,SO057,13915.0,13915.0,2025-10-18 14:16:00
C064168,duplicate_package,Package SG051B billed again 4.4 days after C063212 for the same beneficiary at the same hospital,P251,M025996,F251,SG051B,21054.0,21054.0,2026-08-09 06:25:00
C017853,claim_after_death,"Admitted 29 Dec 2025 01:33, 25 days after the beneficiary's recorded death on 04 Dec 2025",P052,M011275,F052,SG050A,14200.0,14200.0,2025-12-29 01:33:00
C019271,claim_after_death,"Admitted 05 Jan 2026 09:27, 18 days after the beneficiary's recorded death on 18 Dec 2025",P052,M007061,F052,SO057,11500.0,11500.0,2026-01-05 09:27:00
C019534,claim_after_death,"Admitted 06 Jan 2026 13:50, 36 days after the beneficiary's recorded death on 01 Dec 2025",P019,M011879,F019,MG004A,11127.0,12600.0,2026-01-06 13:50:00
C019987,claim_after_death,"Admitted 08 Jan 2026 19:53, 17 days after the beneficiary's recorded death on 22 Dec 2025",P019,M006763,F019,MG009A,8100.0,8100.0,2026-01-08 19:53:00
C020032,claim_after_death,"Admitted 09 Jan 2026 06:00, 31 days after the beneficiary's recorded death on 09 Dec 2025",P052,M002547,F052,MG003A,1800.0,1800.0,2026-01-09 06:00:00
C020195,claim_after_death,"Admitted 09 Jan 2026 21:30, 39 days after the beneficiary's recorded death on 01 Dec 2025",P019,M000887,F019,SO057,11500.0,11500.0,2026-01-09 21:30:00
C022034,claim_after_death,"Admitted 18 Jan 2026 18:22, 16 days after the beneficiary's recorded death on 02 Jan 2026",P052,M019298,F052,MG009A,7200.0,7200.0,2026-01-18 18:22:00
C024442,claim_after_death,"Admitted 30 Jan 2026 20:41, 15 days after the beneficiary's recorded death on 15 Jan 2026",P019,M003019,F019,ER003A,1700.0,1700.0,2026-01-30 20:41:00
C024744,claim_after_death,"Admitted 01 Feb 2026 11:59, 54 days after the beneficiary's recorded death on 09 Dec 2025",P052,M002547,F052,MG006A,7200.0,7200.0,2026-02-01 11:59:00
C025955,claim_after_death,"Admitted 07 Feb 2026 14:56, 41 days after the beneficiary's recorded death on 28 Dec 2025",P019,M017658,F019,MG021A,9000.0,9000.0,2026-02-07 14:56:00
C026059,claim_after_death,"Admitted 08 Feb 2026 05:09, 69 days after the beneficiary's recorded death on 01 Dec 2025",P019,M000887,F019,MG017A,7200.0,7200.0,2026-02-08 05:09:00
C026845,claim_after_death,"Admitted 11 Feb 2026 20:10, 69 days after the beneficiary's recorded death on 04 Dec 2025",P052,M011275,F052,MG004A,5400.0,5400.0,2026-02-11 20:10:00
C028233,claim_after_death,"Admitted 18 Feb 2026 22:49, 47 days after the beneficiary's recorded death on 02 Jan 2026",P052,M019298,F052,SG017A,11000.0,11000.0,2026-02-18 22:49:00
C030089,claim_after_death,"Admitted 28 Feb 2026 10:23, 12 days after the beneficiary's recorded death on 16 Feb 2026",P019,M005798,F019,SG032A,15000.0,15000.0,2026-02-28 10:23:00
C030619,claim_after_death,"Admitted 02 Mar 2026 14:14, 70 days after the beneficiary's recorded death on 22 Dec 2025",P019,M006763,F019,MG009A,3600.0,3600.0,2026-03-02 14:14:00
C030647,claim_after_death,"Admitted 02 Mar 2026 15:26, 60 days after the beneficiary's recorded death on 01 Jan 2026",P052,M005525,F052,MC001B,5000.0,5000.0,2026-03-02 15:26:00
C031348,claim_after_death,"Admitted 06 Mar 2026 08:35, 26 days after the beneficiary's recorded death on 08 Feb 2026",P052,M025841,F052,MG021A,3600.0,3600.0,2026-03-06 08:35:00
C031896,claim_after_death,"Admitted 08 Mar 2026 17:53, 52 days after the beneficiary's recorded death on 15 Jan 2026",P019,M003019,F019,SG050A,14200.0,14200.0,2026-03-08 17:53:00
C034457,claim_after_death,"Admitted 20 Mar 2026 22:14, 40 days after the beneficiary's recorded death on 08 Feb 2026",P052,M025841,F052,MG004A,7200.0,7200.0,2026-03-20 22:14:00
C035026,claim_after_death,"Admitted 23 Mar 2026 19:01, 81 days after the beneficiary's recorded death on 01 Jan 2026",P052,M005525,F052,MG009A,3600.0,3600.0,2026-03-23 19:01:00
C035626,claim_after_death,"Admitted 26 Mar 2026 21:28, 32 days after the beneficiary's recorded death on 22 Feb 2026",P052,M025093,F052,MG004A,10800.0,10800.0,2026-03-26 21:28:00
C040893,claim_after_death,"Admitted 21 Apr 2026 21:23, 39 days after the beneficiary's recorded death on 13 Mar 2026",P052,M009247,F052,MG049C,10800.0,10800.0,2026-04-21 21:23:00
C047450,claim_after_death,"Admitted 22 May 2026 04:40, 89 days after the beneficiary's recorded death on 22 Feb 2026",P052,M025093,F052,MG006A,9000.0,9000.0,2026-05-22 04:40:00
C047727,claim_after_death,"Admitted 23 May 2026 12:39, 9 days after the beneficiary's recorded death on 14 May 2026",P019,M024754,F019,SO057,11500.0,11500.0,2026-05-23 12:39:00
C048281,claim_after_death,"Admitted 26 May 2026 04:43, 28 days after the beneficiary's recorded death on 28 Apr 2026",P019,M016355,F019,SO010,20000.0,20000.0,2026-05-26 04:43:00
C053544,claim_after_death,"Admitted 20 Jun 2026 08:48, 49 days after the beneficiary's recorded death on 02 May 2026",P019,M011878,F019,ER003A,1700.0,1700.0,2026-06-20 08:48:00
C055006,claim_after_death,"Admitted 26 Jun 2026 21:02, 12 days after the beneficiary's recorded death on 14 Jun 2026",P019,M023551,F019,SO057,11500.0,11500.0,2026-06-26 21:02:00
C057258,claim_after_death,"Admitted 07 Jul 2026 15:38, 54 days after the beneficiary's recorded death on 14 May 2026",P019,M024754,F019,MG004A,7200.0,7200.0,2026-07-07 15:38:00
C058059,claim_after_death,"Admitted 11 Jul 2026 14:52, 63 days after the beneficiary's recorded death on 09 May 2026",P052,M011602,F052,SO010,20000.0,20000.0,2026-07-11 14:52:00
C058687,claim_after_death,"Admitted 14 Jul 2026 13:41, 56 days after the beneficiary's recorded death on 19 May 2026",P019,M022832,F019,MG009A,3600.0,3600.0,2026-07-14 13:41:00
C059800,claim_after_death,"Admitted 19 Jul 2026 17:26, 82 days after the beneficiary's recorded death on 28 Apr 2026",P019,M016355,F019,MG009A,5400.0,5400.0,2026-07-19 17:26:00
C061020,claim_after_death,"Admitted 25 Jul 2026 14:10, 32 days after the beneficiary's recorded death on 23 Jun 2026",P052,M002524,F052,SG050A,14200.0,14200.0,2026-07-25 14:10:00
C061065,claim_after_death,"Admitted 25 Jul 2026 16:54, 77 days after the beneficiary's recorded death on 09 May 2026",P052,M011602,F052,MG072D,2000.0,2000.0,2026-07-25 16:54:00
C063236,claim_after_death,"Admitted 05 Aug 2026 01:40, 31 days after the beneficiary's recorded death on 05 Jul 2026",P019,M024961,F019,SG039C,22800.0,22800.0,2026-08-05 01:40:00
C064569,claim_after_death,"Admitted 11 Aug 2026 00:50, 84 days after the beneficiary's recorded death on 19 May 2026",P019,M022832,F019,MG006A,5400.0,5400.0,2026-08-11 00:50:00
C068653,claim_after_death,"Admitted 28 Aug 2026 18:57, 75 days after the beneficiary's recorded death on 14 Jun 2026",P019,M023551,F019,MG003A,13500.0,13500.0,2026-08-28 18:57:00
C069214,claim_after_death,"Admitted 31 Aug 2026 12:31, 80 days after the beneficiary's recorded death on 12 Jun 2026",P052,M001313,F052,SO010,18724.0,20000.0,2026-08-31 12:31:00
C069779,claim_after_death,"Admitted 02 Sep 2026 22:27, 85 days after the beneficiary's recorded death on 09 Jun 2026",P052,M016639,F052,SG039C,22800.0,22800.0,2026-09-02 22:27:00
C070279,claim_after_death,"Admitted 05 Sep 2026 01:40, 62 days after the beneficiary's recorded death on 05 Jul 2026",P052,M024961,F052,SL016,7500.0,7500.0,2026-09-05 01:40:00
C070719,claim_after_death,"Admitted 06 Sep 2026 22:59, 22 days after the beneficiary's recorded death on 15 Aug 2026",P052,M006142,F052,SO057,9145.0,11500.0,2026-09-06 22:59:00
C071622,claim_after_death,"Admitted 11 Sep 2026 09:35, 80 days after the beneficiary's recorded death on 23 Jun 2026",P052,M002524,F052,SB014A,12700.0,12700.0,2026-09-11 09:35:00
C073336,claim_after_death,"Admitted 18 Sep 2026 20:59, 46 days after the beneficiary's recorded death on 03 Aug 2026",P019,M015458,F019,MG017A,18000.0,18000.0,2026-09-18 20:59:00
C001897,package_mismatch,Package SO057 (caesarean delivery) billed for a male beneficiary,P066,M011763,F066,SO057,14547.0,14547.0,2025-10-10 10:29:00
C004416,package_mismatch,Package SO057 (caesarean delivery) billed for a male beneficiary,P184,M017011,F184,SO057,13915.0,13915.0,2025-10-22 19:36:00
C008219,package_mismatch,Package SO057 (caesarean delivery) billed for a male beneficiary,P184,M012772,F184,SO057,10829.0,13915.0,2025-11-11 09:03:00
C013901,package_mismatch,Package SO057 (caesarean delivery) billed for a male beneficiary,P259,M007043,F259,SO057,12650.0,12650.0,2025-12-09 08:18:00
C016144,package_mismatch,Package SO057 (caesarean delivery) billed for a male beneficiary,P254,M022571,F254,SO057,11500.0,11500.0,2025-12-19 23:43:00
C016500,package_mismatch,Package SO057 (caesarean delivery) billed for a male beneficiary,P261,M001416,F261,SO057,13915.0,13915.0,2025-12-21 19:50:00
C017678,package_mismatch,Package SO057 (caesarean delivery) billed for a male beneficiary,P184,M008978,F184,SO057,13915.0,13915.0,2025-12-28 08:21:00
C019282,package_mismatch,Package SO057 (caesarean delivery) billed for a male beneficiary,P261,M016966,F261,SO057,13915.0,13915.0,2026-01-05 10:23:00
C020195,package_mismatch,Package SO057 (caesarean delivery) billed for a male beneficiary,P019,M000887,F019,SO057,11500.0,11500.0,2026-01-09 21:30:00
C022417,package_mismatch,Package SO057 (caesarean delivery) billed for a male beneficiary,P039,M015862,F039,SO057,10555.0,12650.0,2026-01-20 17:33:00
C024371,package_mismatch,Package SO057 (caesarean delivery) billed for a male beneficiary,P066,M015313,F066,SO057,14547.0,14547.0,2026-01-30 14:13:00
C024541,package_mismatch,Package SO010 (hysterectomy) billed for a male beneficiary,P036,M021737,F036,SO010,22000.0,22000.0,2026-01-31 11:45:00
C027556,package_mismatch,Package SO057 (caesarean delivery) billed for a male beneficiary,P131,M018700,F131,SO057,13915.0,13915.0,2026-02-15 13:24:00
C029704,package_mismatch,Package SO010 (hysterectomy) billed for a male beneficiary,P248,M013551,F248,SO010,20000.0,20000.0,2026-02-26 11:13:00
C030228,package_mismatch,Package SO010 (hysterectomy) billed for a male beneficiary,P203,M002591,F203,SO010,22000.0,22000.0,2026-03-01 04:10:00
C030624,package_mismatch,Package SO057 (caesarean delivery) billed for a male beneficiary,P152,M004895,F152,SO057,11500.0,11500.0,2026-03-02 14:27:00
C030732,package_mismatch,Package SO057 (caesarean delivery) billed for a male beneficiary,P184,M012789,F184,SO057,13915.0,13915.0,2026-03-03 03:48:00
C031123,package_mismatch,Package SO057 (caesarean delivery) billed for a male beneficiary,P148,M001135,F148,SO057,11500.0,11500.0,2026-03-04 22:56:00
C031821,package_mismatch,Package SO010 (hysterectomy) billed for a male beneficiary,P259,M003041,F259,SO010,22000.0,22000.0,2026-03-08 12:57:00
C031922,package_mismatch,Package SO010 (hysterectomy) billed for a male beneficiary,P059,M003864,F059,SO010,22000.0,22000.0,2026-03-08 21:32:00
C033683,package_mismatch,Package SO010 (hysterectomy) billed for a male beneficiary,P142,M020937,F142,SO010,20000.0,20000.0,2026-03-17 11:13:00
C035096,package_mismatch,Package SO057 (caesarean delivery) billed for a male beneficiary,P022,M003861,F022,SO057,11500.0,11500.0,2026-03-24 09:18:00
C035239,package_mismatch,Package SO057 (caesarean delivery) billed for a male beneficiary,P152,M003885,F152,SO057,9356.0,11500.0,2026-03-24 21:31:00
C035607,package_mismatch,Package SO057 (caesarean delivery) billed for a male beneficiary,P152,M009159,F152,SO057,11500.0,11500.0,2026-03-26 18:49:00
C036004,package_mismatch,Package SO057 (caesarean delivery) billed for a male beneficiary,P152,M003861,F152,SO057,11500.0,11500.0,2026-03-28 23:33:00
C037078,package_mismatch,Package SO057 (caesarean delivery) billed for a male beneficiary,P251,M006905,F251,SO057,13915.0,13915.0,2026-04-03 12:36:00
C037099,package_mismatch,Package SO010 (hysterectomy) billed for a male beneficiary,P152,M010607,F152,SO010,20000.0,20000.0,2026-04-03 13:37:00
C037609,package_mismatch,Package SO057 (caesarean delivery) billed for a male beneficiary,P203,M000919,F203,SO057,12650.0,12650.0,2026-04-05 23:18:00
C038294,package_mismatch,Package SO057 (caesarean delivery) billed for a male beneficiary,P152,M013825,F152,SO057,11500.0,11500.0,2026-04-09 13:16:00
C038711,package_mismatch,Package SO010 (hysterectomy) billed for a male beneficiary,P203,M001136,F203,SO010,22000.0,22000.0,2026-04-11 12:17:00
C038853,package_mismatch,Package SO057 (caesarean delivery) billed for a male beneficiary,P152,M009158,F152,SO057,11500.0,11500.0,2026-04-12 06:46:00
C039130,package_mismatch,Package SO057 (caesarean delivery) billed for a male beneficiary,P148,M004373,F148,SO057,11500.0,11500.0,2026-04-13 13:01:00
C039670,package_mismatch,Package SO057 (caesarean delivery) billed for a male beneficiary,P106,M023827,F106,SO057,11500.0,11500.0,2026-04-16 09:32:00
C039924,package_mismatch,Package SO057 (caesarean delivery) billed for a male beneficiary,P203,M003862,F203,SO057,9928.0,12650.0,2026-04-17 11:00:00
C040519,package_mismatch,Package SO057 (caesarean delivery) billed for a male beneficiary,P152,M001135,F152,SO057,11500.0,11500.0,2026-04-20 02:25:00
C040595,package_mismatch,Package SO057 (caesarean delivery) billed for a male beneficiary,P059,M002591,F059,SO057,12650.0,12650.0,2026-04-20 12:04:00
C040759,package_mismatch,Package SO057 (caesarean delivery) billed for a male beneficiary,P148,M003862,F148,SO057,9797.0,11500.0,2026-04-21 09:43:00
C041194,package_mismatch,Package SO057 (caesarean delivery) billed for a male beneficiary,P059,M010608,F059,SO057,12650.0,12650.0,2026-04-23 12:00:00
C041681,package_mismatch,Package SO057 (caesarean delivery) billed for a male beneficiary,P203,M010608,F203,SO057,12650.0,12650.0,2026-04-25 18:13:00
C041742,package_mismatch,Package SO010 (hysterectomy) billed for a male beneficiary,P022,M003638,F022,SO010,20000.0,20000.0,2026-04-26 09:42:00
C042040,package_mismatch,Package SO057 (caesarean delivery) billed for a male beneficiary,P059,M009581,F059,SO057,12650.0,12650.0,2026-04-27 16:50:00
C042386,package_mismatch,Package SO057 (caesarean delivery) billed for a male beneficiary,P148,M013826,F148,SO057,11500.0,11500.0,2026-04-29 14:02:00
C042954,package_mismatch,Package SO057 (caesarean delivery) billed for a male beneficiary,P059,M013750,F059,SO057,12650.0,12650.0,2026-05-01 14:38:00
C043042,package_mismatch,Package SO057 (caesarean delivery) billed for a male beneficiary,P148,M004371,F148,SO057,11500.0,11500.0,2026-05-01 22:34:00
C043057,package_mismatch,Package SO057 (caesarean delivery) billed for a male beneficiary,P059,M002324,F059,SO057,12650.0,12650.0,2026-05-02 03:35:00
C043387,package_mismatch,Package SO057 (caesarean delivery) billed for a male beneficiary,P059,M009133,F059,SO057,12650.0,12650.0,2026-05-02 17:04:00
C043593,package_mismatch,Package SO057 (caesarean delivery) billed for a male beneficiary,P152,M003864,F152,SO057,11500.0,11500.0,2026-05-03 16:35:00
C043874,package_mismatch,Package SO010 (hysterectomy) billed for a male beneficiary,P268,M002503,F268,SO010,22000.0,22000.0,2026-05-05 06:48:00
C044950,package_mismatch,Package SO057 (caesarean delivery) billed for a male beneficiary,P148,M004756,F148,SO057,11500.0,11500.0,2026-05-10 08:09:00
C045431,package_mismatch,Package SO010 (hysterectomy) billed for a male beneficiary,P148,M009134,F148,SO010,20000.0,20000.0,2026-05-12 08:15:00
C045712,package_mismatch,Package SO057 (caesarean delivery) billed for a male beneficiary,P059,M009159,F059,SO057,12650.0,12650.0,2026-05-13 15:08:00
C045896,package_mismatch,Package SO057 (caesarean delivery) billed for a male beneficiary,P203,M003861,F203,SO057,12650.0,12650.0,2026-05-14 13:52:00
C045982,package_mismatch,Package SO057 (caesarean delivery) billed for a male beneficiary,P022,M008054,F022,SO057,10532.0,11500.0,2026-05-14 22:20:00
C046278,package_mismatch,Package SO057 (caesarean delivery) billed for a male beneficiary,P152,M000920,F152,SO057,11500.0,11500.0,2026-05-16 10:48:00
C046500,package_mismatch,Package SO057 (caesarean delivery) billed for a male beneficiary,P203,M004894,F203,SO057,12650.0,12650.0,2026-05-17 13:20:00
C047771,package_mismatch,Package SO057 (caesarean delivery) billed for a male beneficiary,P059,M008054,F059,SO057,12650.0,12650.0,2026-05-23 15:07:00
C048269,package_mismatch,Package SO057 (caesarean delivery) billed for a male beneficiary,P148,M002321,F148,SO057,11500.0,11500.0,2026-05-26 01:48:00
C048337,package_mismatch,Package SO057 (caesarean delivery) billed for a male beneficiary,P152,M013825,F152,SO057,11500.0,11500.0,2026-05-26 10:58:00
C048477,package_mismatch,Package SO010 (hysterectomy) billed for a male beneficiary,P022,M004895,F022,SO010,14639.0,20000.0,2026-05-27 00:09:00
C048502,package_mismatch,Package SO057 (caesarean delivery) billed for a male beneficiary,P280,M019486,F280,SO057,14547.0,14547.0,2026-05-27 06:08:00
C049051,package_mismatch,Package SO057 (caesarean delivery) billed for a male beneficiary,P203,M013825,F203,SO057,12650.0,12650.0,2026-05-29 21:17:00
C049060,package_mismatch,Package SO057 (caesarean delivery) billed for a male beneficiary,P203,M002323,F203,SO057,12650.0,12650.0,2026-05-29 22:49:00
C049769,package_mismatch,Package SO057 (caesarean delivery) billed for a male beneficiary,P214,M001414,F214,SO057,11500.0,11500.0,2026-06-01 20:49:00
C050793,package_mismatch,Package SO010 (hysterectomy) billed for a male beneficiary,P053,M010625,F053,SO010,24200.0,24200.0,2026-06-06 18:09:00
C050814,package_mismatch,Package SO057 (caesarean delivery) billed for a male beneficiary,P059,M003863,F059,SO057,12650.0,12650.0,2026-06-06 22:24:00
C050867,package_mismatch,Package SO057 (caesarean delivery) billed for a male beneficiary,P039,M013344,F039,SO057,12650.0,12650.0,2026-06-07 08:33:00
C051018,package_mismatch,Package SO057 (caesarean delivery) billed for a male beneficiary,P152,M003638,F152,SO057,11500.0,11500.0,2026-06-07 17:56:00
C051054,package_mismatch,Package SO057 (caesarean delivery) billed for a male beneficiary,P134,M019262,F134,SO057,12650.0,12650.0,2026-06-08 00:46:00
C051103,package_mismatch,Package SO010 (hysterectomy) billed for a male beneficiary,P148,M013827,F148,SO010,18882.0,20000.0,2026-06-08 10:17:00
C051252,package_mismatch,Package SO057 (caesarean delivery) billed for a male beneficiary,P152,M009581,F152,SO057,11500.0,11500.0,2026-06-08 21:11:00
C051322,package_mismatch,Package SO010 (hysterectomy) billed for a male beneficiary,P186,M018786,F186,SO010,20000.0,20000.0,2026-06-09 10:06:00
C051326,package_mismatch,Package SO010 (hysterectomy) billed for a male beneficiary,P152,M003863,F152,SO010,20000.0,20000.0,2026-06-09 10:17:00
C051379,package_mismatch,Package SO057 (caesarean delivery) billed for a male beneficiary,P059,M004893,F059,SO057,12650.0,12650.0,2026-06-09 14:19:00
C051530,package_mismatch,Package SO057 (caesarean delivery) billed for a male beneficiary,P059,M003639,F059,SO057,12650.0,12650.0,2026-06-10 10:27:00
C052794,package_mismatch,Package SO010 (hysterectomy) billed for a male beneficiary,P152,M013750,F152,SO010,20000.0,20000.0,2026-06-16 12:24:00
C052798,package_mismatch,Package SO057 (caesarean delivery) billed for a male beneficiary,P022,M001135,F022,SO057,11500.0,11500.0,2026-06-16 12:55:00
C052884,package_mismatch,Package SO057 (caesarean delivery) billed for a male beneficiary,P148,M013827,F148,SO057,11500.0,11500.0,2026-06-16 22:12:00
C053362,package_mismatch,Package SO057 (caesarean delivery) billed for a male beneficiary,P059,M009156,F059,SO057,10478.0,12650.0,2026-06-19 10:27:00
C053388,package_mismatch,Package SO057 (caesarean delivery) billed for a male beneficiary,P203,M004756,F203,SO057,12650.0,12650.0,2026-06-19 11:56:00
C053545,package_mismatch,Package SO057 (caesarean delivery) billed for a male beneficiary,P059,M009133,F059,SO057,12650.0,12650.0,2026-06-20 08:51:00
C053608,package_mismatch,Package SO010 (hysterectomy) billed for a male beneficiary,P152,M003864,F152,SO010,20000.0,20000.0,2026-06-20 12:35:00
C053630,package_mismatch,Package SO057 (caesarean delivery) billed for a male beneficiary,P184,M021013,F184,SO057,13915.0,13915.0,2026-06-20 13:52:00
C053794,package_mismatch,Package SO057 (caesarean delivery) billed for a male beneficiary,P059,M013826,F059,SO057,12650.0,12650.0,2026-06-21 10:22:00
C053895,package_mismatch,Package SO057 (caesarean delivery) billed for a male beneficiary,P203,M003639,F203,SO057,12650.0,12650.0,2026-06-21 16:51:00
C054604,package_mismatch,Package SO057 (caesarean delivery) billed for a male beneficiary,P152,M003862,F152,SO057,11500.0,11500.0,2026-06-24 22:11:00
C054876,package_mismatch,Package SO010 (hysterectomy) billed for a male beneficiary,P152,M003862,F152,SO010,20000.0,20000.0,2026-06-26 10:13:00
C054884,package_mismatch,Package SO057 (caesarean delivery) billed for a male beneficiary,P152,M001135,F152,SO057,11500.0,11500.0,2026-06-26 10:46:00
C055006,package_mismatch,Package SO057 (caesarean delivery) billed for a male beneficiary,P019,M023551,F019,SO057,11500.0,11500.0,2026-06-26 21:02:00
C055592,package_mismatch,Package SO057 (caesarean delivery) billed for a male beneficiary,P203,M003639,F203,SO057,10948.0,12650.0,2026-06-29 16:55:00
C055633,package_mismatch,Package SO057 (caesarean delivery) billed for a male beneficiary,P203,M000920,F203,SO057,12650.0,12650.0,2026-06-29 21:47:00
C055956,package_mismatch,Package SO057 (caesarean delivery) billed for a male beneficiary,P059,M009581,F059,SO057,10966.0,12650.0,2026-07-01 15:12:00
C056035,package_mismatch,Package SO057 (caesarean delivery) billed for a male beneficiary,P152,M002323,F152,SO057,11500.0,11500.0,2026-07-01 23:40:00
C056083,package_mismatch,Package SO057 (caesarean delivery) billed for a male beneficiary,P022,M000919,F022,SO057,10328.0,11500.0,2026-07-02 09:14:00
C056161,package_mismatch,Package SO057 (caesarean delivery) billed for a male beneficiary,P203,M004371,F203,SO057,12650.0,12650.0,2026-07-02 14:26:00
C056317,package_mismatch,Package SO057 (caesarean delivery) billed for a male beneficiary,P152,M009581,F152,SO057,11500.0,11500.0,2026-07-03 09:31:00
C056456,package_mismatch,Package SO010 (hysterectomy) billed for a male beneficiary,P022,M004371,F022,SO010,20000.0,20000.0,2026-07-03 19:51:00
C056574,package_mismatch,Package SO057 (caesarean delivery) billed for a male beneficiary,P259,M002026,F259,SO057,9079.0,12650.0,2026-07-04 12:19:00
C056684,package_mismatch,Package SO010 (hysterectomy) billed for a male beneficiary,P059,M003639,F059,SO010,22000.0,22000.0,2026-07-04 19:12:00
C057660,package_mismatch,Package SO057 (caesarean delivery) billed for a male beneficiary,P203,M003860,F203,SO057,12650.0,12650.0,2026-07-09 15:57:00
C058108,package_mismatch,Package SO057 (caesarean delivery) billed for a male beneficiary,P059,M003860,F059,SO057,9479.0,12650.0,2026-07-11 18:01:00
C058464,package_mismatch,Package SO057 (caesarean delivery) billed for a male beneficiary,P203,M010608,F203,SO057,12650.0,12650.0,2026-07-13 13:32:00
C058569,package_mismatch,Package SO057 (caesarean delivery) billed for a male beneficiary,P152,M010605,F152,SO057,11500.0,11500.0,2026-07-14 01:18:00
C058600,package_mismatch,Package SO057 (caesarean delivery) billed for a male beneficiary,P059,M002321,F059,SO057,12650.0,12650.0,2026-07-14 08:25:00
C059223,package_mismatch,Package SO057 (caesarean delivery) billed for a male beneficiary,P203,M010605,F203,SO057,12650.0,12650.0,2026-07-17 03:19:00
C059414,package_mismatch,Package SO057 (caesarean delivery) billed for a male beneficiary,P203,M013749,F203,SO057,12650.0,12650.0,2026-07-18 03:13:00
C059833,package_mismatch,Package SO057 (caesarean delivery) billed for a male beneficiary,P152,M003863,F152,SO057,11500.0,11500.0,2026-07-19 21:02:00
C060026,package_mismatch,Package SO010 (hysterectomy) billed for a male beneficiary,P152,M004893,F152,SO010,20000.0,20000.0,2026-07-20 17:23:00
C060058,package_mismatch,Package SO057 (caesarean delivery) billed for a male beneficiary,P148,M010608,F148,SO057,11500.0,11500.0,2026-07-20 21:50:00
C060526,package_mismatch,Package SO010 (hysterectomy) billed for a male beneficiary,P148,M003639,F148,SO010,20000.0,20000.0,2026-07-23 09:29:00
C060782,package_mismatch,Package SO057 (caesarean delivery) billed for a male beneficiary,P152,M004895,F152,SO057,11500.0,11500.0,2026-07-24 11:10:00
C061089,package_mismatch,Package SO057 (caesarean delivery) billed for a male beneficiary,P059,M010607,F059,SO057,9833.0,12650.0,2026-07-25 18:59:00
C061251,package_mismatch,Package SO057 (caesarean delivery) billed for a male beneficiary,P152,M003864,F152,SO057,11500.0,11500.0,2026-07-26 14:23:00
C061955,package_mismatch,Package SO057 (caesarean delivery) billed for a male beneficiary,P059,M013825,F059,SO057,12650.0,12650.0,2026-07-30 02:28:00
C062126,package_mismatch,Package SO057 (caesarean delivery) billed for a male beneficiary,P280,M008047,F280,SO057,14547.0,14547.0,2026-07-30 20:50:00
C062379,package_mismatch,Package SO057 (caesarean delivery) billed for a male beneficiary,P203,M003637,F203,SO057,12650.0,12650.0,2026-08-01 08:59:00
C062543,package_mismatch,Package SO057 (caesarean delivery) billed for a male beneficiary,P203,M004895,F203,SO057,12650.0,12650.0,2026-08-01 22:02:00
C062557,package_mismatch,Package SO057 (caesarean delivery) billed for a male beneficiary,P022,M003638,F022,SO057,11500.0,11500.0,2026-08-02 00:29:00
C062607,package_mismatch,Package SO057 (caesarean delivery) billed for a male beneficiary,P203,M003861,F203,SO057,12650.0,12650.0,2026-08-02 09:17:00
C063013,package_mismatch,Package SO057 (caesarean delivery) billed for a male beneficiary,P259,M001320,F259,SO057,12650.0,12650.0,2026-08-04 04:23:00
C063287,package_mismatch,Package SO057 (caesarean delivery) billed for a male beneficiary,P203,M003860,F203,SO057,12650.0,12650.0,2026-08-05 09:52:00
C063433,package_mismatch,Package SO057 (caesarean delivery) billed for a male beneficiary,P152,M009133,F152,SO057,10107.0,11500.0,2026-08-05 21:51:00
C063556,package_mismatch,Package SO010 (hysterectomy) billed for a male beneficiary,P203,M009156,F203,SO010,22000.0,22000.0,2026-08-06 12:28:00
C063618,package_mismatch,Package SO057 (caesarean delivery) billed for a male beneficiary,P022,M002591,F022,SO057,11500.0,11500.0,2026-08-06 16:03:00
C064070,package_mismatch,Package SO010 (hysterectomy) billed for a male beneficiary,P073,M022899,F073,SO010,20000.0,20000.0,2026-08-08 15:36:00
C064228,package_mismatch,Package SO057 (caesarean delivery) billed for a male beneficiary,P203,M000920,F203,SO057,12650.0,12650.0,2026-08-09 12:10:00
C064365,package_mismatch,Package SO057 (caesarean delivery) billed for a male beneficiary,P259,M010527,F259,SO057,12650.0,12650.0,2026-08-10 06:51:00
C064956,package_mismatch,Package SO057 (caesarean delivery) billed for a male beneficiary,P228,M006871,F228,SO057,13915.0,13915.0,2026-08-12 18:12:00
C065569,package_mismatch,Package SO057 (caesarean delivery) billed for a male beneficiary,P152,M009134,F152,SO057,9968.0,11500.0,2026-08-14 19:57:00
C065908,package_mismatch,Package SO057 (caesarean delivery) billed for a male beneficiary,P152,M002323,F152,SO057,11500.0,11500.0,2026-08-16 13:11:00
C066227,package_mismatch,Package SO057 (caesarean delivery) billed for a male beneficiary,P059,M009156,F059,SO057,12650.0,12650.0,2026-08-17 18:40:00
C066670,package_mismatch,Package SO057 (caesarean delivery) billed for a male beneficiary,P148,M010608,F148,SO057,11500.0,11500.0,2026-08-19 17:35:00
C067047,package_mismatch,Package SO057 (caesarean delivery) billed for a male beneficiary,P152,M009158,F152,SO057,11500.0,11500.0,2026-08-21 14:50:00
C067171,package_mismatch,Package SO057 (caesarean delivery) billed for a male beneficiary,P152,M010605,F152,SO057,11500.0,11500.0,2026-08-22 07:27:00
C067505,package_mismatch,Package SO057 (caesarean delivery) billed for a male beneficiary,P022,M009156,F022,SO057,11500.0,11500.0,2026-08-23 15:18:00
C068200,package_mismatch,Package SO057 (caesarean delivery) billed for a male beneficiary,P059,M004372,F059,SO057,12650.0,12650.0,2026-08-26 16:01:00
C068607,package_mismatch,Package SO057 (caesarean delivery) billed for a male beneficiary,P148,M003637,F148,SO057,11500.0,11500.0,2026-08-28 14:55:00
C068666,package_mismatch,Package SO057 (caesarean delivery) billed for a male beneficiary,P059,M010605,F059,SO057,12650.0,12650.0,2026-08-28 20:08:00
C069214,package_mismatch,Package SO010 (hysterectomy) billed for a male beneficiary,P052,M001313,F052,SO010,18724.0,20000.0,2026-08-31 12:31:00
C069329,package_mismatch,Package SO057 (caesarean delivery) billed for a male beneficiary,P059,M000919,F059,SO057,12650.0,12650.0,2026-09-01 02:51:00
C069471,package_mismatch,Package SO057 (caesarean delivery) billed for a male beneficiary,P203,M002323,F203,SO057,12650.0,12650.0,2026-09-01 16:05:00
C069784,package_mismatch,Package SO057 (caesarean delivery) billed for a male beneficiary,P148,M009134,F148,SO057,11500.0,11500.0,2026-09-02 23:07:00
C069796,package_mismatch,Package SO057 (caesarean delivery) billed for a male beneficiary,P272,M013415,F272,SO057,11500.0,11500.0,2026-09-03 00:13:00
C070161,package_mismatch,Package SO057 (caesarean delivery) billed for a male beneficiary,P203,M003860,F203,SO057,10842.0,12650.0,2026-09-04 12:47:00
C071121,package_mismatch,Package SO057 (caesarean delivery) billed for a male beneficiary,P203,M003885,F203,SO057,12650.0,12650.0,2026-09-08 21:04:00
C071405,package_mismatch,Package SO057 (caesarean delivery) billed for a male beneficiary,P148,M002320,F148,SO057,11500.0,11500.0,2026-09-10 10:38:00
C071663,package_mismatch,Package SO057 (caesarean delivery) billed for a male beneficiary,P152,M003864,F152,SO057,11500.0,11500.0,2026-09-11 12:31:00
C071871,package_mismatch,Package SO057 (caesarean delivery) billed for a male beneficiary,P203,M004894,F203,SO057,12650.0,12650.0,2026-09-12 11:53:00
C072061,package_mismatch,Package SO057 (caesarean delivery) billed for a male beneficiary,P203,M003860,F203,SO057,12650.0,12650.0,2026-09-13 07:41:00
C072268,package_mismatch,Package SO057 (caesarean delivery) billed for a male beneficiary,P218,M025069,F218,SO057,11500.0,11500.0,2026-09-14 05:26:00
C072599,package_mismatch,Package SO010 (hysterectomy) billed for a male beneficiary,P148,M009156,F148,SO010,20000.0,20000.0,2026-09-15 14:14:00
C072637,package_mismatch,Package SO057 (caesarean delivery) billed for a male beneficiary,P022,M005592,F022,SO057,11500.0,11500.0,2026-09-15 16:47:00
C072761,package_mismatch,Package SO057 (caesarean delivery) billed for a male beneficiary,P152,M000920,F152,SO057,11500.0,11500.0,2026-09-16 10:40:00
C072974,package_mismatch,Package SO057 (caesarean delivery) billed for a male beneficiary,P152,M013749,F152,SO057,10629.0,11500.0,2026-09-17 10:00:00
C073130,package_mismatch,Package SO057 (caesarean delivery) billed for a male beneficiary,P288,M005811,F288,SO057,13915.0,13915.0,2026-09-17 22:30:00
C073330,package_mismatch,Package SO057 (caesarean delivery) billed for a male beneficiary,P148,M003860,F148,SO057,11500.0,11500.0,2026-09-18 20:26:00
C073404,package_mismatch,Package SO057 (caesarean delivery) billed for a male beneficiary,P148,M009134,F148,SO057,11500.0,11500.0,2026-09-19 08:35:00
C073858,package_mismatch,Package SO010 (hysterectomy) billed for a male beneficiary,P059,M008225,F059,SO010,22000.0,22000.0,2026-09-21 11:05:00
C073910,package_mismatch,Package SO057 (caesarean delivery) billed for a male beneficiary,P243,M009466,F243,SO057,12650.0,12650.0,2026-09-21 14:58:00
C074076,package_mismatch,Package SO010 (hysterectomy) billed for a male beneficiary,P022,M002587,F022,SO010,20000.0,20000.0,2026-09-22 12:51:00
C074082,package_mismatch,Package SO057 (caesarean delivery) billed for a male beneficiary,P211,M016103,F211,SO057,12650.0,12650.0,2026-09-22 13:06:00
C075327,package_mismatch,Package SO057 (caesarean delivery) billed for a male beneficiary,P203,M009158,F203,SO057,12650.0,12650.0,2026-09-28 09:51:00
C075364,package_mismatch,Package SO010 (hysterectomy) billed for a male beneficiary,P203,M004756,F203,SO010,18609.0,22000.0,2026-09-28 12:41:00
C075425,package_mismatch,Package SO057 (caesarean delivery) billed for a male beneficiary,P059,M004895,F059,SO057,12650.0,12650.0,2026-09-28 16:28:00
C075444,package_mismatch,Package SO057 (caesarean delivery) billed for a male beneficiary,P203,M003885,F203,SO057,12650.0,12650.0,2026-09-28 17:34:00
C001368,package_mismatch,"Claimed ₹12,650 for SO057; the hospital's tier and accreditation entitle it to ₹11,500, using an ESTIMATED package rate, not a verified HBP rate",P059,M003533,F059,SO057,12650.0,12650.0,2025-10-07 16:45:00
C001526,package_mismatch,"Claimed ₹12,100 for SG017A; the hospital's tier and accreditation entitle it to ₹11,000, using a published HBP rate",P059,M013825,F059,SG017A,12100.0,12100.0,2025-10-08 14:01:00
C002098,package_mismatch,"Claimed ₹12,650 for SO057; the hospital's tier and accreditation entitle it to ₹11,500, using an ESTIMATED package rate, not a verified HBP rate",P203,M011545,F203,SO057,12650.0,12650.0,2025-10-11 11:08:00
C002866,package_mismatch,"Claimed ₹15,620 for SG050A; the hospital's tier and accreditation entitle it to ₹14,200, using a published HBP rate",P059,M024616,F059,SG050A,15620.0,15620.0,2025-10-15 08:57:00
C004110,package_mismatch,"Claimed ₹12,650 for SO057; the hospital's tier and accreditation entitle it to ₹11,500, using an ESTIMATED package rate, not a verified HBP rate",P059,M010722,F059,SO057,11788.0,12650.0,2025-10-21 12:09:00
C004345,package_mismatch,"Claimed ₹11,880 for MG021A; the hospital's tier and accreditation entitle it to ₹10,800, using a published HBP rate",P203,M014870,F203,MG021A,11880.0,11880.0,2025-10-22 13:54:00
C004429,package_mismatch,"Claimed ₹15,620 for SG050A; the hospital's tier and accreditation entitle it to ₹14,200, using a published HBP rate",P059,M011090,F059,SG050A,15620.0,15620.0,2025-10-22 21:28:00
C004522,package_mismatch,"Claimed ₹24,750 for MG009A; the hospital's tier and accreditation entitle it to ₹22,500, using a published HBP rate",P203,M015080,F203,MG009A,24750.0,24750.0,2025-10-23 11:50:00
C005369,package_mismatch,"Claimed ₹17,820 for MG029A; the hospital's tier and accreditation entitle it to ₹16,200, using a published HBP rate",P059,M004289,F059,MG029A,17820.0,17820.0,2025-10-27 21:43:00
C005825,package_mismatch,"Claimed ₹25,080 for SG039C; the hospital's tier and accreditation entitle it to ₹22,800, using a published HBP rate",P059,M021490,F059,SG039C,25080.0,25080.0,2025-10-30 09:38:00
C006005,package_mismatch,"Claimed ₹7,920 for MG003A; the hospital's tier and accreditation entitle it to ₹7,200, using a published HBP rate",P059,M004668,F059,MG003A,7920.0,7920.0,2025-10-31 08:13:00
C006829,package_mismatch,"Claimed ₹9,900 for MG006A; the hospital's tier and accreditation entitle it to ₹9,000, using a published HBP rate",P059,M013732,F059,MG006A,9900.0,9900.0,2025-11-04 08:39:00
C006927,package_mismatch,"Claimed ₹12,650 for SO057; the hospital's tier and accreditation entitle it to ₹11,500, using an ESTIMATED package rate, not a verified HBP rate",P203,M021192,F203,SO057,12650.0,12650.0,2025-11-04 17:13:00
C007021,package_mismatch,"Claimed ₹19,140 for SG051B; the hospital's tier and accreditation entitle it to ₹17,400, using a published HBP rate",P203,M008311,F203,SG051B,19140.0,19140.0,2025-11-05 12:05:00
C007503,package_mismatch,"Claimed ₹12,100 for SG017A; the hospital's tier and accreditation entitle it to ₹11,000, using a published HBP rate",P203,M008380,F203,SG017A,12100.0,12100.0,2025-11-07 16:14:00
C008424,package_mismatch,"Claimed ₹9,900 for MG003A; the hospital's tier and accreditation entitle it to ₹9,000, using a published HBP rate",P059,M009452,F059,MG003A,7592.0,9900.0,2025-11-12 09:26:00
C009182,package_mismatch,"Claimed ₹1,870 for ER003A; the hospital's tier and accreditation entitle it to ₹1,700, using a published HBP rate",P203,M011541,F203,ER003A,1870.0,1870.0,2025-11-16 00:21:00
C009842,package_mismatch,"Claimed ₹11,880 for MG001A; the hospital's tier and accreditation entitle it to ₹10,800, using a published HBP rate",P203,M004370,F203,MG001A,11880.0,11880.0,2025-11-19 13:07:00
C010402,package_mismatch,"Claimed ₹22,000 for SO010; the hospital's tier and accreditation entitle it to ₹20,000, using an ESTIMATED package rate, not a verified HBP rate",P059,M017152,F059,SO010,22000.0,22000.0,2025-11-22 08:04:00
C011110,package_mismatch,"Claimed ₹9,900 for MG004A; the hospital's tier and accreditation entitle it to ₹9,000, using a published HBP rate",P203,M006079,F203,MG004A,9900.0,9900.0,2025-11-25 14:43:00
C011627,package_mismatch,"Claimed ₹5,940 for MG001A; the hospital's tier and accreditation entitle it to ₹5,400, using a published HBP rate",P203,M017511,F203,MG001A,5940.0,5940.0,2025-11-28 07:30:00
C012873,package_mismatch,"Claimed ₹11,880 for MG049C; the hospital's tier and accreditation entitle it to ₹10,800, using a published HBP rate",P059,M001771,F059,MG049C,11880.0,11880.0,2025-12-03 23:33:00
C013330,package_mismatch,"Claimed ₹15,840 for MG016A; the hospital's tier and accreditation entitle it to ₹14,400, using a published HBP rate",P203,M004903,F203,MG016A,15840.0,15840.0,2025-12-06 11:45:00
C013532,package_mismatch,"Claimed ₹25,080 for SG039C; the hospital's tier and accreditation entitle it to ₹22,800, using a published HBP rate",P059,M020005,F059,SG039C,25080.0,25080.0,2025-12-07 11:01:00
C014636,package_mismatch,"Claimed ₹3,960 for MG004A; the hospital's tier and accreditation entitle it to ₹3,600, using a published HBP rate",P203,M022838,F203,MG004A,3960.0,3960.0,2025-12-12 16:45:00
C015129,package_mismatch,"Claimed ₹12,100 for SG017A; the hospital's tier and accreditation entitle it to ₹11,000, using a published HBP rate",P059,M000611,F059,SG017A,12100.0,12100.0,2025-12-15 09:27:00
C015315,package_mismatch,"Claimed ₹3,960 for MG001A; the hospital's tier and accreditation entitle it to ₹3,600, using a published HBP rate",P059,M006158,F059,MG001A,3960.0,3960.0,2025-12-16 02:41:00
C016083,package_mismatch,"Claimed ₹1,870 for ER003A; the hospital's tier and accreditation entitle it to ₹1,700, using a published HBP rate",P059,M001968,F059,ER003A,1870.0,1870.0,2025-12-19 15:38:00
C016221,package_mismatch,"Claimed ₹1,980 for MG001A; the hospital's tier and accreditation entitle it to ₹1,800, using a published HBP rate",P059,M014599,F059,MG001A,1980.0,1980.0,2025-12-20 13:01:00
C017255,package_mismatch,"Claimed ₹1,870 for ER003A; the hospital's tier and accreditation entitle it to ₹1,700, using a published HBP rate",P059,M013697,F059,ER003A,1870.0,1870.0,2025-12-25 19:42:00
C017794,package_mismatch,"Claimed ₹5,940 for MG001A; the hospital's tier and accreditation entitle it to ₹5,400, using a published HBP rate",P059,M014572,F059,MG001A,5940.0,5940.0,2025-12-28 16:39:00
C018192,package_mismatch,"Claimed ₹1,870 for ER003A; the hospital's tier and accreditation entitle it to ₹1,700, using a published HBP rate",P059,M000501,F059,ER003A,1870.0,1870.0,2025-12-30 17:54:00
C019407,package_mismatch,"Claimed ₹9,900 for MG045A; the hospital's tier and accreditation entitle it to ₹9,000, using a published HBP rate",P059,M024095,F059,MG045A,9900.0,9900.0,2026-01-05 22:14:00
C019877,package_mismatch,"Claimed ₹1,870 for ER003A; the hospital's tier and accreditation entitle it to ₹1,700, using a published HBP rate",P059,M007522,F059,ER003A,1870.0,1870.0,2026-01-08 11:19:00
C020671,package_mismatch,"Claimed ₹25,080 for SG039C; the hospital's tier and accreditation entitle it to ₹22,800, using a published HBP rate",P203,M007008,F203,SG039C,25080.0,25080.0,2026-01-12 10:16:00
C021888,package_mismatch,"Claimed ₹3,960 for MG003A; the hospital's tier and accreditation entitle it to ₹3,600, using a published HBP rate",P203,M022733,F203,MG003A,3960.0,3960.0,2026-01-18 08:47:00
C022095,package_mismatch,"Claimed ₹9,900 for MG003A; the hospital's tier and accreditation entitle it to ₹9,000, using a published HBP rate",P059,M016450,F059,MG003A,9900.0,9900.0,2026-01-19 08:42:00
C023135,package_mismatch,"Claimed ₹27,720 for MG016A; the hospital's tier and accreditation entitle it to ₹25,200, using a published HBP rate",P203,M023080,F203,MG016A,27720.0,27720.0,2026-01-24 14:15:00
C023807,package_mismatch,"Claimed ₹3,960 for MG021A; the hospital's tier and accreditation entitle it to ₹3,600, using a published HBP rate",P059,M021487,F059,MG021A,3960.0,3960.0,2026-01-27 23:53:00
C023820,package_mismatch,"Claimed ₹15,840 for MG017A; the hospital's tier and accreditation entitle it to ₹14,400, using a published HBP rate",P203,M010767,F203,MG017A,15840.0,15840.0,2026-01-28 03:00:00
C025315,package_mismatch,"Claimed ₹12,650 for SO057; the hospital's tier and accreditation entitle it to ₹11,500, using an ESTIMATED package rate, not a verified HBP rate",P203,M017754,F203,SO057,12650.0,12650.0,2026-02-04 13:06:00
C026372,package_mismatch,"Claimed ₹5,940 for MG001A; the hospital's tier and accreditation entitle it to ₹5,400, using a published HBP rate",P203,M014874,F203,MG001A,4773.0,5940.0,2026-02-09 14:49:00
C026401,package_mismatch,"Claimed ₹3,960 for MG009A; the hospital's tier and accreditation entitle it to ₹3,600, using a published HBP rate",P059,M009229,F059,MG009A,3960.0,3960.0,2026-02-09 17:34:00
C028687,package_mismatch,"Claimed ₹1,870 for ER003A; the hospital's tier and accreditation entitle it to ₹1,700, using a published HBP rate",P203,M024613,F203,ER003A,1870.0,1870.0,2026-02-21 09:07:00
C030285,package_mismatch,"Claimed ₹1,870 for ER003A; the hospital's tier and accreditation entitle it to ₹1,700, using a published HBP rate",P203,M009583,F203,ER003A,1870.0,1870.0,2026-03-01 09:56:00
C030322,package_mismatch,"Claimed ₹1,870 for ER003A; the hospital's tier and accreditation entitle it to ₹1,700, using a published HBP rate",P203,M004894,F203,ER003A,1870.0,1870.0,2026-03-01 11:24:00
C030364,package_mismatch,"Claimed ₹22,000 for SO010; the hospital's tier and accreditation entitle it to ₹20,000, using an ESTIMATED package rate, not a verified HBP rate",P203,M009584,F203,SO010,18333.0,22000.0,2026-03-01 13:16:00
C030385,package_mismatch,"Claimed ₹5,940 for MG004A; the hospital's tier and accreditation entitle it to ₹5,400, using a published HBP rate",P203,M003882,F203,MG004A,5940.0,5940.0,2026-03-01 14:05:00
C030658,package_mismatch,"Claimed ₹3,960 for MG003A; the hospital's tier and accreditation entitle it to ₹3,600, using a published HBP rate",P059,M001780,F059,MG003A,3960.0,3960.0,2026-03-02 16:20:00
C030751,package_mismatch,"Claimed ₹5,940 for MG021A; the hospital's tier and accreditation entitle it to ₹5,400, using a published HBP rate",P059,M010606,F059,MG021A,5940.0,5940.0,2026-03-03 08:19:00
C030777,package_mismatch,"Claimed ₹16,500 for SG032A; the hospital's tier and accreditation entitle it to ₹15,000, using a published HBP rate",P059,M004756,F059,SG032A,16500.0,16500.0,2026-03-03 10:07:00
C030892,package_mismatch,"Claimed ₹1,870 for ER003A; the hospital's tier and accreditation entitle it to ₹1,700, using a published HBP rate",P059,M004275,F059,ER003A,1870.0,1870.0,2026-03-03 16:59:00
C030912,package_mismatch,"Claimed ₹3,960 for MG009A; the hospital's tier and accreditation entitle it to ₹3,600, using a published HBP rate",P059,M002590,F059,MG009A,3960.0,3960.0,2026-03-03 19:55:00
C030941,package_mismatch,"Claimed ₹9,900 for MG038A; the hospital's tier and accreditation entitle it to ₹9,000, using a published HBP rate",P059,M020489,F059,MG038A,9900.0,9900.0,2026-03-03 23:23:00
C031579,package_mismatch,"Claimed ₹2,200 for ER001A; the hospital's tier and accreditation entitle it to ₹2,000, using a published HBP rate",P059,M014644,F059,ER001A,2200.0,2200.0,2026-03-07 11:13:00
C031734,package_mismatch,"Claimed ₹25,080 for SG039C; the hospital's tier and accreditation entitle it to ₹22,800, using a published HBP rate",P059,M009134,F059,SG039C,25080.0,25080.0,2026-03-08 04:25:00
C031739,package_mismatch,"Claimed ₹3,960 for MG003A; the hospital's tier and accreditation entitle it to ₹3,600, using a published HBP rate",P203,M003864,F203,MG003A,3960.0,3960.0,2026-03-08 05:59:00
C031926,package_mismatch,"Claimed ₹12,100 for SG017A; the hospital's tier and accreditation entitle it to ₹11,000, using a published HBP rate",P203,M004892,F203,SG017A,12100.0,12100.0,2026-03-08 22:20:00
C031951,package_mismatch,"Claimed ₹17,820 for MG017A; the hospital's tier and accreditation entitle it to ₹16,200, using a published HBP rate",P059,M009156,F059,MG017A,17820.0,17820.0,2026-03-09 03:04:00
C032296,package_mismatch,"Claimed ₹25,080 for SG039C; the hospital's tier and accreditation entitle it to ₹22,800, using a published HBP rate",P203,M006738,F203,SG039C,25080.0,25080.0,2026-03-10 15:45:00
C032304,package_mismatch,"Claimed ₹5,940 for MG016A; the hospital's tier and accreditation entitle it to ₹5,400, using a published HBP rate",P203,M009584,F203,MG016A,5940.0,5940.0,2026-03-10 15:58:00
C032507,package_mismatch,"Claimed ₹13,860 for MG029A; the hospital's tier and accreditation entitle it to ₹12,600, using a published HBP rate",P203,M008225,F203,MG029A,13860.0,13860.0,2026-03-11 15:52:00
C032569,package_mismatch,"Claimed ₹7,920 for MG004A; the hospital's tier and accreditation entitle it to ₹7,200, using a published HBP rate",P203,M017511,F203,MG004A,7920.0,7920.0,2026-03-11 23:59:00
C032813,package_mismatch,"Claimed ₹7,920 for MG001A; the hospital's tier and accreditation entitle it to ₹7,200, using a published HBP rate",P203,M009580,F203,MG001A,7920.0,7920.0,2026-03-13 09:03:00
C033130,package_mismatch,"Claimed ₹7,920 for MG004A; the hospital's tier and accreditation entitle it to ₹7,200, using a published HBP rate",P059,M010605,F059,MG004A,7920.0,7920.0,2026-03-14 16:45:00
C033171,package_mismatch,"Claimed ₹5,940 for MG001A; the hospital's tier and accreditation entitle it to ₹5,400, using a published HBP rate",P059,M009584,F059,MG001A,5940.0,5940.0,2026-03-14 20:12:00
C033232,package_mismatch,"Claimed ₹3,960 for MG016A; the hospital's tier and accreditation entitle it to ₹3,600, using a published HBP rate",P059,M009135,F059,MG016A,3109.0,3960.0,2026-03-15 08:33:00
C033347,package_mismatch,"Claimed ₹12,650 for SO057; the hospital's tier and accreditation entitle it to ₹11,500, using an ESTIMATED package rate, not a verified HBP rate",P203,M012761,F203,SO057,12650.0,12650.0,2026-03-15 15:38:00
C033382,package_mismatch,"Claimed ₹11,880 for MG016A; the hospital's tier and accreditation entitle it to ₹10,800, using a published HBP rate",P059,M017730,F059,MG016A,11880.0,11880.0,2026-03-15 18:25:00
C033444,package_mismatch,"Claimed ₹7,920 for MG001A; the hospital's tier and accreditation entitle it to ₹7,200, using a published HBP rate",P059,M013437,F059,MG001A,5827.0,7920.0,2026-03-16 08:16:00
C033503,package_mismatch,"Claimed ₹3,960 for MG029A; the hospital's tier and accreditation entitle it to ₹3,600, using a published HBP rate",P203,M004849,F203,MG029A,3960.0,3960.0,2026-03-16 12:33:00
C033526,package_mismatch,"Claimed ₹9,900 for MG016A; the hospital's tier and accreditation entitle it to ₹9,000, using a published HBP rate",P059,M006060,F059,MG016A,9900.0,9900.0,2026-03-16 13:52:00
C033552,package_mismatch,"Claimed ₹1,870 for ER003A; the hospital's tier and accreditation entitle it to ₹1,700, using a published HBP rate",P059,M013827,F059,ER003A,1870.0,1870.0,2026-03-16 15:45:00
C033821,package_mismatch,"Claimed ₹13,860 for MG038A; the hospital's tier and accreditation entitle it to ₹12,600, using a published HBP rate",P203,M002590,F203,MG038A,13860.0,13860.0,2026-03-18 00:26:00
C034078,package_mismatch,"Claimed ₹1,870 for ER003A; the hospital's tier and accreditation entitle it to ₹1,700, using a published HBP rate",P059,M003862,F059,ER003A,1870.0,1870.0,2026-03-19 10:39:00
C034281,package_mismatch,"Claimed ₹9,900 for MG021A; the hospital's tier and accreditation entitle it to ₹9,000, using a published HBP rate",P203,M004893,F203,MG021A,9900.0,9900.0,2026-03-20 08:16:00
C034294,package_mismatch,"Claimed ₹15,620 for SG050A; the hospital's tier and accreditation entitle it to ₹14,200, using a published HBP rate",P059,M003884,F059,SG050A,15620.0,15620.0,2026-03-20 08:56:00
C034378,package_mismatch,"Claimed ₹5,940 for MG016A; the hospital's tier and accreditation entitle it to ₹5,400, using a published HBP rate",P059,M024617,F059,MG016A,5940.0,5940.0,2026-03-20 14:57:00
C034575,package_mismatch,"Claimed ₹1,980 for MG009A; the hospital's tier and accreditation entitle it to ₹1,800, using a published HBP rate",P203,M004895,F203,MG009A,1980.0,1980.0,2026-03-21 14:14:00
C034603,package_mismatch,"Claimed ₹15,620 for SG050A; the hospital's tier and accreditation entitle it to ₹14,200, using a published HBP rate",P059,M013828,F059,SG050A,11141.0,15620.0,2026-03-21 16:01:00
C034641,package_mismatch,"Claimed ₹1,870 for ER003A; the hospital's tier and accreditation entitle it to ₹1,700, using a published HBP rate",P203,M013749,F203,ER003A,1870.0,1870.0,2026-03-21 20:48:00
C034787,package_mismatch,"Claimed ₹9,900 for MG021A; the hospital's tier and accreditation entitle it to ₹9,000, using a published HBP rate",P059,M001137,F059,MG021A,9900.0,9900.0,2026-03-22 15:55:00
C034799,package_mismatch,"Claimed ₹15,840 for MG009A; the hospital's tier and accreditation entitle it to ₹14,400, using a published HBP rate",P059,M009135,F059,MG009A,15840.0,15840.0,2026-03-22 16:33:00
C034887,package_mismatch,"Claimed ₹9,900 for MG009A; the hospital's tier and accreditation entitle it to ₹9,000, using a published HBP rate",P059,M003884,F059,MG009A,9900.0,9900.0,2026-03-23 08:33:00
C035064,package_mismatch,"Claimed ₹9,900 for MG016A; the hospital's tier and accreditation entitle it to ₹9,000, using a published HBP rate",P203,M003886,F203,MG016A,7830.0,9900.0,2026-03-24 00:45:00
C035148,package_mismatch,"Claimed ₹15,620 for SG050A; the hospital's tier and accreditation entitle it to ₹14,200, using a published HBP rate",P059,M025553,F059,SG050A,15620.0,15620.0,2026-03-24 12:12:00
C035298,package_mismatch,"Claimed ₹15,620 for SG050A; the hospital's tier and accreditation entitle it to ₹14,200, using a published HBP rate",P203,M005592,F203,SG050A,15620.0,15620.0,2026-03-25 09:32:00
C035354,package_mismatch,"Claimed ₹7,920 for MG016A; the hospital's tier and accreditation entitle it to ₹7,200, using a published HBP rate",P203,M001138,F203,MG016A,7920.0,7920.0,2026-03-25 13:17:00
C035710,package_mismatch,"Claimed ₹7,920 for MG021A; the hospital's tier and accreditation entitle it to ₹7,200, using a published HBP rate",P059,M013825,F059,MG021A,7920.0,7920.0,2026-03-27 12:23:00
C035846,package_mismatch,"Claimed ₹17,820 for MG071A; the hospital's tier and accreditation entitle it to ₹16,200, using a published HBP rate",P203,M003863,F203,MG071A,17820.0,17820.0,2026-03-28 09:22:00
C035970,package_mismatch,"Claimed ₹25,080 for SG039C; the hospital's tier and accreditation entitle it to ₹22,800, using a published HBP rate",P203,M004894,F203,SG039C,25080.0,25080.0,2026-03-28 19:00:00
C036012,package_mismatch,"Claimed ₹12,650 for SO057; the hospital's tier and accreditation entitle it to ₹11,500, using an ESTIMATED package rate, not a verified HBP rate",P059,M000501,F059,SO057,12650.0,12650.0,2026-03-29 01:12:00
C036136,package_mismatch,"Claimed ₹11,880 for MG009A; the hospital's tier and accreditation entitle it to ₹10,800, using a published HBP rate",P059,M002589,F059,MG009A,11880.0,11880.0,2026-03-29 15:51:00
C036246,package_mismatch,"Claimed ₹7,920 for MG009A; the hospital's tier and accreditation entitle it to ₹7,200, using a published HBP rate",P203,M016056,F203,MG009A,6621.0,7920.0,2026-03-30 09:43:00
C036265,package_mismatch,"Claimed ₹9,900 for MG009A; the hospital's tier and accreditation entitle it to ₹9,000, using a published HBP rate",P203,M003863,F203,MG009A,8121.0,9900.0,2026-03-30 10:54:00
C036305,package_mismatch,"Claimed ₹22,000 for SO010; the hospital's tier and accreditation entitle it to ₹20,000, using an ESTIMATED package rate, not a verified HBP rate",P203,M009582,F203,SO010,22000.0,22000.0,2026-03-30 14:25:00
C036343,package_mismatch,"Claimed ₹25,080 for SG039C; the hospital's tier and accreditation entitle it to ₹22,800, using a published HBP rate",P059,M007999,F059,SG039C,25080.0,25080.0,2026-03-30 17:56:00
C036549,package_mismatch,"Claimed ₹15,620 for SG050A; the hospital's tier and accreditation entitle it to ₹14,200, using a published HBP rate",P059,M023899,F059,SG050A,15620.0,15620.0,2026-03-31 18:42:00
C036584,package_mismatch,"Claimed ₹1,870 for ER003A; the hospital's tier and accreditation entitle it to ₹1,700, using a published HBP rate",P203,M000921,F203,ER003A,1870.0,1870.0,2026-04-01 00:31:00
C036628,package_mismatch,"Claimed ₹9,900 for MG029A; the hospital's tier and accreditation entitle it to ₹9,000, using a published HBP rate",P203,M009159,F203,MG029A,9900.0,9900.0,2026-04-01 09:13:00
C036679,package_mismatch,"Claimed ₹19,800 for MG004A; the hospital's tier and accreditation entitle it to ₹18,000, using a published HBP rate",P203,M004896,F203,MG004A,19800.0,19800.0,2026-04-01 12:55:00
C036683,package_mismatch,"Claimed ₹12,650 for SO057; the hospital's tier and accreditation entitle it to ₹11,500, using an ESTIMATED package rate, not a verified HBP rate",P059,M002319,F059,SO057,12650.0,12650.0,2026-04-01 13:10:00
C036689,package_mismatch,"Claimed ₹9,900 for MG006A; the hospital's tier and accreditation entitle it to ₹9,000, using a published HBP rate",P059,M005592,F059,MG006A,9900.0,9900.0,2026-04-01 13:29:00
C036708,package_mismatch,"Claimed ₹1,870 for ER003A; the hospital's tier and accreditation entitle it to ₹1,700, using a published HBP rate",P203,M013825,F203,ER003A,1706.0,1870.0,2026-04-01 14:40:00
C036755,package_mismatch,"Claimed ₹12,650 for SO057; the hospital's tier and accreditation entitle it to ₹11,500, using an ESTIMATED package rate, not a verified HBP rate",P203,M005471,F203,SO057,12650.0,12650.0,2026-04-01 18:19:00
C036807,package_mismatch,"Claimed ₹8,910 for MG004A; the hospital's tier and accreditation entitle it to ₹8,100, using a published HBP rate",P203,M010607,F203,MG004A,8910.0,8910.0,2026-04-02 06:19:00
C036843,package_mismatch,"Claimed ₹7,920 for MG009A; the hospital's tier and accreditation entitle it to ₹7,200, using a published HBP rate",P059,M008000,F059,MG009A,7920.0,7920.0,2026-04-02 10:24:00
C036873,package_mismatch,"Claimed ₹7,920 for MG004A; the hospital's tier and accreditation entitle it to ₹7,200, using a published HBP rate",P203,M009581,F203,MG004A,6826.0,7920.0,2026-04-02 12:18:00
C036966,package_mismatch,"Claimed ₹12,100 for SG017A; the hospital's tier and accreditation entitle it to ₹11,000, using a published HBP rate",P059,M003637,F059,SG017A,12100.0,12100.0,2026-04-02 18:11:00
C037166,package_mismatch,"Claimed ₹25,080 for SG039C; the hospital's tier and accreditation entitle it to ₹22,800, using a published HBP rate",P203,M004892,F203,SG039C,25080.0,25080.0,2026-04-03 21:23:00
C037278,package_mismatch,"Claimed ₹13,860 for MG006A; the hospital's tier and accreditation entitle it to ₹12,600, using a published HBP rate",P059,M001780,F059,MG006A,13860.0,13860.0,2026-04-04 12:46:00
C037507,package_mismatch,"Claimed ₹5,940 for MG004A; the hospital's tier and accreditation entitle it to ₹5,400, using a published HBP rate",P059,M013828,F059,MG004A,5940.0,5940.0,2026-04-05 13:17:00
C037520,package_mismatch,"Claimed ₹23,760 for MG064A; the hospital's tier and accreditation entitle it to ₹21,600, using a published HBP rate",P059,M001780,F059,MG064A,23760.0,23760.0,2026-04-05 14:11:00
C037725,package_mismatch,"Claimed ₹3,960 for MG001A; the hospital's tier and accreditation entitle it to ₹3,600, using a published HBP rate",P203,M002324,F203,MG001A,2784.0,3960.0,2026-04-06 14:09:00
C037743,package_mismatch,"Claimed ₹1,870 for ER003A; the hospital's tier and accreditation entitle it to ₹1,700, using a published HBP rate",P059,M004755,F059,ER003A,1503.0,1870.0,2026-04-06 15:37:00
C037744,package_mismatch,"Claimed ₹15,620 for SG050A; the hospital's tier and accreditation entitle it to ₹14,200, using a published HBP rate",P203,M003885,F203,SG050A,15620.0,15620.0,2026-04-06 15:41:00
C037748,package_mismatch,"Claimed ₹12,100 for SG017A; the hospital's tier and accreditation entitle it to ₹11,000, using a published HBP rate",P059,M011658,F059,SG017A,12100.0,12100.0,2026-04-06 15:58:00
C037973,package_mismatch,"Claimed ₹1,870 for ER003A; the hospital's tier and accreditation entitle it to ₹1,700, using a published HBP rate",P203,M004759,F203,ER003A,1870.0,1870.0,2026-04-07 16:01:00
C038012,package_mismatch,"Claimed ₹5,940 for MG029A; the hospital's tier and accreditation entitle it to ₹5,400, using a published HBP rate",P059,M013828,F059,MG029A,5940.0,5940.0,2026-04-07 18:32:00
C038107,package_mismatch,"Claimed ₹9,900 for MG016A; the hospital's tier and accreditation entitle it to ₹9,000, using a published HBP rate",P059,M010605,F059,MG016A,9900.0,9900.0,2026-04-08 11:20:00
C038129,package_mismatch,"Claimed ₹12,100 for SG017A; the hospital's tier and accreditation entitle it to ₹11,000, using a published HBP rate",P203,M009132,F203,SG017A,12100.0,12100.0,2026-04-08 13:19:00
C038156,package_mismatch,"Claimed ₹22,000 for SO010; the hospital's tier and accreditation entitle it to ₹20,000, using an ESTIMATED package rate, not a verified HBP rate",P059,M009132,F059,SO010,22000.0,22000.0,2026-04-08 15:55:00
C038352,package_mismatch,"Claimed ₹3,960 for MG001A; the hospital's tier and accreditation entitle it to ₹3,600, using a published HBP rate",P203,M006056,F203,MG001A,3960.0,3960.0,2026-04-09 17:46:00
C038365,package_mismatch,"Claimed ₹12,650 for SO057; the hospital's tier and accreditation entitle it to ₹11,500, using an ESTIMATED package rate, not a verified HBP rate",P059,M000713,F059,SO057,11110.0,12650.0,2026-04-09 19:50:00
C038406,package_mismatch,"Claimed ₹5,940 for MG064A; the hospital's tier and accreditation entitle it to ₹5,400, using a published HBP rate",P203,M011802,F203,MG064A,5940.0,5940.0,2026-04-10 05:44:00
C038488,package_mismatch,"Claimed ₹11,880 for MG004A; the hospital's tier and accreditation entitle it to ₹10,800, using a published HBP rate",P059,M001784,F059,MG004A,11880.0,11880.0,2026-04-10 12:49:00
C038512,package_mismatch,"Claimed ₹1,870 for ER003A; the hospital's tier and accreditation entitle it to ₹1,700, using a published HBP rate",P059,M009580,F059,ER003A,1870.0,1870.0,2026-04-10 13:50:00
C038621,package_mismatch,"Claimed ₹1,870 for ER003A; the hospital's tier and accreditation entitle it to ₹1,700, using a published HBP rate",P203,M004895,F203,ER003A,1870.0,1870.0,2026-04-10 23:30:00
C038643,package_mismatch,"Claimed ₹9,900 for MG070A; the hospital's tier and accreditation entitle it to ₹9,000, using a published HBP rate",P059,M004290,F059,MG070A,9900.0,9900.0,2026-04-11 04:31:00
C038671,package_mismatch,"Claimed ₹25,080 for SG039C; the hospital's tier and accreditation entitle it to ₹22,800, using a published HBP rate",P203,M002321,F203,SG039C,25080.0,25080.0,2026-04-11 09:13:00
C039117,package_mismatch,"Claimed ₹12,100 for SG017A; the hospital's tier and accreditation entitle it to ₹11,000, using a published HBP rate",P203,M004759,F203,SG017A,12100.0,12100.0,2026-04-13 12:07:00
C039150,package_mismatch,"Claimed ₹5,940 for MG009A; the hospital's tier and accreditation entitle it to ₹5,400, using a published HBP rate",P059,M002889,F059,MG009A,5940.0,5940.0,2026-04-13 14:40:00
C039199,package_mismatch,"Claimed ₹5,940 for MG006A; the hospital's tier and accreditation entitle it to ₹5,400, using a published HBP rate",P203,M004371,F203,MG006A,5940.0,5940.0,2026-04-13 19:48:00
C039231,package_mismatch,"Claimed ₹9,900 for MG059A; the hospital's tier and accreditation entitle it to ₹9,000, using a published HBP rate",P059,M009135,F059,MG059A,9900.0,9900.0,2026-04-14 01:38:00
C039536,package_mismatch,"Claimed ₹16,500 for SG032A; the hospital's tier and accreditation entitle it to ₹15,000, using a published HBP rate",P059,M004759,F059,SG032A,16500.0,16500.0,2026-04-15 14:15:00
C040197,package_mismatch,"Claimed ₹3,960 for MG021A; the hospital's tier and accreditation entitle it to ₹3,600, using a published HBP rate",P059,M004847,F059,MG021A,3746.0,3960.0,2026-04-18 11:51:00
C040322,package_mismatch,"Claimed ₹7,920 for MG021A; the hospital's tier and accreditation entitle it to ₹7,200, using a published HBP rate",P059,M004757,F059,MG021A,7920.0,7920.0,2026-04-18 22:50:00
C040327,package_mismatch,"Claimed ₹26,730 for MG029A; the hospital's tier and accreditation entitle it to ₹24,300, using a published HBP rate",P203,M013826,F203,MG029A,26730.0,26730.0,2026-04-19 01:10:00
C040539,package_mismatch,"Claimed ₹7,920 for MG059A; the hospital's tier and accreditation entitle it to ₹7,200, using a published HBP rate",P203,M000921,F203,MG059A,7920.0,7920.0,2026-04-20 08:03:00
C040556,package_mismatch,"Claimed ₹17,820 for MG003A; the hospital's tier and accreditation entitle it to ₹16,200, using a published HBP rate",P059,M009133,F059,MG003A,17820.0,17820.0,2026-04-20 09:01:00
C040605,package_mismatch,"Claimed ₹9,900 for MG064A; the hospital's tier and accreditation entitle it to ₹9,000, using a published HBP rate",P203,M011658,F203,MG064A,9900.0,9900.0,2026-04-20 12:36:00
C040748,package_mismatch,"Claimed ₹3,960 for MG009A; the hospital's tier and accreditation entitle it to ₹3,600, using a published HBP rate",P203,M003882,F203,MG009A,3222.0,3960.0,2026-04-21 09:06:00
C040754,package_mismatch,"Claimed ₹11,880 for MG045A; the hospital's tier and accreditation entitle it to ₹10,800, using a published HBP rate",P059,M004758,F059,MG045A,11880.0,11880.0,2026-04-21 09:17:00
C040780,package_mismatch,"Claimed ₹12,650 for SO057; the hospital's tier and accreditation entitle it to ₹11,500, using an ESTIMATED package rate, not a verified HBP rate",P059,M004755,F059,SO057,12650.0,12650.0,2026-04-21 11:35:00
C040831,package_mismatch,"Claimed ₹12,100 for SG017A; the hospital's tier and accreditation entitle it to ₹11,000, using a published HBP rate",P059,M009158,F059,SG017A,12100.0,12100.0,2026-04-21 14:53:00
C040835,package_mismatch,"Claimed ₹1,870 for ER003A; the hospital's tier and accreditation entitle it to ₹1,700, using a published HBP rate",P059,M021997,F059,ER003A,1870.0,1870.0,2026-04-21 15:11:00
C040946,package_mismatch,"Claimed ₹14,850 for MG016A; the hospital's tier and accreditation entitle it to ₹13,500, using a published HBP rate",P203,M009156,F203,MG016A,14850.0,14850.0,2026-04-22 09:23:00
C040972,package_mismatch,"Claimed ₹25,080 for SG039C; the hospital's tier and accreditation entitle it to ₹22,800, using a published HBP rate",P203,M009584,F203,SG039C,22904.0,25080.0,2026-04-22 10:58:00
C041262,package_mismatch,"Claimed ₹9,900 for MG001A; the hospital's tier and accreditation entitle it to ₹9,000, using a published HBP rate",P203,M009156,F203,MG001A,9900.0,9900.0,2026-04-23 18:43:00
C041335,package_mismatch,"Claimed ₹12,650 for SO057; the hospital's tier and accreditation entitle it to ₹11,500, using an ESTIMATED package rate, not a verified HBP rate",P203,M008056,F203,SO057,12650.0,12650.0,2026-04-24 09:20:00
C041359,package_mismatch,"Claimed ₹19,140 for SG051B; the hospital's tier and accreditation entitle it to ₹17,400, using a published HBP rate",P059,M003882,F059,SG051B,19140.0,19140.0,2026-04-24 10:36:00
C041557,package_mismatch,"Claimed ₹7,920 for MG009A; the hospital's tier and accreditation entitle it to ₹7,200, using a published HBP rate",P203,M001780,F203,MG009A,7920.0,7920.0,2026-04-25 08:56:00
C041586,package_mismatch,"Claimed ₹25,080 for SG039C; the hospital's tier and accreditation entitle it to ₹22,800, using a published HBP rate",P203,M004849,F203,SG039C,25080.0,25080.0,2026-04-25 11:03:00
C041595,package_mismatch,"Claimed ₹15,620 for SG050A; the hospital's tier and accreditation entitle it to ₹14,200, using a published HBP rate",P203,M004274,F203,SG050A,15620.0,15620.0,2026-04-25 11:55:00
C041786,package_mismatch,"Claimed ₹7,920 for MG016A; the hospital's tier and accreditation entitle it to ₹7,200, using a published HBP rate",P203,M004370,F203,MG016A,7920.0,7920.0,2026-04-26 12:59:00
C041813,package_mismatch,"Claimed ₹1,870 for ER003A; the hospital's tier and accreditation entitle it to ₹1,700, using a published HBP rate",P059,M002592,F059,ER003A,1870.0,1870.0,2026-04-26 15:00:00
C041828,package_mismatch,"Claimed ₹12,650 for SO057; the hospital's tier and accreditation entitle it to ₹11,500, using an ESTIMATED package rate, not a verified HBP rate",P059,M003884,F059,SO057,12650.0,12650.0,2026-04-26 16:15:00
C041857,package_mismatch,"Claimed ₹15,840 for MG064A; the hospital's tier and accreditation entitle it to ₹14,400, using a published HBP rate",P059,M003885,F059,MG064A,13850.0,15840.0,2026-04-26 18:56:00
C041945,package_mismatch,"Claimed ₹19,140 for SG051B; the hospital's tier and accreditation entitle it to ₹17,400, using a published HBP rate",P059,M012426,F059,SG051B,19140.0,19140.0,2026-04-27 10:48:00
C042022,package_mismatch,"Claimed ₹1,870 for ER003A; the hospital's tier and accreditation entitle it to ₹1,700, using a published HBP rate",P059,M021535,F059,ER003A,1870.0,1870.0,2026-04-27 15:57:00
C042041,package_mismatch,"Claimed ₹11,880 for MG029A; the hospital's tier and accreditation entitle it to ₹10,800, using a published HBP rate",P059,M013326,F059,MG029A,11880.0,11880.0,2026-04-27 16:56:00
C042065,package_mismatch,"Claimed ₹12,100 for SG017A; the hospital's tier and accreditation entitle it to ₹11,000, using a published HBP rate",P203,M001781,F203,SG017A,9930.0,12100.0,2026-04-27 19:39:00
C042157,package_mismatch,"Claimed ₹12,650 for SO057; the hospital's tier and accreditation entitle it to ₹11,500, using an ESTIMATED package rate, not a verified HBP rate",P059,M004288,F059,SO057,12650.0,12650.0,2026-04-28 11:24:00
C042206,package_mismatch,"Claimed ₹12,100 for SG017A; the hospital's tier and accreditation entitle it to ₹11,000, using a published HBP rate",P059,M009227,F059,SG017A,12100.0,12100.0,2026-04-28 14:43:00
C042276,package_mismatch,"Claimed ₹15,620 for SG050A; the hospital's tier and accreditation entitle it to ₹14,200, using a published HBP rate",P059,M001781,F059,SG050A,15620.0,15620.0,2026-04-28 22:46:00
C042315,package_mismatch,"Claimed ₹15,620 for SG050A; the hospital's tier and accreditation entitle it to ₹14,200, using a published HBP rate",P203,M010722,F203,SG050A,15620.0,15620.0,2026-04-29 08:26:00
C042338,package_mismatch,"Claimed ₹47,520 for MG045A; the hospital's tier and accreditation entitle it to ₹43,200, using a published HBP rate",P059,M003864,F059,MG045A,47520.0,47520.0,2026-04-29 09:55:00
C042366,package_mismatch,"Claimed ₹9,900 for MG021A; the hospital's tier and accreditation entitle it to ₹9,000, using a published HBP rate",P203,M000920,F203,MG021A,9900.0,9900.0,2026-04-29 12:27:00
C042466,package_mismatch,"Claimed ₹13,860 for MG016A; the hospital's tier and accreditation entitle it to ₹12,600, using a published HBP rate",P059,M010606,F059,MG016A,13860.0,13860.0,2026-04-29 22:02:00
C042836,package_mismatch,"Claimed ₹12,650 for SO057; the hospital's tier and accreditation entitle it to ₹11,500, using an ESTIMATED package rate, not a verified HBP rate",P059,M011658,F059,SO057,12650.0,12650.0,2026-05-01 01:51:00
C042880,package_mismatch,"Claimed ₹25,080 for SG039C; the hospital's tier and accreditation entitle it to ₹22,800, using a published HBP rate",P203,M003546,F203,SG039C,20680.0,25080.0,2026-05-01 10:02:00
C042909,package_mismatch,"Claimed ₹11,880 for MG038A; the hospital's tier and accreditation entitle it to ₹10,800, using a published HBP rate",P203,M001035,F203,MG038A,11880.0,11880.0,2026-05-01 11:43:00
C042925,package_mismatch,"Claimed ₹11,880 for MG017A; the hospital's tier and accreditation entitle it to ₹10,800, using a published HBP rate",P203,M002592,F203,MG017A,11880.0,11880.0,2026-05-01 13:02:00
C042948,package_mismatch,"Claimed ₹25,080 for SG039C; the hospital's tier and accreditation entitle it to ₹22,800, using a published HBP rate",P059,M009156,F059,SG039C,21019.0,25080.0,2026-05-01 14:22:00
C042963,package_mismatch,"Claimed ₹9,900 for MG021A; the hospital's tier and accreditation entitle it to ₹9,000, using a published HBP rate",P203,M013828,F203,MG021A,8920.0,9900.0,2026-05-01 15:17:00
C042998,package_mismatch,"Claimed ₹7,920 for MG006A; the hospital's tier and accreditation entitle it to ₹7,200, using a published HBP rate",P203,M003637,F203,MG006A,7920.0,7920.0,2026-05-01 17:07:00
C043040,package_mismatch,"Claimed ₹12,650 for SO057; the hospital's tier and accreditation entitle it to ₹11,500, using an ESTIMATED package rate, not a verified HBP rate",P203,M008212,F203,SO057,12650.0,12650.0,2026-05-01 22:22:00
C043497,package_mismatch,"Claimed ₹9,900 for MG070A; the hospital's tier and accreditation entitle it to ₹9,000, using a published HBP rate",P059,M008054,F059,MG070A,9900.0,9900.0,2026-05-03 10:01:00
C043651,package_mismatch,"Claimed ₹11,880 for MG016A; the hospital's tier and accreditation entitle it to ₹10,800, using a published HBP rate",P203,M001782,F203,MG016A,11880.0,11880.0,2026-05-04 03:00:00
C043703,package_mismatch,"Claimed ₹9,900 for MG029A; the hospital's tier and accreditation entitle it to ₹9,000, using a published HBP rate",P059,M024021,F059,MG029A,9900.0,9900.0,2026-05-04 10:28:00
C043724,package_mismatch,"Claimed ₹14,850 for MG003A; the hospital's tier and accreditation entitle it to ₹13,500, using a published HBP rate",P059,M000919,F059,MG003A,14850.0,14850.0,2026-05-04 12:18:00
C043739,package_mismatch,"Claimed ₹15,840 for MG001A; the hospital's tier and accreditation entitle it to ₹14,400, using a published HBP rate",P059,M008225,F059,MG001A,15840.0,15840.0,2026-05-04 13:30:00
C043844,package_mismatch,"Claimed ₹3,960 for MG009A; the hospital's tier and accreditation entitle it to ₹3,600, using a published HBP rate",P059,M004848,F059,MG009A,3345.0,3960.0,2026-05-04 23:10:00
C043903,package_mismatch,"Claimed ₹13,860 for MG071A; the hospital's tier and accreditation entitle it to ₹12,600, using a published HBP rate",P203,M009582,F203,MG071A,13860.0,13860.0,2026-05-05 09:10:00
C043963,package_mismatch,"Claimed ₹3,960 for MG009A; the hospital's tier and accreditation entitle it to ₹3,600, using a published HBP rate",P203,M004896,F203,MG009A,3960.0,3960.0,2026-05-05 13:33:00
C044127,package_mismatch,"Claimed ₹15,840 for MG006A; the hospital's tier and accreditation entitle it to ₹14,400, using a published HBP rate",P203,M002593,F203,MG006A,15840.0,15840.0,2026-05-06 09:28:00
C044135,package_mismatch,"Claimed ₹19,140 for SG051B; the hospital's tier and accreditation entitle it to ₹17,400, using a published HBP rate",P059,M003883,F059,SG051B,19140.0,19140.0,2026-05-06 09:59:00
C044230,package_mismatch,"Claimed ₹15,620 for SG050A; the hospital's tier and accreditation entitle it to ₹14,200, using a published HBP rate",P203,M004371,F203,SG050A,15620.0,15620.0,2026-05-06 16:37:00
C044485,package_mismatch,"Claimed ₹9,900 for MG016A; the hospital's tier and accreditation entitle it to ₹9,000, using a published HBP rate",P203,M004892,F203,MG016A,9900.0,9900.0,2026-05-07 19:29:00
C044516,package_mismatch,"Claimed ₹1,870 for ER003A; the hospital's tier and accreditation entitle it to ₹1,700, using a published HBP rate",P203,M004373,F203,ER003A,1870.0,1870.0,2026-05-07 22:58:00
C044613,package_mismatch,"Claimed ₹9,900 for MG017A; the hospital's tier and accreditation entitle it to ₹9,000, using a published HBP rate",P059,M002590,F059,MG017A,9900.0,9900.0,2026-05-08 12:49:00
C044614,package_mismatch,"Claimed ₹34,650 for MG003A; the hospital's tier and accreditation entitle it to ₹31,500, using a published HBP rate",P203,M000919,F203,MG003A,34650.0,34650.0,2026-05-08 12:52:00
C044832,package_mismatch,"Claimed ₹22,000 for SO010; the hospital's tier and accreditation entitle it to ₹20,000, using an ESTIMATED package rate, not a verified HBP rate",P203,M004755,F203,SO010,22000.0,22000.0,2026-05-09 13:39:00
C044835,package_mismatch,"Claimed ₹17,820 for MG064A; the hospital's tier and accreditation entitle it to ₹16,200, using a published HBP rate",P203,M001782,F203,MG064A,17820.0,17820.0,2026-05-09 13:49:00
C044844,package_mismatch,"Claimed ₹7,920 for MG029A; the hospital's tier and accreditation entitle it to ₹7,200, using a published HBP rate",P059,M013828,F059,MG029A,7920.0,7920.0,2026-05-09 14:17:00
C044889,package_mismatch,"Claimed ₹9,900 for MG016A; the hospital's tier and accreditation entitle it to ₹9,000, using a published HBP rate",P059,M008054,F059,MG016A,9900.0,9900.0,2026-05-09 17:49:00
C044959,package_mismatch,"Claimed ₹16,500 for SG032A; the hospital's tier and accreditation entitle it to ₹15,000, using a published HBP rate",P203,M003638,F203,SG032A,16500.0,16500.0,2026-05-10 09:22:00
C044976,package_mismatch,"Claimed ₹2,200 for ER001A; the hospital's tier and accreditation entitle it to ₹2,000, using a published HBP rate",P059,M011659,F059,ER001A,1672.0,2200.0,2026-05-10 10:34:00
C045033,package_mismatch,"Claimed ₹8,910 for MG009A; the hospital's tier and accreditation entitle it to ₹8,100, using a published HBP rate",P203,M010608,F203,MG009A,8910.0,8910.0,2026-05-10 14:40:00
C045056,package_mismatch,"Claimed ₹7,920 for MG059A; the hospital's tier and accreditation entitle it to ₹7,200, using a published HBP rate",P203,M004892,F203,MG059A,7920.0,7920.0,2026-05-10 15:40:00
C045079,package_mismatch,"Claimed ₹19,800 for MG049C; the hospital's tier and accreditation entitle it to ₹18,000, using a published HBP rate",P059,M004893,F059,MG049C,19800.0,19800.0,2026-05-10 17:04:00
C045116,package_mismatch,"Claimed ₹9,900 for MG001A; the hospital's tier and accreditation entitle it to ₹9,000, using a published HBP rate",P203,M001784,F203,MG001A,9900.0,9900.0,2026-05-10 22:17:00
C045212,package_mismatch,"Claimed ₹7,920 for MG064A; the hospital's tier and accreditation entitle it to ₹7,200, using a published HBP rate",P059,M004894,F059,MG064A,7920.0,7920.0,2026-05-11 10:10:00
C045392,package_mismatch,"Claimed ₹9,900 for MG001A; the hospital's tier and accreditation entitle it to ₹9,000, using a published HBP rate",P203,M003862,F203,MG001A,9900.0,9900.0,2026-05-11 21:17:00
C045456,package_mismatch,"Claimed ₹1,870 for ER003A; the hospital's tier and accreditation entitle it to ₹1,700, using a published HBP rate",P203,M014855,F203,ER003A,1870.0,1870.0,2026-05-12 10:06:00
C045523,package_mismatch,"Claimed ₹19,800 for MG001A; the hospital's tier and accreditation entitle it to ₹18,000, using a published HBP rate",P203,M004848,F203,MG001A,19800.0,19800.0,2026-05-12 15:00:00
C045642,package_mismatch,"Claimed ₹15,620 for SG050A; the hospital's tier and accreditation entitle it to ₹14,200, using a published HBP rate",P203,M003886,F203,SG050A,15620.0,15620.0,2026-05-13 10:58:00
C045651,package_mismatch,"Claimed ₹29,700 for MG006A; the hospital's tier and accreditation entitle it to ₹27,000, using a published HBP rate",P059,M013749,F059,MG006A,29700.0,29700.0,2026-05-13 11:25:00
C045697,package_mismatch,"Claimed ₹1,870 for ER003A; the hospital's tier and accreditation entitle it to ₹1,700, using a published HBP rate",P203,M004895,F203,ER003A,1870.0,1870.0,2026-05-13 14:25:00
C045818,package_mismatch,"Claimed ₹5,940 for MG001A; the hospital's tier and accreditation entitle it to ₹5,400, using a published HBP rate",P059,M004847,F059,MG001A,5940.0,5940.0,2026-05-14 08:38:00
C045840,package_mismatch,"Claimed ₹1,980 for MG064A; the hospital's tier and accreditation entitle it to ₹1,800, using a published HBP rate",P059,M007999,F059,MG064A,1980.0,1980.0,2026-05-14 10:03:00
C045981,package_mismatch,"Claimed ₹7,920 for MG038A; the hospital's tier and accreditation entitle it to ₹7,200, using a published HBP rate",P059,M003637,F059,MG038A,5945.0,7920.0,2026-05-14 22:16:00
C046074,package_mismatch,"Claimed ₹13,860 for MG016A; the hospital's tier and accreditation entitle it to ₹12,600, using a published HBP rate",P203,M004758,F203,MG016A,13860.0,13860.0,2026-05-15 11:27:00
C046115,package_mismatch,"Claimed ₹12,650 for SO057; the hospital's tier and accreditation entitle it to ₹11,500, using an ESTIMATED package rate, not a verified HBP rate",P059,M007999,F059,SO057,12650.0,12650.0,2026-05-15 14:14:00
C046118,package_mismatch,"Claimed ₹1,870 for ER003A; the hospital's tier and accreditation entitle it to ₹1,700, using a published HBP rate",P059,M002589,F059,ER003A,1870.0,1870.0,2026-05-15 14:31:00
C046120,package_mismatch,"Claimed ₹7,920 for MG049C; the hospital's tier and accreditation entitle it to ₹7,200, using a published HBP rate",P059,M000919,F059,MG049C,7920.0,7920.0,2026-05-15 14:54:00
C046130,package_mismatch,"Claimed ₹19,140 for SG051B; the hospital's tier and accreditation entitle it to ₹17,400, using a published HBP rate",P059,M013750,F059,SG051B,13819.0,19140.0,2026-05-15 15:21:00
C046261,package_mismatch,"Claimed ₹1,870 for ER003A; the hospital's tier and accreditation entitle it to ₹1,700, using a published HBP rate",P059,M001135,F059,ER003A,1870.0,1870.0,2026-05-16 09:22:00
C046282,package_mismatch,"Claimed ₹17,820 for MG038A; the hospital's tier and accreditation entitle it to ₹16,200, using a published HBP rate",P059,M004756,F059,MG038A,17820.0,17820.0,2026-05-16 11:02:00
C046331,package_mismatch,"Claimed ₹1,870 for ER003A; the hospital's tier and accreditation entitle it to ₹1,700, using a published HBP rate",P203,M002321,F203,ER003A,1870.0,1870.0,2026-05-16 14:20:00
C046356,package_mismatch,"Claimed ₹1,870 for ER003A; the hospital's tier and accreditation entitle it to ₹1,700, using a published HBP rate",P203,M002591,F203,ER003A,1870.0,1870.0,2026-05-16 15:32:00
C046411,package_mismatch,"Claimed ₹9,900 for MG016A; the hospital's tier and accreditation entitle it to ₹9,000, using a published HBP rate",P203,M002591,F203,MG016A,9900.0,9900.0,2026-05-16 23:44:00
C046436,package_mismatch,"Claimed ₹9,900 for MG009A; the hospital's tier and accreditation entitle it to ₹9,000, using a published HBP rate",P059,M004847,F059,MG009A,9900.0,9900.0,2026-05-17 08:16:00
C046464,package_mismatch,"Claimed ₹19,140 for SG051B; the hospital's tier and accreditation entitle it to ₹17,400, using a published HBP rate",P059,M003860,F059,SG051B,19140.0,19140.0,2026-05-17 11:01:00
C046532,package_mismatch,"Claimed ₹25,080 for SG039C; the hospital's tier and accreditation entitle it to ₹22,800, using a published HBP rate",P203,M004370,F203,SG039C,25080.0,25080.0,2026-05-17 15:40:00
C046534,package_mismatch,"Claimed ₹15,620 for SG050A; the hospital's tier and accreditation entitle it to ₹14,200, using a published HBP rate",P059,M008000,F059,SG050A,15620.0,15620.0,2026-05-17 15:45:00
C046687,package_mismatch,"Claimed ₹9,900 for MG006A; the hospital's tier and accreditation entitle it to ₹9,000, using a published HBP rate",P203,M003863,F203,MG006A,9900.0,9900.0,2026-05-18 13:39:00
C046744,package_mismatch,"Claimed ₹7,920 for MG064A; the hospital's tier and accreditation entitle it to ₹7,200, using a published HBP rate",P203,M003883,F203,MG064A,7920.0,7920.0,2026-05-18 17:41:00
C046820,package_mismatch,"Claimed ₹9,900 for MG016A; the hospital's tier and accreditation entitle it to ₹9,000, using a published HBP rate",P059,M004275,F059,MG016A,9900.0,9900.0,2026-05-19 08:25:00
C046917,package_mismatch,"Claimed ₹1,870 for ER003A; the hospital's tier and accreditation entitle it to ₹1,700, using a published HBP rate",P059,M008225,F059,ER003A,1870.0,1870.0,2026-05-19 15:11:00
C046986,package_mismatch,"Claimed ₹15,620 for SG050A; the hospital's tier and accreditation entitle it to ₹14,200, using a published HBP rate",P059,M008214,F059,SG050A,15620.0,15620.0,2026-05-19 20:56:00
C047105,package_mismatch,"Claimed ₹12,650 for SO057; the hospital's tier and accreditation entitle it to ₹11,500, using an ESTIMATED package rate, not a verified HBP rate",P059,M020054,F059,SO057,12650.0,12650.0,2026-05-20 12:55:00
C047165,package_mismatch,"Claimed ₹7,920 for MG016A; the hospital's tier and accreditation entitle it to ₹7,200, using a published HBP rate",P203,M002588,F203,MG016A,7920.0,7920.0,2026-05-20 16:33:00
C047236,package_mismatch,"Claimed ₹1,980 for MG064A; the hospital's tier and accreditation entitle it to ₹1,800, using a published HBP rate",P059,M002319,F059,MG064A,1980.0,1980.0,2026-05-21 04:42:00
C047355,package_mismatch,"Claimed ₹12,100 for SG017A; the hospital's tier and accreditation entitle it to ₹11,000, using a published HBP rate",P203,M010605,F203,SG017A,12100.0,12100.0,2026-05-21 15:08:00
C047433,package_mismatch,"Claimed ₹11,880 for MG049C; the hospital's tier and accreditation entitle it to ₹10,800, using a published HBP rate",P203,M010606,F203,MG049C,11880.0,11880.0,2026-05-21 23:04:00
C047517,package_mismatch,"Claimed ₹11,880 for MG006A; the hospital's tier and accreditation entitle it to ₹10,800, using a published HBP rate",P059,M004274,F059,MG006A,11880.0,11880.0,2026-05-22 11:43:00
C047543,package_mismatch,"Claimed ₹15,840 for MG029A; the hospital's tier and accreditation entitle it to ₹14,400, using a published HBP rate",P203,M004893,F203,MG029A,15840.0,15840.0,2026-05-22 14:03:00
C047559,package_mismatch,"Claimed ₹11,880 for MG038A; the hospital's tier and accreditation entitle it to ₹10,800, using a published HBP rate",P203,M008211,F203,MG038A,11880.0,11880.0,2026-05-22 15:48:00
C047708,package_mismatch,"Claimed ₹1,980 for MG001A; the hospital's tier and accreditation entitle it to ₹1,800, using a published HBP rate",P059,M003862,F059,MG001A,1980.0,1980.0,2026-05-23 11:35:00
C047738,package_mismatch,"Claimed ₹13,860 for MG071A; the hospital's tier and accreditation entitle it to ₹12,600, using a published HBP rate",P203,M011659,F203,MG071A,13860.0,13860.0,2026-05-23 13:10:00
C047766,package_mismatch,"Claimed ₹25,080 for SG039C; the hospital's tier and accreditation entitle it to ₹22,800, using a published HBP rate",P059,M003861,F059,SG039C,25080.0,25080.0,2026-05-23 14:53:00
C047870,package_mismatch,"Claimed ₹13,860 for MG016A; the hospital's tier and accreditation entitle it to ₹12,600, using a published HBP rate",P203,M003885,F203,MG016A,11094.0,13860.0,2026-05-24 05:26:00
C047874,package_mismatch,"Claimed ₹17,820 for MG070A; the hospital's tier and accreditation entitle it to ₹16,200, using a published HBP rate",P059,M020905,F059,MG070A,17820.0,17820.0,2026-05-24 07:22:00
C047931,package_mismatch,"Claimed ₹5,940 for MG001A; the hospital's tier and accreditation entitle it to ₹5,400, using a published HBP rate",P059,M003863,F059,MG001A,5940.0,5940.0,2026-05-24 12:27:00
C047945,package_mismatch,"Claimed ₹3,960 for MG001A; the hospital's tier and accreditation entitle it to ₹3,600, using a published HBP rate",P059,M024199,F059,MG001A,3960.0,3960.0,2026-05-24 13:19:00
C048164,package_mismatch,"Claimed ₹1,980 for MG001A; the hospital's tier and accreditation entitle it to ₹1,800, using a published HBP rate",P059,M009132,F059,MG001A,1980.0,1980.0,2026-05-25 13:46:00
C048332,package_mismatch,"Claimed ₹9,900 for MG049C; the hospital's tier and accreditation entitle it to ₹9,000, using a published HBP rate",P059,M004758,F059,MG049C,9900.0,9900.0,2026-05-26 10:44:00
C048415,package_mismatch,"Claimed ₹1,870 for ER003A; the hospital's tier and accreditation entitle it to ₹1,700, using a published HBP rate",P059,M004666,F059,ER003A,1870.0,1870.0,2026-05-26 16:16:00
C048424,package_mismatch,"Claimed ₹11,880 for MG059A; the hospital's tier and accreditation entitle it to ₹10,800, using a published HBP rate",P059,M001783,F059,MG059A,11880.0,11880.0,2026-05-26 17:02:00
C048518,package_mismatch,"Claimed ₹1,980 for MG006A; the hospital's tier and accreditation entitle it to ₹1,800, using a published HBP rate",P059,M004274,F059,MG006A,1749.0,1980.0,2026-05-27 08:56:00
C048625,package_mismatch,"Claimed ₹7,920 for MG001A; the hospital's tier and accreditation entitle it to ₹7,200, using a published HBP rate",P203,M003639,F203,MG001A,7920.0,7920.0,2026-05-27 16:35:00
C048744,package_mismatch,"Claimed ₹7,920 for MG004A; the hospital's tier and accreditation entitle it to ₹7,200, using a published HBP rate",P059,M001782,F059,MG004A,7920.0,7920.0,2026-05-28 11:31:00
C048824,package_mismatch,"Claimed ₹3,960 for MG001A; the hospital's tier and accreditation entitle it to ₹3,600, using a published HBP rate",P203,M004370,F203,MG001A,3960.0,3960.0,2026-05-28 17:08:00
C049049,package_mismatch,"Claimed ₹7,920 for MG021A; the hospital's tier and accreditation entitle it to ₹7,200, using a published HBP rate",P203,M009584,F203,MG021A,7920.0,7920.0,2026-05-29 21:02:00
C049189,package_mismatch,"Claimed ₹2,200 for ER001A; the hospital's tier and accreditation entitle it to ₹2,000, using a published HBP rate",P059,M025412,F059,ER001A,2200.0,2200.0,2026-05-30 10:44:00
C049335,package_mismatch,"Claimed ₹5,940 for MG009A; the hospital's tier and accreditation entitle it to ₹5,400, using a published HBP rate",P203,M008213,F203,MG009A,4335.0,5940.0,2026-05-30 16:20:00
C049391,package_mismatch,"Claimed ₹23,760 for MG006A; the hospital's tier and accreditation entitle it to ₹21,600, using a published HBP rate",P059,M008056,F059,MG006A,23760.0,23760.0,2026-05-30 17:56:00
C049574,package_mismatch,"Claimed ₹1,870 for ER003A; the hospital's tier and accreditation entitle it to ₹1,700, using a published HBP rate",P059,M006179,F059,ER003A,1870.0,1870.0,2026-05-31 19:01:00
C049701,package_mismatch,"Claimed ₹15,620 for SG050A; the hospital's tier and accreditation entitle it to ₹14,200, using a published HBP rate",P203,M002321,F203,SG050A,15620.0,15620.0,2026-06-01 14:03:00
C049815,package_mismatch,"Claimed ₹1,870 for ER003A; the hospital's tier and accreditation entitle it to ₹1,700, using a published HBP rate",P203,M000825,F203,ER003A,1870.0,1870.0,2026-06-02 07:47:00
C049862,package_mismatch,"Claimed ₹19,140 for SG051B; the hospital's tier and accreditation entitle it to ₹17,400, using a published HBP rate",P203,M000921,F203,SG051B,19140.0,19140.0,2026-06-02 11:47:00
C049885,package_mismatch,"Claimed ₹3,960 for MG001A; the hospital's tier and accreditation entitle it to ₹3,600, using a published HBP rate",P203,M008054,F203,MG001A,3960.0,3960.0,2026-06-02 13:19:00
C049933,package_mismatch,"Claimed ₹24,750 for MG021A; the hospital's tier and accreditation entitle it to ₹22,500, using a published HBP rate",P203,M003861,F203,MG021A,24750.0,24750.0,2026-06-02 16:57:00
C049963,package_mismatch,"Claimed ₹7,920 for MG045A; the hospital's tier and accreditation entitle it to ₹7,200, using a published HBP rate",P203,M008055,F203,MG045A,7920.0,7920.0,2026-06-02 20:48:00
C050019,package_mismatch,"Claimed ₹16,500 for SG032A; the hospital's tier and accreditation entitle it to ₹15,000, using a published HBP rate",P203,M003860,F203,SG032A,16500.0,16500.0,2026-06-03 08:58:00
C050030,package_mismatch,"Claimed ₹15,620 for SG050A; the hospital's tier and accreditation entitle it to ₹14,200, using a published HBP rate",P059,M001137,F059,SG050A,15620.0,15620.0,2026-06-03 09:29:00
C050041,package_mismatch,"Claimed ₹15,620 for SG050A; the hospital's tier and accreditation entitle it to ₹14,200, using a published HBP rate",P059,M008000,F059,SG050A,15620.0,15620.0,2026-06-03 10:05:00
C050105,package_mismatch,"Claimed ₹12,650 for SO057; the hospital's tier and accreditation entitle it to ₹11,500, using an ESTIMATED package rate, not a verified HBP rate",P059,M007439,F059,SO057,12650.0,12650.0,2026-06-03 14:36:00
C050133,package_mismatch,"Claimed ₹1,870 for ER003A; the hospital's tier and accreditation entitle it to ₹1,700, using a published HBP rate",P203,M000713,F203,ER003A,1870.0,1870.0,2026-06-03 16:23:00
C050158,package_mismatch,"Claimed ₹3,960 for MG009A; the hospital's tier and accreditation entitle it to ₹3,600, using a published HBP rate",P203,M003862,F203,MG009A,3960.0,3960.0,2026-06-03 19:12:00
C050293,package_mismatch,"Claimed ₹19,140 for SG051B; the hospital's tier and accreditation entitle it to ₹17,400, using a published HBP rate",P059,M013750,F059,SG051B,16110.0,19140.0,2026-06-04 14:42:00
C050359,package_mismatch,"Claimed ₹1,870 for ER003A; the hospital's tier and accreditation entitle it to ₹1,700, using a published HBP rate",P203,M004274,F203,ER003A,1870.0,1870.0,2026-06-04 19:21:00
C050390,package_mismatch,"Claimed ₹1,870 for ER003A; the hospital's tier and accreditation entitle it to ₹1,700, using a published HBP rate",P203,M001780,F203,ER003A,1870.0,1870.0,2026-06-04 23:16:00
C050393,package_mismatch,"Claimed ₹11,880 for MG004A; the hospital's tier and accreditation entitle it to ₹10,800, using a published HBP rate",P203,M013732,F203,MG004A,11880.0,11880.0,2026-06-04 23:46:00
C050424,package_mismatch,"Claimed ₹25,080 for SG039C; the hospital's tier and accreditation entitle it to ₹22,800, using a published HBP rate",P059,M002323,F059,SG039C,25080.0,25080.0,2026-06-05 06:36:00
C050525,package_mismatch,"Claimed ₹15,620 for SG050A; the hospital's tier and accreditation entitle it to ₹14,200, using a published HBP rate",P059,M002321,F059,SG050A,15620.0,15620.0,2026-06-05 13:55:00
C050531,package_mismatch,"Claimed ₹12,100 for SG017A; the hospital's tier and accreditation entitle it to ₹11,000, using a published HBP rate",P203,M003861,F203,SG017A,12100.0,12100.0,2026-06-05 14:07:00
C050537,package_mismatch,"Claimed ₹12,100 for SG017A; the hospital's tier and accreditation entitle it to ₹11,000, using a published HBP rate",P059,M001135,F059,SG017A,12100.0,12100.0,2026-06-05 14:34:00
C050556,package_mismatch,"Claimed ₹15,620 for SG050A; the hospital's tier and accreditation entitle it to ₹14,200, using a published HBP rate",P203,M009135,F203,SG050A,15620.0,15620.0,2026-06-05 16:00:00
C050609,package_mismatch,"Claimed ₹5,940 for MG009A; the hospital's tier and accreditation entitle it to ₹5,400, using a published HBP rate",P059,M009581,F059,MG009A,5940.0,5940.0,2026-06-05 22:10:00
C050611,package_mismatch,"Claimed ₹7,920 for MG003A; the hospital's tier and accreditation entitle it to ₹7,200, using a published HBP rate",P203,M003638,F203,MG003A,7920.0,7920.0,2026-06-05 22:34:00
C050650,package_mismatch,"Claimed ₹5,940 for MG064A; the hospital's tier and accreditation entitle it to ₹5,400, using a published HBP rate",P059,M004275,F059,MG064A,5940.0,5940.0,2026-06-06 07:03:00
C050671,package_mismatch,"Claimed ₹12,100 for SG017A; the hospital's tier and accreditation entitle it to ₹11,000, using a published HBP rate",P203,M002590,F203,SG017A,9846.0,12100.0,2026-06-06 09:48:00
C050718,package_mismatch,"Claimed ₹11,880 for MG001A; the hospital's tier and accreditation entitle it to ₹10,800, using a published HBP rate",P203,M013827,F203,MG001A,11880.0,11880.0,2026-06-06 13:04:00
C050837,package_mismatch,"Claimed ₹5,940 for MG064A; the hospital's tier and accreditation entitle it to ₹5,400, using a published HBP rate",P059,M009157,F059,MG064A,5940.0,5940.0,2026-06-07 03:17:00
C051152,package_mismatch,"Claimed ₹11,880 for MG016A; the hospital's tier and accreditation entitle it to ₹10,800, using a published HBP rate",P203,M003864,F203,MG016A,11880.0,11880.0,2026-06-08 13:05:00
C051172,package_mismatch,"Claimed ₹11,880 for MG070A; the hospital's tier and accreditation entitle it to ₹10,800, using a published HBP rate",P059,M002323,F059,MG070A,11880.0,11880.0,2026-06-08 14:14:00
C051203,package_mismatch,"Claimed ₹19,800 for MG009A; the hospital's tier and accreditation entitle it to ₹18,000, using a published HBP rate",P059,M021169,F059,MG009A,19800.0,19800.0,2026-06-08 16:05:00
C051229,package_mismatch,"Claimed ₹16,500 for SG032A; the hospital's tier and accreditation entitle it to ₹15,000, using a published HBP rate",P059,M004759,F059,SG032A,16500.0,16500.0,2026-06-08 17:25:00
C051234,package_mismatch,"Claimed ₹9,900 for MG009A; the hospital's tier and accreditation entitle it to ₹9,000, using a published HBP rate",P203,M002591,F203,MG009A,9900.0,9900.0,2026-06-08 17:42:00
C051244,package_mismatch,"Claimed ₹12,100 for SG017A; the hospital's tier and accreditation entitle it to ₹11,000, using a published HBP rate",P203,M008054,F203,SG017A,12100.0,12100.0,2026-06-08 19:42:00
C051408,package_mismatch,"Claimed ₹3,960 for MG021A; the hospital's tier and accreditation entitle it to ₹3,600, using a published HBP rate",P203,M002324,F203,MG021A,3960.0,3960.0,2026-06-09 16:13:00
C051461,package_mismatch,"Claimed ₹12,650 for SO057; the hospital's tier and accreditation entitle it to ₹11,500, using an ESTIMATED package rate, not a verified HBP rate",P203,M003884,F203,SO057,12650.0,12650.0,2026-06-09 22:06:00
C051476,package_mismatch,"Claimed ₹7,920 for MG064A; the hospital's tier and accreditation entitle it to ₹7,200, using a published HBP rate",P059,M003862,F059,MG064A,6263.0,7920.0,2026-06-10 03:17:00
C051596,package_mismatch,"Claimed ₹13,860 for MG029A; the hospital's tier and accreditation entitle it to ₹12,600, using a published HBP rate",P203,M002588,F203,MG029A,13860.0,13860.0,2026-06-10 14:11:00
C051663,package_mismatch,"Claimed ₹2,970 for MG021A; the hospital's tier and accreditation entitle it to ₹2,700, using a published HBP rate",P059,M009132,F059,MG021A,2970.0,2970.0,2026-06-10 18:29:00
C051673,package_mismatch,"Claimed ₹5,940 for MG006A; the hospital's tier and accreditation entitle it to ₹5,400, using a published HBP rate",P203,M002323,F203,MG006A,5940.0,5940.0,2026-06-10 20:41:00
C051830,package_mismatch,"Claimed ₹25,080 for SG039C; the hospital's tier and accreditation entitle it to ₹22,800, using a published HBP rate",P059,M013732,F059,SG039C,25080.0,25080.0,2026-06-11 16:00:00
C051980,package_mismatch,"Claimed ₹9,900 for MG064A; the hospital's tier and accreditation entitle it to ₹9,000, using a published HBP rate",P203,M012237,F203,MG064A,9900.0,9900.0,2026-06-12 13:35:00
C051995,package_mismatch,"Claimed ₹8,910 for MG009A; the hospital's tier and accreditation entitle it to ₹8,100, using a published HBP rate",P059,M002587,F059,MG009A,8910.0,8910.0,2026-06-12 14:21:00
C052012,package_mismatch,"Claimed ₹16,500 for SG032A; the hospital's tier and accreditation entitle it to ₹15,000, using a published HBP rate",P203,M004848,F203,SG032A,16500.0,16500.0,2026-06-12 15:40:00
C052047,package_mismatch,"Claimed ₹13,860 for MG016A; the hospital's tier and accreditation entitle it to ₹12,600, using a published HBP rate",P203,M011659,F203,MG016A,13860.0,13860.0,2026-06-12 17:39:00
C052089,package_mismatch,"Claimed ₹25,080 for SG039C; the hospital's tier and accreditation entitle it to ₹22,800, using a published HBP rate",P203,M008000,F203,SG039C,25080.0,25080.0,2026-06-13 01:51:00
C052158,package_mismatch,"Claimed ₹9,900 for MG004A; the hospital's tier and accreditation entitle it to ₹9,000, using a published HBP rate",P059,M002589,F059,MG004A,9900.0,9900.0,2026-06-13 11:31:00
C052173,package_mismatch,"Claimed ₹25,080 for SG039C; the hospital's tier and accreditation entitle it to ₹22,800, using a published HBP rate",P203,M004892,F203,SG039C,25080.0,25080.0,2026-06-13 12:12:00
C052233,package_mismatch,"Claimed ₹14,850 for MG038A; the hospital's tier and accreditation entitle it to ₹13,500, using a published HBP rate",P059,M001781,F059,MG038A,14850.0,14850.0,2026-06-13 16:46:00
C052234,package_mismatch,"Claimed ₹15,620 for SG050A; the hospital's tier and accreditation entitle it to ₹14,200, using a published HBP rate",P203,M003862,F203,SG050A,15620.0,15620.0,2026-06-13 16:49:00
C052314,package_mismatch,"Claimed ₹7,920 for MG003A; the hospital's tier and accreditation entitle it to ₹7,200, using a published HBP rate",P203,M001137,F203,MG003A,7920.0,7920.0,2026-06-14 06:31:00
C052335,package_mismatch,"Claimed ₹15,840 for MG049C; the hospital's tier and accreditation entitle it to ₹14,400, using a published HBP rate",P059,M001135,F059,MG049C,15840.0,15840.0,2026-06-14 09:22:00
C052359,package_mismatch,"Claimed ₹5,940 for MG001A; the hospital's tier and accreditation entitle it to ₹5,400, using a published HBP rate",P059,M009580,F059,MG001A,4276.0,5940.0,2026-06-14 10:49:00
C052490,package_mismatch,"Claimed ₹25,080 for SG039C; the hospital's tier and accreditation entitle it to ₹22,800, using a published HBP rate",P203,M002593,F203,SG039C,25080.0,25080.0,2026-06-14 21:26:00
C052495,package_mismatch,"Claimed ₹12,100 for SG017A; the hospital's tier and accreditation entitle it to ₹11,000, using a published HBP rate",P203,M009133,F203,SG017A,12100.0,12100.0,2026-06-14 22:08:00
C052527,package_mismatch,"Claimed ₹7,920 for MG009A; the hospital's tier and accreditation entitle it to ₹7,200, using a published HBP rate",P059,M004894,F059,MG009A,7920.0,7920.0,2026-06-15 07:57:00
C052562,package_mismatch,"Claimed ₹15,840 for MG006A; the hospital's tier and accreditation entitle it to ₹14,400, using a published HBP rate",P059,M004892,F059,MG006A,15840.0,15840.0,2026-06-15 10:00:00
C052628,package_mismatch,"Claimed ₹1,870 for ER003A; the hospital's tier and accreditation entitle it to ₹1,700, using a published HBP rate",P203,M011658,F203,ER003A,1870.0,1870.0,2026-06-15 15:03:00
C052648,package_mismatch,"Claimed ₹5,940 for MG001A; the hospital's tier and accreditation entitle it to ₹5,400, using a published HBP rate",P203,M003863,F203,MG001A,4650.0,5940.0,2026-06-15 16:23:00
C052714,package_mismatch,"Claimed ₹1,980 for MG001A; the hospital's tier and accreditation entitle it to ₹1,800, using a published HBP rate",P203,M012410,F203,MG001A,1980.0,1980.0,2026-06-16 03:36:00
C052832,package_mismatch,"Claimed ₹23,760 for MG071A; the hospital's tier and accreditation entitle it to ₹21,600, using a published HBP rate",P203,M004757,F203,MG071A,23760.0,23760.0,2026-06-16 15:48:00
C052863,package_mismatch,"Claimed ₹15,620 for SG050A; the hospital's tier and accreditation entitle it to ₹14,200, using a published HBP rate",P203,M008055,F203,SG050A,12143.0,15620.0,2026-06-16 19:24:00
C053023,package_mismatch,"Claimed ₹12,650 for SO057; the hospital's tier and accreditation entitle it to ₹11,500, using an ESTIMATED package rate, not a verified HBP rate",P203,M004757,F203,SO057,8936.0,12650.0,2026-06-17 14:37:00
C053113,package_mismatch,"Claimed ₹11,880 for MG016A; the hospital's tier and accreditation entitle it to ₹10,800, using a published HBP rate",P203,M003883,F203,MG016A,11880.0,11880.0,2026-06-18 02:18:00
C053336,package_mismatch,"Claimed ₹25,080 for SG039C; the hospital's tier and accreditation entitle it to ₹22,800, using a published HBP rate",P059,M002588,F059,SG039C,25080.0,25080.0,2026-06-19 08:40:00
C053422,package_mismatch,"Claimed ₹9,900 for MG001A; the hospital's tier and accreditation entitle it to ₹9,000, using a published HBP rate",P203,M007770,F203,MG001A,9900.0,9900.0,2026-06-19 14:18:00
C053488,package_mismatch,"Claimed ₹12,100 for SG017A; the hospital's tier and accreditation entitle it to ₹11,000, using a published HBP rate",P203,M003637,F203,SG017A,12100.0,12100.0,2026-06-19 20:46:00
C053506,package_mismatch,"Claimed ₹24,750 for MG038A; the hospital's tier and accreditation entitle it to ₹22,500, using a published HBP rate",P059,M011659,F059,MG038A,24750.0,24750.0,2026-06-19 23:46:00
C053524,package_mismatch,"Claimed ₹1,980 for MG003A; the hospital's tier and accreditation entitle it to ₹1,800, using a published HBP rate",P203,M013750,F203,MG003A,1980.0,1980.0,2026-06-20 06:20:00
C053592,package_mismatch,"Claimed ₹3,960 for MG064A; the hospital's tier and accreditation entitle it to ₹3,600, using a published HBP rate",P059,M001136,F059,MG064A,3960.0,3960.0,2026-06-20 11:45:00
C053677,package_mismatch,"Claimed ₹7,920 for MG001A; the hospital's tier and accreditation entitle it to ₹7,200, using a published HBP rate",P059,M004275,F059,MG001A,7920.0,7920.0,2026-06-20 17:48:00
C053819,package_mismatch,"Claimed ₹7,920 for MG006A; the hospital's tier and accreditation entitle it to ₹7,200, using a published HBP rate",P203,M010607,F203,MG006A,7920.0,7920.0,2026-06-21 12:15:00
C053869,package_mismatch,"Claimed ₹11,880 for MG045A; the hospital's tier and accreditation entitle it to ₹10,800, using a published HBP rate",P203,M009584,F203,MG045A,11880.0,11880.0,2026-06-21 15:31:00
C053983,package_mismatch,"Claimed ₹19,140 for SG051B; the hospital's tier and accreditation entitle it to ₹17,400, using a published HBP rate",P059,M004893,F059,SG051B,19140.0,19140.0,2026-06-22 08:39:00
C054068,package_mismatch,"Claimed ₹15,620 for SG050A; the hospital's tier and accreditation entitle it to ₹14,200, using a published HBP rate",P059,M008214,F059,SG050A,15620.0,15620.0,2026-06-22 14:08:00
C054084,package_mismatch,"Claimed ₹1,870 for ER003A; the hospital's tier and accreditation entitle it to ₹1,700, using a published HBP rate",P059,M003861,F059,ER003A,1870.0,1870.0,2026-06-22 15:04:00
C054103,package_mismatch,"Claimed ₹1,980 for MG004A; the hospital's tier and accreditation entitle it to ₹1,800, using a published HBP rate",P203,M008225,F203,MG004A,1980.0,1980.0,2026-06-22 16:35:00
C054130,package_mismatch,"Claimed ₹15,620 for SG050A; the hospital's tier and accreditation entitle it to ₹14,200, using a published HBP rate",P203,M003864,F203,SG050A,15620.0,15620.0,2026-06-22 20:12:00
C054150,package_mismatch,"Claimed ₹1,870 for ER003A; the hospital's tier and accreditation entitle it to ₹1,700, using a published HBP rate",P059,M003885,F059,ER003A,1318.0,1870.0,2026-06-22 23:46:00
C054195,package_mismatch,"Claimed ₹19,800 for MG021A; the hospital's tier and accreditation entitle it to ₹18,000, using a published HBP rate",P059,M004895,F059,MG021A,19800.0,19800.0,2026-06-23 08:51:00
C054208,package_mismatch,"Claimed ₹1,870 for ER003A; the hospital's tier and accreditation entitle it to ₹1,700, using a published HBP rate",P059,M013825,F059,ER003A,1870.0,1870.0,2026-06-23 09:30:00
C054259,package_mismatch,"Claimed ₹7,920 for MG001A; the hospital's tier and accreditation entitle it to ₹7,200, using a published HBP rate",P059,M002322,F059,MG001A,7920.0,7920.0,2026-06-23 12:26:00
C054319,package_mismatch,"Claimed ₹11,880 for MG029A; the hospital's tier and accreditation entitle it to ₹10,800, using a published HBP rate",P059,M002323,F059,MG029A,11880.0,11880.0,2026-06-23 15:42:00
C054377,package_mismatch,"Claimed ₹15,840 for MG021A; the hospital's tier and accreditation entitle it to ₹14,400, using a published HBP rate",P059,M008214,F059,MG021A,15840.0,15840.0,2026-06-23 21:45:00
C054393,package_mismatch,"Claimed ₹11,880 for MG006A; the hospital's tier and accreditation entitle it to ₹10,800, using a published HBP rate",P059,M001780,F059,MG006A,11880.0,11880.0,2026-06-23 23:42:00
C054412,package_mismatch,"Claimed ₹15,840 for MG001A; the hospital's tier and accreditation entitle it to ₹14,400, using a published HBP rate",P059,M013826,F059,MG001A,15840.0,15840.0,2026-06-24 05:20:00
C054414,package_mismatch,"Claimed ₹13,860 for MG049C; the hospital's tier and accreditation entitle it to ₹12,600, using a published HBP rate",P059,M013749,F059,MG049C,13860.0,13860.0,2026-06-24 06:09:00
C054415,package_mismatch,"Claimed ₹23,760 for MG017A; the hospital's tier and accreditation entitle it to ₹21,600, using a published HBP rate",P203,M004893,F203,MG017A,23760.0,23760.0,2026-06-24 06:24:00
C054519,package_mismatch,"Claimed ₹1,870 for ER003A; the hospital's tier and accreditation entitle it to ₹1,700, using a published HBP rate",P059,M001783,F059,ER003A,1870.0,1870.0,2026-06-24 14:11:00
C054622,package_mismatch,"Claimed ₹11,880 for MG006A; the hospital's tier and accreditation entitle it to ₹10,800, using a published HBP rate",P203,M004275,F203,MG006A,11880.0,11880.0,2026-06-25 03:46:00
C054707,package_mismatch,"Claimed ₹5,940 for MG006A; the hospital's tier and accreditation entitle it to ₹5,400, using a published HBP rate",P059,M001135,F059,MG006A,5940.0,5940.0,2026-06-25 13:09:00
C054834,package_mismatch,"Claimed ₹7,920 for MG003A; the hospital's tier and accreditation entitle it to ₹7,200, using a published HBP rate",P059,M008054,F059,MG003A,7920.0,7920.0,2026-06-26 03:36:00
C054842,package_mismatch,"Claimed ₹3,960 for MG009A; the hospital's tier and accreditation entitle it to ₹3,600, using a published HBP rate",P203,M002319,F203,MG009A,3960.0,3960.0,2026-06-26 07:51:00
C054852,package_mismatch,"Claimed ₹15,620 for SG050A; the hospital's tier and accreditation entitle it to ₹14,200, using a published HBP rate",P203,M004275,F203,SG050A,15620.0,15620.0,2026-06-26 08:15:00
C054891,package_mismatch,"Claimed ₹3,960 for MG064A; the hospital's tier and accreditation entitle it to ₹3,600, using a published HBP rate",P059,M009159,F059,MG064A,3960.0,3960.0,2026-06-26 11:16:00
C054944,package_mismatch,"Claimed ₹13,860 for MG038A; the hospital's tier and accreditation entitle it to ₹12,600, using a published HBP rate",P059,M004894,F059,MG038A,13860.0,13860.0,2026-06-26 15:15:00
C054946,package_mismatch,"Claimed ₹1,980 for MG001A; the hospital's tier and accreditation entitle it to ₹1,800, using a published HBP rate",P059,M002590,F059,MG001A,1980.0,1980.0,2026-06-26 15:18:00
C055015,package_mismatch,"Claimed ₹15,840 for MG001A; the hospital's tier and accreditation entitle it to ₹14,400, using a published HBP rate",P059,M013825,F059,MG001A,15840.0,15840.0,2026-06-26 22:59:00
C055022,package_mismatch,"Claimed ₹12,100 for SG017A; the hospital's tier and accreditation entitle it to ₹11,000, using a published HBP rate",P203,M003860,F203,SG017A,12100.0,12100.0,2026-06-26 23:50:00
C055171,package_mismatch,"Claimed ₹9,900 for MG064A; the hospital's tier and accreditation entitle it to ₹9,000, using a published HBP rate",P059,M013732,F059,MG064A,9900.0,9900.0,2026-06-27 15:35:00
C055183,package_mismatch,"Claimed ₹5,940 for MG064A; the hospital's tier and accreditation entitle it to ₹5,400, using a published HBP rate",P203,M002323,F203,MG064A,5940.0,5940.0,2026-06-27 16:41:00
C055274,package_mismatch,"Claimed ₹9,900 for MG006A; the hospital's tier and accreditation entitle it to ₹9,000, using a published HBP rate",P203,M007009,F203,MG006A,9900.0,9900.0,2026-06-28 08:57:00
C055435,package_mismatch,"Claimed ₹15,840 for MG016A; the hospital's tier and accreditation entitle it to ₹14,400, using a published HBP rate",P059,M010607,F059,MG016A,12503.0,15840.0,2026-06-28 22:38:00
C055552,package_mismatch,"Claimed ₹19,140 for SG051B; the hospital's tier and accreditation entitle it to ₹17,400, using a published HBP rate",P203,M008000,F203,SG051B,19140.0,19140.0,2026-06-29 14:13:00
C055567,package_mismatch,"Claimed ₹15,620 for SG050A; the hospital's tier and accreditation entitle it to ₹14,200, using a published HBP rate",P059,M004371,F059,SG050A,15620.0,15620.0,2026-06-29 15:14:00
C055611,package_mismatch,"Claimed ₹1,870 for ER003A; the hospital's tier and accreditation entitle it to ₹1,700, using a published HBP rate",P203,M001784,F203,ER003A,1870.0,1870.0,2026-06-29 17:57:00
C055617,package_mismatch,"Claimed ₹17,820 for MG017A; the hospital's tier and accreditation entitle it to ₹16,200, using a published HBP rate",P059,M007999,F059,MG017A,17820.0,17820.0,2026-06-29 18:53:00
C055985,package_mismatch,"Claimed ₹11,880 for MG029A; the hospital's tier and accreditation entitle it to ₹10,800, using a published HBP rate",P203,M002321,F203,MG029A,11880.0,11880.0,2026-07-01 17:06:00
C055993,package_mismatch,"Claimed ₹5,940 for MG003A; the hospital's tier and accreditation entitle it to ₹5,400, using a published HBP rate",P059,M003861,F059,MG003A,5940.0,5940.0,2026-07-01 17:39:00
C056011,package_mismatch,"Claimed ₹7,920 for MG021A; the hospital's tier and accreditation entitle it to ₹7,200, using a published HBP rate",P203,M005592,F203,MG021A,7920.0,7920.0,2026-07-01 19:43:00
C056150,package_mismatch,"Claimed ₹5,940 for MG001A; the hospital's tier and accreditation entitle it to ₹5,400, using a published HBP rate",P059,M009134,F059,MG001A,5940.0,5940.0,2026-07-02 13:42:00
C056165,package_mismatch,"Claimed ₹14,850 for MG064A; the hospital's tier and accreditation entitle it to ₹13,500, using a published HBP rate",P059,M025089,F059,MG064A,12752.0,14850.0,2026-07-02 14:49:00
C056254,package_mismatch,"Claimed ₹15,620 for SG050A; the hospital's tier and accreditation entitle it to ₹14,200, using a published HBP rate",P203,M002319,F203,SG050A,15620.0,15620.0,2026-07-02 21:39:00
C056272,package_mismatch,"Claimed ₹9,900 for MG004A; the hospital's tier and accreditation entitle it to ₹9,000, using a published HBP rate",P059,M002592,F059,MG004A,9900.0,9900.0,2026-07-02 23:32:00
C056284,package_mismatch,"Claimed ₹1,870 for ER003A; the hospital's tier and accreditation entitle it to ₹1,700, using a published HBP rate",P059,M003884,F059,ER003A,1870.0,1870.0,2026-07-03 05:31:00
C056324,package_mismatch,"Claimed ₹5,940 for MG001A; the hospital's tier and accreditation entitle it to ₹5,400, using a published HBP rate",P203,M004892,F203,MG001A,5940.0,5940.0,2026-07-03 10:00:00
C056503,package_mismatch,"Claimed ₹11,880 for MG003A; the hospital's tier and accreditation entitle it to ₹10,800, using a published HBP rate",P203,M004274,F203,MG003A,11880.0,11880.0,2026-07-04 05:27:00
C056590,package_mismatch,"Claimed ₹22,000 for SO010; the hospital's tier and accreditation entitle it to ₹20,000, using an ESTIMATED package rate, not a verified HBP rate",P203,M003884,F203,SO010,22000.0,22000.0,2026-07-04 13:13:00
C056649,package_mismatch,"Claimed ₹2,970 for MG001A; the hospital's tier and accreditation entitle it to ₹2,700, using a published HBP rate",P059,M003862,F059,MG001A,2970.0,2970.0,2026-07-04 16:16:00
C056652,package_mismatch,"Claimed ₹12,100 for SG017A; the hospital's tier and accreditation entitle it to ₹11,000, using a published HBP rate",P203,M009582,F203,SG017A,12100.0,12100.0,2026-07-04 16:25:00
C056659,package_mismatch,"Claimed ₹12,650 for SO057; the hospital's tier and accreditation entitle it to ₹11,500, using an ESTIMATED package rate, not a verified HBP rate",P059,M011658,F059,SO057,12650.0,12650.0,2026-07-04 16:37:00
C056688,package_mismatch,"Claimed ₹5,940 for MG016A; the hospital's tier and accreditation entitle it to ₹5,400, using a published HBP rate",P203,M004894,F203,MG016A,5940.0,5940.0,2026-07-04 19:47:00
C056703,package_mismatch,"Claimed ₹19,140 for SG051B; the hospital's tier and accreditation entitle it to ₹17,400, using a published HBP rate",P203,M009157,F203,SG051B,19140.0,19140.0,2026-07-04 21:25:00
C056764,package_mismatch,"Claimed ₹15,620 for SG050A; the hospital's tier and accreditation entitle it to ₹14,200, using a published HBP rate",P203,M011659,F203,SG050A,15620.0,15620.0,2026-07-05 10:21:00
C056834,package_mismatch,"Claimed ₹15,620 for SG050A; the hospital's tier and accreditation entitle it to ₹14,200, using a published HBP rate",P059,M013732,F059,SG050A,15620.0,15620.0,2026-07-05 15:10:00
C056839,package_mismatch,"Claimed ₹12,650 for SO057; the hospital's tier and accreditation entitle it to ₹11,500, using an ESTIMATED package rate, not a verified HBP rate",P059,M003883,F059,SO057,12650.0,12650.0,2026-07-05 15:28:00
C057061,package_mismatch,"Claimed ₹1,870 for ER003A; the hospital's tier and accreditation entitle it to ₹1,700, using a published HBP rate",P059,M005592,F059,ER003A,1870.0,1870.0,2026-07-06 16:03:00
C057082,package_mismatch,"Claimed ₹16,500 for SG032A; the hospital's tier and accreditation entitle it to ₹15,000, using a published HBP rate",P203,M008212,F203,SG032A,16500.0,16500.0,2026-07-06 17:32:00
C057131,package_mismatch,"Claimed ₹12,650 for SO057; the hospital's tier and accreditation entitle it to ₹11,500, using an ESTIMATED package rate, not a verified HBP rate",P203,M004759,F203,SO057,12650.0,12650.0,2026-07-07 07:19:00
C057209,package_mismatch,"Claimed ₹9,900 for MG038A; the hospital's tier and accreditation entitle it to ₹9,000, using a published HBP rate",P059,M003884,F059,MG038A,9900.0,9900.0,2026-07-07 12:38:00
C057396,package_mismatch,"Claimed ₹13,860 for MG021A; the hospital's tier and accreditation entitle it to ₹12,600, using a published HBP rate",P059,M001136,F059,MG021A,13860.0,13860.0,2026-07-08 11:34:00
C057445,package_mismatch,"Claimed ₹22,000 for SO010; the hospital's tier and accreditation entitle it to ₹20,000, using an ESTIMATED package rate, not a verified HBP rate",P059,M004759,F059,SO010,18599.0,22000.0,2026-07-08 14:48:00
C057485,package_mismatch,"Claimed ₹2,200 for ER001A; the hospital's tier and accreditation entitle it to ₹2,000, using a published HBP rate",P203,M002321,F203,ER001A,2200.0,2200.0,2026-07-08 17:30:00
C057499,package_mismatch,"Claimed ₹9,900 for MG029A; the hospital's tier and accreditation entitle it to ₹9,000, using a published HBP rate",P203,M004849,F203,MG029A,9900.0,9900.0,2026-07-08 20:33:00
C057508,package_mismatch,"Claimed ₹3,960 for MG059A; the hospital's tier and accreditation entitle it to ₹3,600, using a published HBP rate",P203,M000920,F203,MG059A,3580.0,3960.0,2026-07-08 22:47:00
C057515,package_mismatch,"Claimed ₹15,620 for SG050A; the hospital's tier and accreditation entitle it to ₹14,200, using a published HBP rate",P203,M009134,F203,SG050A,15620.0,15620.0,2026-07-08 23:25:00
C057523,package_mismatch,"Claimed ₹11,880 for MG045A; the hospital's tier and accreditation entitle it to ₹10,800, using a published HBP rate",P059,M009132,F059,MG045A,11880.0,11880.0,2026-07-09 01:32:00
C057602,package_mismatch,"Claimed ₹5,940 for MG009A; the hospital's tier and accreditation entitle it to ₹5,400, using a published HBP rate",P203,M009135,F203,MG009A,5940.0,5940.0,2026-07-09 11:32:00
C057622,package_mismatch,"Claimed ₹1,870 for ER003A; the hospital's tier and accreditation entitle it to ₹1,700, using a published HBP rate",P059,M008056,F059,ER003A,1593.0,1870.0,2026-07-09 13:26:00
C057673,package_mismatch,"Claimed ₹12,650 for SO057; the hospital's tier and accreditation entitle it to ₹11,500, using an ESTIMATED package rate, not a verified HBP rate",P059,M002322,F059,SO057,11141.0,12650.0,2026-07-09 16:50:00
C057702,package_mismatch,"Claimed ₹15,620 for SG050A; the hospital's tier and accreditation entitle it to ₹14,200, using a published HBP rate",P203,M003638,F203,SG050A,15620.0,15620.0,2026-07-09 21:13:00
C057707,package_mismatch,"Claimed ₹15,620 for SG050A; the hospital's tier and accreditation entitle it to ₹14,200, using a published HBP rate",P059,M009158,F059,SG050A,12048.0,15620.0,2026-07-09 22:10:00
C057725,package_mismatch,"Claimed ₹1,980 for MG021A; the hospital's tier and accreditation entitle it to ₹1,800, using a published HBP rate",P203,M009581,F203,MG021A,1980.0,1980.0,2026-07-10 01:58:00
C057763,package_mismatch,"Claimed ₹1,870 for ER003A; the hospital's tier and accreditation entitle it to ₹1,700, using a published HBP rate",P059,M009132,F059,ER003A,1870.0,1870.0,2026-07-10 09:49:00
C057826,package_mismatch,"Claimed ₹15,620 for SG050A; the hospital's tier and accreditation entitle it to ₹14,200, using a published HBP rate",P203,M010608,F203,SG050A,15620.0,15620.0,2026-07-10 13:39:00
C057840,package_mismatch,"Claimed ₹3,960 for MG001A; the hospital's tier and accreditation entitle it to ₹3,600, using a published HBP rate",P203,M002587,F203,MG001A,3960.0,3960.0,2026-07-10 14:51:00
C057875,package_mismatch,"Claimed ₹11,880 for MG003A; the hospital's tier and accreditation entitle it to ₹10,800, using a published HBP rate",P059,M004893,F059,MG003A,11880.0,11880.0,2026-07-10 17:25:00
C057930,package_mismatch,"Claimed ₹25,080 for SG039C; the hospital's tier and accreditation entitle it to ₹22,800, using a published HBP rate",P059,M009157,F059,SG039C,25080.0,25080.0,2026-07-11 00:40:00
C057952,package_mismatch,"Claimed ₹1,870 for ER003A; the hospital's tier and accreditation entitle it to ₹1,700, using a published HBP rate",P203,M004895,F203,ER003A,1870.0,1870.0,2026-07-11 07:47:00
C057969,package_mismatch,"Claimed ₹7,920 for MG016A; the hospital's tier and accreditation entitle it to ₹7,200, using a published HBP rate",P059,M011659,F059,MG016A,7920.0,7920.0,2026-07-11 09:01:00
C058007,package_mismatch,"Claimed ₹7,920 for MG009A; the hospital's tier and accreditation entitle it to ₹7,200, using a published HBP rate",P059,M002588,F059,MG009A,7920.0,7920.0,2026-07-11 11:57:00
C058027,package_mismatch,"Claimed ₹9,900 for MG016A; the hospital's tier and accreditation entitle it to ₹9,000, using a published HBP rate",P059,M009156,F059,MG016A,9900.0,9900.0,2026-07-11 13:00:00
C058055,package_mismatch,"Claimed ₹25,080 for SG039C; the hospital's tier and accreditation entitle it to ₹22,800, using a published HBP rate",P203,M013732,F203,SG039C,25080.0,25080.0,2026-07-11 14:31:00
C058066,package_mismatch,"Claimed ₹1,870 for ER003A; the hospital's tier and accreditation entitle it to ₹1,700, using a published HBP rate",P203,M004756,F203,ER003A,1870.0,1870.0,2026-07-11 15:12:00
C058115,package_mismatch,"Claimed ₹1,870 for ER003A; the hospital's tier and accreditation entitle it to ₹1,700, using a published HBP rate",P203,M004758,F203,ER003A,1870.0,1870.0,2026-07-11 19:27:00
C058166,package_mismatch,"Claimed ₹13,860 for MG016A; the hospital's tier and accreditation entitle it to ₹12,600, using a published HBP rate",P059,M000919,F059,MG016A,10129.0,13860.0,2026-07-12 05:38:00
C058167,package_mismatch,"Claimed ₹25,080 for SG039C; the hospital's tier and accreditation entitle it to ₹22,800, using a published HBP rate",P203,M004373,F203,SG039C,25080.0,25080.0,2026-07-12 05:47:00
C058193,package_mismatch,"Claimed ₹7,920 for MG016A; the hospital's tier and accreditation entitle it to ₹7,200, using a published HBP rate",P203,M007999,F203,MG016A,7920.0,7920.0,2026-07-12 09:40:00
C058217,package_mismatch,"Claimed ₹16,500 for SG032A; the hospital's tier and accreditation entitle it to ₹15,000, using a published HBP rate",P203,M008211,F203,SG032A,16500.0,16500.0,2026-07-12 11:32:00
C058238,package_mismatch,"Claimed ₹12,650 for SO057; the hospital's tier and accreditation entitle it to ₹11,500, using an ESTIMATED package rate, not a verified HBP rate",P203,M002588,F203,SO057,9321.0,12650.0,2026-07-12 12:22:00
C058306,package_mismatch,"Claimed ₹21,780 for MG038A; the hospital's tier and accreditation entitle it to ₹19,800, using a published HBP rate",P203,M001781,F203,MG038A,21780.0,21780.0,2026-07-12 17:08:00
C058382,package_mismatch,"Claimed ₹25,080 for SG039C; the hospital's tier and accreditation entitle it to ₹22,800, using a published HBP rate",P059,M003638,F059,SG039C,25080.0,25080.0,2026-07-13 08:22:00
C058397,package_mismatch,"Claimed ₹7,920 for MG006A; the hospital's tier and accreditation entitle it to ₹7,200, using a published HBP rate",P059,M002593,F059,MG006A,7920.0,7920.0,2026-07-13 09:20:00
C058432,package_mismatch,"Claimed ₹5,940 for MG001A; the hospital's tier and accreditation entitle it to ₹5,400, using a published HBP rate",P203,M003637,F203,MG001A,5422.0,5940.0,2026-07-13 11:23:00
C058475,package_mismatch,"Claimed ₹7,920 for MG004A; the hospital's tier and accreditation entitle it to ₹7,200, using a published HBP rate",P203,M004893,F203,MG004A,7920.0,7920.0,2026-07-13 14:11:00
C058485,package_mismatch,"Claimed ₹5,940 for MG009A; the hospital's tier and accreditation entitle it to ₹5,400, using a published HBP rate",P059,M001783,F059,MG009A,5940.0,5940.0,2026-07-13 14:48:00
C058512,package_mismatch,"Claimed ₹3,960 for MG016A; the hospital's tier and accreditation entitle it to ₹3,600, using a published HBP rate",P203,M009812,F203,MG016A,3960.0,3960.0,2026-07-13 16:26:00
C058538,package_mismatch,"Claimed ₹12,100 for SG017A; the hospital's tier and accreditation entitle it to ₹11,000, using a published HBP rate",P203,M004892,F203,SG017A,8818.0,12100.0,2026-07-13 19:21:00
C058558,package_mismatch,"Claimed ₹2,200 for ER001A; the hospital's tier and accreditation entitle it to ₹2,000, using a published HBP rate",P203,M003884,F203,ER001A,2200.0,2200.0,2026-07-13 22:43:00
C058611,package_mismatch,"Claimed ₹15,620 for SG050A; the hospital's tier and accreditation entitle it to ₹14,200, using a published HBP rate",P203,M008213,F203,SG050A,12394.0,15620.0,2026-07-14 09:25:00
C058645,package_mismatch,"Claimed ₹25,080 for SG039C; the hospital's tier and accreditation entitle it to ₹22,800, using a published HBP rate",P203,M003639,F203,SG039C,25080.0,25080.0,2026-07-14 11:18:00
C058650,package_mismatch,"Claimed ₹12,650 for SO057; the hospital's tier and accreditation entitle it to ₹11,500, using an ESTIMATED package rate, not a verified HBP rate",P059,M002593,F059,SO057,12650.0,12650.0,2026-07-14 11:31:00
C058673,package_mismatch,"Claimed ₹8,910 for MG006A; the hospital's tier and accreditation entitle it to ₹8,100, using a published HBP rate",P059,M004371,F059,MG006A,8910.0,8910.0,2026-07-14 13:00:00
C058776,package_mismatch,"Claimed ₹1,870 for ER003A; the hospital's tier and accreditation entitle it to ₹1,700, using a published HBP rate",P059,M002321,F059,ER003A,1870.0,1870.0,2026-07-14 23:53:00
C058825,package_mismatch,"Claimed ₹25,080 for SG039C; the hospital's tier and accreditation entitle it to ₹22,800, using a published HBP rate",P059,M013825,F059,SG039C,25080.0,25080.0,2026-07-15 09:05:00
C058837,package_mismatch,"Claimed ₹1,870 for ER003A; the hospital's tier and accreditation entitle it to ₹1,700, using a published HBP rate",P203,M010693,F203,ER003A,1870.0,1870.0,2026-07-15 09:59:00
C058923,package_mismatch,"Claimed ₹11,880 for MG003A; the hospital's tier and accreditation entitle it to ₹10,800, using a published HBP rate",P059,M004893,F059,MG003A,10703.0,11880.0,2026-07-15 15:18:00
C059093,package_mismatch,"Claimed ₹11,880 for MG004A; the hospital's tier and accreditation entitle it to ₹10,800, using a published HBP rate",P059,M008213,F059,MG004A,11880.0,11880.0,2026-07-16 12:08:00
C059130,package_mismatch,"Claimed ₹12,100 for SG017A; the hospital's tier and accreditation entitle it to ₹11,000, using a published HBP rate",P059,M010607,F059,SG017A,9246.0,12100.0,2026-07-16 14:51:00
C059149,package_mismatch,"Claimed ₹3,960 for MG009A; the hospital's tier and accreditation entitle it to ₹3,600, using a published HBP rate",P059,M008000,F059,MG009A,3960.0,3960.0,2026-07-16 15:45:00
C059155,package_mismatch,"Claimed ₹7,920 for MG009A; the hospital's tier and accreditation entitle it to ₹7,200, using a published HBP rate",P203,M009582,F203,MG009A,7920.0,7920.0,2026-07-16 16:02:00
C059408,package_mismatch,"Claimed ₹1,870 for ER003A; the hospital's tier and accreditation entitle it to ₹1,700, using a published HBP rate",P203,M010606,F203,ER003A,1586.0,1870.0,2026-07-18 01:00:00
C059440,package_mismatch,"Claimed ₹15,620 for SG050A; the hospital's tier and accreditation entitle it to ₹14,200, using a published HBP rate",P203,M009580,F203,SG050A,13420.0,15620.0,2026-07-18 08:30:00
C059518,package_mismatch,"Claimed ₹5,940 for MG009A; the hospital's tier and accreditation entitle it to ₹5,400, using a published HBP rate",P059,M002320,F059,MG009A,5940.0,5940.0,2026-07-18 14:16:00
C059550,package_mismatch,"Claimed ₹12,100 for SG017A; the hospital's tier and accreditation entitle it to ₹11,000, using a published HBP rate",P059,M004757,F059,SG017A,12100.0,12100.0,2026-07-18 16:27:00
C059681,package_mismatch,"Claimed ₹19,140 for SG051B; the hospital's tier and accreditation entitle it to ₹17,400, using a published HBP rate",P203,M002323,F203,SG051B,19140.0,19140.0,2026-07-19 11:06:00
C059727,package_mismatch,"Claimed ₹15,620 for SG050A; the hospital's tier and accreditation entitle it to ₹14,200, using a published HBP rate",P203,M013826,F203,SG050A,15620.0,15620.0,2026-07-19 13:42:00
C059775,package_mismatch,"Claimed ₹15,620 for SG050A; the hospital's tier and accreditation entitle it to ₹14,200, using a published HBP rate",P059,M004371,F059,SG050A,15620.0,15620.0,2026-07-19 16:12:00
C059779,package_mismatch,"Claimed ₹15,620 for SG050A; the hospital's tier and accreditation entitle it to ₹14,200, using a published HBP rate",P203,M004896,F203,SG050A,15620.0,15620.0,2026-07-19 16:27:00
C059855,package_mismatch,"Claimed ₹3,960 for MG004A; the hospital's tier and accreditation entitle it to ₹3,600, using a published HBP rate",P059,M008000,F059,MG004A,3960.0,3960.0,2026-07-20 02:21:00
C059864,package_mismatch,"Claimed ₹11,880 for MG003A; the hospital's tier and accreditation entitle it to ₹10,800, using a published HBP rate",P203,M004371,F203,MG003A,11880.0,11880.0,2026-07-20 05:47:00
C059867,package_mismatch,"Claimed ₹11,880 for MG029A; the hospital's tier and accreditation entitle it to ₹10,800, using a published HBP rate",P059,M004892,F059,MG029A,11880.0,11880.0,2026-07-20 05:59:00
C059891,package_mismatch,"Claimed ₹9,900 for MG070A; the hospital's tier and accreditation entitle it to ₹9,000, using a published HBP rate",P203,M004757,F203,MG070A,9900.0,9900.0,2026-07-20 09:07:00
C059921,package_mismatch,"Claimed ₹5,940 for MG004A; the hospital's tier and accreditation entitle it to ₹5,400, using a published HBP rate",P203,M004756,F203,MG004A,5940.0,5940.0,2026-07-20 11:06:00
C059942,package_mismatch,"Claimed ₹25,080 for SG039C; the hospital's tier and accreditation entitle it to ₹22,800, using a published HBP rate",P203,M007999,F203,SG039C,25080.0,25080.0,2026-07-20 12:07:00
C059968,package_mismatch,"Claimed ₹15,620 for SG050A; the hospital's tier and accreditation entitle it to ₹14,200, using a published HBP rate",P203,M004371,F203,SG050A,15620.0,15620.0,2026-07-20 13:57:00
C059969,package_mismatch,"Claimed ₹23,760 for MG009A; the hospital's tier and accreditation entitle it to ₹21,600, using a published HBP rate",P203,M003886,F203,MG009A,23760.0,23760.0,2026-07-20 14:01:00
C059988,package_mismatch,"Claimed ₹11,880 for MG021A; the hospital's tier and accreditation entitle it to ₹10,800, using a published HBP rate",P203,M002319,F203,MG021A,11880.0,11880.0,2026-07-20 15:04:00
C060016,package_mismatch,"Claimed ₹1,980 for MG009A; the hospital's tier and accreditation entitle it to ₹1,800, using a published HBP rate",P059,M009135,F059,MG009A,1386.0,1980.0,2026-07-20 16:56:00
C060042,package_mismatch,"Claimed ₹1,870 for ER003A; the hospital's tier and accreditation entitle it to ₹1,700, using a published HBP rate",P059,M003638,F059,ER003A,1870.0,1870.0,2026-07-20 18:55:00
C060104,package_mismatch,"Claimed ₹12,100 for SG017A; the hospital's tier and accreditation entitle it to ₹11,000, using a published HBP rate",P059,M010605,F059,SG017A,12100.0,12100.0,2026-07-21 07:36:00
C060241,package_mismatch,"Claimed ₹1,870 for ER003A; the hospital's tier and accreditation entitle it to ₹1,700, using a published HBP rate",P059,M003637,F059,ER003A,1870.0,1870.0,2026-07-21 17:05:00
C060292,package_mismatch,"Claimed ₹9,900 for MG009A; the hospital's tier and accreditation entitle it to ₹9,000, using a published HBP rate",P203,M002593,F203,MG009A,9900.0,9900.0,2026-07-22 01:05:00
C060328,package_mismatch,"Claimed ₹25,080 for SG039C; the hospital's tier and accreditation entitle it to ₹22,800, using a published HBP rate",P203,M001136,F203,SG039C,25080.0,25080.0,2026-07-22 09:14:00
C060335,package_mismatch,"Claimed ₹11,880 for MG006A; the hospital's tier and accreditation entitle it to ₹10,800, using a published HBP rate",P203,M001783,F203,MG006A,11880.0,11880.0,2026-07-22 09:57:00
C060342,package_mismatch,"Claimed ₹15,620 for SG050A; the hospital's tier and accreditation entitle it to ₹14,200, using a published HBP rate",P059,M025411,F059,SG050A,15620.0,15620.0,2026-07-22 10:10:00
C060405,package_mismatch,"Claimed ₹16,500 for SG032A; the hospital's tier and accreditation entitle it to ₹15,000, using a published HBP rate",P059,M004849,F059,SG032A,16500.0,16500.0,2026-07-22 15:05:00
C060493,package_mismatch,"Claimed ₹2,200 for ER001A; the hospital's tier and accreditation entitle it to ₹2,000, using a published HBP rate",P203,M002319,F203,ER001A,2200.0,2200.0,2026-07-23 03:02:00
C060510,package_mismatch,"Claimed ₹12,100 for SG017A; the hospital's tier and accreditation entitle it to ₹11,000, using a published HBP rate",P203,M002533,F203,SG017A,12100.0,12100.0,2026-07-23 08:20:00
C060521,package_mismatch,"Claimed ₹19,140 for SG051B; the hospital's tier and accreditation entitle it to ₹17,400, using a published HBP rate",P059,M009582,F059,SG051B,19140.0,19140.0,2026-07-23 09:13:00
C060538,package_mismatch,"Claimed ₹3,960 for MG006A; the hospital's tier and accreditation entitle it to ₹3,600, using a published HBP rate",P059,M003861,F059,MG006A,3960.0,3960.0,2026-07-23 10:13:00
C060549,package_mismatch,"Claimed ₹12,650 for SO057; the hospital's tier and accreditation entitle it to ₹11,500, using an ESTIMATED package rate, not a verified HBP rate",P059,M007999,F059,SO057,12650.0,12650.0,2026-07-23 10:32:00
C060557,package_mismatch,"Claimed ₹25,080 for SG039C; the hospital's tier and accreditation entitle it to ₹22,800, using a published HBP rate",P203,M004892,F203,SG039C,25080.0,25080.0,2026-07-23 10:48:00
C060588,package_mismatch,"Claimed ₹12,650 for SO057; the hospital's tier and accreditation entitle it to ₹11,500, using an ESTIMATED package rate, not a verified HBP rate",P059,M004892,F059,SO057,12650.0,12650.0,2026-07-23 13:17:00
C060647,package_mismatch,"Claimed ₹9,900 for MG009A; the hospital's tier and accreditation entitle it to ₹9,000, using a published HBP rate",P203,M002589,F203,MG009A,9900.0,9900.0,2026-07-23 16:31:00
C060657,package_mismatch,"Claimed ₹11,880 for MG016A; the hospital's tier and accreditation entitle it to ₹10,800, using a published HBP rate",P059,M009158,F059,MG016A,11880.0,11880.0,2026-07-23 17:16:00
C060733,package_mismatch,"Claimed ₹7,920 for MG070A; the hospital's tier and accreditation entitle it to ₹7,200, using a published HBP rate",P203,M003531,F203,MG070A,7920.0,7920.0,2026-07-24 07:13:00
C060808,package_mismatch,"Claimed ₹5,940 for MG006A; the hospital's tier and accreditation entitle it to ₹5,400, using a published HBP rate",P059,M003639,F059,MG006A,5940.0,5940.0,2026-07-24 12:51:00
C060823,package_mismatch,"Claimed ₹7,920 for MG016A; the hospital's tier and accreditation entitle it to ₹7,200, using a published HBP rate",P203,M008493,F203,MG016A,7920.0,7920.0,2026-07-24 14:17:00
C060824,package_mismatch,"Claimed ₹15,620 for SG050A; the hospital's tier and accreditation entitle it to ₹14,200, using a published HBP rate",P203,M008056,F203,SG050A,15620.0,15620.0,2026-07-24 14:23:00
C060957,package_mismatch,"Claimed ₹3,960 for MG001A; the hospital's tier and accreditation entitle it to ₹3,600, using a published HBP rate",P059,M004892,F059,MG001A,3255.0,3960.0,2026-07-25 09:25:00
C060993,package_mismatch,"Claimed ₹3,960 for MG001A; the hospital's tier and accreditation entitle it to ₹3,600, using a published HBP rate",P059,M004371,F059,MG001A,3960.0,3960.0,2026-07-25 11:44:00
C061214,package_mismatch,"Claimed ₹8,910 for MG059A; the hospital's tier and accreditation entitle it to ₹8,100, using a published HBP rate",P203,M012564,F203,MG059A,8910.0,8910.0,2026-07-26 12:00:00
C061238,package_mismatch,"Claimed ₹3,960 for MG001A; the hospital's tier and accreditation entitle it to ₹3,600, using a published HBP rate",P203,M013828,F203,MG001A,3960.0,3960.0,2026-07-26 13:31:00
C061258,package_mismatch,"Claimed ₹2,970 for MG004A; the hospital's tier and accreditation entitle it to ₹2,700, using a published HBP rate",P203,M000921,F203,MG004A,2970.0,2970.0,2026-07-26 15:01:00
C061398,package_mismatch,"Claimed ₹11,880 for MG021A; the hospital's tier and accreditation entitle it to ₹10,800, using a published HBP rate",P203,M003638,F203,MG021A,11880.0,11880.0,2026-07-27 10:31:00
C061410,package_mismatch,"Claimed ₹7,920 for MG016A; the hospital's tier and accreditation entitle it to ₹7,200, using a published HBP rate",P059,M001137,F059,MG016A,7920.0,7920.0,2026-07-27 11:02:00
C061426,package_mismatch,"Claimed ₹12,650 for SO057; the hospital's tier and accreditation entitle it to ₹11,500, using an ESTIMATED package rate, not a verified HBP rate",P203,M004755,F203,SO057,12650.0,12650.0,2026-07-27 12:15:00
C061464,package_mismatch,"Claimed ₹25,080 for SG039C; the hospital's tier and accreditation entitle it to ₹22,800, using a published HBP rate",P203,M001135,F203,SG039C,25080.0,25080.0,2026-07-27 14:37:00
C061488,package_mismatch,"Claimed ₹1,870 for ER003A; the hospital's tier and accreditation entitle it to ₹1,700, using a published HBP rate",P059,M003862,F059,ER003A,1870.0,1870.0,2026-07-27 16:25:00
C061548,package_mismatch,"Claimed ₹15,840 for MG038A; the hospital's tier and accreditation entitle it to ₹14,400, using a published HBP rate",P203,M003863,F203,MG038A,15840.0,15840.0,2026-07-28 00:59:00
C061661,package_mismatch,"Claimed ₹9,900 for MG038A; the hospital's tier and accreditation entitle it to ₹9,000, using a published HBP rate",P203,M024011,F203,MG038A,9900.0,9900.0,2026-07-28 13:38:00
C061786,package_mismatch,"Claimed ₹3,960 for MG064A; the hospital's tier and accreditation entitle it to ₹3,600, using a published HBP rate",P059,M009156,F059,MG064A,3960.0,3960.0,2026-07-29 08:38:00
C061829,package_mismatch,"Claimed ₹22,000 for SO010; the hospital's tier and accreditation entitle it to ₹20,000, using an ESTIMATED package rate, not a verified HBP rate",P059,M002588,F059,SO010,18424.0,22000.0,2026-07-29 11:52:00
C061834,package_mismatch,"Claimed ₹11,880 for MG016A; the hospital's tier and accreditation entitle it to ₹10,800, using a published HBP rate",P203,M014830,F203,MG016A,11081.0,11880.0,2026-07-29 12:26:00
C061920,package_mismatch,"Claimed ₹9,900 for MG004A; the hospital's tier and accreditation entitle it to ₹9,000, using a published HBP rate",P059,M013750,F059,MG004A,9900.0,9900.0,2026-07-29 18:45:00
C061985,package_mismatch,"Claimed ₹3,960 for MG004A; the hospital's tier and accreditation entitle it to ₹3,600, using a published HBP rate",P059,M004848,F059,MG004A,3960.0,3960.0,2026-07-30 09:12:00
C062019,package_mismatch,"Claimed ₹15,620 for SG050A; the hospital's tier and accreditation entitle it to ₹14,200, using a published HBP rate",P059,M009582,F059,SG050A,15620.0,15620.0,2026-07-30 11:11:00
C062114,package_mismatch,"Claimed ₹1,870 for ER003A; the hospital's tier and accreditation entitle it to ₹1,700, using a published HBP rate",P059,M001781,F059,ER003A,1870.0,1870.0,2026-07-30 19:15:00
C062129,package_mismatch,"Claimed ₹1,980 for MG009A; the hospital's tier and accreditation entitle it to ₹1,800, using a published HBP rate",P059,M025540,F059,MG009A,1980.0,1980.0,2026-07-30 21:02:00
C062259,package_mismatch,"Claimed ₹11,880 for MG045A; the hospital's tier and accreditation entitle it to ₹10,800, using a published HBP rate",P203,M017803,F203,MG045A,11880.0,11880.0,2026-07-31 13:56:00
C062342,package_mismatch,"Claimed ₹16,500 for SG032A; the hospital's tier and accreditation entitle it to ₹15,000, using a published HBP rate",P203,M004893,F203,SG032A,16500.0,16500.0,2026-08-01 00:56:00
C062420,package_mismatch,"Claimed ₹7,920 for MG009A; the hospital's tier and accreditation entitle it to ₹7,200, using a published HBP rate",P203,M009132,F203,MG009A,7920.0,7920.0,2026-08-01 11:14:00
C062546,package_mismatch,"Claimed ₹1,870 for ER003A; the hospital's tier and accreditation entitle it to ₹1,700, using a published HBP rate",P203,M004274,F203,ER003A,1691.0,1870.0,2026-08-01 22:18:00
C062574,package_mismatch,"Claimed ₹15,620 for SG050A; the hospital's tier and accreditation entitle it to ₹14,200, using a published HBP rate",P203,M002593,F203,SG050A,15620.0,15620.0,2026-08-02 06:13:00
C062726,package_mismatch,"Claimed ₹5,940 for MG009A; the hospital's tier and accreditation entitle it to ₹5,400, using a published HBP rate",P203,M010607,F203,MG009A,5940.0,5940.0,2026-08-02 16:43:00
C062748,package_mismatch,"Claimed ₹12,650 for SO057; the hospital's tier and accreditation entitle it to ₹11,500, using an ESTIMATED package rate, not a verified HBP rate",P059,M008055,F059,SO057,12650.0,12650.0,2026-08-02 17:49:00
C062844,package_mismatch,"Claimed ₹25,080 for SG039C; the hospital's tier and accreditation entitle it to ₹22,800, using a published HBP rate",P203,M013828,F203,SG039C,25080.0,25080.0,2026-08-03 10:39:00
C062849,package_mismatch,"Claimed ₹5,940 for MG059A; the hospital's tier and accreditation entitle it to ₹5,400, using a published HBP rate",P203,M004476,F203,MG059A,5940.0,5940.0,2026-08-03 10:57:00
C062891,package_mismatch,"Claimed ₹5,940 for MG021A; the hospital's tier and accreditation entitle it to ₹5,400, using a published HBP rate",P059,M003861,F059,MG021A,5940.0,5940.0,2026-08-03 13:30:00
C062952,package_mismatch,"Claimed ₹12,650 for SO057; the hospital's tier and accreditation entitle it to ₹11,500, using an ESTIMATED package rate, not a verified HBP rate",P059,M001780,F059,SO057,12650.0,12650.0,2026-08-03 18:00:00
C062970,package_mismatch,"Claimed ₹7,920 for MG001A; the hospital's tier and accreditation entitle it to ₹7,200, using a published HBP rate",P059,M001784,F059,MG001A,7920.0,7920.0,2026-08-03 20:16:00
C063037,package_mismatch,"Claimed ₹5,940 for MG009A; the hospital's tier and accreditation entitle it to ₹5,400, using a published HBP rate",P059,M003863,F059,MG009A,5940.0,5940.0,2026-08-04 08:51:00
C063054,package_mismatch,"Claimed ₹7,920 for MG016A; the hospital's tier and accreditation entitle it to ₹7,200, using a published HBP rate",P059,M013827,F059,MG016A,7920.0,7920.0,2026-08-04 10:37:00
C063091,package_mismatch,"Claimed ₹12,100 for SG017A; the hospital's tier and accreditation entitle it to ₹11,000, using a published HBP rate",P203,M010608,F203,SG017A,12100.0,12100.0,2026-08-04 12:30:00
C063133,package_mismatch,"Claimed ₹15,620 for SG050A; the hospital's tier and accreditation entitle it to ₹14,200, using a published HBP rate",P203,M001135,F203,SG050A,15620.0,15620.0,2026-08-04 15:12:00
C063147,package_mismatch,"Claimed ₹19,140 for SG051B; the hospital's tier and accreditation entitle it to ₹17,400, using a published HBP rate",P203,M003882,F203,SG051B,19140.0,19140.0,2026-08-04 15:54:00
C063169,package_mismatch,"Claimed ₹7,920 for MG038A; the hospital's tier and accreditation entitle it to ₹7,200, using a published HBP rate",P059,M009584,F059,MG038A,7920.0,7920.0,2026-08-04 17:14:00
C063210,package_mismatch,"Claimed ₹12,100 for SG017A; the hospital's tier and accreditation entitle it to ₹11,000, using a published HBP rate",P059,M008212,F059,SG017A,12100.0,12100.0,2026-08-04 20:26:00
C063232,package_mismatch,"Claimed ₹19,800 for MG070A; the hospital's tier and accreditation entitle it to ₹18,000, using a published HBP rate",P059,M009580,F059,MG070A,19800.0,19800.0,2026-08-05 00:20:00
C063241,package_mismatch,"Claimed ₹25,080 for SG039C; the hospital's tier and accreditation entitle it to ₹22,800, using a published HBP rate",P203,M002324,F203,SG039C,25080.0,25080.0,2026-08-05 03:59:00
C063289,package_mismatch,"Claimed ₹1,980 for MG006A; the hospital's tier and accreditation entitle it to ₹1,800, using a published HBP rate",P203,M000920,F203,MG006A,1980.0,1980.0,2026-08-05 10:16:00
C063356,package_mismatch,"Claimed ₹11,880 for MG006A; the hospital's tier and accreditation entitle it to ₹10,800, using a published HBP rate",P203,M002321,F203,MG006A,11880.0,11880.0,2026-08-05 14:38:00
C063367,package_mismatch,"Claimed ₹7,920 for MG001A; the hospital's tier and accreditation entitle it to ₹7,200, using a published HBP rate",P059,M001138,F059,MG001A,7315.0,7920.0,2026-08-05 15:15:00
C063523,package_mismatch,"Claimed ₹5,940 for MG001A; the hospital's tier and accreditation entitle it to ₹5,400, using a published HBP rate",P203,M010608,F203,MG001A,5940.0,5940.0,2026-08-06 10:04:00
C063532,package_mismatch,"Claimed ₹16,500 for SG032A; the hospital's tier and accreditation entitle it to ₹15,000, using a published HBP rate",P059,M001135,F059,SG032A,16500.0,16500.0,2026-08-06 10:47:00
C063552,package_mismatch,"Claimed ₹7,920 for MG001A; the hospital's tier and accreditation entitle it to ₹7,200, using a published HBP rate",P059,M002323,F059,MG001A,7920.0,7920.0,2026-08-06 12:20:00
C063562,package_mismatch,"Claimed ₹17,820 for MG029A; the hospital's tier and accreditation entitle it to ₹16,200, using a published HBP rate",P059,M009135,F059,MG029A,17820.0,17820.0,2026-08-06 12:54:00
C063568,package_mismatch,"Claimed ₹25,080 for SG039C; the hospital's tier and accreditation entitle it to ₹22,800, using a published HBP rate",P203,M004372,F203,SG039C,25080.0,25080.0,2026-08-06 13:03:00
C063583,package_mismatch,"Claimed ₹5,940 for MG001A; the hospital's tier and accreditation entitle it to ₹5,400, using a published HBP rate",P203,M009156,F203,MG001A,5940.0,5940.0,2026-08-06 14:04:00
C063620,package_mismatch,"Claimed ₹11,880 for MG004A; the hospital's tier and accreditation entitle it to ₹10,800, using a published HBP rate",P203,M000920,F203,MG004A,11880.0,11880.0,2026-08-06 16:09:00
C063636,package_mismatch,"Claimed ₹5,940 for MG009A; the hospital's tier and accreditation entitle it to ₹5,400, using a published HBP rate",P059,M009584,F059,MG009A,5940.0,5940.0,2026-08-06 17:31:00
C063663,package_mismatch,"Claimed ₹19,800 for MG049C; the hospital's tier and accreditation entitle it to ₹18,000, using a published HBP rate",P203,M008000,F203,MG049C,19800.0,19800.0,2026-08-06 20:21:00
C063778,package_mismatch,"Claimed ₹25,080 for SG039C; the hospital's tier and accreditation entitle it to ₹22,800, using a published HBP rate",P203,M003637,F203,SG039C,25080.0,25080.0,2026-08-07 12:07:00
C063798,package_mismatch,"Claimed ₹25,080 for SG039C; the hospital's tier and accreditation entitle it to ₹22,800, using a published HBP rate",P059,M002591,F059,SG039C,25080.0,25080.0,2026-08-07 13:28:00
C063808,package_mismatch,"Claimed ₹1,870 for ER003A; the hospital's tier and accreditation entitle it to ₹1,700, using a published HBP rate",P203,M001137,F203,ER003A,1870.0,1870.0,2026-08-07 14:09:00
C063830,package_mismatch,"Claimed ₹15,620 for SG050A; the hospital's tier and accreditation entitle it to ₹14,200, using a published HBP rate",P059,M003882,F059,SG050A,15620.0,15620.0,2026-08-07 16:04:00
C063849,package_mismatch,"Claimed ₹15,840 for MG029A; the hospital's tier and accreditation entitle it to ₹14,400, using a published HBP rate",P059,M008054,F059,MG029A,15840.0,15840.0,2026-08-07 17:27:00
C063994,package_mismatch,"Claimed ₹19,140 for SG051B; the hospital's tier and accreditation entitle it to ₹17,400, using a published HBP rate",P203,M004372,F203,SG051B,19140.0,19140.0,2026-08-08 10:35:00
C064045,package_mismatch,"Claimed ₹12,650 for SO057; the hospital's tier and accreditation entitle it to ₹11,500, using an ESTIMATED package rate, not a verified HBP rate",P203,M003884,F203,SO057,12650.0,12650.0,2026-08-08 13:56:00
C064090,package_mismatch,"Claimed ₹15,620 for SG050A; the hospital's tier and accreditation entitle it to ₹14,200, using a published HBP rate",P203,M004373,F203,SG050A,15620.0,15620.0,2026-08-08 16:37:00
C064124,package_mismatch,"Claimed ₹12,650 for SO057; the hospital's tier and accreditation entitle it to ₹11,500, using an ESTIMATED package rate, not a verified HBP rate",P059,M008213,F059,SO057,12650.0,12650.0,2026-08-08 20:19:00
C064128,package_mismatch,"Claimed ₹25,080 for SG039C; the hospital's tier and accreditation entitle it to ₹22,800, using a published HBP rate",P203,M013749,F203,SG039C,18200.0,25080.0,2026-08-08 21:02:00
C064144,package_mismatch,"Claimed ₹9,900 for MG001A; the hospital's tier and accreditation entitle it to ₹9,000, using a published HBP rate",P203,M003864,F203,MG001A,9900.0,9900.0,2026-08-08 23:57:00
C064257,package_mismatch,"Claimed ₹5,940 for MG029A; the hospital's tier and accreditation entitle it to ₹5,400, using a published HBP rate",P059,M003864,F059,MG029A,5940.0,5940.0,2026-08-09 14:14:00
C064275,package_mismatch,"Claimed ₹5,940 for MG064A; the hospital's tier and accreditation entitle it to ₹5,400, using a published HBP rate",P203,M002590,F203,MG064A,5940.0,5940.0,2026-08-09 15:54:00
C064290,package_mismatch,"Claimed ₹15,620 for SG050A; the hospital's tier and accreditation entitle it to ₹14,200, using a published HBP rate",P203,M010606,F203,SG050A,15620.0,15620.0,2026-08-09 17:01:00
C064300,package_mismatch,"Claimed ₹12,100 for SG017A; the hospital's tier and accreditation entitle it to ₹11,000, using a published HBP rate",P059,M003860,F059,SG017A,12100.0,12100.0,2026-08-09 17:47:00
C064455,package_mismatch,"Claimed ₹1,980 for MG009A; the hospital's tier and accreditation entitle it to ₹1,800, using a published HBP rate",P059,M003886,F059,MG009A,1980.0,1980.0,2026-08-10 12:21:00
C064470,package_mismatch,"Claimed ₹12,100 for SG017A; the hospital's tier and accreditation entitle it to ₹11,000, using a published HBP rate",P059,M002588,F059,SG017A,12100.0,12100.0,2026-08-10 13:10:00
C064488,package_mismatch,"Claimed ₹9,900 for MG064A; the hospital's tier and accreditation entitle it to ₹9,000, using a published HBP rate",P059,M002591,F059,MG064A,9900.0,9900.0,2026-08-10 14:15:00
C064570,package_mismatch,"Claimed ₹7,920 for MG038A; the hospital's tier and accreditation entitle it to ₹7,200, using a published HBP rate",P203,M003860,F203,MG038A,7920.0,7920.0,2026-08-11 00:55:00
C064627,package_mismatch,"Claimed ₹8,910 for MG070A; the hospital's tier and accreditation entitle it to ₹8,100, using a published HBP rate",P059,M002054,F059,MG070A,8910.0,8910.0,2026-08-11 10:11:00
C064628,package_mismatch,"Claimed ₹1,870 for ER003A; the hospital's tier and accreditation entitle it to ₹1,700, using a published HBP rate",P203,M004757,F203,ER003A,1870.0,1870.0,2026-08-11 10:14:00
C064725,package_mismatch,"Claimed ₹11,880 for MG003A; the hospital's tier and accreditation entitle it to ₹10,800, using a published HBP rate",P059,M005592,F059,MG003A,11880.0,11880.0,2026-08-11 15:25:00
C064764,package_mismatch,"Claimed ₹3,960 for MG009A; the hospital's tier and accreditation entitle it to ₹3,600, using a published HBP rate",P059,M013825,F059,MG009A,3960.0,3960.0,2026-08-11 18:49:00
C064812,package_mismatch,"Claimed ₹25,080 for SG039C; the hospital's tier and accreditation entitle it to ₹22,800, using a published HBP rate",P059,M001135,F059,SG039C,25080.0,25080.0,2026-08-12 08:07:00
C064828,package_mismatch,"Claimed ₹25,080 for SG039C; the hospital's tier and accreditation entitle it to ₹22,800, using a published HBP rate",P059,M021290,F059,SG039C,25080.0,25080.0,2026-08-12 08:57:00
C064884,package_mismatch,"Claimed ₹19,140 for SG051B; the hospital's tier and accreditation entitle it to ₹17,400, using a published HBP rate",P203,M003863,F203,SG051B,19140.0,19140.0,2026-08-12 13:25:00
C064951,package_mismatch,"Claimed ₹15,620 for SG050A; the hospital's tier and accreditation entitle it to ₹14,200, using a published HBP rate",P059,M013732,F059,SG050A,15620.0,15620.0,2026-08-12 17:40:00
C065030,package_mismatch,"Claimed ₹3,960 for MG001A; the hospital's tier and accreditation entitle it to ₹3,600, using a published HBP rate",P203,M003861,F203,MG001A,3960.0,3960.0,2026-08-13 06:00:00
C065036,package_mismatch,"Claimed ₹25,080 for SG039C; the hospital's tier and accreditation entitle it to ₹22,800, using a published HBP rate",P203,M004759,F203,SG039C,25080.0,25080.0,2026-08-13 08:01:00
C065049,package_mismatch,"Claimed ₹2,200 for ER001A; the hospital's tier and accreditation entitle it to ₹2,000, using a published HBP rate",P203,M008056,F203,ER001A,2200.0,2200.0,2026-08-13 08:24:00
C065067,package_mismatch,"Claimed ₹2,200 for ER001A; the hospital's tier and accreditation entitle it to ₹2,000, using a published HBP rate",P059,M009583,F059,ER001A,2200.0,2200.0,2026-08-13 08:59:00
C065226,package_mismatch,"Claimed ₹2,200 for ER001A; the hospital's tier and accreditation entitle it to ₹2,000, using a published HBP rate",P203,M002588,F203,ER001A,2200.0,2200.0,2026-08-13 15:00:00
C065318,package_mismatch,"Claimed ₹12,100 for SG017A; the hospital's tier and accreditation entitle it to ₹11,000, using a published HBP rate",P203,M010608,F203,SG017A,12100.0,12100.0,2026-08-13 17:45:00
C065364,package_mismatch,"Claimed ₹2,200 for ER001A; the hospital's tier and accreditation entitle it to ₹2,000, using a published HBP rate",P203,M002319,F203,ER001A,2200.0,2200.0,2026-08-13 23:26:00
C065498,package_mismatch,"Claimed ₹23,760 for MG017A; the hospital's tier and accreditation entitle it to ₹21,600, using a published HBP rate",P059,M008054,F059,MG017A,23760.0,23760.0,2026-08-14 13:44:00
C065590,package_mismatch,"Claimed ₹7,920 for MG021A; the hospital's tier and accreditation entitle it to ₹7,200, using a published HBP rate",P203,M002322,F203,MG021A,6323.0,7920.0,2026-08-14 23:43:00
C065591,package_mismatch,"Claimed ₹1,870 for ER003A; the hospital's tier and accreditation entitle it to ₹1,700, using a published HBP rate",P059,M013732,F059,ER003A,1870.0,1870.0,2026-08-14 23:48:00
C065632,package_mismatch,"Claimed ₹9,900 for MG029A; the hospital's tier and accreditation entitle it to ₹9,000, using a published HBP rate",P059,M011658,F059,MG029A,9900.0,9900.0,2026-08-15 09:41:00
C065688,package_mismatch,"Claimed ₹3,960 for MG001A; the hospital's tier and accreditation entitle it to ₹3,600, using a published HBP rate",P059,M008212,F059,MG001A,3960.0,3960.0,2026-08-15 13:23:00
C065710,package_mismatch,"Claimed ₹15,620 for SG050A; the hospital's tier and accreditation entitle it to ₹14,200, using a published HBP rate",P203,M002322,F203,SG050A,15620.0,15620.0,2026-08-15 14:48:00
C065774,package_mismatch,"Claimed ₹15,620 for SG050A; the hospital's tier and accreditation entitle it to ₹14,200, using a published HBP rate",P059,M004892,F059,SG050A,15620.0,15620.0,2026-08-15 19:32:00
C065818,package_mismatch,"Claimed ₹12,650 for SO057; the hospital's tier and accreditation entitle it to ₹11,500, using an ESTIMATED package rate, not a verified HBP rate",P059,M008213,F059,SO057,12650.0,12650.0,2026-08-16 05:46:00
C065844,package_mismatch,"Claimed ₹1,870 for ER003A; the hospital's tier and accreditation entitle it to ₹1,700, using a published HBP rate",P059,M003637,F059,ER003A,1639.0,1870.0,2026-08-16 08:50:00
C066063,package_mismatch,"Claimed ₹9,900 for MG016A; the hospital's tier and accreditation entitle it to ₹9,000, using a published HBP rate",P203,M017513,F203,MG016A,9900.0,9900.0,2026-08-17 09:26:00
C066114,package_mismatch,"Claimed ₹15,840 for MG016A; the hospital's tier and accreditation entitle it to ₹14,400, using a published HBP rate",P059,M013750,F059,MG016A,15840.0,15840.0,2026-08-17 12:11:00
C066262,package_mismatch,"Claimed ₹15,840 for MG016A; the hospital's tier and accreditation entitle it to ₹14,400, using a published HBP rate",P059,M009134,F059,MG016A,11935.0,15840.0,2026-08-17 23:07:00
C066272,package_mismatch,"Claimed ₹1,980 for MG001A; the hospital's tier and accreditation entitle it to ₹1,800, using a published HBP rate",P059,M004896,F059,MG001A,1980.0,1980.0,2026-08-18 01:40:00
C066312,package_mismatch,"Claimed ₹3,960 for MG003A; the hospital's tier and accreditation entitle it to ₹3,600, using a published HBP rate",P203,M002322,F203,MG003A,3960.0,3960.0,2026-08-18 09:01:00
C066327,package_mismatch,"Claimed ₹12,650 for SO057; the hospital's tier and accreditation entitle it to ₹11,500, using an ESTIMATED package rate, not a verified HBP rate",P203,M004755,F203,SO057,12650.0,12650.0,2026-08-18 09:37:00
C066350,package_mismatch,"Claimed ₹22,000 for SO010; the hospital's tier and accreditation entitle it to ₹20,000, using an ESTIMATED package rate, not a verified HBP rate",P059,M004847,F059,SO010,19075.0,22000.0,2026-08-18 11:02:00
C066406,package_mismatch,"Claimed ₹5,940 for MG009A; the hospital's tier and accreditation entitle it to ₹5,400, using a published HBP rate",P203,M003886,F203,MG009A,5940.0,5940.0,2026-08-18 15:05:00
C066425,package_mismatch,"Claimed ₹9,900 for MG016A; the hospital's tier and accreditation entitle it to ₹9,000, using a published HBP rate",P203,M013732,F203,MG016A,9900.0,9900.0,2026-08-18 16:29:00
C066453,package_mismatch,"Claimed ₹2,200 for ER001A; the hospital's tier and accreditation entitle it to ₹2,000, using a published HBP rate",P203,M000919,F203,ER001A,2200.0,2200.0,2026-08-18 17:35:00
C066461,package_mismatch,"Claimed ₹5,940 for MG021A; the hospital's tier and accreditation entitle it to ₹5,400, using a published HBP rate",P059,M002590,F059,MG021A,5174.0,5940.0,2026-08-18 18:14:00
C066480,package_mismatch,"Claimed ₹5,940 for MG001A; the hospital's tier and accreditation entitle it to ₹5,400, using a published HBP rate",P203,M024472,F203,MG001A,5940.0,5940.0,2026-08-18 21:14:00
C066498,package_mismatch,"Claimed ₹3,960 for MG003A; the hospital's tier and accreditation entitle it to ₹3,600, using a published HBP rate",P059,M002589,F059,MG003A,3960.0,3960.0,2026-08-18 23:31:00
C066522,package_mismatch,"Claimed ₹15,840 for MG021A; the hospital's tier and accreditation entitle it to ₹14,400, using a published HBP rate",P059,M011658,F059,MG021A,15840.0,15840.0,2026-08-19 04:18:00
C066613,package_mismatch,"Claimed ₹2,200 for ER001A; the hospital's tier and accreditation entitle it to ₹2,000, using a published HBP rate",P203,M009575,F203,ER001A,2200.0,2200.0,2026-08-19 13:27:00
C066625,package_mismatch,"Claimed ₹3,960 for MG001A; the hospital's tier and accreditation entitle it to ₹3,600, using a published HBP rate",P203,M024008,F203,MG001A,3960.0,3960.0,2026-08-19 14:15:00
C066678,package_mismatch,"Claimed ₹3,960 for MG001A; the hospital's tier and accreditation entitle it to ₹3,600, using a published HBP rate",P059,M004758,F059,MG001A,3960.0,3960.0,2026-08-19 18:36:00
C066714,package_mismatch,"Claimed ₹15,620 for SG050A; the hospital's tier and accreditation entitle it to ₹14,200, using a published HBP rate",P059,M013827,F059,SG050A,15620.0,15620.0,2026-08-20 01:47:00
C066719,package_mismatch,"Claimed ₹5,940 for MG001A; the hospital's tier and accreditation entitle it to ₹5,400, using a published HBP rate",P203,M007999,F203,MG001A,5940.0,5940.0,2026-08-20 02:34:00
C066806,package_mismatch,"Claimed ₹12,650 for SO057; the hospital's tier and accreditation entitle it to ₹11,500, using an ESTIMATED package rate, not a verified HBP rate",P203,M007999,F203,SO057,12650.0,12650.0,2026-08-20 12:27:00
C066823,package_mismatch,"Claimed ₹3,960 for MG001A; the hospital's tier and accreditation entitle it to ₹3,600, using a published HBP rate",P203,M001782,F203,MG001A,3960.0,3960.0,2026-08-20 13:31:00
C066906,package_mismatch,"Claimed ₹25,080 for SG039C; the hospital's tier and accreditation entitle it to ₹22,800, using a published HBP rate",P203,M004756,F203,SG039C,25080.0,25080.0,2026-08-20 22:38:00
C066907,package_mismatch,"Claimed ₹15,840 for MG006A; the hospital's tier and accreditation entitle it to ₹14,400, using a published HBP rate",P203,M010607,F203,MG006A,15840.0,15840.0,2026-08-20 22:50:00
C066955,package_mismatch,"Claimed ₹11,880 for MG001A; the hospital's tier and accreditation entitle it to ₹10,800, using a published HBP rate",P059,M003883,F059,MG001A,11880.0,11880.0,2026-08-21 08:22:00
C066968,package_mismatch,"Claimed ₹3,960 for MG064A; the hospital's tier and accreditation entitle it to ₹3,600, using a published HBP rate",P203,M003638,F203,MG064A,3960.0,3960.0,2026-08-21 09:13:00
C067061,package_mismatch,"Claimed ₹19,140 for SG051B; the hospital's tier and accreditation entitle it to ₹17,400, using a published HBP rate",P203,M002590,F203,SG051B,14226.0,19140.0,2026-08-21 15:37:00
C067068,package_mismatch,"Claimed ₹22,000 for SO010; the hospital's tier and accreditation entitle it to ₹20,000, using an ESTIMATED package rate, not a verified HBP rate",P059,M002588,F059,SO010,22000.0,22000.0,2026-08-21 16:05:00
C067083,package_mismatch,"Claimed ₹12,650 for SO057; the hospital's tier and accreditation entitle it to ₹11,500, using an ESTIMATED package rate, not a verified HBP rate",P203,M004847,F203,SO057,12650.0,12650.0,2026-08-21 16:54:00
C067284,package_mismatch,"Claimed ₹7,920 for MG017A; the hospital's tier and accreditation entitle it to ₹7,200, using a published HBP rate",P059,M002592,F059,MG017A,7920.0,7920.0,2026-08-22 14:08:00
C067351,package_mismatch,"Claimed ₹9,900 for MG070A; the hospital's tier and accreditation entitle it to ₹9,000, using a published HBP rate",P059,M001137,F059,MG070A,9900.0,9900.0,2026-08-22 18:49:00
C067424,package_mismatch,"Claimed ₹12,650 for SO057; the hospital's tier and accreditation entitle it to ₹11,500, using an ESTIMATED package rate, not a verified HBP rate",P203,M004275,F203,SO057,12650.0,12650.0,2026-08-23 09:24:00
C067463,package_mismatch,"Claimed ₹1,870 for ER003A; the hospital's tier and accreditation entitle it to ₹1,700, using a published HBP rate",P059,M004848,F059,ER003A,1870.0,1870.0,2026-08-23 12:59:00
C067484,package_mismatch,"Claimed ₹19,140 for SG051B; the hospital's tier and accreditation entitle it to ₹17,400, using a published HBP rate",P203,M002588,F203,SG051B,19140.0,19140.0,2026-08-23 14:02:00
C067546,package_mismatch,"Claimed ₹13,860 for MG070A; the hospital's tier and accreditation entitle it to ₹12,600, using a published HBP rate",P059,M001137,F059,MG070A,9929.0,13860.0,2026-08-23 19:27:00
C067593,package_mismatch,"Claimed ₹3,960 for MG009A; the hospital's tier and accreditation entitle it to ₹3,600, using a published HBP rate",P203,M002589,F203,MG009A,3960.0,3960.0,2026-08-24 03:23:00
C067618,package_mismatch,"Claimed ₹12,100 for SG017A; the hospital's tier and accreditation entitle it to ₹11,000, using a published HBP rate",P059,M000921,F059,SG017A,12100.0,12100.0,2026-08-24 08:42:00
C067624,package_mismatch,"Claimed ₹25,080 for SG039C; the hospital's tier and accreditation entitle it to ₹22,800, using a published HBP rate",P059,M001782,F059,SG039C,25080.0,25080.0,2026-08-24 08:55:00
C067655,package_mismatch,"Claimed ₹19,140 for SG051B; the hospital's tier and accreditation entitle it to ₹17,400, using a published HBP rate",P059,M001780,F059,SG051B,16110.0,19140.0,2026-08-24 10:45:00
C067721,package_mismatch,"Claimed ₹12,650 for SO057; the hospital's tier and accreditation entitle it to ₹11,500, using an ESTIMATED package rate, not a verified HBP rate",P203,M004758,F203,SO057,12650.0,12650.0,2026-08-24 14:23:00
C067804,package_mismatch,"Claimed ₹9,900 for MG029A; the hospital's tier and accreditation entitle it to ₹9,000, using a published HBP rate",P203,M009156,F203,MG029A,8027.0,9900.0,2026-08-24 19:16:00
C067815,package_mismatch,"Claimed ₹9,900 for MG029A; the hospital's tier and accreditation entitle it to ₹9,000, using a published HBP rate",P059,M008214,F059,MG029A,9900.0,9900.0,2026-08-24 22:24:00
C067832,package_mismatch,"Claimed ₹11,880 for MG017A; the hospital's tier and accreditation entitle it to ₹10,800, using a published HBP rate",P059,M002593,F059,MG017A,11880.0,11880.0,2026-08-25 00:37:00
C068025,package_mismatch,"Claimed ₹2,970 for MG009A; the hospital's tier and accreditation entitle it to ₹2,700, using a published HBP rate",P059,M009133,F059,MG009A,2970.0,2970.0,2026-08-25 23:12:00
C068046,package_mismatch,"Claimed ₹19,140 for SG051B; the hospital's tier and accreditation entitle it to ₹17,400, using a published HBP rate",P203,M009583,F203,SG051B,17504.0,19140.0,2026-08-26 03:54:00
C068077,package_mismatch,"Claimed ₹15,620 for SG050A; the hospital's tier and accreditation entitle it to ₹14,200, using a published HBP rate",P203,M004895,F203,SG050A,15620.0,15620.0,2026-08-26 08:57:00
C068097,package_mismatch,"Claimed ₹15,840 for MG029A; the hospital's tier and accreditation entitle it to ₹14,400, using a published HBP rate",P203,M010608,F203,MG029A,15840.0,15840.0,2026-08-26 10:08:00
C068111,package_mismatch,"Claimed ₹5,940 for MG009A; the hospital's tier and accreditation entitle it to ₹5,400, using a published HBP rate",P203,M009158,F203,MG009A,5940.0,5940.0,2026-08-26 10:48:00
C068140,package_mismatch,"Claimed ₹15,620 for SG050A; the hospital's tier and accreditation entitle it to ₹14,200, using a published HBP rate",P059,M009159,F059,SG050A,15620.0,15620.0,2026-08-26 12:48:00
C068141,package_mismatch,"Claimed ₹11,880 for MG029A; the hospital's tier and accreditation entitle it to ₹10,800, using a published HBP rate",P059,M009156,F059,MG029A,11187.0,11880.0,2026-08-26 12:52:00
C068161,package_mismatch,"Claimed ₹9,900 for MG021A; the hospital's tier and accreditation entitle it to ₹9,000, using a published HBP rate",P059,M004372,F059,MG021A,9900.0,9900.0,2026-08-26 13:56:00
C068180,package_mismatch,"Claimed ₹1,870 for ER003A; the hospital's tier and accreditation entitle it to ₹1,700, using a published HBP rate",P203,M004893,F203,ER003A,1870.0,1870.0,2026-08-26 14:58:00
C068184,package_mismatch,"Claimed ₹22,000 for SO010; the hospital's tier and accreditation entitle it to ₹20,000, using an ESTIMATED package rate, not a verified HBP rate",P203,M003882,F203,SO010,22000.0,22000.0,2026-08-26 15:11:00
C068268,package_mismatch,"Claimed ₹5,940 for MG070A; the hospital's tier and accreditation entitle it to ₹5,400, using a published HBP rate",P059,M002321,F059,MG070A,5940.0,5940.0,2026-08-27 01:30:00
C068293,package_mismatch,"Claimed ₹12,100 for SG017A; the hospital's tier and accreditation entitle it to ₹11,000, using a published HBP rate",P059,M011659,F059,SG017A,12100.0,12100.0,2026-08-27 07:49:00
C068349,package_mismatch,"Claimed ₹3,960 for MG016A; the hospital's tier and accreditation entitle it to ₹3,600, using a published HBP rate",P059,M005592,F059,MG016A,3960.0,3960.0,2026-08-27 11:56:00
C068397,package_mismatch,"Claimed ₹5,940 for MG009A; the hospital's tier and accreditation entitle it to ₹5,400, using a published HBP rate",P059,M001784,F059,MG009A,5940.0,5940.0,2026-08-27 15:04:00
C068402,package_mismatch,"Claimed ₹25,080 for SG039C; the hospital's tier and accreditation entitle it to ₹22,800, using a published HBP rate",P203,M001783,F203,SG039C,25080.0,25080.0,2026-08-27 15:22:00
C068424,package_mismatch,"Claimed ₹5,940 for MG009A; the hospital's tier and accreditation entitle it to ₹5,400, using a published HBP rate",P203,M002592,F203,MG009A,5426.0,5940.0,2026-08-27 17:33:00
C068459,package_mismatch,"Claimed ₹15,620 for SG050A; the hospital's tier and accreditation entitle it to ₹14,200, using a published HBP rate",P059,M009134,F059,SG050A,15620.0,15620.0,2026-08-27 21:05:00
C068519,package_mismatch,"Claimed ₹7,920 for MG016A; the hospital's tier and accreditation entitle it to ₹7,200, using a published HBP rate",P059,M003639,F059,MG016A,7920.0,7920.0,2026-08-28 09:34:00
C068524,package_mismatch,"Claimed ₹5,940 for MG001A; the hospital's tier and accreditation entitle it to ₹5,400, using a published HBP rate",P059,M012956,F059,MG001A,5940.0,5940.0,2026-08-28 09:41:00
C068565,package_mismatch,"Claimed ₹2,200 for ER001A; the hospital's tier and accreditation entitle it to ₹2,000, using a published HBP rate",P059,M002321,F059,ER001A,2200.0,2200.0,2026-08-28 12:36:00
C068582,package_mismatch,"Claimed ₹19,140 for SG051B; the hospital's tier and accreditation entitle it to ₹17,400, using a published HBP rate",P203,M000920,F203,SG051B,19140.0,19140.0,2026-08-28 13:41:00
C068623,package_mismatch,"Claimed ₹3,960 for MG009A; the hospital's tier and accreditation entitle it to ₹3,600, using a published HBP rate",P059,M019366,F059,MG009A,3960.0,3960.0,2026-08-28 15:52:00
C068629,package_mismatch,"Claimed ₹19,800 for MG045A; the hospital's tier and accreditation entitle it to ₹18,000, using a published HBP rate",P059,M013828,F059,MG045A,19800.0,19800.0,2026-08-28 16:29:00
C068632,package_mismatch,"Claimed ₹1,870 for ER003A; the hospital's tier and accreditation entitle it to ₹1,700, using a published HBP rate",P059,M001780,F059,ER003A,1357.0,1870.0,2026-08-28 16:41:00
C068633,package_mismatch,"Claimed ₹12,100 for SG017A; the hospital's tier and accreditation entitle it to ₹11,000, using a published HBP rate",P203,M004849,F203,SG017A,12100.0,12100.0,2026-08-28 16:43:00
C068641,package_mismatch,"Claimed ₹9,900 for MG064A; the hospital's tier and accreditation entitle it to ₹9,000, using a published HBP rate",P203,M005592,F203,MG064A,9900.0,9900.0,2026-08-28 17:27:00
C068652,package_mismatch,"Claimed ₹11,880 for MG021A; the hospital's tier and accreditation entitle it to ₹10,800, using a published HBP rate",P059,M003885,F059,MG021A,11880.0,11880.0,2026-08-28 18:55:00
C068668,package_mismatch,"Claimed ₹5,940 for MG029A; the hospital's tier and accreditation entitle it to ₹5,400, using a published HBP rate",P203,M002324,F203,MG029A,5940.0,5940.0,2026-08-28 20:19:00
C068683,package_mismatch,"Claimed ₹7,920 for MG009A; the hospital's tier and accreditation entitle it to ₹7,200, using a published HBP rate",P059,M002587,F059,MG009A,6393.0,7920.0,2026-08-28 21:56:00
C068690,package_mismatch,"Claimed ₹1,870 for ER003A; the hospital's tier and accreditation entitle it to ₹1,700, using a published HBP rate",P059,M004770,F059,ER003A,1870.0,1870.0,2026-08-28 22:42:00
C068717,package_mismatch,"Claimed ₹9,900 for MG003A; the hospital's tier and accreditation entitle it to ₹9,000, using a published HBP rate",P203,M013828,F203,MG003A,9900.0,9900.0,2026-08-29 07:15:00
C068733,package_mismatch,"Claimed ₹12,650 for SO057; the hospital's tier and accreditation entitle it to ₹11,500, using an ESTIMATED package rate, not a verified HBP rate",P203,M004759,F203,SO057,12650.0,12650.0,2026-08-29 08:42:00
C068864,package_mismatch,"Claimed ₹5,940 for MG004A; the hospital's tier and accreditation entitle it to ₹5,400, using a published HBP rate",P059,M004847,F059,MG004A,5940.0,5940.0,2026-08-29 17:29:00
C068870,package_mismatch,"Claimed ₹5,940 for MG009A; the hospital's tier and accreditation entitle it to ₹5,400, using a published HBP rate",P203,M003862,F203,MG009A,5940.0,5940.0,2026-08-29 17:51:00
C068909,package_mismatch,"Claimed ₹12,650 for SO057; the hospital's tier and accreditation entitle it to ₹11,500, using an ESTIMATED package rate, not a verified HBP rate",P059,M009583,F059,SO057,12650.0,12650.0,2026-08-29 22:11:00
C068925,package_mismatch,"Claimed ₹15,840 for MG049C; the hospital's tier and accreditation entitle it to ₹14,400, using a published HBP rate",P059,M002321,F059,MG049C,14397.0,15840.0,2026-08-30 00:09:00
C068934,package_mismatch,"Claimed ₹12,650 for SO057; the hospital's tier and accreditation entitle it to ₹11,500, using an ESTIMATED package rate, not a verified HBP rate",P059,M003883,F059,SO057,12650.0,12650.0,2026-08-30 03:06:00
C069056,package_mismatch,"Claimed ₹11,880 for MG064A; the hospital's tier and accreditation entitle it to ₹10,800, using a published HBP rate",P203,M008054,F203,MG064A,11880.0,11880.0,2026-08-30 15:42:00
C069344,package_mismatch,"Claimed ₹22,000 for SO010; the hospital's tier and accreditation entitle it to ₹20,000, using an ESTIMATED package rate, not a verified HBP rate",P059,M009582,F059,SO010,22000.0,22000.0,2026-09-01 07:28:00
C069362,package_mismatch,"Claimed ₹3,960 for MG001A; the hospital's tier and accreditation entitle it to ₹3,600, using a published HBP rate",P203,M004893,F203,MG001A,3960.0,3960.0,2026-09-01 08:33:00
C069427,package_mismatch,"Claimed ₹25,740 for MG071A; the hospital's tier and accreditation entitle it to ₹23,400, using a published HBP rate",P059,M002320,F059,MG071A,25740.0,25740.0,2026-09-01 13:32:00
C069494,package_mismatch,"Claimed ₹15,620 for SG050A; the hospital's tier and accreditation entitle it to ₹14,200, using a published HBP rate",P203,M013749,F203,SG050A,15620.0,15620.0,2026-09-01 17:40:00
C069562,package_mismatch,"Claimed ₹7,920 for MG006A; the hospital's tier and accreditation entitle it to ₹7,200, using a published HBP rate",P203,M009132,F203,MG006A,7920.0,7920.0,2026-09-02 02:49:00
C069597,package_mismatch,"Claimed ₹16,500 for SG032A; the hospital's tier and accreditation entitle it to ₹15,000, using a published HBP rate",P059,M003637,F059,SG032A,16500.0,16500.0,2026-09-02 08:56:00
C069610,package_mismatch,"Claimed ₹17,820 for MG016A; the hospital's tier and accreditation entitle it to ₹16,200, using a published HBP rate",P059,M001136,F059,MG016A,17820.0,17820.0,2026-09-02 09:41:00
C069829,package_mismatch,"Claimed ₹25,080 for SG039C; the hospital's tier and accreditation entitle it to ₹22,800, using a published HBP rate",P203,M004370,F203,SG039C,25080.0,25080.0,2026-09-03 08:18:00
C069860,package_mismatch,"Claimed ₹5,940 for MG001A; the hospital's tier and accreditation entitle it to ₹5,400, using a published HBP rate",P059,M009159,F059,MG001A,5940.0,5940.0,2026-09-03 09:47:00
C069924,package_mismatch,"Claimed ₹12,650 for SO057; the hospital's tier and accreditation entitle it to ₹11,500, using an ESTIMATED package rate, not a verified HBP rate",P059,M004847,F059,SO057,12650.0,12650.0,2026-09-03 13:37:00
C069943,package_mismatch,"Claimed ₹5,940 for MG003A; the hospital's tier and accreditation entitle it to ₹5,400, using a published HBP rate",P203,M009583,F203,MG003A,4257.0,5940.0,2026-09-03 14:23:00
C069983,package_mismatch,"Claimed ₹19,140 for SG051B; the hospital's tier and accreditation entitle it to ₹17,400, using a published HBP rate",P059,M013609,F059,SG051B,17606.0,19140.0,2026-09-03 17:23:00
C070005,package_mismatch,"Claimed ₹1,870 for ER003A; the hospital's tier and accreditation entitle it to ₹1,700, using a published HBP rate",P203,M003862,F203,ER003A,1762.0,1870.0,2026-09-03 19:00:00
C070025,package_mismatch,"Claimed ₹1,870 for ER003A; the hospital's tier and accreditation entitle it to ₹1,700, using a published HBP rate",P059,M009157,F059,ER003A,1427.0,1870.0,2026-09-03 22:02:00
C070063,package_mismatch,"Claimed ₹25,080 for SG039C; the hospital's tier and accreditation entitle it to ₹22,800, using a published HBP rate",P203,M010608,F203,SG039C,25080.0,25080.0,2026-09-04 06:31:00
C070085,package_mismatch,"Claimed ₹1,870 for ER003A; the hospital's tier and accreditation entitle it to ₹1,700, using a published HBP rate",P203,M004757,F203,ER003A,1398.0,1870.0,2026-09-04 08:57:00
C070154,package_mismatch,"Claimed ₹11,880 for MG001A; the hospital's tier and accreditation entitle it to ₹10,800, using a published HBP rate",P203,M009156,F203,MG001A,11880.0,11880.0,2026-09-04 12:33:00
C070179,package_mismatch,"Claimed ₹25,080 for SG039C; the hospital's tier and accreditation entitle it to ₹22,800, using a published HBP rate",P203,M008487,F203,SG039C,25080.0,25080.0,2026-09-04 13:53:00
C070184,package_mismatch,"Claimed ₹12,650 for SO057; the hospital's tier and accreditation entitle it to ₹11,500, using an ESTIMATED package rate, not a verified HBP rate",P203,M023001,F203,SO057,12650.0,12650.0,2026-09-04 14:12:00
C070188,package_mismatch,"Claimed ₹16,500 for SG032A; the hospital's tier and accreditation entitle it to ₹15,000, using a published HBP rate",P203,M003638,F203,SG032A,16500.0,16500.0,2026-09-04 14:41:00
C070233,package_mismatch,"Claimed ₹5,940 for MG071A; the hospital's tier and accreditation entitle it to ₹5,400, using a published HBP rate",P203,M004758,F203,MG071A,5940.0,5940.0,2026-09-04 17:58:00
C070272,package_mismatch,"Claimed ₹9,900 for MG016A; the hospital's tier and accreditation entitle it to ₹9,000, using a published HBP rate",P203,M008000,F203,MG016A,9900.0,9900.0,2026-09-04 23:52:00
C070300,package_mismatch,"Claimed ₹3,960 for MG001A; the hospital's tier and accreditation entitle it to ₹3,600, using a published HBP rate",P203,M010607,F203,MG001A,3960.0,3960.0,2026-09-05 07:48:00
C070357,package_mismatch,"Claimed ₹19,140 for SG051B; the hospital's tier and accreditation entitle it to ₹17,400, using a published HBP rate",P203,M004847,F203,SG051B,15875.0,19140.0,2026-09-05 11:23:00
C070448,package_mismatch,"Claimed ₹1,870 for ER003A; the hospital's tier and accreditation entitle it to ₹1,700, using a published HBP rate",P059,M008225,F059,ER003A,1870.0,1870.0,2026-09-05 17:38:00
C070466,package_mismatch,"Claimed ₹23,760 for MG021A; the hospital's tier and accreditation entitle it to ₹21,600, using a published HBP rate",P059,M008054,F059,MG021A,23760.0,23760.0,2026-09-05 18:55:00
C070496,package_mismatch,"Claimed ₹13,860 for MG049C; the hospital's tier and accreditation entitle it to ₹12,600, using a published HBP rate",P203,M001783,F203,MG049C,13860.0,13860.0,2026-09-05 22:41:00
C070510,package_mismatch,"Claimed ₹12,650 for SO057; the hospital's tier and accreditation entitle it to ₹11,500, using an ESTIMATED package rate, not a verified HBP rate",P203,M009582,F203,SO057,12650.0,12650.0,2026-09-06 00:32:00
C070520,package_mismatch,"Claimed ₹12,100 for SG017A; the hospital's tier and accreditation entitle it to ₹11,000, using a published HBP rate",P059,M002592,F059,SG017A,12100.0,12100.0,2026-09-06 04:30:00
C070555,package_mismatch,"Claimed ₹5,940 for MG059A; the hospital's tier and accreditation entitle it to ₹5,400, using a published HBP rate",P203,M002322,F203,MG059A,5940.0,5940.0,2026-09-06 09:48:00
C070572,package_mismatch,"Claimed ₹11,880 for MG029A; the hospital's tier and accreditation entitle it to ₹10,800, using a published HBP rate",P203,M004896,F203,MG029A,11880.0,11880.0,2026-09-06 10:27:00
C070627,package_mismatch,"Claimed ₹19,800 for MG003A; the hospital's tier and accreditation entitle it to ₹18,000, using a published HBP rate",P059,M004275,F059,MG003A,19800.0,19800.0,2026-09-06 13:37:00
C070636,package_mismatch,"Claimed ₹11,880 for MG029A; the hospital's tier and accreditation entitle it to ₹10,800, using a published HBP rate",P203,M009157,F203,MG029A,11880.0,11880.0,2026-09-06 13:52:00
C070642,package_mismatch,"Claimed ₹1,870 for ER003A; the hospital's tier and accreditation entitle it to ₹1,700, using a published HBP rate",P059,M008056,F059,ER003A,1870.0,1870.0,2026-09-06 14:00:00
C070692,package_mismatch,"Claimed ₹7,920 for MG009A; the hospital's tier and accreditation entitle it to ₹7,200, using a published HBP rate",P203,M002590,F203,MG009A,7059.0,7920.0,2026-09-06 17:56:00
C070694,package_mismatch,"Claimed ₹3,960 for MG070A; the hospital's tier and accreditation entitle it to ₹3,600, using a published HBP rate",P059,M008214,F059,MG070A,3960.0,3960.0,2026-09-06 18:27:00
C070699,package_mismatch,"Claimed ₹5,940 for MG009A; the hospital's tier and accreditation entitle it to ₹5,400, using a published HBP rate",P059,M010608,F059,MG009A,5940.0,5940.0,2026-09-06 19:31:00
C070764,package_mismatch,"Claimed ₹2,200 for ER001A; the hospital's tier and accreditation entitle it to ₹2,000, using a published HBP rate",P203,M008056,F203,ER001A,2200.0,2200.0,2026-09-07 08:49:00
C070766,package_mismatch,"Claimed ₹1,870 for ER003A; the hospital's tier and accreditation entitle it to ₹1,700, using a published HBP rate",P203,M001136,F203,ER003A,1426.0,1870.0,2026-09-07 08:57:00
C070905,package_mismatch,"Claimed ₹15,620 for SG050A; the hospital's tier and accreditation entitle it to ₹14,200, using a published HBP rate",P203,M001136,F203,SG050A,10973.0,15620.0,2026-09-07 19:32:00
C070916,package_mismatch,"Claimed ₹1,870 for ER003A; the hospital's tier and accreditation entitle it to ₹1,700, using a published HBP rate",P203,M010607,F203,ER003A,1870.0,1870.0,2026-09-07 22:03:00
C070917,package_mismatch,"Claimed ₹1,980 for MG006A; the hospital's tier and accreditation entitle it to ₹1,800, using a published HBP rate",P059,M003886,F059,MG006A,1980.0,1980.0,2026-09-07 22:05:00
C070941,package_mismatch,"Claimed ₹7,920 for MG016A; the hospital's tier and accreditation entitle it to ₹7,200, using a published HBP rate",P203,M009132,F203,MG016A,7920.0,7920.0,2026-09-08 04:10:00
C070952,package_mismatch,"Claimed ₹1,980 for MG009A; the hospital's tier and accreditation entitle it to ₹1,800, using a published HBP rate",P203,M004848,F203,MG009A,1980.0,1980.0,2026-09-08 07:11:00
C070999,package_mismatch,"Claimed ₹9,900 for MG016A; the hospital's tier and accreditation entitle it to ₹9,000, using a published HBP rate",P059,M001782,F059,MG016A,9900.0,9900.0,2026-09-08 11:17:00
C071059,package_mismatch,"Claimed ₹15,620 for SG050A; the hospital's tier and accreditation entitle it to ₹14,200, using a published HBP rate",P059,M000920,F059,SG050A,15620.0,15620.0,2026-09-08 15:36:00
C071076,package_mismatch,"Claimed ₹22,000 for SO010; the hospital's tier and accreditation entitle it to ₹20,000, using an ESTIMATED package rate, not a verified HBP rate",P059,M008212,F059,SO010,22000.0,22000.0,2026-09-08 16:45:00
C071080,package_mismatch,"Claimed ₹3,960 for MG021A; the hospital's tier and accreditation entitle it to ₹3,600, using a published HBP rate",P203,M008213,F203,MG021A,3960.0,3960.0,2026-09-08 17:09:00
C071162,package_mismatch,"Claimed ₹3,960 for MG064A; the hospital's tier and accreditation entitle it to ₹3,600, using a published HBP rate",P203,M009582,F203,MG064A,3960.0,3960.0,2026-09-09 08:06:00
C071179,package_mismatch,"Claimed ₹5,940 for MG006A; the hospital's tier and accreditation entitle it to ₹5,400, using a published HBP rate",P203,M009584,F203,MG006A,5940.0,5940.0,2026-09-09 09:32:00
C071198,package_mismatch,"Claimed ₹5,940 for MG009A; the hospital's tier and accreditation entitle it to ₹5,400, using a published HBP rate",P059,M002592,F059,MG009A,5940.0,5940.0,2026-09-09 11:25:00
C071265,package_mismatch,"Claimed ₹9,900 for MG004A; the hospital's tier and accreditation entitle it to ₹9,000, using a published HBP rate",P059,M000919,F059,MG004A,9900.0,9900.0,2026-09-09 17:04:00
C071277,package_mismatch,"Claimed ₹5,940 for MG001A; the hospital's tier and accreditation entitle it to ₹5,400, using a published HBP rate",P059,M002323,F059,MG001A,4789.0,5940.0,2026-09-09 17:26:00
C071302,package_mismatch,"Claimed ₹1,870 for ER003A; the hospital's tier and accreditation entitle it to ₹1,700, using a published HBP rate",P059,M008214,F059,ER003A,1870.0,1870.0,2026-09-09 19:53:00
C071356,package_mismatch,"Claimed ₹3,960 for MG009A; the hospital's tier and accreditation entitle it to ₹3,600, using a published HBP rate",P203,M010605,F203,MG009A,3960.0,3960.0,2026-09-10 08:13:00
C071365,package_mismatch,"Claimed ₹7,920 for MG003A; the hospital's tier and accreditation entitle it to ₹7,200, using a published HBP rate",P059,M002322,F059,MG003A,7920.0,7920.0,2026-09-10 08:41:00
C071374,package_mismatch,"Claimed ₹3,960 for MG009A; the hospital's tier and accreditation entitle it to ₹3,600, using a published HBP rate",P203,M001782,F203,MG009A,2845.0,3960.0,2026-09-10 09:00:00
C071410,package_mismatch,"Claimed ₹5,940 for MG071A; the hospital's tier and accreditation entitle it to ₹5,400, using a published HBP rate",P059,M004756,F059,MG071A,5940.0,5940.0,2026-09-10 11:00:00
C071454,package_mismatch,"Claimed ₹9,900 for MG004A; the hospital's tier and accreditation entitle it to ₹9,000, using a published HBP rate",P203,M002593,F203,MG004A,9900.0,9900.0,2026-09-10 13:13:00
C071481,package_mismatch,"Claimed ₹16,500 for SG032A; the hospital's tier and accreditation entitle it to ₹15,000, using a published HBP rate",P203,M008211,F203,SG032A,16500.0,16500.0,2026-09-10 14:50:00
C071504,package_mismatch,"Claimed ₹9,900 for MG004A; the hospital's tier and accreditation entitle it to ₹9,000, using a published HBP rate",P203,M010608,F203,MG004A,9900.0,9900.0,2026-09-10 16:40:00
C071522,package_mismatch,"Claimed ₹19,140 for SG051B; the hospital's tier and accreditation entitle it to ₹17,400, using a published HBP rate",P203,M001784,F203,SG051B,19140.0,19140.0,2026-09-10 17:26:00
C071670,package_mismatch,"Claimed ₹1,870 for ER003A; the hospital's tier and accreditation entitle it to ₹1,700, using a published HBP rate",P203,M008056,F203,ER003A,1870.0,1870.0,2026-09-11 12:50:00
C071700,package_mismatch,"Claimed ₹1,870 for ER003A; the hospital's tier and accreditation entitle it to ₹1,700, using a published HBP rate",P059,M002320,F059,ER003A,1870.0,1870.0,2026-09-11 15:13:00
C071789,package_mismatch,"Claimed ₹1,870 for ER003A; the hospital's tier and accreditation entitle it to ₹1,700, using a published HBP rate",P059,M003883,F059,ER003A,1472.0,1870.0,2026-09-12 07:41:00
C071792,package_mismatch,"Claimed ₹5,940 for MG021A; the hospital's tier and accreditation entitle it to ₹5,400, using a published HBP rate",P059,M004759,F059,MG021A,4577.0,5940.0,2026-09-12 08:02:00
C071841,package_mismatch,"Claimed ₹9,900 for MG016A; the hospital's tier and accreditation entitle it to ₹9,000, using a published HBP rate",P203,M003861,F203,MG016A,9900.0,9900.0,2026-09-12 10:37:00
C071881,package_mismatch,"Claimed ₹1,870 for ER003A; the hospital's tier and accreditation entitle it to ₹1,700, using a published HBP rate",P059,M013826,F059,ER003A,1870.0,1870.0,2026-09-12 12:13:00
C071909,package_mismatch,"Claimed ₹1,870 for ER003A; the hospital's tier and accreditation entitle it to ₹1,700, using a published HBP rate",P059,M011658,F059,ER003A,1600.0,1870.0,2026-09-12 13:49:00
C071916,package_mismatch,"Claimed ₹7,920 for MG016A; the hospital's tier and accreditation entitle it to ₹7,200, using a published HBP rate",P059,M009133,F059,MG016A,7920.0,7920.0,2026-09-12 14:03:00
C071923,package_mismatch,"Claimed ₹7,920 for MG021A; the hospital's tier and accreditation entitle it to ₹7,200, using a published HBP rate",P203,M008055,F203,MG021A,7920.0,7920.0,2026-09-12 14:18:00
C071924,package_mismatch,"Claimed ₹11,880 for MG001A; the hospital's tier and accreditation entitle it to ₹10,800, using a published HBP rate",P203,M002588,F203,MG001A,11880.0,11880.0,2026-09-12 14:25:00
C071969,package_mismatch,"Claimed ₹12,650 for SO057; the hospital's tier and accreditation entitle it to ₹11,500, using an ESTIMATED package rate, not a verified HBP rate",P059,M007999,F059,SO057,12650.0,12650.0,2026-09-12 16:33:00
C071979,package_mismatch,"Claimed ₹11,880 for MG049C; the hospital's tier and accreditation entitle it to ₹10,800, using a published HBP rate",P059,M003637,F059,MG049C,10907.0,11880.0,2026-09-12 17:04:00
C072027,package_mismatch,"Claimed ₹11,880 for MG006A; the hospital's tier and accreditation entitle it to ₹10,800, using a published HBP rate",P059,M003638,F059,MG006A,11880.0,11880.0,2026-09-12 22:19:00
C072096,package_mismatch,"Claimed ₹54,450 for MG049C; the hospital's tier and accreditation entitle it to ₹49,500, using a published HBP rate",P059,M010605,F059,MG049C,54450.0,54450.0,2026-09-13 10:17:00
C072191,package_mismatch,"Claimed ₹11,880 for MG017A; the hospital's tier and accreditation entitle it to ₹10,800, using a published HBP rate",P059,M009157,F059,MG017A,11880.0,11880.0,2026-09-13 16:35:00
C072215,package_mismatch,"Claimed ₹12,650 for SO057; the hospital's tier and accreditation entitle it to ₹11,500, using an ESTIMATED package rate, not a verified HBP rate",P203,M002322,F203,SO057,9306.0,12650.0,2026-09-13 17:54:00
C072253,package_mismatch,"Claimed ₹1,870 for ER003A; the hospital's tier and accreditation entitle it to ₹1,700, using a published HBP rate",P203,M009135,F203,ER003A,1870.0,1870.0,2026-09-14 00:08:00
C072285,package_mismatch,"Claimed ₹11,880 for MG038A; the hospital's tier and accreditation entitle it to ₹10,800, using a published HBP rate",P059,M013732,F059,MG038A,11880.0,11880.0,2026-09-14 08:16:00
C072425,package_mismatch,"Claimed ₹12,650 for SO057; the hospital's tier and accreditation entitle it to ₹11,500, using an ESTIMATED package rate, not a verified HBP rate",P203,M008055,F203,SO057,12650.0,12650.0,2026-09-14 17:40:00
C072458,package_mismatch,"Claimed ₹1,980 for MG009A; the hospital's tier and accreditation entitle it to ₹1,800, using a published HBP rate",P059,M008055,F059,MG009A,1980.0,1980.0,2026-09-14 22:16:00
C072502,package_mismatch,"Claimed ₹11,880 for MG070A; the hospital's tier and accreditation entitle it to ₹10,800, using a published HBP rate",P203,M008211,F203,MG070A,11880.0,11880.0,2026-09-15 08:53:00
C072662,package_mismatch,"Claimed ₹13,860 for MG006A; the hospital's tier and accreditation entitle it to ₹12,600, using a published HBP rate",P203,M004756,F203,MG006A,13860.0,13860.0,2026-09-15 18:57:00
C072668,package_mismatch,"Claimed ₹1,870 for ER003A; the hospital's tier and accreditation entitle it to ₹1,700, using a published HBP rate",P059,M009157,F059,ER003A,1870.0,1870.0,2026-09-15 19:16:00
C072717,package_mismatch,"Claimed ₹11,880 for MG017A; the hospital's tier and accreditation entitle it to ₹10,800, using a published HBP rate",P059,M004759,F059,MG017A,11880.0,11880.0,2026-09-16 07:40:00
C072724,package_mismatch,"Claimed ₹1,870 for ER003A; the hospital's tier and accreditation entitle it to ₹1,700, using a published HBP rate",P059,M004757,F059,ER003A,1870.0,1870.0,2026-09-16 08:12:00
C072763,package_mismatch,"Claimed ₹12,100 for SG017A; the hospital's tier and accreditation entitle it to ₹11,000, using a published HBP rate",P203,M004373,F203,SG017A,12100.0,12100.0,2026-09-16 10:49:00
C072779,package_mismatch,"Claimed ₹2,200 for ER001A; the hospital's tier and accreditation entitle it to ₹2,000, using a published HBP rate",P059,M002319,F059,ER001A,2200.0,2200.0,2026-09-16 11:59:00
C072787,package_mismatch,"Claimed ₹11,880 for MG004A; the hospital's tier and accreditation entitle it to ₹10,800, using a published HBP rate",P203,M004756,F203,MG004A,11880.0,11880.0,2026-09-16 12:17:00
C072795,package_mismatch,"Claimed ₹15,620 for SG050A; the hospital's tier and accreditation entitle it to ₹14,200, using a published HBP rate",P059,M008214,F059,SG050A,15620.0,15620.0,2026-09-16 12:49:00
C072838,package_mismatch,"Claimed ₹25,080 for SG039C; the hospital's tier and accreditation entitle it to ₹22,800, using a published HBP rate",P203,M004372,F203,SG039C,25080.0,25080.0,2026-09-16 15:50:00
C072898,package_mismatch,"Claimed ₹22,000 for SO010; the hospital's tier and accreditation entitle it to ₹20,000, using an ESTIMATED package rate, not a verified HBP rate",P059,M002319,F059,SO010,22000.0,22000.0,2026-09-16 20:37:00
C072906,package_mismatch,"Claimed ₹22,000 for SO010; the hospital's tier and accreditation entitle it to ₹20,000, using an ESTIMATED package rate, not a verified HBP rate",P059,M002592,F059,SO010,22000.0,22000.0,2026-09-16 21:45:00
C073108,package_mismatch,"Claimed ₹11,880 for MG006A; the hospital's tier and accreditation entitle it to ₹10,800, using a published HBP rate",P059,M009582,F059,MG006A,11880.0,11880.0,2026-09-17 19:49:00
C073142,package_mismatch,"Claimed ₹23,760 for MG045A; the hospital's tier and accreditation entitle it to ₹21,600, using a published HBP rate",P059,M011658,F059,MG045A,23760.0,23760.0,2026-09-17 23:50:00
C073203,package_mismatch,"Claimed ₹15,840 for MG004A; the hospital's tier and accreditation entitle it to ₹14,400, using a published HBP rate",P059,M013827,F059,MG004A,15840.0,15840.0,2026-09-18 10:12:00
C073209,package_mismatch,"Claimed ₹1,980 for MG009A; the hospital's tier and accreditation entitle it to ₹1,800, using a published HBP rate",P203,M009134,F203,MG009A,1486.0,1980.0,2026-09-18 10:33:00
C073308,package_mismatch,"Claimed ₹5,940 for MG021A; the hospital's tier and accreditation entitle it to ₹5,400, using a published HBP rate",P059,M008213,F059,MG021A,5940.0,5940.0,2026-09-18 17:11:00
C073374,package_mismatch,"Claimed ₹20,790 for MG049C; the hospital's tier and accreditation entitle it to ₹18,900, using a published HBP rate",P059,M003886,F059,MG049C,20790.0,20790.0,2026-09-19 04:06:00
C073382,package_mismatch,"Claimed ₹25,080 for SG039C; the hospital's tier and accreditation entitle it to ₹22,800, using a published HBP rate",P203,M000919,F203,SG039C,25080.0,25080.0,2026-09-19 04:51:00
C073451,package_mismatch,"Claimed ₹12,100 for SG017A; the hospital's tier and accreditation entitle it to ₹11,000, using a published HBP rate",P059,M008211,F059,SG017A,12100.0,12100.0,2026-09-19 12:04:00
C073454,package_mismatch,"Claimed ₹13,860 for MG029A; the hospital's tier and accreditation entitle it to ₹12,600, using a published HBP rate",P059,M009582,F059,MG029A,13860.0,13860.0,2026-09-19 12:08:00
C073500,package_mismatch,"Claimed ₹9,900 for MG006A; the hospital's tier and accreditation entitle it to ₹9,000, using a published HBP rate",P203,M004893,F203,MG006A,9900.0,9900.0,2026-09-19 15:23:00
C073541,package_mismatch,"Claimed ₹27,720 for MG016A; the hospital's tier and accreditation entitle it to ₹25,200, using a published HBP rate",P203,M004849,F203,MG016A,27720.0,27720.0,2026-09-19 17:59:00
C073551,package_mismatch,"Claimed ₹25,080 for SG039C; the hospital's tier and accreditation entitle it to ₹22,800, using a published HBP rate",P059,M009158,F059,SG039C,25080.0,25080.0,2026-09-19 20:02:00
C073581,package_mismatch,"Claimed ₹15,840 for MG059A; the hospital's tier and accreditation entitle it to ₹14,400, using a published HBP rate",P203,M004372,F203,MG059A,15840.0,15840.0,2026-09-20 01:49:00
C073606,package_mismatch,"Claimed ₹13,860 for MG038A; the hospital's tier and accreditation entitle it to ₹12,600, using a published HBP rate",P059,M009584,F059,MG038A,13860.0,13860.0,2026-09-20 07:17:00
C073665,package_mismatch,"Claimed ₹7,920 for MG064A; the hospital's tier and accreditation entitle it to ₹7,200, using a published HBP rate",P059,M009132,F059,MG064A,7920.0,7920.0,2026-09-20 12:06:00
C073675,package_mismatch,"Claimed ₹1,980 for MG064A; the hospital's tier and accreditation entitle it to ₹1,800, using a published HBP rate",P203,M002588,F203,MG064A,1980.0,1980.0,2026-09-20 12:56:00
C073676,package_mismatch,"Claimed ₹1,870 for ER003A; the hospital's tier and accreditation entitle it to ₹1,700, using a published HBP rate",P059,M001784,F059,ER003A,1870.0,1870.0,2026-09-20 12:58:00
C073678,package_mismatch,"Claimed ₹1,870 for ER003A; the hospital's tier and accreditation entitle it to ₹1,700, using a published HBP rate",P059,M001782,F059,ER003A,1870.0,1870.0,2026-09-20 13:09:00
C073734,package_mismatch,"Claimed ₹7,920 for MG064A; the hospital's tier and accreditation entitle it to ₹7,200, using a published HBP rate",P203,M013750,F203,MG064A,7920.0,7920.0,2026-09-20 16:39:00
C073791,package_mismatch,"Claimed ₹29,700 for MG009A; the hospital's tier and accreditation entitle it to ₹27,000, using a published HBP rate",P059,M002587,F059,MG009A,29700.0,29700.0,2026-09-20 22:33:00
C073850,package_mismatch,"Claimed ₹3,960 for MG003A; the hospital's tier and accreditation entitle it to ₹3,600, using a published HBP rate",P059,M009134,F059,MG003A,3960.0,3960.0,2026-09-21 10:31:00
C073891,package_mismatch,"Claimed ₹11,880 for MG006A; the hospital's tier and accreditation entitle it to ₹10,800, using a published HBP rate",P203,M009580,F203,MG006A,11880.0,11880.0,2026-09-21 13:40:00
C073994,package_mismatch,"Claimed ₹3,960 for MG016A; the hospital's tier and accreditation entitle it to ₹3,600, using a published HBP rate",P203,M001138,F203,MG016A,3960.0,3960.0,2026-09-22 01:49:00
C074052,package_mismatch,"Claimed ₹7,920 for MG016A; the hospital's tier and accreditation entitle it to ₹7,200, using a published HBP rate",P059,M010608,F059,MG016A,7920.0,7920.0,2026-09-22 11:41:00
C074073,package_mismatch,"Claimed ₹1,870 for ER003A; the hospital's tier and accreditation entitle it to ₹1,700, using a published HBP rate",P059,M001784,F059,ER003A,1870.0,1870.0,2026-09-22 12:47:00
C074079,package_mismatch,"Claimed ₹7,920 for MG029A; the hospital's tier and accreditation entitle it to ₹7,200, using a published HBP rate",P059,M003639,F059,MG029A,7920.0,7920.0,2026-09-22 12:58:00
C074084,package_mismatch,"Claimed ₹12,100 for SG017A; the hospital's tier and accreditation entitle it to ₹11,000, using a published HBP rate",P059,M005592,F059,SG017A,12100.0,12100.0,2026-09-22 13:13:00
C074093,package_mismatch,"Claimed ₹15,620 for SG050A; the hospital's tier and accreditation entitle it to ₹14,200, using a published HBP rate",P203,M008213,F203,SG050A,15620.0,15620.0,2026-09-22 13:37:00
C074112,package_mismatch,"Claimed ₹13,860 for MG049C; the hospital's tier and accreditation entitle it to ₹12,600, using a published HBP rate",P059,M004758,F059,MG049C,13860.0,13860.0,2026-09-22 14:35:00
C074128,package_mismatch,"Claimed ₹13,860 for MG016A; the hospital's tier and accreditation entitle it to ₹12,600, using a published HBP rate",P203,M009156,F203,MG016A,13860.0,13860.0,2026-09-22 15:42:00
C074143,package_mismatch,"Claimed ₹15,620 for SG050A; the hospital's tier and accreditation entitle it to ₹14,200, using a published HBP rate",P059,M024023,F059,SG050A,15620.0,15620.0,2026-09-22 16:51:00
C074144,package_mismatch,"Claimed ₹1,980 for MG064A; the hospital's tier and accreditation entitle it to ₹1,800, using a published HBP rate",P059,M010606,F059,MG064A,1980.0,1980.0,2026-09-22 16:52:00
C074248,package_mismatch,"Claimed ₹1,870 for ER003A; the hospital's tier and accreditation entitle it to ₹1,700, using a published HBP rate",P059,M003861,F059,ER003A,1870.0,1870.0,2026-09-23 09:40:00
C074311,package_mismatch,"Claimed ₹19,800 for MG038A; the hospital's tier and accreditation entitle it to ₹18,000, using a published HBP rate",P203,M009134,F203,MG038A,19800.0,19800.0,2026-09-23 12:49:00
C074317,package_mismatch,"Claimed ₹9,900 for MG001A; the hospital's tier and accreditation entitle it to ₹9,000, using a published HBP rate",P059,M010606,F059,MG001A,9900.0,9900.0,2026-09-23 13:09:00
C074321,package_mismatch,"Claimed ₹7,920 for MG016A; the hospital's tier and accreditation entitle it to ₹7,200, using a published HBP rate",P203,M013825,F203,MG016A,7271.0,7920.0,2026-09-23 13:35:00
C074325,package_mismatch,"Claimed ₹24,750 for MG029A; the hospital's tier and accreditation entitle it to ₹22,500, using a published HBP rate",P059,M001784,F059,MG029A,19236.0,24750.0,2026-09-23 14:00:00
C074354,package_mismatch,"Claimed ₹3,960 for MG016A; the hospital's tier and accreditation entitle it to ₹3,600, using a published HBP rate",P059,M009159,F059,MG016A,3960.0,3960.0,2026-09-23 16:05:00
C074405,package_mismatch,"Claimed ₹1,870 for ER003A; the hospital's tier and accreditation entitle it to ₹1,700, using a published HBP rate",P203,M002319,F203,ER003A,1870.0,1870.0,2026-09-23 20:05:00
C074408,package_mismatch,"Claimed ₹1,870 for ER003A; the hospital's tier and accreditation entitle it to ₹1,700, using a published HBP rate",P059,M004756,F059,ER003A,1870.0,1870.0,2026-09-23 20:25:00
C074461,package_mismatch,"Claimed ₹25,080 for SG039C; the hospital's tier and accreditation entitle it to ₹22,800, using a published HBP rate",P059,M008225,F059,SG039C,25080.0,25080.0,2026-09-24 08:34:00
C074493,package_mismatch,"Claimed ₹9,900 for MG064A; the hospital's tier and accreditation entitle it to ₹9,000, using a published HBP rate",P203,M003886,F203,MG064A,9900.0,9900.0,2026-09-24 10:33:00
C074497,package_mismatch,"Claimed ₹1,870 for ER003A; the hospital's tier and accreditation entitle it to ₹1,700, using a published HBP rate",P203,M002319,F203,ER003A,1369.0,1870.0,2026-09-24 10:49:00
C074532,package_mismatch,"Claimed ₹3,960 for MG006A; the hospital's tier and accreditation entitle it to ₹3,600, using a published HBP rate",P203,M008211,F203,MG006A,3960.0,3960.0,2026-09-24 13:21:00
C074549,package_mismatch,"Claimed ₹7,920 for MG001A; the hospital's tier and accreditation entitle it to ₹7,200, using a published HBP rate",P203,M004892,F203,MG001A,7920.0,7920.0,2026-09-24 14:02:00
C074569,package_mismatch,"Claimed ₹11,880 for MG006A; the hospital's tier and accreditation entitle it to ₹10,800, using a published HBP rate",P203,M009135,F203,MG006A,11880.0,11880.0,2026-09-24 15:29:00
C074623,package_mismatch,"Claimed ₹2,200 for ER001A; the hospital's tier and accreditation entitle it to ₹2,000, using a published HBP rate",P203,M002324,F203,ER001A,2200.0,2200.0,2026-09-24 21:23:00
C074631,package_mismatch,"Claimed ₹19,140 for SG051B; the hospital's tier and accreditation entitle it to ₹17,400, using a published HBP rate",P203,M000229,F203,SG051B,17348.0,19140.0,2026-09-24 22:52:00
C074635,package_mismatch,"Claimed ₹25,080 for SG039C; the hospital's tier and accreditation entitle it to ₹22,800, using a published HBP rate",P203,M002592,F203,SG039C,25080.0,25080.0,2026-09-24 23:14:00
C074691,package_mismatch,"Claimed ₹2,200 for ER001A; the hospital's tier and accreditation entitle it to ₹2,000, using a published HBP rate",P059,M009132,F059,ER001A,2200.0,2200.0,2026-09-25 09:54:00
C074692,package_mismatch,"Claimed ₹16,500 for SG032A; the hospital's tier and accreditation entitle it to ₹15,000, using a published HBP rate",P059,M009133,F059,SG032A,16500.0,16500.0,2026-09-25 10:01:00
C074711,package_mismatch,"Claimed ₹19,140 for SG051B; the hospital's tier and accreditation entitle it to ₹17,400, using a published HBP rate",P059,M013535,F059,SG051B,19140.0,19140.0,2026-09-25 10:50:00
C074713,package_mismatch,"Claimed ₹25,080 for SG039C; the hospital's tier and accreditation entitle it to ₹22,800, using a published HBP rate",P203,M009580,F203,SG039C,25080.0,25080.0,2026-09-25 11:00:00
C074725,package_mismatch,"Claimed ₹15,620 for SG050A; the hospital's tier and accreditation entitle it to ₹14,200, using a published HBP rate",P059,M003882,F059,SG050A,15620.0,15620.0,2026-09-25 11:35:00
C074730,package_mismatch,"Claimed ₹12,100 for SG017A; the hospital's tier and accreditation entitle it to ₹11,000, using a published HBP rate",P203,M004849,F203,SG017A,12100.0,12100.0,2026-09-25 11:43:00
C074740,package_mismatch,"Claimed ₹1,870 for ER003A; the hospital's tier and accreditation entitle it to ₹1,700, using a published HBP rate",P059,M009157,F059,ER003A,1445.0,1870.0,2026-09-25 12:07:00
C074763,package_mismatch,"Claimed ₹11,880 for MG017A; the hospital's tier and accreditation entitle it to ₹10,800, using a published HBP rate",P059,M001781,F059,MG017A,11880.0,11880.0,2026-09-25 13:42:00
C074765,package_mismatch,"Claimed ₹1,870 for ER003A; the hospital's tier and accreditation entitle it to ₹1,700, using a published HBP rate",P059,M003863,F059,ER003A,1870.0,1870.0,2026-09-25 13:46:00
C074889,package_mismatch,"Claimed ₹22,000 for SO010; the hospital's tier and accreditation entitle it to ₹20,000, using an ESTIMATED package rate, not a verified HBP rate",P059,M002590,F059,SO010,22000.0,22000.0,2026-09-26 02:47:00
C074909,package_mismatch,"Claimed ₹15,620 for SG050A; the hospital's tier and accreditation entitle it to ₹14,200, using a published HBP rate",P203,M002622,F203,SG050A,13084.0,15620.0,2026-09-26 08:21:00
C074932,package_mismatch,"Claimed ₹7,920 for MG004A; the hospital's tier and accreditation entitle it to ₹7,200, using a published HBP rate",P059,M003862,F059,MG004A,7920.0,7920.0,2026-09-26 09:35:00
C074989,package_mismatch,"Claimed ₹22,000 for SO010; the hospital's tier and accreditation entitle it to ₹20,000, using an ESTIMATED package rate, not a verified HBP rate",P203,M009132,F203,SO010,22000.0,22000.0,2026-09-26 14:22:00
C075067,package_mismatch,"Claimed ₹16,500 for SG032A; the hospital's tier and accreditation entitle it to ₹15,000, using a published HBP rate",P203,M005592,F203,SG032A,16500.0,16500.0,2026-09-26 23:00:00
C075116,package_mismatch,"Claimed ₹2,200 for ER001A; the hospital's tier and accreditation entitle it to ₹2,000, using a published HBP rate",P203,M002588,F203,ER001A,2200.0,2200.0,2026-09-27 09:20:00
C075135,package_mismatch,"Claimed ₹5,940 for MG001A; the hospital's tier and accreditation entitle it to ₹5,400, using a published HBP rate",P059,M004896,F059,MG001A,5940.0,5940.0,2026-09-27 10:48:00
C075194,package_mismatch,"Claimed ₹2,200 for ER001A; the hospital's tier and accreditation entitle it to ₹2,000, using a published HBP rate",P059,M009581,F059,ER001A,2200.0,2200.0,2026-09-27 14:40:00
C075233,package_mismatch,"Claimed ₹12,100 for SG017A; the hospital's tier and accreditation entitle it to ₹11,000, using a published HBP rate",P203,M013826,F203,SG017A,11211.0,12100.0,2026-09-27 17:01:00
C075276,package_mismatch,"Claimed ₹13,860 for MG049C; the hospital's tier and accreditation entitle it to ₹12,600, using a published HBP rate",P059,M003862,F059,MG049C,13860.0,13860.0,2026-09-27 23:35:00
C075285,package_mismatch,"Claimed ₹9,900 for MG004A; the hospital's tier and accreditation entitle it to ₹9,000, using a published HBP rate",P059,M003638,F059,MG004A,9900.0,9900.0,2026-09-28 03:34:00
C075379,package_mismatch,"Claimed ₹1,870 for ER003A; the hospital's tier and accreditation entitle it to ₹1,700, using a published HBP rate",P203,M010605,F203,ER003A,1870.0,1870.0,2026-09-28 13:34:00
C075403,package_mismatch,"Claimed ₹2,200 for ER001A; the hospital's tier and accreditation entitle it to ₹2,000, using a published HBP rate",P059,M001783,F059,ER001A,2200.0,2200.0,2026-09-28 14:53:00
C075521,package_mismatch,"Claimed ₹5,940 for MG001A; the hospital's tier and accreditation entitle it to ₹5,400, using a published HBP rate",P203,M013750,F203,MG001A,5940.0,5940.0,2026-09-29 07:26:00
C075530,package_mismatch,"Claimed ₹5,940 for MG003A; the hospital's tier and accreditation entitle it to ₹5,400, using a published HBP rate",P203,M009133,F203,MG003A,5940.0,5940.0,2026-09-29 08:27:00
C075570,package_mismatch,"Claimed ₹25,080 for SG039C; the hospital's tier and accreditation entitle it to ₹22,800, using a published HBP rate",P203,M003639,F203,SG039C,25080.0,25080.0,2026-09-29 10:54:00
C075595,package_mismatch,"Claimed ₹13,860 for MG029A; the hospital's tier and accreditation entitle it to ₹12,600, using a published HBP rate",P059,M000920,F059,MG029A,13860.0,13860.0,2026-09-29 12:55:00
C075646,package_mismatch,"Claimed ₹19,140 for SG051B; the hospital's tier and accreditation entitle it to ₹17,400, using a published HBP rate",P203,M004847,F203,SG051B,19140.0,19140.0,2026-09-29 15:36:00
C000502,age_audit,Hysterectomy - abdominal for a woman aged 34; under 35 is a mandatory audit trigger,P253,M011197,F253,SO010,22000.0,22000.0,2025-10-03 13:28:00
C000529,age_audit,Hysterectomy - abdominal for a woman aged 29; under 35 is a mandatory audit trigger,P172,M009487,F172,SO010,20000.0,20000.0,2025-10-03 15:55:00
C001094,age_audit,Hysterectomy - abdominal for a woman aged 32; under 35 is a mandatory audit trigger,P007,M016133,F007,SO010,22000.0,22000.0,2025-10-06 12:17:00
C001549,age_audit,Hysterectomy - abdominal for a woman aged 28; under 35 is a mandatory audit trigger,P251,M009176,F251,SO010,24200.0,24200.0,2025-10-08 15:24:00
C001679,age_audit,Hysterectomy - abdominal for a woman aged 30; under 35 is a mandatory audit trigger,P288,M024744,F288,SO010,24200.0,24200.0,2025-10-09 10:06:00
C001826,age_audit,Hysterectomy - abdominal for a woman aged 31; under 35 is a mandatory audit trigger,P123,M014650,F123,SO010,23000.0,23000.0,2025-10-09 21:43:00
C001867,age_audit,Hysterectomy - abdominal for a woman aged 31; under 35 is a mandatory audit trigger,P080,M010140,F080,SO010,20000.0,20000.0,2025-10-10 07:40:00
C001961,age_audit,Hysterectomy - abdominal for a woman aged 30; under 35 is a mandatory audit trigger,P039,M016123,F039,SO010,22000.0,22000.0,2025-10-10 15:18:00
C002078,age_audit,Hysterectomy - abdominal for a woman aged 28; under 35 is a mandatory audit trigger,P007,M011708,F007,SO010,22000.0,22000.0,2025-10-11 09:38:00
C002227,age_audit,Hysterectomy - abdominal for a woman aged 29; under 35 is a mandatory audit trigger,P272,M002250,F272,SO010,20000.0,20000.0,2025-10-11 21:49:00
C002467,age_audit,Hysterectomy - abdominal for a woman aged 31; under 35 is a mandatory audit trigger,P293,M020058,F293,SO010,20000.0,20000.0,2025-10-13 08:04:00
C003240,age_audit,Hysterectomy - abdominal for a woman aged 28; under 35 is a mandatory audit trigger,P228,M000266,F228,SO010,24200.0,24200.0,2025-10-17 00:58:00
C004111,age_audit,Hysterectomy - abdominal for a woman aged 30; under 35 is a mandatory audit trigger,P011,M017303,F011,SO010,22000.0,22000.0,2025-10-21 12:20:00
C004216,age_audit,Hysterectomy - abdominal for a woman aged 29; under 35 is a mandatory audit trigger,P259,M024183,F259,SO010,22000.0,22000.0,2025-10-21 19:32:00
C004242,age_audit,Hysterectomy - abdominal for a woman aged 30; under 35 is a mandatory audit trigger,P248,M012953,F248,SO010,20000.0,20000.0,2025-10-21 23:10:00
C004479,age_audit,Hysterectomy - abdominal for a woman aged 30; under 35 is a mandatory audit trigger,P261,M022243,F261,SO010,24200.0,24200.0,2025-10-23 08:50:00
C004957,age_audit,Hysterectomy - abdominal for a woman aged 31; under 35 is a mandatory audit trigger,P104,M008020,F104,SO010,15067.0,20000.0,2025-10-25 15:28:00
C005628,age_audit,Hysterectomy - abdominal for a woman aged 34; under 35 is a mandatory audit trigger,P254,M007931,F254,SO010,20000.0,20000.0,2025-10-29 09:27:00
C006216,age_audit,Hysterectomy - abdominal for a woman aged 30; under 35 is a mandatory audit trigger,P145,M002469,F145,SO010,22000.0,22000.0,2025-11-01 06:58:00
C006579,age_audit,Hysterectomy - abdominal for a woman aged 30; under 35 is a mandatory audit trigger,P261,M022243,F261,SO010,24200.0,24200.0,2025-11-02 19:54:00
C006614,age_audit,Hysterectomy - abdominal for a woman aged 34; under 35 is a mandatory audit trigger,P236,M002799,F236,SO010,22000.0,22000.0,2025-11-03 06:44:00
C007739,age_audit,Hysterectomy - abdominal for a woman aged 32; under 35 is a mandatory audit trigger,P110,M007466,F110,SO010,20000.0,20000.0,2025-11-08 17:44:00
C008316,age_audit,Hysterectomy - abdominal for a woman aged 32; under 35 is a mandatory audit trigger,P231,M014273,F231,SO010,20000.0,20000.0,2025-11-11 15:36:00
C008707,age_audit,Hysterectomy - abdominal for a woman aged 34; under 35 is a mandatory audit trigger,P165,M011723,F165,SO010,20000.0,20000.0,2025-11-13 13:02:00
C008717,age_audit,Hysterectomy - abdominal for a woman aged 28; under 35 is a mandatory audit trigger,P111,M016039,F111,SO010,20000.0,20000.0,2025-11-13 13:49:00
C009344,age_audit,Hysterectomy - abdominal for a woman aged 34; under 35 is a mandatory audit trigger,P162,M022299,F162,SO010,20000.0,20000.0,2025-11-16 19:48:00
C009858,age_audit,Hysterectomy - abdominal for a woman aged 32; under 35 is a mandatory audit trigger,P066,M003563,F066,SO010,25300.0,25300.0,2025-11-19 14:27:00
C010457,age_audit,Hysterectomy - abdominal for a woman aged 30; under 35 is a mandatory audit trigger,P184,M015300,F184,SO010,24200.0,24200.0,2025-11-22 11:47:00
C011415,age_audit,Hysterectomy - abdominal for a woman aged 31; under 35 is a mandatory audit trigger,P172,M018274,F172,SO010,20000.0,20000.0,2025-11-27 08:29:00
C012947,age_audit,Hysterectomy - abdominal for a woman aged 28; under 35 is a mandatory audit trigger,P251,M017530,F251,SO010,24200.0,24200.0,2025-12-04 11:41:00
C013429,age_audit,Hysterectomy - abdominal for a woman aged 29; under 35 is a mandatory audit trigger,P036,M024113,F036,SO010,22000.0,22000.0,2025-12-06 19:33:00
C013915,age_audit,Hysterectomy - abdominal for a woman aged 31; under 35 is a mandatory audit trigger,P126,M013069,F126,SO010,20000.0,20000.0,2025-12-09 09:37:00
C014086,age_audit,Hysterectomy - abdominal for a woman aged 34; under 35 is a mandatory audit trigger,P166,M005085,F166,SO010,17302.0,20000.0,2025-12-10 07:22:00
C014122,age_audit,Hysterectomy - abdominal for a woman aged 34; under 35 is a mandatory audit trigger,P166,M019675,F166,SO010,20000.0,20000.0,2025-12-10 10:24:00
C014131,age_audit,Hysterectomy - abdominal for a woman aged 23; under 35 is a mandatory audit trigger,P166,M008908,F166,SO010,20000.0,20000.0,2025-12-10 11:09:00
C014133,age_audit,Hysterectomy - abdominal for a woman aged 30; under 35 is a mandatory audit trigger,P166,M013700,F166,SO010,18894.0,20000.0,2025-12-10 11:12:00
C014148,age_audit,Hysterectomy - abdominal for a woman aged 24; under 35 is a mandatory audit trigger,P166,M005187,F166,SO010,20000.0,20000.0,2025-12-10 11:44:00
C014165,age_audit,Hysterectomy - abdominal for a woman aged 24; under 35 is a mandatory audit trigger,P166,M023578,F166,SO010,20000.0,20000.0,2025-12-10 12:39:00
C014168,age_audit,Hysterectomy - abdominal for a woman aged 32; under 35 is a mandatory audit trigger,P166,M001612,F166,SO010,20000.0,20000.0,2025-12-10 12:46:00
C014170,age_audit,Hysterectomy - abdominal for a woman aged 23; under 35 is a mandatory audit trigger,P166,M019489,F166,SO010,20000.0,20000.0,2025-12-10 12:50:00
C014171,age_audit,Hysterectomy - abdominal for a woman aged 24; under 35 is a mandatory audit trigger,P166,M004016,F166,SO010,20000.0,20000.0,2025-12-10 12:51:00
C014544,age_audit,Hysterectomy - abdominal for a woman aged 29; under 35 is a mandatory audit trigger,P231,M022407,F231,SO010,20000.0,20000.0,2025-12-12 10:38:00
C014584,age_audit,Hysterectomy - abdominal for a woman aged 31; under 35 is a mandatory audit trigger,P265,M006025,F265,SO010,20000.0,20000.0,2025-12-12 13:36:00
C015096,age_audit,Hysterectomy - abdominal for a woman aged 28; under 35 is a mandatory audit trigger,P131,M021652,F131,SO010,24200.0,24200.0,2025-12-15 04:45:00
C015509,age_audit,Hysterectomy - abdominal for a woman aged 32; under 35 is a mandatory audit trigger,P230,M006854,F230,SO010,18802.0,20000.0,2025-12-16 21:00:00
C016018,age_audit,Hysterectomy - abdominal for a woman aged 33; under 35 is a mandatory audit trigger,P184,M011016,F184,SO010,24200.0,24200.0,2025-12-19 10:47:00
C016848,age_audit,Hysterectomy - abdominal for a woman aged 29; under 35 is a mandatory audit trigger,P258,M011880,F258,SO010,20000.0,20000.0,2025-12-23 17:02:00
C018349,age_audit,Hysterectomy - abdominal for a woman aged 34; under 35 is a mandatory audit trigger,P261,M002829,F261,SO010,21079.0,24200.0,2025-12-31 14:22:00
C019608,age_audit,Hysterectomy - abdominal for a woman aged 33; under 35 is a mandatory audit trigger,P053,M007259,F053,SO010,24200.0,24200.0,2026-01-06 22:31:00
C020326,age_audit,Hysterectomy - abdominal for a woman aged 34; under 35 is a mandatory audit trigger,P134,M019055,F134,SO010,22000.0,22000.0,2026-01-10 14:02:00
C020477,age_audit,Hysterectomy - abdominal for a woman aged 31; under 35 is a mandatory audit trigger,P258,M017527,F258,SO010,20000.0,20000.0,2026-01-11 10:01:00
C020628,age_audit,Hysterectomy - abdominal for a woman aged 29; under 35 is a mandatory audit trigger,P184,M005690,F184,SO010,24200.0,24200.0,2026-01-12 04:18:00
C021875,age_audit,Hysterectomy - abdominal for a woman aged 32; under 35 is a mandatory audit trigger,P166,M010178,F166,SO010,20000.0,20000.0,2026-01-18 07:58:00
C021895,age_audit,Hysterectomy - abdominal for a woman aged 24; under 35 is a mandatory audit trigger,P166,M004016,F166,SO010,20000.0,20000.0,2026-01-18 09:15:00
C021927,age_audit,Hysterectomy - abdominal for a woman aged 32; under 35 is a mandatory audit trigger,P166,M019678,F166,SO010,20000.0,20000.0,2026-01-18 11:07:00
C021945,age_audit,Hysterectomy - abdominal for a woman aged 30; under 35 is a mandatory audit trigger,P166,M008102,F166,SO010,20000.0,20000.0,2026-01-18 12:26:00
C021952,age_audit,Hysterectomy - abdominal for a woman aged 34; under 35 is a mandatory audit trigger,P166,M005085,F166,SO010,20000.0,20000.0,2026-01-18 12:46:00
C021994,age_audit,Hysterectomy - abdominal for a woman aged 31; under 35 is a mandatory audit trigger,P228,M021590,F228,SO010,19416.0,24200.0,2026-01-18 14:55:00
C022717,age_audit,Hysterectomy - abdominal for a woman aged 31; under 35 is a mandatory audit trigger,P032,M007598,F032,SO010,20000.0,20000.0,2026-01-22 12:54:00
C022978,age_audit,Hysterectomy - abdominal for a woman aged 34; under 35 is a mandatory audit trigger,P261,M011032,F261,SO010,24200.0,24200.0,2026-01-23 18:15:00
C023319,age_audit,Hysterectomy - abdominal for a woman aged 33; under 35 is a mandatory audit trigger,P180,M000027,F180,SO010,22000.0,22000.0,2026-01-25 12:45:00
C024945,age_audit,Hysterectomy - abdominal for a woman aged 31; under 35 is a mandatory audit trigger,P240,M002330,F240,SO010,22000.0,22000.0,2026-02-02 13:32:00
C025795,age_audit,Hysterectomy - abdominal for a woman aged 33; under 35 is a mandatory audit trigger,P184,M023049,F184,SO010,24200.0,24200.0,2026-02-06 19:53:00
C026020,age_audit,Hysterectomy - abdominal for a woman aged 30; under 35 is a mandatory audit trigger,P139,M018759,F139,SO010,22000.0,22000.0,2026-02-07 20:22:00
C026822,age_audit,Hysterectomy - abdominal for a woman aged 34; under 35 is a mandatory audit trigger,P251,M024284,F251,SO010,24200.0,24200.0,2026-02-11 17:02:00
C027436,age_audit,Hysterectomy - abdominal for a woman aged 29; under 35 is a mandatory audit trigger,P269,M011739,F269,SO010,24200.0,24200.0,2026-02-14 20:12:00
C027496,age_audit,Hysterectomy - abdominal for a woman aged 34; under 35 is a mandatory audit trigger,P272,M018160,F272,SO010,20000.0,20000.0,2026-02-15 08:11:00
C027767,age_audit,Hysterectomy - abdominal for a woman aged 32; under 35 is a mandatory audit trigger,P200,M002143,F200,SO010,14338.0,20000.0,2026-02-16 15:23:00
C030073,age_audit,Hysterectomy - abdominal for a woman aged 29; under 35 is a mandatory audit trigger,P145,M018299,F145,SO010,22000.0,22000.0,2026-02-28 09:12:00
C030531,age_audit,Hysterectomy - abdominal for a woman aged 28; under 35 is a mandatory audit trigger,P282,M008635,F282,SO010,22000.0,22000.0,2026-03-02 06:49:00
C030708,age_audit,Hysterectomy - abdominal for a woman aged 32; under 35 is a mandatory audit trigger,P191,M006095,F191,SO010,16927.0,20000.0,2026-03-02 21:57:00
C031182,age_audit,Hysterectomy - abdominal for a woman aged 30; under 35 is a mandatory audit trigger,P251,M001370,F251,SO010,24200.0,24200.0,2026-03-05 10:29:00
C031320,age_audit,Hysterectomy - abdominal for a woman aged 33; under 35 is a mandatory audit trigger,P116,M020342,F116,SO010,20000.0,20000.0,2026-03-06 02:25:00
C031445,age_audit,Hysterectomy - abdominal for a woman aged 30; under 35 is a mandatory audit trigger,P035,M013871,F035,SO010,20000.0,20000.0,2026-03-06 15:28:00
C031573,age_audit,Hysterectomy - abdominal for a woman aged 32; under 35 is a mandatory audit trigger,P209,M014822,F209,SO010,22000.0,22000.0,2026-03-07 10:47:00
C032610,age_audit,Hysterectomy - abdominal for a woman aged 31; under 35 is a mandatory audit trigger,P072,M003127,F072,SO010,22000.0,22000.0,2026-03-12 09:05:00
C033265,age_audit,Hysterectomy - abdominal for a woman aged 34; under 35 is a mandatory audit trigger,P116,M000905,F116,SO010,20000.0,20000.0,2026-03-15 10:42:00
C033321,age_audit,Hysterectomy - abdominal for a woman aged 34; under 35 is a mandatory audit trigger,P298,M025365,F298,SO010,20000.0,20000.0,2026-03-15 14:05:00
C033404,age_audit,Hysterectomy - abdominal for a woman aged 33; under 35 is a mandatory audit trigger,P122,M022789,F122,SO010,22000.0,22000.0,2026-03-15 22:41:00
C033789,age_audit,Hysterectomy - abdominal for a woman aged 31; under 35 is a mandatory audit trigger,P039,M017399,F039,SO010,22000.0,22000.0,2026-03-17 18:15:00
C034489,age_audit,Hysterectomy - abdominal for a woman aged 30; under 35 is a mandatory audit trigger,P098,M018759,F098,SO010,20000.0,20000.0,2026-03-21 08:19:00
C035690,age_audit,Hysterectomy - abdominal for a woman aged 28; under 35 is a mandatory audit trigger,P230,M014143,F230,SO010,16039.0,20000.0,2026-03-27 10:52:00
C035874,age_audit,Hysterectomy - abdominal for a woman aged 29; under 35 is a mandatory audit trigger,P184,M024249,F184,SO010,24200.0,24200.0,2026-03-28 11:46:00
C036022,age_audit,Hysterectomy - abdominal for a woman aged 30; under 35 is a mandatory audit trigger,P074,M000986,F074,SO010,22000.0,22000.0,2026-03-29 04:02:00
C036305,age_audit,Hysterectomy - abdominal for a woman aged 29; under 35 is a mandatory audit trigger,P203,M009582,F203,SO010,22000.0,22000.0,2026-03-30 14:25:00
C036929,age_audit,Hysterectomy - abdominal for a woman aged 28; under 35 is a mandatory audit trigger,P216,M009176,F216,SO010,20000.0,20000.0,2026-04-02 15:49:00
C037888,age_audit,Hysterectomy - abdominal for a woman aged 31; under 35 is a mandatory audit trigger,P259,M007709,F259,SO010,15860.0,22000.0,2026-04-07 10:47:00
C038110,age_audit,Hysterectomy - abdominal for a woman aged 28; under 35 is a mandatory audit trigger,P285,M000096,F285,SO010,22000.0,22000.0,2026-04-08 11:31:00
C038354,age_audit,Hysterectomy - abdominal for a woman aged 28; under 35 is a mandatory audit trigger,P112,M009396,F112,SO010,20000.0,20000.0,2026-04-09 17:51:00
C038875,age_audit,Hysterectomy - abdominal for a woman aged 34; under 35 is a mandatory audit trigger,P258,M004303,F258,SO010,20000.0,20000.0,2026-04-12 09:01:00
C038896,age_audit,Hysterectomy - abdominal for a woman aged 32; under 35 is a mandatory audit trigger,P052,M017937,F052,SO010,20000.0,20000.0,2026-04-12 10:28:00
C039255,age_audit,Hysterectomy - abdominal for a woman aged 29; under 35 is a mandatory audit trigger,P240,M008691,F240,SO010,22000.0,22000.0,2026-04-14 08:38:00
C039767,age_audit,Hysterectomy - abdominal for a woman aged 29; under 35 is a mandatory audit trigger,P240,M008479,F240,SO010,22000.0,22000.0,2026-04-16 16:14:00
C039872,age_audit,Hysterectomy - abdominal for a woman aged 31; under 35 is a mandatory audit trigger,P166,M020634,F166,SO010,20000.0,20000.0,2026-04-17 07:44:00
C039876,age_audit,Hysterectomy - abdominal for a woman aged 26; under 35 is a mandatory audit trigger,P166,M009552,F166,SO010,20000.0,20000.0,2026-04-17 08:03:00
C039889,age_audit,Hysterectomy - abdominal for a woman aged 32; under 35 is a mandatory audit trigger,P166,M019678,F166,SO010,20000.0,20000.0,2026-04-17 08:38:00
C039929,age_audit,Hysterectomy - abdominal for a woman aged 23; under 35 is a mandatory audit trigger,P166,M019489,F166,SO010,20000.0,20000.0,2026-04-17 11:11:00
C039933,age_audit,Hysterectomy - abdominal for a woman aged 31; under 35 is a mandatory audit trigger,P166,M008108,F166,SO010,20000.0,20000.0,2026-04-17 11:24:00
C039944,age_audit,Hysterectomy - abdominal for a woman aged 32; under 35 is a mandatory audit trigger,P166,M024560,F166,SO010,20000.0,20000.0,2026-04-17 11:58:00
C040344,age_audit,Hysterectomy - abdominal for a woman aged 31; under 35 is a mandatory audit trigger,P134,M023259,F134,SO010,22000.0,22000.0,2026-04-19 06:12:00
C040471,age_audit,Hysterectomy - abdominal for a woman aged 34; under 35 is a mandatory audit trigger,P258,M009174,F258,SO010,20000.0,20000.0,2026-04-19 17:16:00
C041313,age_audit,Hysterectomy - abdominal for a woman aged 30; under 35 is a mandatory audit trigger,P166,M013700,F166,SO010,20000.0,20000.0,2026-04-24 07:28:00
C041320,age_audit,Hysterectomy - abdominal for a woman aged 26; under 35 is a mandatory audit trigger,P166,M004974,F166,SO010,20000.0,20000.0,2026-04-24 08:27:00
C041321,age_audit,Hysterectomy - abdominal for a woman aged 26; under 35 is a mandatory audit trigger,P166,M023377,F166,SO010,20000.0,20000.0,2026-04-24 08:30:00
C041323,age_audit,Hysterectomy - abdominal for a woman aged 31; under 35 is a mandatory audit trigger,P166,M020634,F166,SO010,20000.0,20000.0,2026-04-24 08:36:00
C041330,age_audit,Hysterectomy - abdominal for a woman aged 32; under 35 is a mandatory audit trigger,P166,M024560,F166,SO010,20000.0,20000.0,2026-04-24 09:02:00
C041331,age_audit,Hysterectomy - abdominal for a woman aged 24; under 35 is a mandatory audit trigger,P166,M023578,F166,SO010,20000.0,20000.0,2026-04-24 09:08:00
C041338,age_audit,Hysterectomy - abdominal for a woman aged 32; under 35 is a mandatory audit trigger,P166,M019678,F166,SO010,14777.0,20000.0,2026-04-24 09:46:00
C041358,age_audit,Hysterectomy - abdominal for a woman aged 30; under 35 is a mandatory audit trigger,P166,M008920,F166,SO010,20000.0,20000.0,2026-04-24 10:34:00
C041372,age_audit,Hysterectomy - abdominal for a woman aged 34; under 35 is a mandatory audit trigger,P166,M005085,F166,SO010,20000.0,20000.0,2026-04-24 11:48:00
C041878,age_audit,Hysterectomy - abdominal for a woman aged 34; under 35 is a mandatory audit trigger,P131,M008934,F131,SO010,24200.0,24200.0,2026-04-26 22:53:00
C043133,age_audit,Hysterectomy - abdominal for a woman aged 30; under 35 is a mandatory audit trigger,P228,M000534,F228,SO010,24200.0,24200.0,2026-05-02 09:40:00
C043764,age_audit,Hysterectomy - abdominal for a woman aged 30; under 35 is a mandatory audit trigger,P012,M016452,F012,SO010,22000.0,22000.0,2026-05-04 14:27:00
C044424,age_audit,Hysterectomy - abdominal for a woman aged 32; under 35 is a mandatory audit trigger,P007,M013722,F007,SO010,22000.0,22000.0,2026-05-07 15:02:00
C045878,age_audit,Hysterectomy - abdominal for a woman aged 29; under 35 is a mandatory audit trigger,P039,M024609,F039,SO010,22000.0,22000.0,2026-05-14 13:02:00
C047144,age_audit,Hysterectomy - abdominal for a woman aged 28; under 35 is a mandatory audit trigger,P070,M005041,F070,SO010,22000.0,22000.0,2026-05-20 15:29:00
C047668,age_audit,Hysterectomy - abdominal for a woman aged 33; under 35 is a mandatory audit trigger,P240,M015457,F240,SO010,22000.0,22000.0,2026-05-23 08:35:00
C047672,age_audit,Hysterectomy - abdominal for a woman aged 31; under 35 is a mandatory audit trigger,P240,M002764,F240,SO010,22000.0,22000.0,2026-05-23 08:48:00
C047678,age_audit,Hysterectomy - abdominal for a woman aged 30; under 35 is a mandatory audit trigger,P240,M009067,F240,SO010,20793.0,22000.0,2026-05-23 09:12:00
C047705,age_audit,Hysterectomy - abdominal for a woman aged 30; under 35 is a mandatory audit trigger,P240,M015300,F240,SO010,22000.0,22000.0,2026-05-23 11:09:00
C047715,age_audit,Hysterectomy - abdominal for a woman aged 25; under 35 is a mandatory audit trigger,P240,M003157,F240,SO010,22000.0,22000.0,2026-05-23 11:45:00
C047719,age_audit,Hysterectomy - abdominal for a woman aged 28; under 35 is a mandatory audit trigger,P240,M011050,F240,SO010,19510.0,22000.0,2026-05-23 11:56:00
C047724,age_audit,Hysterectomy - abdominal for a woman aged 26; under 35 is a mandatory audit trigger,P240,M018149,F240,SO010,22000.0,22000.0,2026-05-23 12:06:00
C047725,age_audit,Hysterectomy - abdominal for a woman aged 23; under 35 is a mandatory audit trigger,P240,M006764,F240,SO010,22000.0,22000.0,2026-05-23 12:06:00
C047726,age_audit,Hysterectomy - abdominal for a woman aged 32; under 35 is a mandatory audit trigger,P240,M020658,F240,SO010,22000.0,22000.0,2026-05-23 12:30:00
C047747,age_audit,Hysterectomy - abdominal for a woman aged 29; under 35 is a mandatory audit trigger,P184,M008691,F184,SO010,24200.0,24200.0,2026-05-23 13:28:00
C048584,age_audit,Hysterectomy - abdominal for a woman aged 33; under 35 is a mandatory audit trigger,P184,M025873,F184,SO010,24200.0,24200.0,2026-05-27 13:30:00
C049427,age_audit,Hysterectomy - abdominal for a woman aged 28; under 35 is a mandatory audit trigger,P011,M011708,F011,SO010,22000.0,22000.0,2026-05-30 23:49:00
C049843,age_audit,Hysterectomy - abdominal for a woman aged 32; under 35 is a mandatory audit trigger,P197,M004421,F197,SO010,17430.0,20000.0,2026-06-02 10:09:00
C050130,age_audit,Hysterectomy - abdominal for a woman aged 32; under 35 is a mandatory audit trigger,P122,M016304,F122,SO010,22000.0,22000.0,2026-06-03 16:10:00
C050346,age_audit,Hysterectomy - abdominal for a woman aged 32; under 35 is a mandatory audit trigger,P166,M019201,F166,SO010,20000.0,20000.0,2026-06-04 18:05:00
C050509,age_audit,Hysterectomy - abdominal for a woman aged 30; under 35 is a mandatory audit trigger,P230,M009808,F230,SO010,20000.0,20000.0,2026-06-05 12:39:00
C050664,age_audit,Hysterectomy - abdominal for a woman aged 33; under 35 is a mandatory audit trigger,P145,M003661,F145,SO010,16633.0,22000.0,2026-06-06 09:04:00
C050782,age_audit,Hysterectomy - abdominal for a woman aged 13; under 35 is a mandatory audit trigger,P152,M013732,F152,SO010,20000.0,20000.0,2026-06-06 17:29:00
C053171,age_audit,Hysterectomy - abdominal for a woman aged 33; under 35 is a mandatory audit trigger,P022,M002590,F022,SO010,20000.0,20000.0,2026-06-18 11:32:00
C053548,age_audit,Hysterectomy - abdominal for a woman aged 32; under 35 is a mandatory audit trigger,P218,M015774,F218,SO010,20000.0,20000.0,2026-06-20 09:03:00
C053809,age_audit,Hysterectomy - abdominal for a woman aged 33; under 35 is a mandatory audit trigger,P215,M008369,F215,SO010,22000.0,22000.0,2026-06-21 11:34:00
C054179,age_audit,Hysterectomy - abdominal for a woman aged 23; under 35 is a mandatory audit trigger,P240,M002766,F240,SO010,22000.0,22000.0,2026-06-23 07:16:00
C054180,age_audit,Hysterectomy - abdominal for a woman aged 26; under 35 is a mandatory audit trigger,P240,M015697,F240,SO010,22000.0,22000.0,2026-06-23 07:17:00
C054212,age_audit,Hysterectomy - abdominal for a woman aged 23; under 35 is a mandatory audit trigger,P240,M006764,F240,SO010,22000.0,22000.0,2026-06-23 09:40:00
C054224,age_audit,Hysterectomy - abdominal for a woman aged 33; under 35 is a mandatory audit trigger,P240,M015457,F240,SO010,22000.0,22000.0,2026-06-23 10:16:00
C054226,age_audit,Hysterectomy - abdominal for a woman aged 34; under 35 is a mandatory audit trigger,P240,M003155,F240,SO010,22000.0,22000.0,2026-06-23 10:22:00
C054235,age_audit,Hysterectomy - abdominal for a woman aged 30; under 35 is a mandatory audit trigger,P240,M009067,F240,SO010,22000.0,22000.0,2026-06-23 10:46:00
C054264,age_audit,Hysterectomy - abdominal for a woman aged 32; under 35 is a mandatory audit trigger,P240,M020658,F240,SO010,22000.0,22000.0,2026-06-23 12:51:00
C054582,age_audit,Hysterectomy - abdominal for a woman aged 14; under 35 is a mandatory audit trigger,P152,M004892,F152,SO010,20000.0,20000.0,2026-06-24 18:18:00
C054635,age_audit,Hysterectomy - abdominal for a woman aged 34; under 35 is a mandatory audit trigger,P240,M003155,F240,SO010,22000.0,22000.0,2026-06-25 08:04:00
C054643,age_audit,Hysterectomy - abdominal for a woman aged 31; under 35 is a mandatory audit trigger,P240,M002764,F240,SO010,22000.0,22000.0,2026-06-25 08:31:00
C054654,age_audit,Hysterectomy - abdominal for a woman aged 26; under 35 is a mandatory audit trigger,P240,M015697,F240,SO010,22000.0,22000.0,2026-06-25 09:06:00
C054659,age_audit,Hysterectomy - abdominal for a woman aged 32; under 35 is a mandatory audit trigger,P240,M020658,F240,SO010,22000.0,22000.0,2026-06-25 09:19:00
C054691,age_audit,Hysterectomy - abdominal for a woman aged 29; under 35 is a mandatory audit trigger,P240,M008479,F240,SO010,20271.0,22000.0,2026-06-25 12:01:00
C054694,age_audit,Hysterectomy - abdominal for a woman aged 30; under 35 is a mandatory audit trigger,P240,M015300,F240,SO010,22000.0,22000.0,2026-06-25 12:13:00
C054703,age_audit,Hysterectomy - abdominal for a woman aged 33; under 35 is a mandatory audit trigger,P240,M015457,F240,SO010,19845.0,22000.0,2026-06-25 12:54:00
C054993,age_audit,Hysterectomy - abdominal for a woman aged 32; under 35 is a mandatory audit trigger,P294,M005268,F294,SO010,20000.0,20000.0,2026-06-26 18:34:00
C055045,age_audit,Hysterectomy - abdominal for a woman aged 26; under 35 is a mandatory audit trigger,P166,M009552,F166,SO010,20000.0,20000.0,2026-06-27 08:32:00
C055069,age_audit,Hysterectomy - abdominal for a woman aged 27; under 35 is a mandatory audit trigger,P166,M018973,F166,SO010,20000.0,20000.0,2026-06-27 09:38:00
C055076,age_audit,Hysterectomy - abdominal for a woman aged 25; under 35 is a mandatory audit trigger,P166,M021494,F166,SO010,20000.0,20000.0,2026-06-27 09:57:00
C055106,age_audit,Hysterectomy - abdominal for a woman aged 26; under 35 is a mandatory audit trigger,P166,M023377,F166,SO010,20000.0,20000.0,2026-06-27 11:13:00
C055107,age_audit,Hysterectomy - abdominal for a woman aged 32; under 35 is a mandatory audit trigger,P166,M001612,F166,SO010,20000.0,20000.0,2026-06-27 11:14:00
C055109,age_audit,Hysterectomy - abdominal for a woman aged 34; under 35 is a mandatory audit trigger,P166,M009411,F166,SO010,20000.0,20000.0,2026-06-27 11:33:00
C055130,age_audit,Hysterectomy - abdominal for a woman aged 23; under 35 is a mandatory audit trigger,P166,M019489,F166,SO010,20000.0,20000.0,2026-06-27 12:33:00
C055811,age_audit,Hysterectomy - abdominal for a woman aged 31; under 35 is a mandatory audit trigger,P261,M014669,F261,SO010,24200.0,24200.0,2026-06-30 18:56:00
C056814,age_audit,Hysterectomy - abdominal for a woman aged 32; under 35 is a mandatory audit trigger,P220,M006767,F220,SO010,20000.0,20000.0,2026-07-05 14:03:00
C057299,age_audit,Hysterectomy - abdominal for a woman aged 33; under 35 is a mandatory audit trigger,P184,M015457,F184,SO010,24200.0,24200.0,2026-07-07 20:40:00
C057558,age_audit,Hysterectomy - abdominal for a woman aged 32; under 35 is a mandatory audit trigger,P293,M006270,F293,SO010,20000.0,20000.0,2026-07-09 09:17:00
C057582,age_audit,Hysterectomy - abdominal for a woman aged 31; under 35 is a mandatory audit trigger,P264,M003733,F264,SO010,15679.0,20000.0,2026-07-09 10:34:00
C057734,age_audit,Hysterectomy - abdominal for a woman aged 23; under 35 is a mandatory audit trigger,P166,M008908,F166,SO010,20000.0,20000.0,2026-07-10 07:08:00
C057789,age_audit,Hysterectomy - abdominal for a woman aged 26; under 35 is a mandatory audit trigger,P166,M009552,F166,SO010,20000.0,20000.0,2026-07-10 11:58:00
C057790,age_audit,Hysterectomy - abdominal for a woman aged 30; under 35 is a mandatory audit trigger,P166,M008904,F166,SO010,20000.0,20000.0,2026-07-10 11:59:00
C057792,age_audit,Hysterectomy - abdominal for a woman aged 24; under 35 is a mandatory audit trigger,P166,M010058,F166,SO010,20000.0,20000.0,2026-07-10 12:04:00
C057802,age_audit,Hysterectomy - abdominal for a woman aged 24; under 35 is a mandatory audit trigger,P166,M022215,F166,SO010,20000.0,20000.0,2026-07-10 12:29:00
C057804,age_audit,Hysterectomy - abdominal for a woman aged 30; under 35 is a mandatory audit trigger,P166,M008920,F166,SO010,20000.0,20000.0,2026-07-10 12:40:00
C058471,age_audit,Hysterectomy - abdominal for a woman aged 32; under 35 is a mandatory audit trigger,P184,M025872,F184,SO010,24200.0,24200.0,2026-07-13 14:02:00
C058861,age_audit,Hysterectomy - abdominal for a woman aged 30; under 35 is a mandatory audit trigger,P248,M002432,F248,SO010,20000.0,20000.0,2026-07-15 11:45:00
C058968,age_audit,Hysterectomy - abdominal for a woman aged 29; under 35 is a mandatory audit trigger,P191,M019140,F191,SO010,20000.0,20000.0,2026-07-15 18:48:00
C059125,age_audit,Hysterectomy - abdominal for a woman aged 29; under 35 is a mandatory audit trigger,P175,M016112,F175,SO010,20000.0,20000.0,2026-07-16 14:39:00
C059362,age_audit,Hysterectomy - abdominal for a woman aged 20; under 35 is a mandatory audit trigger,P022,M001138,F022,SO010,20000.0,20000.0,2026-07-17 18:04:00
C059368,age_audit,Hysterectomy - abdominal for a woman aged 30; under 35 is a mandatory audit trigger,P184,M018759,F184,SO010,24200.0,24200.0,2026-07-17 18:46:00
C059572,age_audit,Hysterectomy - abdominal for a woman aged 13; under 35 is a mandatory audit trigger,P148,M013732,F148,SO010,20000.0,20000.0,2026-07-18 18:15:00
C061331,age_audit,Hysterectomy - abdominal for a woman aged 30; under 35 is a mandatory audit trigger,P078,M008102,F078,SO010,20000.0,20000.0,2026-07-26 23:41:00
C062107,age_audit,Hysterectomy - abdominal for a woman aged 33; under 35 is a mandatory audit trigger,P272,M008518,F272,SO010,20000.0,20000.0,2026-07-30 18:32:00
C063937,age_audit,Hysterectomy - abdominal for a woman aged 31; under 35 is a mandatory audit trigger,P240,M002764,F240,SO010,17141.0,22000.0,2026-08-08 07:43:00
C063948,age_audit,Hysterectomy - abdominal for a woman aged 30; under 35 is a mandatory audit trigger,P240,M009067,F240,SO010,22000.0,22000.0,2026-08-08 08:31:00
C063986,age_audit,Hysterectomy - abdominal for a woman aged 28; under 35 is a mandatory audit trigger,P240,M011050,F240,SO010,22000.0,22000.0,2026-08-08 10:22:00
C064012,age_audit,Hysterectomy - abdominal for a woman aged 29; under 35 is a mandatory audit trigger,P240,M008479,F240,SO010,22000.0,22000.0,2026-08-08 11:37:00
C064019,age_audit,Hysterectomy - abdominal for a woman aged 25; under 35 is a mandatory audit trigger,P240,M003157,F240,SO010,22000.0,22000.0,2026-08-08 12:11:00
C064030,age_audit,Hysterectomy - abdominal for a woman aged 23; under 35 is a mandatory audit trigger,P240,M006764,F240,SO010,22000.0,22000.0,2026-08-08 12:29:00
C065335,age_audit,Hysterectomy - abdominal for a woman aged 28; under 35 is a mandatory audit trigger,P041,M000926,F041,SO010,20000.0,20000.0,2026-08-13 19:10:00
C065394,age_audit,Hysterectomy - abdominal for a woman aged 30; under 35 is a mandatory audit trigger,P240,M015300,F240,SO010,22000.0,22000.0,2026-08-14 07:45:00
C065426,age_audit,Hysterectomy - abdominal for a woman aged 32; under 35 is a mandatory audit trigger,P240,M020658,F240,SO010,22000.0,22000.0,2026-08-14 09:24:00
C065441,age_audit,Hysterectomy - abdominal for a woman aged 26; under 35 is a mandatory audit trigger,P240,M008477,F240,SO010,22000.0,22000.0,2026-08-14 10:07:00
C065452,age_audit,Hysterectomy - abdominal for a woman aged 29; under 35 is a mandatory audit trigger,P240,M008479,F240,SO010,22000.0,22000.0,2026-08-14 11:00:00
C065456,age_audit,Hysterectomy - abdominal for a woman aged 25; under 35 is a mandatory audit trigger,P240,M003157,F240,SO010,22000.0,22000.0,2026-08-14 11:22:00
C065458,age_audit,Hysterectomy - abdominal for a woman aged 26; under 35 is a mandatory audit trigger,P240,M018149,F240,SO010,22000.0,22000.0,2026-08-14 11:25:00
C065462,age_audit,Hysterectomy - abdominal for a woman aged 26; under 35 is a mandatory audit trigger,P240,M015697,F240,SO010,22000.0,22000.0,2026-08-14 11:42:00
C065467,age_audit,Hysterectomy - abdominal for a woman aged 24; under 35 is a mandatory audit trigger,P240,M011051,F240,SO010,22000.0,22000.0,2026-08-14 12:01:00
C065476,age_audit,Hysterectomy - abdominal for a woman aged 23; under 35 is a mandatory audit trigger,P240,M002766,F240,SO010,22000.0,22000.0,2026-08-14 12:34:00
C065906,age_audit,Hysterectomy - abdominal for a woman aged 28; under 35 is a mandatory audit trigger,P259,M001887,F259,SO010,22000.0,22000.0,2026-08-16 13:03:00
C066285,age_audit,Hysterectomy - abdominal for a woman aged 30; under 35 is a mandatory audit trigger,P216,M001370,F216,SO010,20000.0,20000.0,2026-08-18 03:23:00
C066741,age_audit,Hysterectomy - abdominal for a woman aged 31; under 35 is a mandatory audit trigger,P240,M002764,F240,SO010,22000.0,22000.0,2026-08-20 07:26:00
C066744,age_audit,Hysterectomy - abdominal for a woman aged 34; under 35 is a mandatory audit trigger,P010,M011865,F010,SO010,20000.0,20000.0,2026-08-20 08:11:00
C066763,age_audit,Hysterectomy - abdominal for a woman aged 28; under 35 is a mandatory audit trigger,P240,M011050,F240,SO010,22000.0,22000.0,2026-08-20 09:11:00
C066767,age_audit,Hysterectomy - abdominal for a woman aged 32; under 35 is a mandatory audit trigger,P240,M020658,F240,SO010,22000.0,22000.0,2026-08-20 09:20:00
C066774,age_audit,Hysterectomy - abdominal for a woman aged 26; under 35 is a mandatory audit trigger,P240,M015697,F240,SO010,22000.0,22000.0,2026-08-20 10:02:00
C066781,age_audit,Hysterectomy - abdominal for a woman aged 23; under 35 is a mandatory audit trigger,P240,M006764,F240,SO010,22000.0,22000.0,2026-08-20 10:33:00
C067170,age_audit,Hysterectomy - abdominal for a woman aged 33; under 35 is a mandatory audit trigger,P240,M015457,F240,SO010,20166.0,22000.0,2026-08-22 07:15:00
C067177,age_audit,Hysterectomy - abdominal for a woman aged 30; under 35 is a mandatory audit trigger,P240,M009067,F240,SO010,22000.0,22000.0,2026-08-22 08:14:00
C067179,age_audit,Hysterectomy - abdominal for a woman aged 28; under 35 is a mandatory audit trigger,P240,M011050,F240,SO010,22000.0,22000.0,2026-08-22 08:20:00
C067180,age_audit,Hysterectomy - abdominal for a woman aged 29; under 35 is a mandatory audit trigger,P218,M001420,F218,SO010,20000.0,20000.0,2026-08-22 08:24:00
C067220,age_audit,Hysterectomy - abdominal for a woman aged 26; under 35 is a mandatory audit trigger,P240,M015697,F240,SO010,22000.0,22000.0,2026-08-22 10:53:00
C067223,age_audit,Hysterectomy - abdominal for a woman aged 23; under 35 is a mandatory audit trigger,P240,M002766,F240,SO010,22000.0,22000.0,2026-08-22 10:56:00
C067233,age_audit,Hysterectomy - abdominal for a woman aged 25; under 35 is a mandatory audit trigger,P240,M003157,F240,SO010,22000.0,22000.0,2026-08-22 11:40:00
C067236,age_audit,Hysterectomy - abdominal for a woman aged 28; under 35 is a mandatory audit trigger,P131,M001684,F131,SO010,24200.0,24200.0,2026-08-22 11:43:00
C067246,age_audit,Hysterectomy - abdominal for a woman aged 23; under 35 is a mandatory audit trigger,P240,M006764,F240,SO010,22000.0,22000.0,2026-08-22 12:03:00
C067252,age_audit,Hysterectomy - abdominal for a woman aged 26; under 35 is a mandatory audit trigger,P240,M013346,F240,SO010,22000.0,22000.0,2026-08-22 12:18:00
C067262,age_audit,Hysterectomy - abdominal for a woman aged 30; under 35 is a mandatory audit trigger,P240,M015300,F240,SO010,22000.0,22000.0,2026-08-22 12:51:00
C067317,age_audit,Hysterectomy - abdominal for a woman aged 28; under 35 is a mandatory audit trigger,P092,M025445,F092,SO010,16421.0,20000.0,2026-08-22 16:11:00
C068059,age_audit,Hysterectomy - abdominal for a woman aged 25; under 35 is a mandatory audit trigger,P240,M003157,F240,SO010,22000.0,22000.0,2026-08-26 07:23:00
C068080,age_audit,Hysterectomy - abdominal for a woman aged 28; under 35 is a mandatory audit trigger,P240,M011050,F240,SO010,22000.0,22000.0,2026-08-26 09:19:00
C068088,age_audit,Hysterectomy - abdominal for a woman aged 33; under 35 is a mandatory audit trigger,P240,M015457,F240,SO010,22000.0,22000.0,2026-08-26 09:49:00
C068091,age_audit,Hysterectomy - abdominal for a woman aged 24; under 35 is a mandatory audit trigger,P240,M011051,F240,SO010,22000.0,22000.0,2026-08-26 09:57:00
C068117,age_audit,Hysterectomy - abdominal for a woman aged 23; under 35 is a mandatory audit trigger,P240,M002766,F240,SO010,22000.0,22000.0,2026-08-26 11:11:00
C068143,age_audit,Hysterectomy - abdominal for a woman aged 26; under 35 is a mandatory audit trigger,P240,M013346,F240,SO010,22000.0,22000.0,2026-08-26 12:55:00
C068154,age_audit,Hysterectomy - abdominal for a woman aged 33; under 35 is a mandatory audit trigger,P240,M001117,F240,SO010,22000.0,22000.0,2026-08-26 13:32:00
C068264,age_audit,Hysterectomy - abdominal for a woman aged 30; under 35 is a mandatory audit trigger,P259,M017691,F259,SO010,22000.0,22000.0,2026-08-27 00:13:00
C069344,age_audit,Hysterectomy - abdominal for a woman aged 29; under 35 is a mandatory audit trigger,P059,M009582,F059,SO010,22000.0,22000.0,2026-09-01 07:28:00
C069804,age_audit,Hysterectomy - abdominal for a woman aged 20; under 35 is a mandatory audit trigger,P022,M002593,F022,SO010,20000.0,20000.0,2026-09-03 02:22:00
C069811,age_audit,Hysterectomy - abdominal for a woman aged 29; under 35 is a mandatory audit trigger,P184,M005690,F184,SO010,24200.0,24200.0,2026-09-03 03:17:00
C071207,age_audit,Hysterectomy - abdominal for a woman aged 33; under 35 is a mandatory audit trigger,P259,M020496,F259,SO010,22000.0,22000.0,2026-09-09 12:08:00
C072103,age_audit,Hysterectomy - abdominal for a woman aged 28; under 35 is a mandatory audit trigger,P228,M009405,F228,SO010,24200.0,24200.0,2026-09-13 11:02:00
C072552,age_audit,Hysterectomy - abdominal for a woman aged 31; under 35 is a mandatory audit trigger,P035,M024276,F035,SO010,20000.0,20000.0,2026-09-15 11:33:00
C072715,age_audit,Hysterectomy - abdominal for a woman aged 24; under 35 is a mandatory audit trigger,P166,M010058,F166,SO010,20000.0,20000.0,2026-09-16 07:22:00
C072731,age_audit,Hysterectomy - abdominal for a woman aged 31; under 35 is a mandatory audit trigger,P166,M020634,F166,SO010,20000.0,20000.0,2026-09-16 08:49:00
C072745,age_audit,Hysterectomy - abdominal for a woman aged 24; under 35 is a mandatory audit trigger,P166,M022215,F166,SO010,20000.0,20000.0,2026-09-16 09:31:00
C072769,age_audit,Hysterectomy - abdominal for a woman aged 32; under 35 is a mandatory audit trigger,P166,M019678,F166,SO010,20000.0,20000.0,2026-09-16 11:13:00
C072771,age_audit,Hysterectomy - abdominal for a woman aged 25; under 35 is a mandatory audit trigger,P166,M011034,F166,SO010,20000.0,20000.0,2026-09-16 11:20:00
C073426,age_audit,Hysterectomy - abdominal for a woman aged 32; under 35 is a mandatory audit trigger,P218,M015774,F218,SO010,20000.0,20000.0,2026-09-19 10:34:00
C073477,age_audit,Hysterectomy - abdominal for a woman aged 33; under 35 is a mandatory audit trigger,P184,M025714,F184,SO010,24200.0,24200.0,2026-09-19 13:58:00
C073555,age_audit,Hysterectomy - abdominal for a woman aged 31; under 35 is a mandatory audit trigger,P184,M002330,F184,SO010,24200.0,24200.0,2026-09-19 20:38:00
C073980,age_audit,Hysterectomy - abdominal for a woman aged 34; under 35 is a mandatory audit trigger,P273,M000402,F273,SO010,22000.0,22000.0,2026-09-21 23:50:00
C074377,age_audit,Hysterectomy - abdominal for a woman aged 31; under 35 is a mandatory audit trigger,P231,M007709,F231,SO010,20000.0,20000.0,2026-09-23 17:33:00
C074661,age_audit,Hysterectomy - abdominal for a woman aged 24; under 35 is a mandatory audit trigger,P240,M011051,F240,SO010,22000.0,22000.0,2026-09-25 07:47:00
C074679,age_audit,Hysterectomy - abdominal for a woman aged 29; under 35 is a mandatory audit trigger,P240,M008479,F240,SO010,22000.0,22000.0,2026-09-25 09:25:00
C074682,age_audit,Hysterectomy - abdominal for a woman aged 26; under 35 is a mandatory audit trigger,P240,M018149,F240,SO010,22000.0,22000.0,2026-09-25 09:33:00
C074697,age_audit,Hysterectomy - abdominal for a woman aged 26; under 35 is a mandatory audit trigger,P240,M008477,F240,SO010,22000.0,22000.0,2026-09-25 10:12:00
C074698,age_audit,Hysterectomy - abdominal for a woman aged 28; under 35 is a mandatory audit trigger,P240,M011050,F240,SO010,22000.0,22000.0,2026-09-25 10:12:00
C074703,age_audit,Hysterectomy - abdominal for a woman aged 31; under 35 is a mandatory audit trigger,P240,M002764,F240,SO010,22000.0,22000.0,2026-09-25 10:22:00
C074710,age_audit,Hysterectomy - abdominal for a woman aged 26; under 35 is a mandatory audit trigger,P240,M013346,F240,SO010,22000.0,22000.0,2026-09-25 10:46:00
C074741,age_audit,Hysterectomy - abdominal for a woman aged 30; under 35 is a mandatory audit trigger,P240,M015300,F240,SO010,22000.0,22000.0,2026-09-25 12:10:00
C074889,age_audit,Hysterectomy - abdominal for a woman aged 33; under 35 is a mandatory audit trigger,P059,M002590,F059,SO010,22000.0,22000.0,2026-09-26 02:47:00
C074975,age_audit,Hysterectomy - abdominal for a woman aged 34; under 35 is a mandatory audit trigger,P010,M025493,F010,SO010,20000.0,20000.0,2026-09-26 13:18:00
C075280,age_audit,Hysterectomy - abdominal for a woman aged 20; under 35 is a mandatory audit trigger,P152,M002593,F152,SO010,20000.0,20000.0,2026-09-28 01:37:00
C031957,ward_upcoding,ICU rate billed; ICU or ventilator was 50% of medical admissions in 2026-03 vs 9% for all hospitals,P292,M019945,F292,MG001A,7200.0,7200.0,2026-03-09 05:30:00
C033383,ward_upcoding,ICU rate billed; ICU or ventilator was 50% of medical admissions in 2026-03 vs 9% for all hospitals,P292,M009020,F292,MG009A,7813.0,10800.0,2026-03-15 18:30:00
C034467,ward_upcoding,ICU rate billed; ICU or ventilator was 50% of medical admissions in 2026-03 vs 9% for all hospitals,P292,M015796,F292,MG029A,18994.0,25200.0,2026-03-20 23:37:00
C035291,ward_upcoding,ICU rate billed; ICU or ventilator was 50% of medical admissions in 2026-03 vs 9% for all hospitals,P292,M005450,F292,MG016A,10800.0,10800.0,2026-03-25 09:00:00
C037584,ward_upcoding,ICU with ventilator rate billed; ICU or ventilator was 50% of medical admissions in 2026-04 vs 9% for all hospitals,P158,M025327,F158,MG021A,21780.0,21780.0,2026-04-05 19:08:00
C040808,ward_upcoding,ICU rate billed; ICU or ventilator was 50% of medical admissions in 2026-04 vs 9% for all hospitals,P158,M007818,F158,MG049C,26136.0,26136.0,2026-04-21 13:27:00
C041715,ward_upcoding,ICU rate billed; ICU or ventilator was 50% of medical admissions in 2026-04 vs 9% for all hospitals,P158,M002042,F158,MG071A,39204.0,39204.0,2026-04-26 04:30:00
C041763,ward_upcoding,ICU rate billed; ICU or ventilator was 50% of medical admissions in 2026-04 vs 9% for all hospitals,P158,M007081,F158,MG004A,17424.0,17424.0,2026-04-26 11:11:00
C043708,ward_upcoding,ICU with ventilator rate billed; ICU or ventilator was 44% of medical admissions in 2026-05 vs 9% for all hospitals,P158,M025326,F158,MG059A,27225.0,27225.0,2026-05-04 10:43:00
C044049,ward_upcoding,ICU rate billed; ICU or ventilator was 36% of medical admissions in 2026-05 vs 9% for all hospitals,P221,M016267,F221,MG006A,7200.0,7200.0,2026-05-05 20:03:00
C044167,ward_upcoding,ICU rate billed; ICU or ventilator was 36% of medical admissions in 2026-05 vs 9% for all hospitals,P221,M019734,F221,MG001A,7200.0,7200.0,2026-05-06 12:06:00
C044718,ward_upcoding,ICU rate billed; ICU or ventilator was 44% of medical admissions in 2026-05 vs 9% for all hospitals,P158,M008623,F158,MG016A,8712.0,8712.0,2026-05-08 23:12:00
C046384,ward_upcoding,ICU rate billed; ICU or ventilator was 36% of medical admissions in 2026-05 vs 9% for all hospitals,P221,M015846,F221,MG004A,32400.0,32400.0,2026-05-16 18:09:00
C047898,ward_upcoding,ICU rate billed; ICU or ventilator was 44% of medical admissions in 2026-05 vs 9% for all hospitals,P158,M015920,F158,MG009A,21780.0,21780.0,2026-05-24 09:24:00
C048123,ward_upcoding,ICU rate billed; ICU or ventilator was 44% of medical admissions in 2026-05 vs 9% for all hospitals,P158,M011027,F158,MG003A,13068.0,13068.0,2026-05-25 10:27:00
C048167,ward_upcoding,ICU rate billed; ICU or ventilator was 36% of medical admissions in 2026-05 vs 9% for all hospitals,P221,M003755,F221,MG049C,36000.0,36000.0,2026-05-25 13:51:00
C056321,ward_upcoding,ICU rate billed; ICU or ventilator was 73% of medical admissions in 2026-07 vs 9% for all hospitals,P292,M009101,F292,MG021A,14400.0,14400.0,2026-07-03 09:47:00
C057144,ward_upcoding,ICU rate billed; ICU or ventilator was 73% of medical admissions in 2026-07 vs 9% for all hospitals,P292,M022507,F292,MG021A,10800.0,10800.0,2026-07-07 08:29:00
C057309,ward_upcoding,ICU with ventilator rate billed; ICU or ventilator was 73% of medical admissions in 2026-07 vs 9% for all hospitals,P292,M020891,F292,MG003A,9000.0,9000.0,2026-07-07 22:11:00
C058406,ward_upcoding,ICU rate billed; ICU or ventilator was 73% of medical admissions in 2026-07 vs 9% for all hospitals,P292,M003382,F292,MG001A,10800.0,10800.0,2026-07-13 09:41:00
C058627,ward_upcoding,ICU rate billed; ICU or ventilator was 73% of medical admissions in 2026-07 vs 9% for all hospitals,P292,M002898,F292,MG001A,21600.0,21600.0,2026-07-14 10:28:00
C060232,ward_upcoding,ICU rate billed; ICU or ventilator was 73% of medical admissions in 2026-07 vs 9% for all hospitals,P292,M001961,F292,MG004A,21600.0,21600.0,2026-07-21 16:24:00
C061655,ward_upcoding,ICU with ventilator rate billed; ICU or ventilator was 73% of medical admissions in 2026-07 vs 9% for all hospitals,P292,M009312,F292,MG001A,9000.0,9000.0,2026-07-28 13:00:00
C061894,ward_upcoding,ICU rate billed; ICU or ventilator was 73% of medical admissions in 2026-07 vs 9% for all hospitals,P292,M020544,F292,MG016A,11469.0,14400.0,2026-07-29 16:23:00
C063784,ward_upcoding,ICU rate billed; ICU or ventilator was 75% of medical admissions in 2026-08 vs 9% for all hospitals,P139,M014498,F139,MG049C,26600.0,31680.0,2026-08-07 12:27:00
C064246,ward_upcoding,ICU rate billed; ICU or ventilator was 42% of medical admissions in 2026-08 vs 9% for all hospitals,P292,M019791,F292,MG016A,10800.0,10800.0,2026-08-09 13:36:00
C064299,ward_upcoding,ICU with ventilator rate billed; ICU or ventilator was 75% of medical admissions in 2026-08 vs 9% for all hospitals,P139,M018150,F139,MG064A,29700.0,29700.0,2026-08-09 17:43:00
C065310,ward_upcoding,ICU rate billed; ICU or ventilator was 75% of medical admissions in 2026-08 vs 9% for all hospitals,P139,M018756,F139,MG009A,11880.0,11880.0,2026-08-13 17:25:00
C065431,ward_upcoding,ICU rate billed; ICU or ventilator was 75% of medical admissions in 2026-08 vs 9% for all hospitals,P139,M016286,F139,MG021A,15840.0,15840.0,2026-08-14 09:35:00
C065767,ward_upcoding,ICU rate billed; ICU or ventilator was 42% of medical admissions in 2026-08 vs 9% for all hospitals,P292,M017403,F292,MG001A,14400.0,14400.0,2026-08-15 18:41:00
C065836,ward_upcoding,ICU rate billed; ICU or ventilator was 75% of medical admissions in 2026-08 vs 9% for all hospitals,P139,M015273,F139,MG001A,19800.0,19800.0,2026-08-16 08:09:00
C065888,ward_upcoding,ICU rate billed; ICU or ventilator was 42% of medical admissions in 2026-08 vs 9% for all hospitals,P292,M018464,F292,MG017A,21600.0,21600.0,2026-08-16 11:55:00
C065969,ward_upcoding,ICU with ventilator rate billed; ICU or ventilator was 42% of medical admissions in 2026-08 vs 9% for all hospitals,P292,M003336,F292,MG049C,27000.0,27000.0,2026-08-16 18:06:00
C067681,ward_upcoding,ICU rate billed; ICU or ventilator was 75% of medical admissions in 2026-08 vs 9% for all hospitals,P139,M018817,F139,MG059A,14913.0,19800.0,2026-08-24 12:01:00
C069151,ward_upcoding,ICU rate billed; ICU or ventilator was 42% of medical admissions in 2026-08 vs 9% for all hospitals,P292,M023112,F292,MG059A,14400.0,14400.0,2026-08-31 05:30:00
C070452,ward_upcoding,ICU rate billed; ICU or ventilator was 62% of medical admissions in 2026-09 vs 9% for all hospitals,P292,M001193,F292,MG001A,7200.0,7200.0,2026-09-05 17:51:00
C070824,ward_upcoding,ICU with ventilator rate billed; ICU or ventilator was 56% of medical admissions in 2026-09 vs 9% for all hospitals,P139,M004833,F139,MG006A,14850.0,14850.0,2026-09-07 12:31:00
C071026,ward_upcoding,ICU with ventilator rate billed; ICU or ventilator was 56% of medical admissions in 2026-09 vs 9% for all hospitals,P139,M012212,F139,MG064A,19800.0,19800.0,2026-09-08 13:54:00
C071136,ward_upcoding,ICU rate billed; ICU or ventilator was 62% of medical admissions in 2026-09 vs 9% for all hospitals,P292,M016411,F292,MG029A,10800.0,10800.0,2026-09-08 23:29:00
C071764,ward_upcoding,ICU with ventilator rate billed; ICU or ventilator was 56% of medical admissions in 2026-09 vs 9% for all hospitals,P139,M004838,F139,MG029A,13999.0,19800.0,2026-09-12 00:02:00
C072688,ward_upcoding,ICU with ventilator rate billed; ICU or ventilator was 56% of medical admissions in 2026-09 vs 9% for all hospitals,P139,M011052,F139,MG004A,19800.0,19800.0,2026-09-15 22:33:00
C072836,ward_upcoding,ICU with ventilator rate billed; ICU or ventilator was 56% of medical admissions in 2026-09 vs 9% for all hospitals,P139,M013267,F139,MG006A,34650.0,34650.0,2026-09-16 15:50:00
C073106,ward_upcoding,ICU rate billed; ICU or ventilator was 62% of medical admissions in 2026-09 vs 9% for all hospitals,P292,M015269,F292,MG064A,10800.0,10800.0,2026-09-17 19:34:00
C073691,ward_upcoding,ICU with ventilator rate billed; ICU or ventilator was 62% of medical admissions in 2026-09 vs 9% for all hospitals,P292,M016345,F292,MG017A,23190.0,27000.0,2026-09-20 14:10:00
C075649,ward_upcoding,ICU rate billed; ICU or ventilator was 62% of medical admissions in 2026-09 vs 9% for all hospitals,P292,M025231,F292,MG070A,21600.0,21600.0,2026-09-29 15:51:00
C001178,ward_upcoding,ICU with ventilator rate billed; ICU or ventilator was 37% of this hospital's 105 medical admissions over the period vs 9% for all hospitals (binomial p = 2e-15),P292,M015268,F292,MG038A,17466.0,22500.0,2025-10-06 17:49:00
C001182,ward_upcoding,ICU rate billed; ICU or ventilator was 37% of this hospital's 81 medical admissions over the period vs 9% for all hospitals (binomial p = 3e-12),P158,M022563,F158,MG001A,13068.0,13068.0,2025-10-06 18:00:00
C008263,ward_upcoding,ICU rate billed; ICU or ventilator was 37% of this hospital's 105 medical admissions over the period vs 9% for all hospitals (binomial p = 2e-15),P292,M020755,F292,MG004A,14400.0,14400.0,2025-11-11 11:55:00
C011543,ward_upcoding,ICU rate billed; ICU or ventilator was 37% of this hospital's 105 medical admissions over the period vs 9% for all hospitals (binomial p = 2e-15),P292,M019813,F292,MG049C,16383.0,18000.0,2025-11-27 16:28:00
C015180,ward_upcoding,ICU rate billed; ICU or ventilator was 31% of this hospital's 64 medical admissions over the period vs 9% for all hospitals (binomial p = 3e-07),P139,M014498,F139,MG029A,23760.0,23760.0,2025-12-15 12:48:00
C015679,ward_upcoding,ICU with ventilator rate billed; ICU or ventilator was 37% of this hospital's 105 medical admissions over the period vs 9% for all hospitals (binomial p = 2e-15),P292,M006024,F292,MG004A,18000.0,18000.0,2025-12-17 17:10:00
C019398,ward_upcoding,ICU rate billed; ICU or ventilator was 37% of this hospital's 105 medical admissions over the period vs 9% for all hospitals (binomial p = 2e-15),P292,M006391,F292,MG009A,7200.0,7200.0,2026-01-05 20:51:00
C020311,ward_upcoding,ICU rate billed; ICU or ventilator was 37% of this hospital's 81 medical admissions over the period vs 9% for all hospitals (binomial p = 3e-12),P158,M012073,F158,MG017A,34848.0,34848.0,2026-01-10 13:15:00
C021478,ward_upcoding,ICU rate billed; ICU or ventilator was 31% of this hospital's 64 medical admissions over the period vs 9% for all hospitals (binomial p = 3e-07),P139,M012636,F139,MG016A,27720.0,27720.0,2026-01-16 09:11:00
C021963,ward_upcoding,ICU rate billed; ICU or ventilator was 31% of this hospital's 64 medical admissions over the period vs 9% for all hospitals (binomial p = 3e-07),P139,M023877,F139,MG004A,15840.0,15840.0,2026-01-18 13:32:00
C022399,ward_upcoding,ICU rate billed; ICU or ventilator was 37% of this hospital's 81 medical admissions over the period vs 9% for all hospitals (binomial p = 3e-12),P158,M019657,F158,MG070A,21780.0,21780.0,2026-01-20 15:58:00
C022618,ward_upcoding,ICU with ventilator rate billed; ICU or ventilator was 37% of this hospital's 81 medical admissions over the period vs 9% for all hospitals (binomial p = 3e-12),P158,M017005,F158,MG021A,16335.0,16335.0,2026-01-21 20:24:00
C022694,ward_upcoding,ICU with ventilator rate billed; ICU or ventilator was 37% of this hospital's 105 medical admissions over the period vs 9% for all hospitals (binomial p = 2e-15),P292,M001097,F292,MG021A,23240.0,27000.0,2026-01-22 10:54:00
C024550,ward_upcoding,ICU rate billed; ICU or ventilator was 37% of this hospital's 105 medical admissions over the period vs 9% for all hospitals (binomial p = 2e-15),P292,M014549,F292,MG059A,32400.0,32400.0,2026-01-31 12:14:00
C025099,ward_upcoding,ICU with ventilator rate billed; ICU or ventilator was 31% of this hospital's 64 medical admissions over the period vs 9% for all hospitals (binomial p = 3e-07),P139,M013034,F139,MG049C,29700.0,29700.0,2026-02-03 10:53:00
C027776,ward_upcoding,ICU with ventilator rate billed; ICU or ventilator was 37% of this hospital's 81 medical admissions over the period vs 9% for all hospitals (binomial p = 3e-12),P158,M004239,F158,MG001A,16335.0,16335.0,2026-02-16 15:53:00
C029085,ward_upcoding,ICU with ventilator rate billed; ICU or ventilator was 37% of this hospital's 105 medical admissions over the period vs 9% for all hospitals (binomial p = 2e-15),P292,M005964,F292,MG003A,13500.0,13500.0,2026-02-23 10:30:00
C029818,ward_upcoding,ICU with ventilator rate billed; ICU or ventilator was 37% of this hospital's 81 medical admissions over the period vs 9% for all hospitals (binomial p = 3e-12),P158,M007437,F158,MG029A,15809.0,21780.0,2026-02-26 21:58:00
C033569,ward_upcoding,ICU rate billed; ICU or ventilator was 37% of this hospital's 81 medical admissions over the period vs 9% for all hospitals (binomial p = 3e-12),P158,M019651,F158,MG004A,8712.0,8712.0,2026-03-16 16:49:00
C034397,ward_upcoding,ICU rate billed; ICU or ventilator was 37% of this hospital's 81 medical admissions over the period vs 9% for all hospitals (binomial p = 3e-12),P158,M011222,F158,MG003A,8712.0,8712.0,2026-03-20 15:57:00
C034409,ward_upcoding,ICU with ventilator rate billed; ICU or ventilator was 37% of this hospital's 81 medical admissions over the period vs 9% for all hospitals (binomial p = 3e-12),P158,M021135,F158,MG070A,27225.0,27225.0,2026-03-20 16:42:00
C037787,ward_upcoding,ICU with ventilator rate billed; ICU or ventilator was 37% of this hospital's 105 medical admissions over the period vs 9% for all hospitals (binomial p = 2e-15),P292,M006724,F292,MG004A,9000.0,9000.0,2026-04-06 18:42:00
C039941,ward_upcoding,ICU with ventilator rate billed; ICU or ventilator was 37% of this hospital's 105 medical admissions over the period vs 9% for all hospitals (binomial p = 2e-15),P292,M015725,F292,MG009A,18000.0,18000.0,2026-04-17 11:42:00
C040585,ward_upcoding,ICU rate billed; ICU or ventilator was 37% of this hospital's 105 medical admissions over the period vs 9% for all hospitals (binomial p = 2e-15),P292,M019176,F292,MG038A,25200.0,25200.0,2026-04-20 11:05:00
C040992,ward_upcoding,ICU with ventilator rate billed; ICU or ventilator was 37% of this hospital's 105 medical admissions over the period vs 9% for all hospitals (binomial p = 2e-15),P292,M017576,F292,MG017A,18000.0,18000.0,2026-04-22 12:12:00
C043998,ward_upcoding,ICU rate billed; ICU or ventilator was 37% of this hospital's 105 medical admissions over the period vs 9% for all hospitals (binomial p = 2e-15),P292,M021111,F292,MG001A,3600.0,3600.0,2026-05-05 15:43:00
C046317,ward_upcoding,ICU rate billed; ICU or ventilator was 37% of this hospital's 105 medical admissions over the period vs 9% for all hospitals (binomial p = 2e-15),P292,M002107,F292,MG006A,18000.0,18000.0,2026-05-16 13:31:00
C046327,ward_upcoding,ICU with ventilator rate billed; ICU or ventilator was 31% of this hospital's 64 medical admissions over the period vs 9% for all hospitals (binomial p = 3e-07),P139,M012072,F139,MG006A,9900.0,9900.0,2026-05-16 14:01:00
C051251,ward_upcoding,ICU rate billed; ICU or ventilator was 37% of this hospital's 105 medical admissions over the period vs 9% for all hospitals (binomial p = 2e-15),P292,M025902,F292,MG001A,3600.0,3600.0,2026-06-08 21:04:00
C052389,ward_upcoding,ICU rate billed; ICU or ventilator was 37% of this hospital's 105 medical admissions over the period vs 9% for all hospitals (binomial p = 2e-15),P292,M018641,F292,MG001A,14400.0,14400.0,2026-06-14 12:56:00
C052657,ward_upcoding,ICU rate billed; ICU or ventilator was 37% of this hospital's 105 medical admissions over the period vs 9% for all hospitals (binomial p = 2e-15),P292,M018627,F292,MG009A,3600.0,3600.0,2026-06-15 17:01:00
C053178,ward_upcoding,ICU rate billed; ICU or ventilator was 31% of this hospital's 64 medical admissions over the period vs 9% for all hospitals (binomial p = 3e-07),P139,M005893,F139,MG029A,15840.0,15840.0,2026-06-18 12:00:00
C053904,ward_upcoding,ICU with ventilator rate billed; ICU or ventilator was 37% of this hospital's 81 medical admissions over the period vs 9% for all hospitals (binomial p = 3e-12),P158,M011223,F158,MG006A,27225.0,27225.0,2026-06-21 17:29:00
C054458,ward_upcoding,ICU with ventilator rate billed; ICU or ventilator was 31% of this hospital's 64 medical admissions over the period vs 9% for all hospitals (binomial p = 3e-07),P139,M023980,F139,MG021A,19980.0,24750.0,2026-06-24 10:38:00
C055475,ward_upcoding,ICU with ventilator rate billed; ICU or ventilator was 31% of this hospital's 64 medical admissions over the period vs 9% for all hospitals (binomial p = 3e-07),P139,M008730,F139,MG001A,19800.0,19800.0,2026-06-29 06:36:00
C057651,ward_upcoding,ICU rate billed; ICU or ventilator was 37% of this hospital's 81 medical admissions over the period vs 9% for all hospitals (binomial p = 3e-12),P158,M018793,F158,MG004A,8712.0,8712.0,2026-07-09 15:34:00
C058373,ward_upcoding,ICU rate billed; ICU or ventilator was 31% of this hospital's 64 medical admissions over the period vs 9% for all hospitals (binomial p = 3e-07),P139,M015945,F139,MG001A,11880.0,11880.0,2026-07-13 06:53:00
C059818,ward_upcoding,ICU rate billed; ICU or ventilator was 37% of this hospital's 81 medical admissions over the period vs 9% for all hospitals (binomial p = 3e-12),P158,M016942,F158,MG038A,38133.0,47916.0,2026-07-19 19:19:00
C060085,ward_upcoding,ICU with ventilator rate billed; ICU or ventilator was 37% of this hospital's 81 medical admissions over the period vs 9% for all hospitals (binomial p = 3e-12),P158,M010290,F158,MG003A,27225.0,27225.0,2026-07-21 04:10:00
C062172,ward_upcoding,ICU rate billed; ICU or ventilator was 37% of this hospital's 81 medical admissions over the period vs 9% for all hospitals (binomial p = 3e-12),P158,M001317,F158,MG049C,34848.0,34848.0,2026-07-31 07:16:00
C063118,ward_upcoding,ICU with ventilator rate billed; ICU or ventilator was 37% of this hospital's 81 medical admissions over the period vs 9% for all hospitals (binomial p = 3e-12),P158,M013824,F158,MG001A,21780.0,21780.0,2026-08-04 14:04:00
C063446,ward_upcoding,ICU with ventilator rate billed; ICU or ventilator was 37% of this hospital's 81 medical admissions over the period vs 9% for all hospitals (binomial p = 3e-12),P158,M009500,F158,MG064A,7634.0,10890.0,2026-08-05 23:25:00
C064269,ward_upcoding,ICU rate billed; ICU or ventilator was 37% of this hospital's 81 medical admissions over the period vs 9% for all hospitals (binomial p = 3e-12),P158,M013132,F158,MG001A,17424.0,17424.0,2026-08-09 15:21:00
C066598,ward_upcoding,ICU with ventilator rate billed; ICU or ventilator was 37% of this hospital's 81 medical admissions over the period vs 9% for all hospitals (binomial p = 3e-12),P158,M002828,F158,MG021A,21780.0,21780.0,2026-08-19 12:35:00
C070373,ward_upcoding,ICU with ventilator rate billed; ICU or ventilator was 37% of this hospital's 81 medical admissions over the period vs 9% for all hospitals (binomial p = 3e-12),P158,M017062,F158,MG017A,21780.0,21780.0,2026-09-05 12:20:00
C072019,ward_upcoding,ICU rate billed; ICU or ventilator was 37% of this hospital's 81 medical admissions over the period vs 9% for all hospitals (binomial p = 3e-12),P158,M011220,F158,MG029A,21780.0,21780.0,2026-09-12 21:40:00
C073834,ward_upcoding,ICU with ventilator rate billed; ICU or ventilator was 37% of this hospital's 81 medical admissions over the period vs 9% for all hospitals (binomial p = 3e-12),P158,M020029,F158,MG009A,10890.0,10890.0,2026-09-21 09:14:00
C075585,ward_upcoding,ICU with ventilator rate billed; ICU or ventilator was 37% of this hospital's 81 medical admissions over the period vs 9% for all hospitals (binomial p = 3e-12),P158,M009144,F158,MG009A,10890.0,10890.0,2026-09-29 11:46:00
C009389,long_stay,12 days billed for MG003A; the typical stay assumed by this prototype is 4 days (PM-JAY publishes no length-of-stay norm),P243,M024186,F243,MG003A,23760.0,23760.0,2025-11-17 06:01:00
C028098,long_stay,10 days billed for MG009A; the typical stay assumed by this prototype is 3 days (PM-JAY publishes no length-of-stay norm),P062,M017131,F062,MG009A,18000.0,18000.0,2026-02-18 11:00:00
C035008,long_stay,14 days billed for MG016A; the typical stay assumed by this prototype is 5 days (PM-JAY publishes no length-of-stay norm),P148,M008212,F148,MG016A,25200.0,25200.0,2026-03-23 17:16:00
C049237,long_stay,14 days billed for MG016A; the typical stay assumed by this prototype is 5 days (PM-JAY publishes no length-of-stay norm),P048,M013369,F048,MG016A,25200.0,25200.0,2026-05-30 12:58:00
C066917,long_stay,10 days billed for MG009A; the typical stay assumed by this prototype is 3 days (PM-JAY publishes no length-of-stay norm),P179,M014545,F179,MG009A,18000.0,18000.0,2026-08-21 00:02:00
C072642,long_stay,12 days billed for MG064A; the typical stay assumed by this prototype is 4 days (PM-JAY publishes no length-of-stay norm),P259,M020469,F259,MG064A,23760.0,23760.0,2026-09-15 17:00:00
C018631,opd_to_ipd,1-day admission for acute febrile illness; such stays were 95% of these admissions in 2026-01 vs 21% for all hospitals,P125,M022542,F125,MG001A,1800.0,1800.0,2026-01-01 21:36:00
C018643,opd_to_ipd,1-day admission for acute febrile illness; such stays were 95% of these admissions in 2026-01 vs 21% for all hospitals,P125,M008595,F125,MG001A,1800.0,1800.0,2026-01-01 23:32:00
C018659,opd_to_ipd,1-day admission for acute gastroenteritis; such stays were 95% of these admissions in 2026-01 vs 21% for all hospitals,P125,M017856,F125,MG009A,1800.0,1800.0,2026-01-02 04:35:00
C018968,opd_to_ipd,1-day admission for acute febrile illness; such stays were 95% of these admissions in 2026-01 vs 21% for all hospitals,P125,M018593,F125,MG001A,1800.0,1800.0,2026-01-03 15:47:00
C020586,opd_to_ipd,1-day admission for acute gastroenteritis; such stays were 95% of these admissions in 2026-01 vs 21% for all hospitals,P125,M017858,F125,MG009A,1800.0,1800.0,2026-01-11 18:37:00
C020654,opd_to_ipd,1-day admission for acute febrile illness; such stays were 95% of these admissions in 2026-01 vs 21% for all hospitals,P125,M008594,F125,MG001A,1800.0,1800.0,2026-01-12 09:05:00
C020711,opd_to_ipd,1-day admission for acute gastroenteritis; such stays were 95% of these admissions in 2026-01 vs 21% for all hospitals,P125,M017857,F125,MG009A,1800.0,1800.0,2026-01-12 13:03:00
C020727,opd_to_ipd,1-day admission for acute febrile illness; such stays were 95% of these admissions in 2026-01 vs 21% for all hospitals,P125,M017855,F125,MG001A,1321.0,1800.0,2026-01-12 14:24:00
C020934,opd_to_ipd,1-day admission for acute gastroenteritis; such stays were 95% of these admissions in 2026-01 vs 21% for all hospitals,P125,M017857,F125,MG009A,1673.0,1800.0,2026-01-13 13:34:00
C021941,opd_to_ipd,1-day admission for urinary tract infection; such stays were 95% of these admissions in 2026-01 vs 21% for all hospitals,P125,M006243,F125,MG021A,1283.0,1800.0,2026-01-18 12:04:00
C022160,opd_to_ipd,1-day admission for acute febrile illness; such stays were 95% of these admissions in 2026-01 vs 21% for all hospitals,P125,M017855,F125,MG001A,1479.0,1800.0,2026-01-19 12:55:00
C022474,opd_to_ipd,1-day admission for acute gastroenteritis; such stays were 95% of these admissions in 2026-01 vs 21% for all hospitals,P125,M022543,F125,MG009A,1495.0,1800.0,2026-01-21 07:28:00
C022905,opd_to_ipd,1-day admission for acute febrile illness; such stays were 95% of these admissions in 2026-01 vs 21% for all hospitals,P125,M022539,F125,MG001A,1800.0,1800.0,2026-01-23 11:48:00
C023853,opd_to_ipd,1-day admission for acute gastroenteritis; such stays were 95% of these admissions in 2026-01 vs 21% for all hospitals,P125,M000285,F125,MG009A,1800.0,1800.0,2026-01-28 08:58:00
C023885,opd_to_ipd,1-day admission for urinary tract infection; such stays were 95% of these admissions in 2026-01 vs 21% for all hospitals,P125,M022540,F125,MG021A,1800.0,1800.0,2026-01-28 11:45:00
C023996,opd_to_ipd,1-day admission for urinary tract infection; such stays were 95% of these admissions in 2026-01 vs 21% for all hospitals,P125,M008594,F125,MG021A,1800.0,1800.0,2026-01-28 21:39:00
C024050,opd_to_ipd,1-day admission for acute febrile illness; such stays were 95% of these admissions in 2026-01 vs 21% for all hospitals,P125,M022541,F125,MG001A,1513.0,1800.0,2026-01-29 07:55:00
C024274,opd_to_ipd,1-day admission for acute febrile illness; such stays were 95% of these admissions in 2026-01 vs 21% for all hospitals,P125,M022539,F125,MG001A,1800.0,1800.0,2026-01-30 08:22:00
C025421,opd_to_ipd,1-day admission for acute gastroenteritis; such stays were 100% of these admissions in 2026-02 vs 21% for all hospitals,P125,M022460,F125,MG009A,1800.0,1800.0,2026-02-04 22:49:00
C025813,opd_to_ipd,1-day admission for acute febrile illness; such stays were 100% of these admissions in 2026-02 vs 21% for all hospitals,P125,M022462,F125,MG001A,1800.0,1800.0,2026-02-06 22:39:00
C025966,opd_to_ipd,1-day admission for acute febrile illness; such stays were 100% of these admissions in 2026-02 vs 21% for all hospitals,P125,M000915,F125,MG001A,1800.0,1800.0,2026-02-07 15:31:00
C026005,opd_to_ipd,1-day admission for acute febrile illness; such stays were 100% of these admissions in 2026-02 vs 21% for all hospitals,P125,M004959,F125,MG001A,1800.0,1800.0,2026-02-07 17:59:00
C026058,opd_to_ipd,1-day admission for acute gastroenteritis; such stays were 100% of these admissions in 2026-02 vs 21% for all hospitals,P125,M014414,F125,MG009A,1800.0,1800.0,2026-02-08 05:08:00
C026110,opd_to_ipd,1-day admission for acute gastroenteritis; such stays were 100% of these admissions in 2026-02 vs 21% for all hospitals,P125,M007133,F125,MG009A,1800.0,1800.0,2026-02-08 09:57:00
C026138,opd_to_ipd,1-day admission for acute febrile illness; such stays were 100% of these admissions in 2026-02 vs 21% for all hospitals,P125,M020214,F125,MG001A,1800.0,1800.0,2026-02-08 12:20:00
C026503,opd_to_ipd,1-day admission for urinary tract infection; such stays were 100% of these admissions in 2026-02 vs 21% for all hospitals,P125,M001698,F125,MG021A,1800.0,1800.0,2026-02-10 08:57:00
C026773,opd_to_ipd,1-day admission for acute febrile illness; such stays were 100% of these admissions in 2026-02 vs 21% for all hospitals,P125,M001699,F125,MG001A,1800.0,1800.0,2026-02-11 13:55:00
C026920,opd_to_ipd,1-day admission for acute febrile illness; such stays were 100% of these admissions in 2026-02 vs 21% for all hospitals,P125,M000915,F125,MG001A,1306.0,1800.0,2026-02-12 10:25:00
C027170,opd_to_ipd,1-day admission for acute gastroenteritis; such stays were 100% of these admissions in 2026-02 vs 21% for all hospitals,P125,M004961,F125,MG009A,1800.0,1800.0,2026-02-13 13:11:00
C027406,opd_to_ipd,1-day admission for acute febrile illness; such stays were 100% of these admissions in 2026-02 vs 21% for all hospitals,P125,M001699,F125,MG001A,1800.0,1800.0,2026-02-14 16:40:00
C027645,opd_to_ipd,1-day admission for acute febrile illness; such stays were 100% of these admissions in 2026-02 vs 21% for all hospitals,P125,M001698,F125,MG001A,1800.0,1800.0,2026-02-15 22:52:00
C027712,opd_to_ipd,1-day admission for acute febrile illness; such stays were 100% of these admissions in 2026-02 vs 21% for all hospitals,P125,M014411,F125,MG001A,1470.0,1800.0,2026-02-16 11:23:00
C028101,opd_to_ipd,1-day admission for acute febrile illness; such stays were 100% of these admissions in 2026-02 vs 21% for all hospitals,P125,M014413,F125,MG001A,1800.0,1800.0,2026-02-18 11:13:00
C028721,opd_to_ipd,1-day admission for urinary tract infection; such stays were 100% of these admissions in 2026-02 vs 21% for all hospitals,P125,M020220,F125,MG021A,1800.0,1800.0,2026-02-21 11:37:00
C028828,opd_to_ipd,1-day admission for acute gastroenteritis; such stays were 100% of these admissions in 2026-02 vs 21% for all hospitals,P125,M022461,F125,MG009A,1800.0,1800.0,2026-02-21 23:30:00
C028863,opd_to_ipd,1-day admission for urinary tract infection; such stays were 100% of these admissions in 2026-02 vs 21% for all hospitals,P125,M016168,F125,MG021A,1800.0,1800.0,2026-02-22 08:59:00
C029186,opd_to_ipd,1-day admission for acute febrile illness; such stays were 100% of these admissions in 2026-02 vs 21% for all hospitals,P125,M001700,F125,MG001A,1800.0,1800.0,2026-02-23 20:15:00
C029209,opd_to_ipd,1-day admission for urinary tract infection; such stays were 100% of these admissions in 2026-02 vs 21% for all hospitals,P125,M000917,F125,MG021A,1800.0,1800.0,2026-02-23 23:26:00
C029400,opd_to_ipd,1-day admission for urinary tract infection; such stays were 100% of these admissions in 2026-02 vs 21% for all hospitals,P125,M000916,F125,MG021A,1800.0,1800.0,2026-02-24 18:30:00
C029552,opd_to_ipd,1-day admission for acute febrile illness; such stays were 100% of these admissions in 2026-02 vs 21% for all hospitals,P125,M001700,F125,MG001A,1800.0,1800.0,2026-02-25 12:21:00
C029793,opd_to_ipd,1-day admission for acute gastroenteritis; such stays were 100% of these admissions in 2026-02 vs 21% for all hospitals,P125,M022462,F125,MG009A,1800.0,1800.0,2026-02-26 17:38:00
C029908,opd_to_ipd,1-day admission for acute gastroenteritis; such stays were 100% of these admissions in 2026-02 vs 21% for all hospitals,P125,M000917,F125,MG009A,1800.0,1800.0,2026-02-27 12:02:00
C030234,opd_to_ipd,1-day admission for acute gastroenteritis; such stays were 95% of these admissions in 2026-03 vs 21% for all hospitals,P024,M014628,F024,MG009A,1800.0,1800.0,2026-03-01 05:49:00
C030355,opd_to_ipd,1-day admission for acute febrile illness; such stays were 86% of these admissions in 2026-03 vs 21% for all hospitals,P156,M016599,F156,MG001A,1800.0,1800.0,2026-03-01 13:00:00
C030383,opd_to_ipd,1-day admission for acute febrile illness; such stays were 97% of these admissions in 2026-03 vs 21% for all hospitals,P125,M013920,F125,MG001A,1800.0,1800.0,2026-03-01 14:01:00
C030431,opd_to_ipd,1-day admission for acute gastroenteritis; such stays were 86% of these admissions in 2026-03 vs 21% for all hospitals,P156,M016733,F156,MG009A,1800.0,1800.0,2026-03-01 16:09:00
C030506,opd_to_ipd,1-day admission for acute gastroenteritis; such stays were 50% of these admissions in 2026-03 vs 21% for all hospitals,P075,M011238,F075,MG009A,2070.0,2070.0,2026-03-01 22:54:00
C030518,opd_to_ipd,1-day admission for acute febrile illness; such stays were 86% of these admissions in 2026-03 vs 21% for all hospitals,P156,M000965,F156,MG001A,1800.0,1800.0,2026-03-02 01:35:00
C030578,opd_to_ipd,1-day admission for acute gastroenteritis; such stays were 86% of these admissions in 2026-03 vs 21% for all hospitals,P156,M000962,F156,MG009A,1800.0,1800.0,2026-03-02 10:47:00
C030584,opd_to_ipd,1-day admission for acute gastroenteritis; such stays were 95% of these admissions in 2026-03 vs 21% for all hospitals,P024,M021849,F024,MG009A,1800.0,1800.0,2026-03-02 11:14:00
C030614,opd_to_ipd,1-day admission for acute febrile illness; such stays were 95% of these admissions in 2026-03 vs 21% for all hospitals,P024,M021507,F024,MG001A,1436.0,1800.0,2026-03-02 13:12:00
C030623,opd_to_ipd,1-day admission for acute gastroenteritis; such stays were 86% of these admissions in 2026-03 vs 21% for all hospitals,P156,M001872,F156,MG009A,1800.0,1800.0,2026-03-02 14:26:00
C030793,opd_to_ipd,1-day admission for acute febrile illness; such stays were 86% of these admissions in 2026-03 vs 21% for all hospitals,P156,M016598,F156,MG001A,1800.0,1800.0,2026-03-03 10:47:00
C031068,opd_to_ipd,1-day admission for acute febrile illness; such stays were 95% of these admissions in 2026-03 vs 21% for all hospitals,P024,M021509,F024,MG001A,1800.0,1800.0,2026-03-04 15:39:00
C031076,opd_to_ipd,1-day admission for acute gastroenteritis; such stays were 50% of these admissions in 2026-03 vs 21% for all hospitals,P075,M009786,F075,MG009A,2070.0,2070.0,2026-03-04 16:26:00
C031114,opd_to_ipd,1-day admission for acute febrile illness; such stays were 86% of these admissions in 2026-03 vs 21% for all hospitals,P156,M000964,F156,MG001A,1800.0,1800.0,2026-03-04 20:55:00
C031263,opd_to_ipd,1-day admission for urinary tract infection; such stays were 97% of these admissions in 2026-03 vs 21% for all hospitals,P125,M001859,F125,MG021A,1698.0,1800.0,2026-03-05 17:29:00
C031452,opd_to_ipd,1-day admission for acute febrile illness; such stays were 86% of these admissions in 2026-03 vs 21% for all hospitals,P156,M016731,F156,MG001A,1800.0,1800.0,2026-03-06 16:29:00
C031528,opd_to_ipd,1-day admission for acute febrile illness; such stays were 97% of these admissions in 2026-03 vs 21% for all hospitals,P125,M001860,F125,MG001A,1800.0,1800.0,2026-03-07 08:34:00
C031533,opd_to_ipd,1-day admission for acute febrile illness; such stays were 97% of these admissions in 2026-03 vs 21% for all hospitals,P125,M014399,F125,MG001A,1800.0,1800.0,2026-03-07 08:59:00
C031570,opd_to_ipd,1-day admission for acute febrile illness; such stays were 50% of these admissions in 2026-03 vs 21% for all hospitals,P075,M005312,F075,MG001A,1556.0,2070.0,2026-03-07 10:44:00
C031624,opd_to_ipd,1-day admission for acute gastroenteritis; such stays were 95% of these admissions in 2026-03 vs 21% for all hospitals,P024,M020376,F024,MG009A,1800.0,1800.0,2026-03-07 14:47:00
C031697,opd_to_ipd,1-day admission for acute gastroenteritis; such stays were 86% of these admissions in 2026-03 vs 21% for all hospitals,P156,M000961,F156,MG009A,1800.0,1800.0,2026-03-07 20:03:00
C031713,opd_to_ipd,1-day admission for urinary tract infection; such stays were 95% of these admissions in 2026-03 vs 21% for all hospitals,P024,M005649,F024,MG021A,1800.0,1800.0,2026-03-07 23:29:00
C031759,opd_to_ipd,1-day admission for acute febrile illness; such stays were 97% of these admissions in 2026-03 vs 21% for all hospitals,P125,M007896,F125,MG001A,1800.0,1800.0,2026-03-08 09:40:00
C031762,opd_to_ipd,1-day admission for acute febrile illness; such stays were 95% of these admissions in 2026-03 vs 21% for all hospitals,P024,M014632,F024,MG001A,1800.0,1800.0,2026-03-08 09:46:00
C031829,opd_to_ipd,1-day admission for acute febrile illness; such stays were 97% of these admissions in 2026-03 vs 21% for all hospitals,P125,M001863,F125,MG001A,1800.0,1800.0,2026-03-08 13:42:00
C032005,opd_to_ipd,1-day admission for acute febrile illness; such stays were 95% of these admissions in 2026-03 vs 21% for all hospitals,P024,M021849,F024,MG001A,1800.0,1800.0,2026-03-09 10:55:00
C032022,opd_to_ipd,1-day admission for acute febrile illness; such stays were 95% of these admissions in 2026-03 vs 21% for all hospitals,P024,M021513,F024,MG001A,1800.0,1800.0,2026-03-09 12:18:00
C032033,opd_to_ipd,1-day admission for acute febrile illness; such stays were 97% of these admissions in 2026-03 vs 21% for all hospitals,P125,M014397,F125,MG001A,1800.0,1800.0,2026-03-09 13:06:00
C032240,opd_to_ipd,1-day admission for urinary tract infection; such stays were 97% of these admissions in 2026-03 vs 21% for all hospitals,P125,M015653,F125,MG021A,1800.0,1800.0,2026-03-10 12:21:00
C032545,opd_to_ipd,1-day admission for acute febrile illness; such stays were 95% of these admissions in 2026-03 vs 21% for all hospitals,P024,M005650,F024,MG001A,1800.0,1800.0,2026-03-11 19:49:00
C032590,opd_to_ipd,1-day admission for urinary tract infection; such stays were 95% of these admissions in 2026-03 vs 21% for all hospitals,P024,M021512,F024,MG021A,1800.0,1800.0,2026-03-12 06:43:00
C032597,opd_to_ipd,1-day admission for acute febrile illness; such stays were 97% of these admissions in 2026-03 vs 21% for all hospitals,P125,M001863,F125,MG001A,1800.0,1800.0,2026-03-12 08:19:00
C032618,opd_to_ipd,1-day admission for acute febrile illness; such stays were 97% of these admissions in 2026-03 vs 21% for all hospitals,P125,M007900,F125,MG001A,1800.0,1800.0,2026-03-12 09:39:00
C032826,opd_to_ipd,1-day admission for urinary tract infection; such stays were 86% of these admissions in 2026-03 vs 21% for all hospitals,P156,M012146,F156,MG021A,1800.0,1800.0,2026-03-13 09:57:00
C032946,opd_to_ipd,1-day admission for acute febrile illness; such stays were 95% of these admissions in 2026-03 vs 21% for all hospitals,P024,M021850,F024,MG001A,1800.0,1800.0,2026-03-13 18:24:00
C033215,opd_to_ipd,1-day admission for acute febrile illness; such stays were 95% of these admissions in 2026-03 vs 21% for all hospitals,P024,M021849,F024,MG001A,1800.0,1800.0,2026-03-15 06:42:00
C033363,opd_to_ipd,1-day admission for urinary tract infection; such stays were 97% of these admissions in 2026-03 vs 21% for all hospitals,P125,M007896,F125,MG021A,1800.0,1800.0,2026-03-15 16:53:00
C033598,opd_to_ipd,1-day admission for acute gastroenteritis; such stays were 97% of these admissions in 2026-03 vs 21% for all hospitals,P125,M003559,F125,MG009A,1800.0,1800.0,2026-03-16 21:12:00
C033604,opd_to_ipd,1-day admission for acute febrile illness; such stays were 97% of these admissions in 2026-03 vs 21% for all hospitals,P125,M013919,F125,MG001A,1614.0,1800.0,2026-03-16 22:15:00
C033609,opd_to_ipd,1-day admission for urinary tract infection; such stays were 86% of these admissions in 2026-03 vs 21% for all hospitals,P156,M012146,F156,MG021A,1800.0,1800.0,2026-03-16 23:04:00
C033640,opd_to_ipd,1-day admission for acute febrile illness; such stays were 97% of these admissions in 2026-03 vs 21% for all hospitals,P125,M017891,F125,MG001A,1800.0,1800.0,2026-03-17 06:50:00
C033688,opd_to_ipd,1-day admission for acute gastroenteritis; such stays were 97% of these admissions in 2026-03 vs 21% for all hospitals,P125,M001860,F125,MG009A,1521.0,1800.0,2026-03-17 11:41:00
C033846,opd_to_ipd,1-day admission for acute gastroenteritis; such stays were 95% of these admissions in 2026-03 vs 21% for all hospitals,P024,M020373,F024,MG009A,1800.0,1800.0,2026-03-18 08:07:00
C033907,opd_to_ipd,1-day admission for acute gastroenteritis; such stays were 95% of these admissions in 2026-03 vs 21% for all hospitals,P024,M005651,F024,MG009A,1800.0,1800.0,2026-03-18 12:21:00
C034016,opd_to_ipd,1-day admission for acute febrile illness; such stays were 97% of these admissions in 2026-03 vs 21% for all hospitals,P125,M001863,F125,MG001A,1800.0,1800.0,2026-03-19 00:32:00
C034106,opd_to_ipd,1-day admission for acute febrile illness; such stays were 86% of these admissions in 2026-03 vs 21% for all hospitals,P156,M000964,F156,MG001A,1800.0,1800.0,2026-03-19 12:05:00
C034120,opd_to_ipd,1-day admission for acute febrile illness; such stays were 86% of these admissions in 2026-03 vs 21% for all hospitals,P156,M016598,F156,MG001A,1800.0,1800.0,2026-03-19 12:47:00
C034183,opd_to_ipd,1-day admission for acute febrile illness; such stays were 97% of these admissions in 2026-03 vs 21% for all hospitals,P125,M007897,F125,MG001A,1800.0,1800.0,2026-03-19 16:41:00
C034273,opd_to_ipd,1-day admission for urinary tract infection; such stays were 95% of these admissions in 2026-03 vs 21% for all hospitals,P024,M014630,F024,MG021A,1800.0,1800.0,2026-03-20 07:19:00
C034312,opd_to_ipd,1-day admission for acute gastroenteritis; such stays were 97% of these admissions in 2026-03 vs 21% for all hospitals,P125,M014397,F125,MG009A,1800.0,1800.0,2026-03-20 10:10:00
C034551,opd_to_ipd,1-day admission for acute febrile illness; such stays were 97% of these admissions in 2026-03 vs 21% for all hospitals,P125,M007896,F125,MG001A,1660.0,1800.0,2026-03-21 12:12:00
C034620,opd_to_ipd,1-day admission for urinary tract infection; such stays were 97% of these admissions in 2026-03 vs 21% for all hospitals,P125,M006220,F125,MG021A,1800.0,1800.0,2026-03-21 17:21:00
C034686,opd_to_ipd,1-day admission for acute febrile illness; such stays were 50% of these admissions in 2026-03 vs 21% for all hospitals,P075,M021961,F075,MG001A,1609.0,2070.0,2026-03-22 07:11:00
C034801,opd_to_ipd,1-day admission for acute febrile illness; such stays were 97% of these admissions in 2026-03 vs 21% for all hospitals,P125,M007899,F125,MG001A,1800.0,1800.0,2026-03-22 16:46:00
C034845,opd_to_ipd,1-day admission for acute febrile illness; such stays were 97% of these admissions in 2026-03 vs 21% for all hospitals,P125,M006216,F125,MG001A,1800.0,1800.0,2026-03-22 22:03:00
C034981,opd_to_ipd,1-day admission for acute febrile illness; such stays were 97% of these admissions in 2026-03 vs 21% for all hospitals,P125,M003559,F125,MG001A,1800.0,1800.0,2026-03-23 15:06:00
C034996,opd_to_ipd,1-day admission for urinary tract infection; such stays were 97% of these admissions in 2026-03 vs 21% for all hospitals,P125,M007209,F125,MG021A,1800.0,1800.0,2026-03-23 16:18:00
C035090,opd_to_ipd,1-day admission for acute febrile illness; such stays were 95% of these admissions in 2026-03 vs 21% for all hospitals,P024,M021847,F024,MG001A,1399.0,1800.0,2026-03-24 08:35:00
C035183,opd_to_ipd,1-day admission for acute febrile illness; such stays were 86% of these admissions in 2026-03 vs 21% for all hospitals,P156,M016729,F156,MG001A,1800.0,1800.0,2026-03-24 14:27:00
C035456,opd_to_ipd,1-day admission for acute febrile illness; such stays were 86% of these admissions in 2026-03 vs 21% for all hospitals,P156,M012144,F156,MG001A,1597.0,1800.0,2026-03-25 23:34:00
C035708,opd_to_ipd,1-day admission for acute febrile illness; such stays were 97% of these admissions in 2026-03 vs 21% for all hospitals,P125,M007209,F125,MG001A,1800.0,1800.0,2026-03-27 12:17:00
C035740,opd_to_ipd,1-day admission for acute gastroenteritis; such stays were 97% of these admissions in 2026-03 vs 21% for all hospitals,P125,M007899,F125,MG009A,1800.0,1800.0,2026-03-27 14:48:00
C035773,opd_to_ipd,1-day admission for acute febrile illness; such stays were 97% of these admissions in 2026-03 vs 21% for all hospitals,P125,M001862,F125,MG001A,1800.0,1800.0,2026-03-27 17:53:00
C035826,opd_to_ipd,1-day admission for acute febrile illness; such stays were 95% of these admissions in 2026-03 vs 21% for all hospitals,P024,M020374,F024,MG001A,1800.0,1800.0,2026-03-28 06:01:00
C035872,opd_to_ipd,1-day admission for acute febrile illness; such stays were 97% of these admissions in 2026-03 vs 21% for all hospitals,P125,M014397,F125,MG001A,1800.0,1800.0,2026-03-28 11:30:00
C035886,opd_to_ipd,1-day admission for acute febrile illness; such stays were 86% of these admissions in 2026-03 vs 21% for all hospitals,P156,M003419,F156,MG001A,1800.0,1800.0,2026-03-28 12:17:00
C035995,opd_to_ipd,1-day admission for acute febrile illness; such stays were 86% of these admissions in 2026-03 vs 21% for all hospitals,P156,M000964,F156,MG001A,1800.0,1800.0,2026-03-28 21:57:00
C036061,opd_to_ipd,1-day admission for acute febrile illness; such stays were 86% of these admissions in 2026-03 vs 21% for all hospitals,P156,M012144,F156,MG001A,1800.0,1800.0,2026-03-29 10:15:00
C036153,opd_to_ipd,1-day admission for acute gastroenteritis; such stays were 97% of these admissions in 2026-03 vs 21% for all hospitals,P125,M007900,F125,MG009A,1800.0,1800.0,2026-03-29 17:31:00
C036323,opd_to_ipd,1-day admission for acute febrile illness; such stays were 97% of these admissions in 2026-03 vs 21% for all hospitals,P125,M007901,F125,MG001A,1800.0,1800.0,2026-03-30 16:12:00
C036596,opd_to_ipd,1-day admission for acute febrile illness; such stays were 89% of these admissions in 2026-04 vs 21% for all hospitals,P024,M011731,F024,MG001A,1800.0,1800.0,2026-04-01 03:41:00
C036644,opd_to_ipd,1-day admission for acute febrile illness; such stays were 89% of these admissions in 2026-04 vs 21% for all hospitals,P024,M002398,F024,MG001A,1800.0,1800.0,2026-04-01 10:09:00
C036671,opd_to_ipd,1-day admission for acute febrile illness; such stays were 97% of these admissions in 2026-04 vs 21% for all hospitals,P125,M022036,F125,MG001A,1800.0,1800.0,2026-04-01 12:34:00
C036802,opd_to_ipd,1-day admission for acute gastroenteritis; such stays were 89% of these admissions in 2026-04 vs 21% for all hospitals,P024,M020700,F024,MG009A,1800.0,1800.0,2026-04-02 05:09:00
C036917,opd_to_ipd,1-day admission for acute febrile illness; such stays were 100% of these admissions in 2026-04 vs 21% for all hospitals,P156,M009539,F156,MG001A,1800.0,1800.0,2026-04-02 15:03:00
C036952,opd_to_ipd,1-day admission for acute gastroenteritis; such stays were 97% of these admissions in 2026-04 vs 21% for all hospitals,P125,M018592,F125,MG009A,1800.0,1800.0,2026-04-02 17:15:00
C036975,opd_to_ipd,1-day admission for urinary tract infection; such stays were 97% of these admissions in 2026-04 vs 21% for all hospitals,P125,M008513,F125,MG021A,1454.0,1800.0,2026-04-02 20:36:00
C036985,opd_to_ipd,1-day admission for urinary tract infection; such stays were 89% of these admissions in 2026-04 vs 21% for all hospitals,P024,M004509,F024,MG021A,1800.0,1800.0,2026-04-02 22:59:00
C037048,opd_to_ipd,1-day admission for acute febrile illness; such stays were 97% of these admissions in 2026-04 vs 21% for all hospitals,P125,M023830,F125,MG001A,1800.0,1800.0,2026-04-03 10:28:00
C037076,opd_to_ipd,1-day admission for urinary tract infection; such stays were 100% of these admissions in 2026-04 vs 21% for all hospitals,P156,M017866,F156,MG021A,1800.0,1800.0,2026-04-03 12:34:00
C037167,opd_to_ipd,1-day admission for acute gastroenteritis; such stays were 97% of these admissions in 2026-04 vs 21% for all hospitals,P125,M012415,F125,MG009A,1800.0,1800.0,2026-04-03 21:23:00
C037173,opd_to_ipd,1-day admission for acute febrile illness; such stays were 100% of these admissions in 2026-04 vs 21% for all hospitals,P156,M015756,F156,MG001A,1800.0,1800.0,2026-04-03 22:00:00
C037260,opd_to_ipd,1-day admission for acute gastroenteritis; such stays were 97% of these admissions in 2026-04 vs 21% for all hospitals,P125,M007900,F125,MG009A,1800.0,1800.0,2026-04-04 11:45:00
C037263,opd_to_ipd,1-day admission for acute gastroenteritis; such stays were 97% of these admissions in 2026-04 vs 21% for all hospitals,P125,M015926,F125,MG009A,1800.0,1800.0,2026-04-04 12:12:00
C037326,opd_to_ipd,1-day admission for acute gastroenteritis; such stays were 100% of these admissions in 2026-04 vs 21% for all hospitals,P156,M017868,F156,MG009A,1531.0,1800.0,2026-04-04 15:46:00
C037448,opd_to_ipd,1-day admission for acute gastroenteritis; such stays were 97% of these admissions in 2026-04 vs 21% for all hospitals,P125,M018593,F125,MG009A,1623.0,1800.0,2026-04-05 09:45:00
C037582,opd_to_ipd,1-day admission for acute gastroenteritis; such stays were 100% of these admissions in 2026-04 vs 21% for all hospitals,P156,M017867,F156,MG009A,1800.0,1800.0,2026-04-05 19:03:00
C037638,opd_to_ipd,1-day admission for urinary tract infection; such stays were 89% of these admissions in 2026-04 vs 21% for all hospitals,P024,M000576,F024,MG021A,1800.0,1800.0,2026-04-06 07:25:00
C037644,opd_to_ipd,1-day admission for acute gastroenteritis; such stays were 100% of these admissions in 2026-04 vs 21% for all hospitals,P156,M017869,F156,MG009A,1800.0,1800.0,2026-04-06 08:07:00
C037734,opd_to_ipd,1-day admission for acute febrile illness; such stays were 100% of these admissions in 2026-04 vs 21% for all hospitals,P156,M017866,F156,MG001A,1800.0,1800.0,2026-04-06 14:54:00
C037833,opd_to_ipd,1-day admission for acute gastroenteritis; such stays were 97% of these admissions in 2026-04 vs 21% for all hospitals,P125,M023828,F125,MG009A,1689.0,1800.0,2026-04-07 04:12:00
C037843,opd_to_ipd,1-day admission for acute febrile illness; such stays were 97% of these admissions in 2026-04 vs 21% for all hospitals,P125,M007898,F125,MG001A,1800.0,1800.0,2026-04-07 06:27:00
C037881,opd_to_ipd,1-day admission for acute febrile illness; such stays were 97% of these admissions in 2026-04 vs 21% for all hospitals,P125,M018592,F125,MG001A,1800.0,1800.0,2026-04-07 10:20:00
C037948,opd_to_ipd,1-day admission for acute febrile illness; such stays were 97% of these admissions in 2026-04 vs 21% for all hospitals,P125,M019959,F125,MG001A,1566.0,1800.0,2026-04-07 14:15:00
C038009,opd_to_ipd,1-day admission for acute gastroenteritis; such stays were 89% of these admissions in 2026-04 vs 21% for all hospitals,P024,M011728,F024,MG009A,1432.0,1800.0,2026-04-07 18:06:00
C038020,opd_to_ipd,1-day admission for urinary tract infection; such stays were 97% of these admissions in 2026-04 vs 21% for all hospitals,P125,M018592,F125,MG021A,1800.0,1800.0,2026-04-07 19:56:00
C038106,opd_to_ipd,1-day admission for acute gastroenteritis; such stays were 89% of these admissions in 2026-04 vs 21% for all hospitals,P024,M002399,F024,MG009A,1800.0,1800.0,2026-04-08 11:17:00
C038109,opd_to_ipd,1-day admission for urinary tract infection; such stays were 89% of these admissions in 2026-04 vs 21% for all hospitals,P024,M022829,F024,MG021A,1800.0,1800.0,2026-04-08 11:27:00
C038194,opd_to_ipd,1-day admission for acute febrile illness; such stays were 89% of these admissions in 2026-04 vs 21% for all hospitals,P024,M022831,F024,MG001A,1800.0,1800.0,2026-04-08 19:22:00
C038228,opd_to_ipd,1-day admission for acute gastroenteritis; such stays were 100% of these admissions in 2026-04 vs 21% for all hospitals,P156,M009810,F156,MG009A,1800.0,1800.0,2026-04-09 06:24:00
C038524,opd_to_ipd,1-day admission for acute gastroenteritis; such stays were 100% of these admissions in 2026-04 vs 21% for all hospitals,P156,M009807,F156,MG009A,1800.0,1800.0,2026-04-10 14:27:00
C038597,opd_to_ipd,1-day admission for acute febrile illness; such stays were 89% of these admissions in 2026-04 vs 21% for all hospitals,P024,M004511,F024,MG001A,1800.0,1800.0,2026-04-10 19:42:00
C038645,opd_to_ipd,1-day admission for acute febrile illness; such stays were 100% of these admissions in 2026-04 vs 21% for all hospitals,P156,M000898,F156,MG001A,1800.0,1800.0,2026-04-11 04:54:00
C038653,opd_to_ipd,1-day admission for acute gastroenteritis; such stays were 97% of these admissions in 2026-04 vs 21% for all hospitals,P125,M015716,F125,MG009A,1800.0,1800.0,2026-04-11 08:05:00
C038845,opd_to_ipd,1-day admission for acute febrile illness; such stays were 97% of these admissions in 2026-04 vs 21% for all hospitals,P125,M007896,F125,MG001A,1800.0,1800.0,2026-04-12 03:47:00
C038863,opd_to_ipd,1-day admission for acute gastroenteritis; such stays were 97% of these admissions in 2026-04 vs 21% for all hospitals,P125,M015718,F125,MG009A,1800.0,1800.0,2026-04-12 08:30:00
C038941,opd_to_ipd,1-day admission for acute febrile illness; such stays were 97% of these admissions in 2026-04 vs 21% for all hospitals,P125,M015931,F125,MG001A,1800.0,1800.0,2026-04-12 13:21:00
C038950,opd_to_ipd,1-day admission for acute febrile illness; such stays were 89% of these admissions in 2026-04 vs 21% for all hospitals,P024,M019040,F024,MG001A,1800.0,1800.0,2026-04-12 14:08:00
C039022,opd_to_ipd,1-day admission for urinary tract infection; such stays were 100% of these admissions in 2026-04 vs 21% for all hospitals,P156,M024391,F156,MG021A,1800.0,1800.0,2026-04-12 21:53:00
C039033,opd_to_ipd,1-day admission for acute gastroenteritis; such stays were 97% of these admissions in 2026-04 vs 21% for all hospitals,P125,M015926,F125,MG009A,1800.0,1800.0,2026-04-12 23:36:00
C039064,opd_to_ipd,1-day admission for acute febrile illness; such stays were 89% of these admissions in 2026-04 vs 21% for all hospitals,P024,M020700,F024,MG001A,1800.0,1800.0,2026-04-13 08:56:00
C039069,opd_to_ipd,1-day admission for acute febrile illness; such stays were 97% of these admissions in 2026-04 vs 21% for all hospitals,P125,M002415,F125,MG001A,1800.0,1800.0,2026-04-13 09:10:00
C039203,opd_to_ipd,1-day admission for acute gastroenteritis; such stays were 100% of these admissions in 2026-04 vs 21% for all hospitals,P156,M024392,F156,MG009A,1800.0,1800.0,2026-04-13 20:08:00
C039256,opd_to_ipd,1-day admission for acute gastroenteritis; such stays were 100% of these admissions in 2026-04 vs 21% for all hospitals,P156,M017866,F156,MG009A,1800.0,1800.0,2026-04-14 08:53:00
C039261,opd_to_ipd,1-day admission for acute gastroenteritis; such stays were 97% of these admissions in 2026-04 vs 21% for all hospitals,P125,M024444,F125,MG009A,1800.0,1800.0,2026-04-14 09:31:00
C039376,opd_to_ipd,1-day admission for acute febrile illness; such stays were 100% of these admissions in 2026-04 vs 21% for all hospitals,P156,M017866,F156,MG001A,1800.0,1800.0,2026-04-14 17:15:00
C039540,opd_to_ipd,1-day admission for acute gastroenteritis; such stays were 89% of these admissions in 2026-04 vs 21% for all hospitals,P024,M006973,F024,MG009A,1800.0,1800.0,2026-04-15 14:40:00
C040005,opd_to_ipd,1-day admission for acute gastroenteritis; such stays were 97% of these admissions in 2026-04 vs 21% for all hospitals,P125,M015926,F125,MG009A,1800.0,1800.0,2026-04-17 15:10:00
C040126,opd_to_ipd,1-day admission for acute gastroenteritis; such stays were 100% of these admissions in 2026-04 vs 21% for all hospitals,P156,M009538,F156,MG009A,1800.0,1800.0,2026-04-18 04:56:00
C040140,opd_to_ipd,1-day admission for acute febrile illness; such stays were 89% of these admissions in 2026-04 vs 21% for all hospitals,P024,M020702,F024,MG001A,1800.0,1800.0,2026-04-18 07:22:00
C040219,opd_to_ipd,1-day admission for acute febrile illness; such stays were 89% of these admissions in 2026-04 vs 21% for all hospitals,P024,M002397,F024,MG001A,1800.0,1800.0,2026-04-18 12:34:00
C040284,opd_to_ipd,1-day admission for acute febrile illness; such stays were 97% of these admissions in 2026-04 vs 21% for all hospitals,P125,M019962,F125,MG001A,1800.0,1800.0,2026-04-18 17:16:00
C040312,opd_to_ipd,1-day admission for acute gastroenteritis; such stays were 89% of these admissions in 2026-04 vs 21% for all hospitals,P024,M011730,F024,MG009A,1800.0,1800.0,2026-04-18 21:43:00
C040372,opd_to_ipd,1-day admission for acute febrile illness; such stays were 89% of these admissions in 2026-04 vs 21% for all hospitals,P024,M000575,F024,MG001A,1800.0,1800.0,2026-04-19 09:59:00
C040619,opd_to_ipd,1-day admission for acute febrile illness; such stays were 100% of these admissions in 2026-04 vs 21% for all hospitals,P156,M024394,F156,MG001A,1611.0,1800.0,2026-04-20 13:42:00
C040630,opd_to_ipd,1-day admission for acute febrile illness; such stays were 89% of these admissions in 2026-04 vs 21% for all hospitals,P024,M020703,F024,MG001A,1800.0,1800.0,2026-04-20 14:24:00
C040646,opd_to_ipd,1-day admission for urinary tract infection; such stays were 100% of these admissions in 2026-04 vs 21% for all hospitals,P156,M000897,F156,MG021A,1800.0,1800.0,2026-04-20 15:42:00
C040681,opd_to_ipd,1-day admission for acute febrile illness; such stays were 97% of these admissions in 2026-04 vs 21% for all hospitals,P125,M015717,F125,MG001A,1800.0,1800.0,2026-04-20 20:07:00
C040877,opd_to_ipd,1-day admission for acute febrile illness; such stays were 89% of these admissions in 2026-04 vs 21% for all hospitals,P024,M000575,F024,MG001A,1800.0,1800.0,2026-04-21 18:50:00
C040931,opd_to_ipd,1-day admission for acute febrile illness; such stays were 89% of these admissions in 2026-04 vs 21% for all hospitals,P024,M020703,F024,MG001A,1800.0,1800.0,2026-04-22 07:55:00
C041013,opd_to_ipd,1-day admission for acute gastroenteritis; such stays were 97% of these admissions in 2026-04 vs 21% for all hospitals,P125,M023828,F125,MG009A,1800.0,1800.0,2026-04-22 13:08:00
C041026,opd_to_ipd,1-day admission for acute gastroenteritis; such stays were 97% of these admissions in 2026-04 vs 21% for all hospitals,P125,M015717,F125,MG009A,1800.0,1800.0,2026-04-22 13:59:00
C041095,opd_to_ipd,1-day admission for acute gastroenteritis; such stays were 100% of these admissions in 2026-04 vs 21% for all hospitals,P156,M009539,F156,MG009A,1800.0,1800.0,2026-04-22 18:28:00
C041253,opd_to_ipd,1-day admission for acute febrile illness; such stays were 97% of these admissions in 2026-04 vs 21% for all hospitals,P125,M023832,F125,MG001A,1800.0,1800.0,2026-04-23 17:30:00
C041342,opd_to_ipd,1-day admission for urinary tract infection; such stays were 97% of these admissions in 2026-04 vs 21% for all hospitals,P125,M007896,F125,MG021A,1800.0,1800.0,2026-04-24 09:57:00
C041524,opd_to_ipd,1-day admission for acute gastroenteritis; such stays were 100% of these admissions in 2026-04 vs 21% for all hospitals,P156,M014338,F156,MG009A,1800.0,1800.0,2026-04-25 02:40:00
C041604,opd_to_ipd,1-day admission for urinary tract infection; such stays were 89% of these admissions in 2026-04 vs 21% for all hospitals,P024,M004510,F024,MG021A,1800.0,1800.0,2026-04-25 12:50:00
C041642,opd_to_ipd,1-day admission for acute gastroenteritis; such stays were 100% of these admissions in 2026-04 vs 21% for all hospitals,P156,M017868,F156,MG009A,1579.0,1800.0,2026-04-25 15:59:00
C041691,opd_to_ipd,1-day admission for acute gastroenteritis; such stays were 100% of these admissions in 2026-04 vs 21% for all hospitals,P156,M017867,F156,MG009A,1800.0,1800.0,2026-04-25 20:44:00
C041707,opd_to_ipd,1-day admission for acute gastroenteritis; such stays were 97% of these admissions in 2026-04 vs 21% for all hospitals,P125,M022037,F125,MG009A,1800.0,1800.0,2026-04-26 02:25:00
C041790,opd_to_ipd,1-day admission for urinary tract infection; such stays were 100% of these admissions in 2026-04 vs 21% for all hospitals,P156,M015758,F156,MG021A,1800.0,1800.0,2026-04-26 13:18:00
C041895,opd_to_ipd,1-day admission for acute febrile illness; such stays were 97% of these admissions in 2026-04 vs 21% for all hospitals,P125,M019960,F125,MG001A,1800.0,1800.0,2026-04-27 05:31:00
C042048,opd_to_ipd,1-day admission for acute febrile illness; such stays were 89% of these admissions in 2026-04 vs 21% for all hospitals,P024,M000573,F024,MG001A,1800.0,1800.0,2026-04-27 17:54:00
C042055,opd_to_ipd,1-day admission for acute gastroenteritis; such stays were 97% of these admissions in 2026-04 vs 21% for all hospitals,P125,M008514,F125,MG009A,1800.0,1800.0,2026-04-27 18:08:00
C042114,opd_to_ipd,1-day admission for acute febrile illness; such stays were 97% of these admissions in 2026-04 vs 21% for all hospitals,P125,M019961,F125,MG001A,1800.0,1800.0,2026-04-28 03:47:00
C042198,opd_to_ipd,1-day admission for acute febrile illness; such stays were 97% of these admissions in 2026-04 vs 21% for all hospitals,P125,M007897,F125,MG001A,1800.0,1800.0,2026-04-28 14:05:00
C042246,opd_to_ipd,1-day admission for acute febrile illness; such stays were 97% of these admissions in 2026-04 vs 21% for all hospitals,P125,M002417,F125,MG001A,1800.0,1800.0,2026-04-28 17:59:00
C042265,opd_to_ipd,1-day admission for acute febrile illness; such stays were 97% of these admissions in 2026-04 vs 21% for all hospitals,P125,M015926,F125,MG001A,1800.0,1800.0,2026-04-28 21:03:00
C042268,opd_to_ipd,1-day admission for acute febrile illness; such stays were 100% of these admissions in 2026-04 vs 21% for all hospitals,P156,M009537,F156,MG001A,1800.0,1800.0,2026-04-28 21:33:00
C042400,opd_to_ipd,1-day admission for acute febrile illness; such stays were 97% of these admissions in 2026-04 vs 21% for all hospitals,P125,M019961,F125,MG001A,1800.0,1800.0,2026-04-29 14:44:00
C042411,opd_to_ipd,1-day admission for acute gastroenteritis; such stays were 89% of these admissions in 2026-04 vs 21% for all hospitals,P024,M011728,F024,MG009A,1800.0,1800.0,2026-04-29 15:24:00
C042434,opd_to_ipd,1-day admission for urinary tract infection; such stays were 97% of these admissions in 2026-04 vs 21% for all hospitals,P125,M007898,F125,MG021A,1800.0,1800.0,2026-04-29 17:17:00
C042446,opd_to_ipd,1-day admission for acute febrile illness; such stays were 100% of these admissions in 2026-04 vs 21% for all hospitals,P156,M024392,F156,MG001A,1800.0,1800.0,2026-04-29 18:46:00
C042456,opd_to_ipd,1-day admission for acute febrile illness; such stays were 89% of these admissions in 2026-04 vs 21% for all hospitals,P024,M004511,F024,MG001A,1800.0,1800.0,2026-04-29 20:26:00
C042911,opd_to_ipd,1-day admission for acute gastroenteritis; such stays were 100% of these admissions in 2026-05 vs 21% for all hospitals,P156,M000650,F156,MG009A,1670.0,1800.0,2026-05-01 11:49:00
C043029,opd_to_ipd,1-day admission for acute gastroenteritis; such stays were 95% of these admissions in 2026-05 vs 21% for all hospitals,P125,M007898,F125,MG009A,1800.0,1800.0,2026-05-01 20:40:00
C043094,opd_to_ipd,1-day admission for urinary tract infection; such stays were 97% of these admissions in 2026-05 vs 21% for all hospitals,P024,M020183,F024,MG021A,1800.0,1800.0,2026-05-02 08:32:00
C043214,opd_to_ipd,1-day admission for acute gastroenteritis; such stays were 95% of these admissions in 2026-05 vs 21% for all hospitals,P125,M004358,F125,MG009A,1800.0,1800.0,2026-05-02 12:01:00
C043425,opd_to_ipd,1-day admission for urinary tract infection; such stays were 100% of these admissions in 2026-05 vs 21% for all hospitals,P156,M022302,F156,MG021A,1533.0,1800.0,2026-05-02 19:04:00
C043440,opd_to_ipd,1-day admission for urinary tract infection; such stays were 95% of these admissions in 2026-05 vs 21% for all hospitals,P125,M009643,F125,MG021A,1800.0,1800.0,2026-05-02 21:25:00
C043503,opd_to_ipd,1-day admission for acute gastroenteritis; such stays were 95% of these admissions in 2026-05 vs 21% for all hospitals,P125,M003437,F125,MG009A,1800.0,1800.0,2026-05-03 10:28:00
C043597,opd_to_ipd,1-day admission for acute gastroenteritis; such stays were 97% of these admissions in 2026-05 vs 21% for all hospitals,P024,M010628,F024,MG009A,1800.0,1800.0,2026-05-03 16:58:00
C043606,opd_to_ipd,1-day admission for acute febrile illness; such stays were 95% of these admissions in 2026-05 vs 21% for all hospitals,P125,M007902,F125,MG001A,1521.0,1800.0,2026-05-03 18:02:00
C043612,opd_to_ipd,1-day admission for acute febrile illness; such stays were 97% of these admissions in 2026-05 vs 21% for all hospitals,P024,M022940,F024,MG001A,1800.0,1800.0,2026-05-03 18:53:00
C043690,opd_to_ipd,1-day admission for acute febrile illness; such stays were 100% of these admissions in 2026-05 vs 21% for all hospitals,P156,M022302,F156,MG001A,1800.0,1800.0,2026-05-04 09:41:00
C043829,opd_to_ipd,1-day admission for acute febrile illness; such stays were 97% of these admissions in 2026-05 vs 21% for all hospitals,P024,M022940,F024,MG001A,1800.0,1800.0,2026-05-04 21:00:00
C043893,opd_to_ipd,1-day admission for acute febrile illness; such stays were 100% of these admissions in 2026-05 vs 21% for all hospitals,P156,M014268,F156,MG001A,1800.0,1800.0,2026-05-05 08:42:00
C043896,opd_to_ipd,1-day admission for acute gastroenteritis; such stays were 97% of these admissions in 2026-05 vs 21% for all hospitals,P024,M010630,F024,MG009A,1800.0,1800.0,2026-05-05 08:55:00
C043945,opd_to_ipd,1-day admission for acute febrile illness; such stays were 100% of these admissions in 2026-05 vs 21% for all hospitals,P156,M022304,F156,MG001A,1800.0,1800.0,2026-05-05 12:25:00
C043978,opd_to_ipd,1-day admission for acute gastroenteritis; such stays were 97% of these admissions in 2026-05 vs 21% for all hospitals,P024,M010628,F024,MG009A,1800.0,1800.0,2026-05-05 14:32:00
C043995,opd_to_ipd,1-day admission for acute febrile illness; such stays were 97% of these admissions in 2026-05 vs 21% for all hospitals,P024,M019212,F024,MG001A,1800.0,1800.0,2026-05-05 15:28:00
C044111,opd_to_ipd,1-day admission for acute febrile illness; such stays were 97% of these admissions in 2026-05 vs 21% for all hospitals,P024,M021680,F024,MG001A,1800.0,1800.0,2026-05-06 08:58:00
C044134,opd_to_ipd,1-day admission for acute gastroenteritis; such stays were 100% of these admissions in 2026-05 vs 21% for all hospitals,P156,M014267,F156,MG009A,1800.0,1800.0,2026-05-06 09:56:00
C044137,opd_to_ipd,1-day admission for acute febrile illness; such stays were 97% of these admissions in 2026-05 vs 21% for all hospitals,P024,M021682,F024,MG001A,1800.0,1800.0,2026-05-06 10:00:00
C044142,opd_to_ipd,1-day admission for acute gastroenteritis; such stays were 97% of these admissions in 2026-05 vs 21% for all hospitals,P024,M020183,F024,MG009A,1800.0,1800.0,2026-05-06 10:24:00
C044187,opd_to_ipd,1-day admission for acute febrile illness; such stays were 100% of these admissions in 2026-05 vs 21% for all hospitals,P156,M000655,F156,MG001A,1800.0,1800.0,2026-05-06 13:18:00
C044192,opd_to_ipd,1-day admission for acute febrile illness; such stays were 95% of these admissions in 2026-05 vs 21% for all hospitals,P125,M003435,F125,MG001A,1800.0,1800.0,2026-05-06 13:52:00
C044211,opd_to_ipd,1-day admission for acute febrile illness; such stays were 95% of these admissions in 2026-05 vs 21% for all hospitals,P125,M007897,F125,MG001A,1800.0,1800.0,2026-05-06 14:47:00
C044378,opd_to_ipd,1-day admission for acute febrile illness; such stays were 97% of these admissions in 2026-05 vs 21% for all hospitals,P024,M019211,F024,MG001A,1800.0,1800.0,2026-05-07 12:22:00
C044382,opd_to_ipd,1-day admission for acute febrile illness; such stays were 100% of these admissions in 2026-05 vs 21% for all hospitals,P156,M000649,F156,MG001A,1378.0,1800.0,2026-05-07 12:29:00
C044419,opd_to_ipd,1-day admission for acute gastroenteritis; such stays were 97% of these admissions in 2026-05 vs 21% for all hospitals,P024,M019216,F024,MG009A,1800.0,1800.0,2026-05-07 14:34:00
C044595,opd_to_ipd,1-day admission for acute febrile illness; such stays were 95% of these admissions in 2026-05 vs 21% for all hospitals,P125,M004357,F125,MG001A,1800.0,1800.0,2026-05-08 11:13:00
C044803,opd_to_ipd,1-day admission for acute febrile illness; such stays were 95% of these admissions in 2026-05 vs 21% for all hospitals,P125,M000485,F125,MG001A,1512.0,1800.0,2026-05-09 12:27:00
C044828,opd_to_ipd,1-day admission for acute febrile illness; such stays were 97% of these admissions in 2026-05 vs 21% for all hospitals,P024,M020483,F024,MG001A,1800.0,1800.0,2026-05-09 13:32:00
C044870,opd_to_ipd,1-day admission for urinary tract infection; such stays were 100% of these admissions in 2026-05 vs 21% for all hospitals,P156,M006927,F156,MG021A,1800.0,1800.0,2026-05-09 16:18:00
C044896,opd_to_ipd,1-day admission for acute gastroenteritis; such stays were 100% of these admissions in 2026-05 vs 21% for all hospitals,P156,M009805,F156,MG009A,1800.0,1800.0,2026-05-09 19:59:00
C044938,opd_to_ipd,1-day admission for acute febrile illness; such stays were 100% of these admissions in 2026-05 vs 21% for all hospitals,P156,M009805,F156,MG001A,1800.0,1800.0,2026-05-10 02:23:00
C044939,opd_to_ipd,1-day admission for acute gastroenteritis; such stays were 97% of these admissions in 2026-05 vs 21% for all hospitals,P024,M020184,F024,MG009A,1800.0,1800.0,2026-05-10 02:44:00
C044956,opd_to_ipd,1-day admission for acute gastroenteritis; such stays were 95% of these admissions in 2026-05 vs 21% for all hospitals,P125,M022540,F125,MG009A,1428.0,1800.0,2026-05-10 09:05:00
C045093,opd_to_ipd,1-day admission for acute gastroenteritis; such stays were 97% of these admissions in 2026-05 vs 21% for all hospitals,P024,M000926,F024,MG009A,1800.0,1800.0,2026-05-10 18:12:00
C045095,opd_to_ipd,1-day admission for acute gastroenteritis; such stays were 95% of these admissions in 2026-05 vs 21% for all hospitals,P125,M008045,F125,MG009A,1411.0,1800.0,2026-05-10 18:24:00
C045130,opd_to_ipd,1-day admission for acute febrile illness; such stays were 95% of these admissions in 2026-05 vs 21% for all hospitals,P125,M022540,F125,MG001A,1800.0,1800.0,2026-05-11 00:17:00
C045139,opd_to_ipd,1-day admission for acute febrile illness; such stays were 97% of these admissions in 2026-05 vs 21% for all hospitals,P024,M019216,F024,MG001A,1800.0,1800.0,2026-05-11 03:11:00
C045142,opd_to_ipd,1-day admission for acute febrile illness; such stays were 100% of these admissions in 2026-05 vs 21% for all hospitals,P156,M014268,F156,MG001A,1800.0,1800.0,2026-05-11 03:40:00
C045153,opd_to_ipd,1-day admission for urinary tract infection; such stays were 97% of these admissions in 2026-05 vs 21% for all hospitals,P024,M010632,F024,MG021A,1800.0,1800.0,2026-05-11 07:12:00
C045210,opd_to_ipd,1-day admission for acute febrile illness; such stays were 95% of these admissions in 2026-05 vs 21% for all hospitals,P125,M017469,F125,MG001A,1800.0,1800.0,2026-05-11 10:02:00
C045384,opd_to_ipd,1-day admission for acute gastroenteritis; such stays were 95% of these admissions in 2026-05 vs 21% for all hospitals,P125,M008043,F125,MG009A,1302.0,1800.0,2026-05-11 20:21:00
C045501,opd_to_ipd,1-day admission for acute febrile illness; such stays were 97% of these admissions in 2026-05 vs 21% for all hospitals,P024,M019216,F024,MG001A,1800.0,1800.0,2026-05-12 13:30:00
C045528,opd_to_ipd,1-day admission for acute gastroenteritis; such stays were 95% of these admissions in 2026-05 vs 21% for all hospitals,P125,M022539,F125,MG009A,1800.0,1800.0,2026-05-12 15:16:00
C045777,opd_to_ipd,1-day admission for acute febrile illness; such stays were 100% of these admissions in 2026-05 vs 21% for all hospitals,P156,M020323,F156,MG001A,1508.0,1800.0,2026-05-13 22:42:00
C045962,opd_to_ipd,1-day admission for urinary tract infection; such stays were 95% of these admissions in 2026-05 vs 21% for all hospitals,P125,M004358,F125,MG021A,1641.0,1800.0,2026-05-14 18:59:00
C046143,opd_to_ipd,1-day admission for acute febrile illness; such stays were 97% of these admissions in 2026-05 vs 21% for all hospitals,P024,M006127,F024,MG001A,1800.0,1800.0,2026-05-15 16:26:00
C046156,opd_to_ipd,1-day admission for acute febrile illness; such stays were 95% of these admissions in 2026-05 vs 21% for all hospitals,P125,M017167,F125,MG001A,1800.0,1800.0,2026-05-15 17:03:00
C046178,opd_to_ipd,1-day admission for urinary tract infection; such stays were 100% of these admissions in 2026-05 vs 21% for all hospitals,P156,M020322,F156,MG021A,1800.0,1800.0,2026-05-15 18:21:00
C046200,opd_to_ipd,1-day admission for acute febrile illness; such stays were 95% of these admissions in 2026-05 vs 21% for all hospitals,P125,M007898,F125,MG001A,1800.0,1800.0,2026-05-15 21:39:00
C046239,opd_to_ipd,1-day admission for acute febrile illness; such stays were 100% of these admissions in 2026-05 vs 21% for all hospitals,P156,M022613,F156,MG001A,1800.0,1800.0,2026-05-16 08:16:00
C046358,opd_to_ipd,1-day admission for urinary tract infection; such stays were 100% of these admissions in 2026-05 vs 21% for all hospitals,P156,M020320,F156,MG021A,1800.0,1800.0,2026-05-16 15:36:00
C046370,opd_to_ipd,1-day admission for acute febrile illness; such stays were 95% of these admissions in 2026-05 vs 21% for all hospitals,P125,M023228,F125,MG001A,1800.0,1800.0,2026-05-16 16:29:00
C046380,opd_to_ipd,1-day admission for acute febrile illness; such stays were 97% of these admissions in 2026-05 vs 21% for all hospitals,P024,M010630,F024,MG001A,1800.0,1800.0,2026-05-16 17:41:00
C046385,opd_to_ipd,1-day admission for acute febrile illness; such stays were 100% of these admissions in 2026-05 vs 21% for all hospitals,P156,M022303,F156,MG001A,1800.0,1800.0,2026-05-16 18:10:00
C046491,opd_to_ipd,1-day admission for acute febrile illness; such stays were 97% of these admissions in 2026-05 vs 21% for all hospitals,P024,M022941,F024,MG001A,1800.0,1800.0,2026-05-17 12:48:00
C046509,opd_to_ipd,1-day admission for acute febrile illness; such stays were 97% of these admissions in 2026-05 vs 21% for all hospitals,P024,M020483,F024,MG001A,1800.0,1800.0,2026-05-17 13:47:00
C046545,opd_to_ipd,1-day admission for acute febrile illness; such stays were 100% of these admissions in 2026-05 vs 21% for all hospitals,P156,M022611,F156,MG001A,1288.0,1800.0,2026-05-17 16:35:00
C046546,opd_to_ipd,1-day admission for acute febrile illness; such stays were 100% of these admissions in 2026-05 vs 21% for all hospitals,P156,M000654,F156,MG001A,1800.0,1800.0,2026-05-17 16:36:00
C046553,opd_to_ipd,1-day admission for acute febrile illness; such stays were 95% of these admissions in 2026-05 vs 21% for all hospitals,P125,M023228,F125,MG001A,1800.0,1800.0,2026-05-17 17:08:00
C046566,opd_to_ipd,1-day admission for acute febrile illness; such stays were 100% of these admissions in 2026-05 vs 21% for all hospitals,P156,M012928,F156,MG001A,1800.0,1800.0,2026-05-17 18:27:00
C046589,opd_to_ipd,1-day admission for urinary tract infection; such stays were 97% of these admissions in 2026-05 vs 21% for all hospitals,P024,M019216,F024,MG021A,1800.0,1800.0,2026-05-17 22:33:00
C046623,opd_to_ipd,1-day admission for acute gastroenteritis; such stays were 95% of these admissions in 2026-05 vs 21% for all hospitals,P125,M003435,F125,MG009A,1800.0,1800.0,2026-05-18 07:22:00
C046628,opd_to_ipd,1-day admission for acute febrile illness; such stays were 95% of these admissions in 2026-05 vs 21% for all hospitals,P125,M014031,F125,MG001A,1679.0,1800.0,2026-05-18 08:22:00
C046678,opd_to_ipd,1-day admission for acute febrile illness; such stays were 100% of these admissions in 2026-05 vs 21% for all hospitals,P156,M020319,F156,MG001A,1800.0,1800.0,2026-05-18 13:17:00
C046726,opd_to_ipd,1-day admission for urinary tract infection; such stays were 95% of these admissions in 2026-05 vs 21% for all hospitals,P125,M017171,F125,MG021A,1800.0,1800.0,2026-05-18 16:15:00
C046734,opd_to_ipd,1-day admission for acute febrile illness; such stays were 95% of these admissions in 2026-05 vs 21% for all hospitals,P125,M009643,F125,MG001A,1800.0,1800.0,2026-05-18 16:37:00
C046838,opd_to_ipd,1-day admission for acute febrile illness; such stays were 97% of these admissions in 2026-05 vs 21% for all hospitals,P024,M010631,F024,MG001A,1800.0,1800.0,2026-05-19 09:25:00
C046859,opd_to_ipd,1-day admission for acute febrile illness; such stays were 95% of these admissions in 2026-05 vs 21% for all hospitals,P125,M005856,F125,MG001A,1800.0,1800.0,2026-05-19 10:43:00
C046933,opd_to_ipd,1-day admission for acute febrile illness; such stays were 100% of these admissions in 2026-05 vs 21% for all hospitals,P156,M022304,F156,MG001A,1800.0,1800.0,2026-05-19 15:56:00
C046997,opd_to_ipd,1-day admission for urinary tract infection; such stays were 100% of these admissions in 2026-05 vs 21% for all hospitals,P156,M000651,F156,MG021A,1800.0,1800.0,2026-05-19 22:17:00
C047002,opd_to_ipd,1-day admission for acute gastroenteritis; such stays were 100% of these admissions in 2026-05 vs 21% for all hospitals,P156,M022611,F156,MG009A,1800.0,1800.0,2026-05-19 23:16:00
C047037,opd_to_ipd,1-day admission for acute febrile illness; such stays were 95% of these admissions in 2026-05 vs 21% for all hospitals,P125,M023227,F125,MG001A,1800.0,1800.0,2026-05-20 09:02:00
C047096,opd_to_ipd,1-day admission for acute gastroenteritis; such stays were 95% of these admissions in 2026-05 vs 21% for all hospitals,P125,M004355,F125,MG009A,1800.0,1800.0,2026-05-20 12:29:00
C047231,opd_to_ipd,1-day admission for acute gastroenteritis; such stays were 95% of these admissions in 2026-05 vs 21% for all hospitals,P125,M009642,F125,MG009A,1800.0,1800.0,2026-05-21 03:09:00
C047386,opd_to_ipd,1-day admission for acute febrile illness; such stays were 95% of these admissions in 2026-05 vs 21% for all hospitals,P125,M017169,F125,MG001A,1800.0,1800.0,2026-05-21 16:53:00
C047443,opd_to_ipd,1-day admission for acute febrile illness; such stays were 95% of these admissions in 2026-05 vs 21% for all hospitals,P125,M017171,F125,MG001A,1800.0,1800.0,2026-05-22 02:34:00
C047537,opd_to_ipd,1-day admission for acute gastroenteritis; such stays were 95% of these admissions in 2026-05 vs 21% for all hospitals,P125,M017470,F125,MG009A,1800.0,1800.0,2026-05-22 13:29:00
C047624,opd_to_ipd,1-day admission for acute febrile illness; such stays were 95% of these admissions in 2026-05 vs 21% for all hospitals,P125,M008045,F125,MG001A,1800.0,1800.0,2026-05-22 22:39:00
C047627,opd_to_ipd,1-day admission for acute gastroenteritis; such stays were 100% of these admissions in 2026-05 vs 21% for all hospitals,P156,M006924,F156,MG009A,1800.0,1800.0,2026-05-22 23:07:00
C047698,opd_to_ipd,1-day admission for acute febrile illness; such stays were 100% of these admissions in 2026-05 vs 21% for all hospitals,P156,M000655,F156,MG001A,1518.0,1800.0,2026-05-23 10:25:00
C047772,opd_to_ipd,1-day admission for acute gastroenteritis; such stays were 95% of these admissions in 2026-05 vs 21% for all hospitals,P125,M009644,F125,MG009A,1800.0,1800.0,2026-05-23 15:10:00
C047990,opd_to_ipd,1-day admission for acute febrile illness; such stays were 95% of these admissions in 2026-05 vs 21% for all hospitals,P125,M007899,F125,MG001A,1800.0,1800.0,2026-05-24 16:14:00
C048078,opd_to_ipd,1-day admission for acute febrile illness; such stays were 100% of these admissions in 2026-05 vs 21% for all hospitals,P156,M008809,F156,MG001A,1800.0,1800.0,2026-05-25 02:15:00
C048091,opd_to_ipd,1-day admission for acute gastroenteritis; such stays were 97% of these admissions in 2026-05 vs 21% for all hospitals,P024,M010628,F024,MG009A,1800.0,1800.0,2026-05-25 06:14:00
C048193,opd_to_ipd,1-day admission for acute febrile illness; such stays were 95% of these admissions in 2026-05 vs 21% for all hospitals,P125,M023228,F125,MG001A,1800.0,1800.0,2026-05-25 15:54:00
C048211,opd_to_ipd,1-day admission for urinary tract infection; such stays were 100% of these admissions in 2026-05 vs 21% for all hospitals,P156,M009805,F156,MG021A,1261.0,1800.0,2026-05-25 17:01:00
C048226,opd_to_ipd,1-day admission for acute febrile illness; such stays were 97% of these admissions in 2026-05 vs 21% for all hospitals,P024,M021683,F024,MG001A,1800.0,1800.0,2026-05-25 17:48:00
C048481,opd_to_ipd,1-day admission for acute gastroenteritis; such stays were 95% of these admissions in 2026-05 vs 21% for all hospitals,P125,M022541,F125,MG009A,1800.0,1800.0,2026-05-27 00:44:00
C048530,opd_to_ipd,1-day admission for acute febrile illness; such stays were 95% of these admissions in 2026-05 vs 21% for all hospitals,P125,M014033,F125,MG001A,1800.0,1800.0,2026-05-27 09:34:00
C048555,opd_to_ipd,1-day admission for acute febrile illness; such stays were 97% of these admissions in 2026-05 vs 21% for all hospitals,P024,M020183,F024,MG001A,1800.0,1800.0,2026-05-27 11:29:00
C048583,opd_to_ipd,1-day admission for urinary tract infection; such stays were 95% of these admissions in 2026-05 vs 21% for all hospitals,P125,M022542,F125,MG021A,1800.0,1800.0,2026-05-27 13:17:00
C048604,opd_to_ipd,1-day admission for acute febrile illness; such stays were 97% of these admissions in 2026-05 vs 21% for all hospitals,P024,M020185,F024,MG001A,1800.0,1800.0,2026-05-27 15:15:00
C048612,opd_to_ipd,1-day admission for acute febrile illness; such stays were 95% of these admissions in 2026-05 vs 21% for all hospitals,P125,M004358,F125,MG001A,1800.0,1800.0,2026-05-27 15:54:00
C048706,opd_to_ipd,1-day admission for acute gastroenteritis; such stays were 95% of these admissions in 2026-05 vs 21% for all hospitals,P125,M022540,F125,MG009A,1800.0,1800.0,2026-05-28 08:25:00
C048731,opd_to_ipd,1-day admission for urinary tract infection; such stays were 95% of these admissions in 2026-05 vs 21% for all hospitals,P125,M009645,F125,MG021A,1800.0,1800.0,2026-05-28 10:42:00
C048748,opd_to_ipd,1-day admission for acute febrile illness; such stays were 100% of these admissions in 2026-05 vs 21% for all hospitals,P156,M023513,F156,MG001A,1800.0,1800.0,2026-05-28 11:40:00
C048754,opd_to_ipd,1-day admission for acute gastroenteritis; such stays were 100% of these admissions in 2026-05 vs 21% for all hospitals,P156,M022611,F156,MG009A,1800.0,1800.0,2026-05-28 11:58:00
C049064,opd_to_ipd,1-day admission for acute febrile illness; such stays were 95% of these admissions in 2026-05 vs 21% for all hospitals,P125,M008043,F125,MG001A,1800.0,1800.0,2026-05-29 23:34:00
C049085,opd_to_ipd,1-day admission for acute febrile illness; such stays were 97% of these admissions in 2026-05 vs 21% for all hospitals,P024,M020483,F024,MG001A,1800.0,1800.0,2026-05-30 03:37:00
C049090,opd_to_ipd,1-day admission for acute febrile illness; such stays were 97% of these admissions in 2026-05 vs 21% for all hospitals,P024,M020182,F024,MG001A,1800.0,1800.0,2026-05-30 04:30:00
C049669,opd_to_ipd,1-day admission for acute gastroenteritis; such stays were 100% of these admissions in 2026-06 vs 21% for all hospitals,P156,M007752,F156,MG009A,1800.0,1800.0,2026-06-01 11:18:00
C049672,opd_to_ipd,1-day admission for acute febrile illness; such stays were 100% of these admissions in 2026-06 vs 21% for all hospitals,P125,M023362,F125,MG001A,1800.0,1800.0,2026-06-01 11:27:00
C049682,opd_to_ipd,1-day admission for acute gastroenteritis; such stays were 100% of these admissions in 2026-06 vs 21% for all hospitals,P156,M000966,F156,MG009A,1800.0,1800.0,2026-06-01 12:17:00
C049716,opd_to_ipd,1-day admission for acute gastroenteritis; such stays were 100% of these admissions in 2026-06 vs 21% for all hospitals,P125,M023363,F125,MG009A,1800.0,1800.0,2026-06-01 15:48:00
C049860,opd_to_ipd,1-day admission for acute gastroenteritis; such stays were 100% of these admissions in 2026-06 vs 21% for all hospitals,P125,M006542,F125,MG009A,1800.0,1800.0,2026-06-02 11:40:00
C049946,opd_to_ipd,1-day admission for acute febrile illness; such stays were 100% of these admissions in 2026-06 vs 21% for all hospitals,P125,M006559,F125,MG001A,1800.0,1800.0,2026-06-02 18:32:00
C049976,opd_to_ipd,1-day admission for acute gastroenteritis; such stays were 100% of these admissions in 2026-06 vs 21% for all hospitals,P125,M015928,F125,MG009A,1800.0,1800.0,2026-06-02 22:20:00
C049989,opd_to_ipd,1-day admission for acute gastroenteritis; such stays were 100% of these admissions in 2026-06 vs 21% for all hospitals,P125,M006540,F125,MG009A,1800.0,1800.0,2026-06-03 03:26:00
C050065,opd_to_ipd,1-day admission for acute gastroenteritis; such stays were 100% of these admissions in 2026-06 vs 21% for all hospitals,P024,M025569,F024,MG009A,1800.0,1800.0,2026-06-03 11:31:00
C050092,opd_to_ipd,1-day admission for acute gastroenteritis; such stays were 100% of these admissions in 2026-06 vs 21% for all hospitals,P024,M025789,F024,MG009A,1800.0,1800.0,2026-06-03 13:41:00
C050210,opd_to_ipd,1-day admission for urinary tract infection; such stays were 100% of these admissions in 2026-06 vs 21% for all hospitals,P156,M000964,F156,MG021A,1800.0,1800.0,2026-06-04 08:38:00
C050249,opd_to_ipd,1-day admission for acute febrile illness; such stays were 100% of these admissions in 2026-06 vs 21% for all hospitals,P024,M010589,F024,MG001A,1800.0,1800.0,2026-06-04 11:21:00
C050335,opd_to_ipd,1-day admission for urinary tract infection; such stays were 100% of these admissions in 2026-06 vs 21% for all hospitals,P125,M003065,F125,MG021A,1800.0,1800.0,2026-06-04 17:28:00
C050399,opd_to_ipd,1-day admission for acute gastroenteritis; such stays were 100% of these admissions in 2026-06 vs 21% for all hospitals,P156,M021336,F156,MG009A,1800.0,1800.0,2026-06-05 01:01:00
C050468,opd_to_ipd,1-day admission for acute gastroenteritis; such stays were 100% of these admissions in 2026-06 vs 21% for all hospitals,P125,M006540,F125,MG009A,1274.0,1800.0,2026-06-05 10:14:00
C050579,opd_to_ipd,1-day admission for acute gastroenteritis; such stays were 100% of these admissions in 2026-06 vs 21% for all hospitals,P156,M013953,F156,MG009A,1800.0,1800.0,2026-06-05 18:15:00
C050586,opd_to_ipd,1-day admission for acute febrile illness; such stays were 100% of these admissions in 2026-06 vs 21% for all hospitals,P156,M024131,F156,MG001A,1800.0,1800.0,2026-06-05 19:00:00
C050597,opd_to_ipd,1-day admission for acute febrile illness; such stays were 100% of these admissions in 2026-06 vs 21% for all hospitals,P125,M006557,F125,MG001A,1800.0,1800.0,2026-06-05 20:20:00
C050614,opd_to_ipd,1-day admission for acute gastroenteritis; such stays were 100% of these admissions in 2026-06 vs 21% for all hospitals,P024,M001853,F024,MG009A,1800.0,1800.0,2026-06-05 22:48:00
C050678,opd_to_ipd,1-day admission for acute febrile illness; such stays were 100% of these admissions in 2026-06 vs 21% for all hospitals,P125,M015928,F125,MG001A,1800.0,1800.0,2026-06-06 10:33:00
C050683,opd_to_ipd,1-day admission for urinary tract infection; such stays were 100% of these admissions in 2026-06 vs 21% for all hospitals,P125,M007304,F125,MG021A,1800.0,1800.0,2026-06-06 10:45:00
C050691,opd_to_ipd,1-day admission for acute gastroenteritis; such stays were 100% of these admissions in 2026-06 vs 21% for all hospitals,P156,M003160,F156,MG009A,1800.0,1800.0,2026-06-06 11:40:00
C050800,opd_to_ipd,1-day admission for acute febrile illness; such stays were 100% of these admissions in 2026-06 vs 21% for all hospitals,P125,M011448,F125,MG001A,1800.0,1800.0,2026-06-06 19:22:00
C050801,opd_to_ipd,1-day admission for urinary tract infection; such stays were 100% of these admissions in 2026-06 vs 21% for all hospitals,P024,M011621,F024,MG021A,1800.0,1800.0,2026-06-06 19:26:00
C050868,opd_to_ipd,1-day admission for acute febrile illness; such stays were 100% of these admissions in 2026-06 vs 21% for all hospitals,P125,M007305,F125,MG001A,1800.0,1800.0,2026-06-07 08:34:00
C050924,opd_to_ipd,1-day admission for acute febrile illness; such stays were 100% of these admissions in 2026-06 vs 21% for all hospitals,P024,M001853,F024,MG001A,1800.0,1800.0,2026-06-07 11:26:00
C050929,opd_to_ipd,1-day admission for acute gastroenteritis; such stays were 100% of these admissions in 2026-06 vs 21% for all hospitals,P024,M025568,F024,MG009A,1800.0,1800.0,2026-06-07 11:37:00
C051133,opd_to_ipd,1-day admission for acute febrile illness; such stays were 100% of these admissions in 2026-06 vs 21% for all hospitals,P024,M025570,F024,MG001A,1800.0,1800.0,2026-06-08 12:04:00
C051173,opd_to_ipd,1-day admission for acute febrile illness; such stays were 100% of these admissions in 2026-06 vs 21% for all hospitals,P024,M011619,F024,MG001A,1396.0,1800.0,2026-06-08 14:17:00
C051218,opd_to_ipd,1-day admission for acute febrile illness; such stays were 100% of these admissions in 2026-06 vs 21% for all hospitals,P024,M011622,F024,MG001A,1800.0,1800.0,2026-06-08 16:57:00
C051282,opd_to_ipd,1-day admission for acute febrile illness; such stays were 100% of these admissions in 2026-06 vs 21% for all hospitals,P156,M024129,F156,MG001A,1800.0,1800.0,2026-06-09 05:07:00
C051285,opd_to_ipd,1-day admission for acute febrile illness; such stays were 100% of these admissions in 2026-06 vs 21% for all hospitals,P156,M010572,F156,MG001A,1800.0,1800.0,2026-06-09 06:34:00
C051290,opd_to_ipd,1-day admission for urinary tract infection; such stays were 100% of these admissions in 2026-06 vs 21% for all hospitals,P156,M024131,F156,MG021A,1800.0,1800.0,2026-06-09 07:54:00
C051347,opd_to_ipd,1-day admission for acute febrile illness; such stays were 100% of these admissions in 2026-06 vs 21% for all hospitals,P156,M000965,F156,MG001A,1532.0,1800.0,2026-06-09 11:52:00
C051459,opd_to_ipd,1-day admission for acute febrile illness; such stays were 100% of these admissions in 2026-06 vs 21% for all hospitals,P125,M007303,F125,MG001A,1800.0,1800.0,2026-06-09 21:51:00
C051485,opd_to_ipd,1-day admission for acute febrile illness; such stays were 100% of these admissions in 2026-06 vs 21% for all hospitals,P125,M023187,F125,MG001A,1800.0,1800.0,2026-06-10 06:10:00
C051537,opd_to_ipd,1-day admission for acute febrile illness; such stays were 100% of these admissions in 2026-06 vs 21% for all hospitals,P125,M015929,F125,MG001A,1461.0,1800.0,2026-06-10 11:06:00
C051549,opd_to_ipd,1-day admission for acute gastroenteritis; such stays were 100% of these admissions in 2026-06 vs 21% for all hospitals,P125,M022643,F125,MG009A,1800.0,1800.0,2026-06-10 11:33:00
C051552,opd_to_ipd,1-day admission for acute gastroenteritis; such stays were 100% of these admissions in 2026-06 vs 21% for all hospitals,P156,M010571,F156,MG009A,1638.0,1800.0,2026-06-10 11:38:00
C051562,opd_to_ipd,1-day admission for acute febrile illness; such stays were 100% of these admissions in 2026-06 vs 21% for all hospitals,P156,M000964,F156,MG001A,1800.0,1800.0,2026-06-10 12:17:00
C051584,opd_to_ipd,1-day admission for acute febrile illness; such stays were 100% of these admissions in 2026-06 vs 21% for all hospitals,P125,M007789,F125,MG001A,1800.0,1800.0,2026-06-10 13:33:00
C051653,opd_to_ipd,1-day admission for acute febrile illness; such stays were 100% of these admissions in 2026-06 vs 21% for all hospitals,P156,M006223,F156,MG001A,1800.0,1800.0,2026-06-10 17:35:00
C051681,opd_to_ipd,1-day admission for acute febrile illness; such stays were 100% of these admissions in 2026-06 vs 21% for all hospitals,P024,M014408,F024,MG001A,1800.0,1800.0,2026-06-10 21:31:00
C051699,opd_to_ipd,1-day admission for acute febrile illness; such stays were 100% of these admissions in 2026-06 vs 21% for all hospitals,P024,M025567,F024,MG001A,1800.0,1800.0,2026-06-11 00:57:00
C051719,opd_to_ipd,1-day admission for acute febrile illness; such stays were 100% of these admissions in 2026-06 vs 21% for all hospitals,P024,M025790,F024,MG001A,1800.0,1800.0,2026-06-11 07:17:00
C051782,opd_to_ipd,1-day admission for acute febrile illness; such stays were 100% of these admissions in 2026-06 vs 21% for all hospitals,P024,M025565,F024,MG001A,1800.0,1800.0,2026-06-11 12:10:00
C051786,opd_to_ipd,1-day admission for acute febrile illness; such stays were 100% of these admissions in 2026-06 vs 21% for all hospitals,P125,M007788,F125,MG001A,1426.0,1800.0,2026-06-11 12:20:00
C051795,opd_to_ipd,1-day admission for acute febrile illness; such stays were 100% of these admissions in 2026-06 vs 21% for all hospitals,P125,M006540,F125,MG001A,1370.0,1800.0,2026-06-11 13:22:00
C051872,opd_to_ipd,1-day admission for urinary tract infection; such stays were 100% of these admissions in 2026-06 vs 21% for all hospitals,P024,M011991,F024,MG021A,1447.0,1800.0,2026-06-11 20:24:00
C051959,opd_to_ipd,1-day admission for acute febrile illness; such stays were 100% of these admissions in 2026-06 vs 21% for all hospitals,P156,M024362,F156,MG001A,1800.0,1800.0,2026-06-12 11:26:00
C051964,opd_to_ipd,1-day admission for acute gastroenteritis; such stays were 100% of these admissions in 2026-06 vs 21% for all hospitals,P125,M003065,F125,MG009A,1800.0,1800.0,2026-06-12 11:40:00
C051979,opd_to_ipd,1-day admission for acute gastroenteritis; such stays were 100% of these admissions in 2026-06 vs 21% for all hospitals,P125,M007791,F125,MG009A,1800.0,1800.0,2026-06-12 13:34:00
C052063,opd_to_ipd,1-day admission for acute gastroenteritis; such stays were 100% of these admissions in 2026-06 vs 21% for all hospitals,P024,M015442,F024,MG009A,1800.0,1800.0,2026-06-12 20:09:00
C052151,opd_to_ipd,1-day admission for urinary tract infection; such stays were 100% of these admissions in 2026-06 vs 21% for all hospitals,P156,M024130,F156,MG021A,1800.0,1800.0,2026-06-13 10:47:00
C052219,opd_to_ipd,1-day admission for acute gastroenteritis; such stays were 100% of these admissions in 2026-06 vs 21% for all hospitals,P024,M011623,F024,MG009A,1376.0,1800.0,2026-06-13 15:32:00
C052252,opd_to_ipd,1-day admission for acute febrile illness; such stays were 100% of these admissions in 2026-06 vs 21% for all hospitals,P125,M011446,F125,MG001A,1638.0,1800.0,2026-06-13 17:43:00
C052273,opd_to_ipd,1-day admission for acute gastroenteritis; such stays were 100% of these admissions in 2026-06 vs 21% for all hospitals,P024,M011992,F024,MG009A,1800.0,1800.0,2026-06-13 20:29:00
C052283,opd_to_ipd,1-day admission for acute febrile illness; such stays were 100% of these admissions in 2026-06 vs 21% for all hospitals,P125,M007190,F125,MG001A,1800.0,1800.0,2026-06-13 21:47:00
C052321,opd_to_ipd,1-day admission for acute febrile illness; such stays were 100% of these admissions in 2026-06 vs 21% for all hospitals,P156,M025620,F156,MG001A,1800.0,1800.0,2026-06-14 08:17:00
C052341,opd_to_ipd,1-day admission for acute gastroenteritis; such stays were 100% of these admissions in 2026-06 vs 21% for all hospitals,P125,M012261,F125,MG009A,1800.0,1800.0,2026-06-14 10:00:00
C052375,opd_to_ipd,1-day admission for acute gastroenteritis; such stays were 100% of these admissions in 2026-06 vs 21% for all hospitals,P024,M015444,F024,MG009A,1800.0,1800.0,2026-06-14 11:51:00
C052383,opd_to_ipd,1-day admission for acute gastroenteritis; such stays were 100% of these admissions in 2026-06 vs 21% for all hospitals,P125,M003064,F125,MG009A,1800.0,1800.0,2026-06-14 12:08:00
C052437,opd_to_ipd,1-day admission for acute gastroenteritis; such stays were 100% of these admissions in 2026-06 vs 21% for all hospitals,P125,M006558,F125,MG009A,1800.0,1800.0,2026-06-14 16:20:00
C052468,opd_to_ipd,1-day admission for urinary tract infection; such stays were 100% of these admissions in 2026-06 vs 21% for all hospitals,P156,M025624,F156,MG021A,1800.0,1800.0,2026-06-14 18:32:00
C052503,opd_to_ipd,1-day admission for acute gastroenteritis; such stays were 100% of these admissions in 2026-06 vs 21% for all hospitals,P024,M025568,F024,MG009A,1800.0,1800.0,2026-06-15 00:03:00
C052556,opd_to_ipd,1-day admission for acute gastroenteritis; such stays were 100% of these admissions in 2026-06 vs 21% for all hospitals,P125,M007788,F125,MG009A,1800.0,1800.0,2026-06-15 09:43:00
C052640,opd_to_ipd,1-day admission for urinary tract infection; such stays were 100% of these admissions in 2026-06 vs 21% for all hospitals,P125,M006558,F125,MG021A,1800.0,1800.0,2026-06-15 15:54:00
C052700,opd_to_ipd,1-day admission for acute febrile illness; such stays were 100% of these admissions in 2026-06 vs 21% for all hospitals,P024,M025788,F024,MG001A,1800.0,1800.0,2026-06-15 23:55:00
C052817,opd_to_ipd,1-day admission for acute gastroenteritis; such stays were 100% of these admissions in 2026-06 vs 21% for all hospitals,P125,M024828,F125,MG009A,1800.0,1800.0,2026-06-16 14:44:00
C052822,opd_to_ipd,1-day admission for acute febrile illness; such stays were 100% of these admissions in 2026-06 vs 21% for all hospitals,P024,M010589,F024,MG001A,1800.0,1800.0,2026-06-16 14:59:00
C053016,opd_to_ipd,1-day admission for acute gastroenteritis; such stays were 100% of these admissions in 2026-06 vs 21% for all hospitals,P125,M005803,F125,MG009A,1800.0,1800.0,2026-06-17 14:14:00
C053022,opd_to_ipd,1-day admission for acute gastroenteritis; such stays were 100% of these admissions in 2026-06 vs 21% for all hospitals,P024,M006973,F024,MG009A,1800.0,1800.0,2026-06-17 14:36:00
C053028,opd_to_ipd,1-day admission for acute febrile illness; such stays were 100% of these admissions in 2026-06 vs 21% for all hospitals,P156,M024130,F156,MG001A,1288.0,1800.0,2026-06-17 14:46:00
C053061,opd_to_ipd,1-day admission for acute febrile illness; such stays were 100% of these admissions in 2026-06 vs 21% for all hospitals,P125,M011448,F125,MG001A,1800.0,1800.0,2026-06-17 17:25:00
C053062,opd_to_ipd,1-day admission for acute febrile illness; such stays were 100% of these admissions in 2026-06 vs 21% for all hospitals,P024,M025569,F024,MG001A,1800.0,1800.0,2026-06-17 17:29:00
C053094,opd_to_ipd,1-day admission for acute febrile illness; such stays were 100% of these admissions in 2026-06 vs 21% for all hospitals,P125,M007303,F125,MG001A,1659.0,1800.0,2026-06-17 22:06:00
C053196,opd_to_ipd,1-day admission for acute febrile illness; such stays were 100% of these admissions in 2026-06 vs 21% for all hospitals,P024,M025570,F024,MG001A,1800.0,1800.0,2026-06-18 13:00:00
C053250,opd_to_ipd,1-day admission for acute febrile illness; such stays were 100% of these admissions in 2026-06 vs 21% for all hospitals,P024,M010589,F024,MG001A,1800.0,1800.0,2026-06-18 16:52:00
C053296,opd_to_ipd,1-day admission for acute febrile illness; such stays were 100% of these admissions in 2026-06 vs 21% for all hospitals,P156,M024363,F156,MG001A,1800.0,1800.0,2026-06-18 23:36:00
C053612,opd_to_ipd,1-day admission for acute febrile illness; such stays were 100% of these admissions in 2026-06 vs 21% for all hospitals,P125,M006559,F125,MG001A,1800.0,1800.0,2026-06-20 12:52:00
C053662,opd_to_ipd,1-day admission for urinary tract infection; such stays were 100% of these admissions in 2026-06 vs 21% for all hospitals,P156,M024130,F156,MG021A,1800.0,1800.0,2026-06-20 16:20:00
C053695,opd_to_ipd,1-day admission for acute febrile illness; such stays were 100% of these admissions in 2026-06 vs 21% for all hospitals,P024,M001853,F024,MG001A,1800.0,1800.0,2026-06-20 19:46:00
C053698,opd_to_ipd,1-day admission for acute gastroenteritis; such stays were 100% of these admissions in 2026-06 vs 21% for all hospitals,P156,M003160,F156,MG009A,1568.0,1800.0,2026-06-20 20:04:00
C053755,opd_to_ipd,1-day admission for acute gastroenteritis; such stays were 100% of these admissions in 2026-06 vs 21% for all hospitals,P156,M025621,F156,MG009A,1379.0,1800.0,2026-06-21 08:23:00
C053846,opd_to_ipd,1-day admission for acute gastroenteritis; such stays were 100% of these admissions in 2026-06 vs 21% for all hospitals,P156,M024360,F156,MG009A,1800.0,1800.0,2026-06-21 14:25:00
C053857,opd_to_ipd,1-day admission for acute gastroenteritis; such stays were 100% of these admissions in 2026-06 vs 21% for all hospitals,P125,M015929,F125,MG009A,1800.0,1800.0,2026-06-21 14:55:00
C053873,opd_to_ipd,1-day admission for acute febrile illness; such stays were 100% of these admissions in 2026-06 vs 21% for all hospitals,P156,M010567,F156,MG001A,1304.0,1800.0,2026-06-21 15:54:00
C053902,opd_to_ipd,1-day admission for urinary tract infection; such stays were 100% of these admissions in 2026-06 vs 21% for all hospitals,P024,M025789,F024,MG021A,1800.0,1800.0,2026-06-21 17:20:00
C053962,opd_to_ipd,1-day admission for acute gastroenteritis; such stays were 100% of these admissions in 2026-06 vs 21% for all hospitals,P125,M011445,F125,MG009A,1800.0,1800.0,2026-06-22 04:07:00
C054001,opd_to_ipd,1-day admission for acute gastroenteritis; such stays were 100% of these admissions in 2026-06 vs 21% for all hospitals,P156,M003159,F156,MG009A,1800.0,1800.0,2026-06-22 09:48:00
C054139,opd_to_ipd,1-day admission for urinary tract infection; such stays were 100% of these admissions in 2026-06 vs 21% for all hospitals,P156,M007751,F156,MG021A,1800.0,1800.0,2026-06-22 22:36:00
C054177,opd_to_ipd,1-day admission for acute febrile illness; such stays were 100% of these admissions in 2026-06 vs 21% for all hospitals,P024,M015444,F024,MG001A,1800.0,1800.0,2026-06-23 06:54:00
C054238,opd_to_ipd,1-day admission for acute febrile illness; such stays were 100% of these admissions in 2026-06 vs 21% for all hospitals,P125,M023362,F125,MG001A,1800.0,1800.0,2026-06-23 11:03:00
C054312,opd_to_ipd,1-day admission for acute gastroenteritis; such stays were 100% of these admissions in 2026-06 vs 21% for all hospitals,P024,M010789,F024,MG009A,1800.0,1800.0,2026-06-23 15:27:00
C054367,opd_to_ipd,1-day admission for acute febrile illness; such stays were 100% of these admissions in 2026-06 vs 21% for all hospitals,P156,M010567,F156,MG001A,1800.0,1800.0,2026-06-23 19:15:00
C054405,opd_to_ipd,1-day admission for acute febrile illness; such stays were 100% of these admissions in 2026-06 vs 21% for all hospitals,P125,M022642,F125,MG001A,1800.0,1800.0,2026-06-24 02:44:00
C054426,opd_to_ipd,1-day admission for urinary tract infection; such stays were 100% of these admissions in 2026-06 vs 21% for all hospitals,P156,M010568,F156,MG021A,1315.0,1800.0,2026-06-24 08:26:00
C054452,opd_to_ipd,1-day admission for acute febrile illness; such stays were 100% of these admissions in 2026-06 vs 21% for all hospitals,P125,M007192,F125,MG001A,1800.0,1800.0,2026-06-24 10:06:00
C054461,opd_to_ipd,1-day admission for acute gastroenteritis; such stays were 100% of these admissions in 2026-06 vs 21% for all hospitals,P156,M010568,F156,MG009A,1423.0,1800.0,2026-06-24 11:01:00
C054475,opd_to_ipd,1-day admission for acute febrile illness; such stays were 100% of these admissions in 2026-06 vs 21% for all hospitals,P024,M010789,F024,MG001A,1551.0,1800.0,2026-06-24 11:46:00
C054478,opd_to_ipd,1-day admission for acute febrile illness; such stays were 100% of these admissions in 2026-06 vs 21% for all hospitals,P024,M025789,F024,MG001A,1800.0,1800.0,2026-06-24 11:54:00
C054539,opd_to_ipd,1-day admission for acute gastroenteritis; such stays were 100% of these admissions in 2026-06 vs 21% for all hospitals,P024,M014407,F024,MG009A,1800.0,1800.0,2026-06-24 15:11:00
C054549,opd_to_ipd,1-day admission for acute gastroenteritis; such stays were 100% of these admissions in 2026-06 vs 21% for all hospitals,P156,M024130,F156,MG009A,1800.0,1800.0,2026-06-24 15:41:00
C054602,opd_to_ipd,1-day admission for acute gastroenteritis; such stays were 100% of these admissions in 2026-06 vs 21% for all hospitals,P024,M014407,F024,MG009A,1800.0,1800.0,2026-06-24 21:34:00
C054683,opd_to_ipd,1-day admission for acute febrile illness; such stays were 100% of these admissions in 2026-06 vs 21% for all hospitals,P125,M023187,F125,MG001A,1800.0,1800.0,2026-06-25 11:06:00
C054789,opd_to_ipd,1-day admission for acute gastroenteritis; such stays were 100% of these admissions in 2026-06 vs 21% for all hospitals,P156,M012652,F156,MG009A,1800.0,1800.0,2026-06-25 19:55:00
C054864,opd_to_ipd,1-day admission for urinary tract infection; such stays were 100% of these admissions in 2026-06 vs 21% for all hospitals,P125,M007301,F125,MG021A,1800.0,1800.0,2026-06-26 09:06:00
C054970,opd_to_ipd,1-day admission for acute febrile illness; such stays were 100% of these admissions in 2026-06 vs 21% for all hospitals,P024,M025788,F024,MG001A,1800.0,1800.0,2026-06-26 16:58:00
C055008,opd_to_ipd,1-day admission for acute gastroenteritis; such stays were 100% of these admissions in 2026-06 vs 21% for all hospitals,P125,M005805,F125,MG009A,1800.0,1800.0,2026-06-26 21:37:00
C055213,opd_to_ipd,1-day admission for acute febrile illness; such stays were 100% of these admissions in 2026-06 vs 21% for all hospitals,P125,M007193,F125,MG001A,1800.0,1800.0,2026-06-27 20:38:00
C055220,opd_to_ipd,1-day admission for acute febrile illness; such stays were 100% of these admissions in 2026-06 vs 21% for all hospitals,P156,M025621,F156,MG001A,1800.0,1800.0,2026-06-27 21:45:00
C055280,opd_to_ipd,1-day admission for acute gastroenteritis; such stays were 100% of these admissions in 2026-06 vs 21% for all hospitals,P156,M013953,F156,MG009A,1800.0,1800.0,2026-06-28 09:20:00
C055314,opd_to_ipd,1-day admission for acute gastroenteritis; such stays were 100% of these admissions in 2026-06 vs 21% for all hospitals,P125,M003063,F125,MG009A,1800.0,1800.0,2026-06-28 11:12:00
C055401,opd_to_ipd,1-day admission for acute febrile illness; such stays were 100% of these admissions in 2026-06 vs 21% for all hospitals,P125,M003064,F125,MG001A,1800.0,1800.0,2026-06-28 17:18:00
C055451,opd_to_ipd,1-day admission for urinary tract infection; such stays were 100% of these admissions in 2026-06 vs 21% for all hospitals,P125,M012262,F125,MG021A,1800.0,1800.0,2026-06-29 01:43:00
C055478,opd_to_ipd,1-day admission for acute febrile illness; such stays were 100% of these admissions in 2026-06 vs 21% for all hospitals,P156,M000964,F156,MG001A,1800.0,1800.0,2026-06-29 07:54:00
C055484,opd_to_ipd,1-day admission for acute gastroenteritis; such stays were 100% of these admissions in 2026-06 vs 21% for all hospitals,P125,M005803,F125,MG009A,1800.0,1800.0,2026-06-29 08:27:00
C055582,opd_to_ipd,1-day admission for acute febrile illness; such stays were 100% of these admissions in 2026-06 vs 21% for all hospitals,P156,M003160,F156,MG001A,1800.0,1800.0,2026-06-29 16:17:00
C055636,opd_to_ipd,1-day admission for acute gastroenteritis; such stays were 100% of these admissions in 2026-06 vs 21% for all hospitals,P024,M015444,F024,MG009A,1800.0,1800.0,2026-06-29 22:36:00
C055644,opd_to_ipd,1-day admission for acute febrile illness; such stays were 100% of these admissions in 2026-06 vs 21% for all hospitals,P125,M024829,F125,MG001A,1800.0,1800.0,2026-06-29 23:46:00
C055962,opd_to_ipd,1-day admission for acute febrile illness; such stays were 98% of these admissions in 2026-07 vs 21% for all hospitals,P156,M000801,F156,MG001A,1800.0,1800.0,2026-07-01 15:37:00
C055992,opd_to_ipd,1-day admission for acute gastroenteritis; such stays were 98% of these admissions in 2026-07 vs 21% for all hospitals,P156,M004164,F156,MG009A,1800.0,1800.0,2026-07-01 17:25:00
C056004,opd_to_ipd,1-day admission for acute febrile illness; such stays were 100% of these admissions in 2026-07 vs 21% for all hospitals,P125,M008939,F125,MG001A,1800.0,1800.0,2026-07-01 18:11:00
C056145,opd_to_ipd,1-day admission for acute febrile illness; such stays were 98% of these admissions in 2026-07 vs 21% for all hospitals,P024,M008474,F024,MG001A,1800.0,1800.0,2026-07-02 13:24:00
C056181,opd_to_ipd,1-day admission for urinary tract infection; such stays were 100% of these admissions in 2026-07 vs 21% for all hospitals,P125,M024345,F125,MG021A,1800.0,1800.0,2026-07-02 15:25:00
C056232,opd_to_ipd,1-day admission for acute febrile illness; such stays were 98% of these admissions in 2026-07 vs 21% for all hospitals,P156,M015610,F156,MG001A,1800.0,1800.0,2026-07-02 19:20:00
C056236,opd_to_ipd,1-day admission for urinary tract infection; such stays were 98% of these admissions in 2026-07 vs 21% for all hospitals,P024,M003211,F024,MG021A,1800.0,1800.0,2026-07-02 19:50:00
C056401,opd_to_ipd,1-day admission for acute febrile illness; such stays were 98% of these admissions in 2026-07 vs 21% for all hospitals,P024,M001656,F024,MG001A,1800.0,1800.0,2026-07-03 14:57:00
C056422,opd_to_ipd,1-day admission for acute febrile illness; such stays were 98% of these admissions in 2026-07 vs 21% for all hospitals,P156,M000350,F156,MG001A,1800.0,1800.0,2026-07-03 16:39:00
C056423,opd_to_ipd,1-day admission for acute febrile illness; such stays were 100% of these admissions in 2026-07 vs 21% for all hospitals,P125,M000233,F125,MG001A,1800.0,1800.0,2026-07-03 16:43:00
C056528,opd_to_ipd,1-day admission for acute febrile illness; such stays were 100% of these admissions in 2026-07 vs 21% for all hospitals,P125,M003559,F125,MG001A,1800.0,1800.0,2026-07-04 08:37:00
C056538,opd_to_ipd,1-day admission for urinary tract infection; such stays were 100% of these admissions in 2026-07 vs 21% for all hospitals,P125,M007899,F125,MG021A,1800.0,1800.0,2026-07-04 09:09:00
C056541,opd_to_ipd,1-day admission for acute febrile illness; such stays were 100% of these admissions in 2026-07 vs 21% for all hospitals,P125,M023948,F125,MG001A,1800.0,1800.0,2026-07-04 09:32:00
C056543,opd_to_ipd,1-day admission for acute febrile illness; such stays were 98% of these admissions in 2026-07 vs 21% for all hospitals,P156,M017021,F156,MG001A,1800.0,1800.0,2026-07-04 09:38:00
C056579,opd_to_ipd,1-day admission for acute febrile illness; such stays were 100% of these admissions in 2026-07 vs 21% for all hospitals,P125,M005417,F125,MG001A,1800.0,1800.0,2026-07-04 12:33:00
C056706,opd_to_ipd,1-day admission for acute febrile illness; such stays were 98% of these admissions in 2026-07 vs 21% for all hospitals,P156,M022610,F156,MG001A,1800.0,1800.0,2026-07-04 22:46:00
C056793,opd_to_ipd,1-day admission for acute febrile illness; such stays were 100% of these admissions in 2026-07 vs 21% for all hospitals,P125,M007303,F125,MG001A,1800.0,1800.0,2026-07-05 12:44:00
C056795,opd_to_ipd,1-day admission for urinary tract infection; such stays were 100% of these admissions in 2026-07 vs 21% for all hospitals,P125,M007897,F125,MG021A,1800.0,1800.0,2026-07-05 12:55:00
C056876,opd_to_ipd,1-day admission for acute febrile illness; such stays were 100% of these admissions in 2026-07 vs 21% for all hospitals,P125,M022539,F125,MG001A,1800.0,1800.0,2026-07-05 17:46:00
C056952,opd_to_ipd,1-day admission for acute febrile illness; such stays were 100% of these admissions in 2026-07 vs 21% for all hospitals,P125,M006542,F125,MG001A,1800.0,1800.0,2026-07-06 08:48:00
C056973,opd_to_ipd,1-day admission for acute febrile illness; such stays were 100% of these admissions in 2026-07 vs 21% for all hospitals,P125,M025201,F125,MG001A,1800.0,1800.0,2026-07-06 10:22:00
C056976,opd_to_ipd,1-day admission for acute gastroenteritis; such stays were 100% of these admissions in 2026-07 vs 21% for all hospitals,P125,M024344,F125,MG009A,1800.0,1800.0,2026-07-06 10:33:00
C056999,opd_to_ipd,1-day admission for urinary tract infection; such stays were 98% of these admissions in 2026-07 vs 21% for all hospitals,P024,M001659,F024,MG021A,1800.0,1800.0,2026-07-06 11:47:00
C057013,opd_to_ipd,1-day admission for acute febrile illness; such stays were 98% of these admissions in 2026-07 vs 21% for all hospitals,P156,M017018,F156,MG001A,1800.0,1800.0,2026-07-06 12:28:00
C057055,opd_to_ipd,1-day admission for acute febrile illness; such stays were 98% of these admissions in 2026-07 vs 21% for all hospitals,P156,M014283,F156,MG001A,1800.0,1800.0,2026-07-06 15:46:00
C057080,opd_to_ipd,1-day admission for acute febrile illness; such stays were 98% of these admissions in 2026-07 vs 21% for all hospitals,P156,M020043,F156,MG001A,1800.0,1800.0,2026-07-06 17:23:00
C057086,opd_to_ipd,1-day admission for acute gastroenteritis; such stays were 98% of these admissions in 2026-07 vs 21% for all hospitals,P156,M015610,F156,MG009A,1800.0,1800.0,2026-07-06 17:47:00
C057133,opd_to_ipd,1-day admission for acute febrile illness; such stays were 100% of these admissions in 2026-07 vs 21% for all hospitals,P125,M024910,F125,MG001A,1800.0,1800.0,2026-07-07 08:00:00
C057205,opd_to_ipd,1-day admission for acute gastroenteritis; such stays were 98% of these admissions in 2026-07 vs 21% for all hospitals,P156,M017018,F156,MG009A,1800.0,1800.0,2026-07-07 12:31:00
C057213,opd_to_ipd,1-day admission for acute febrile illness; such stays were 100% of these admissions in 2026-07 vs 21% for all hospitals,P125,M006538,F125,MG001A,1800.0,1800.0,2026-07-07 12:44:00
C057236,opd_to_ipd,1-day admission for acute gastroenteritis; such stays were 100% of these admissions in 2026-07 vs 21% for all hospitals,P125,M023950,F125,MG009A,1800.0,1800.0,2026-07-07 14:13:00
C057268,opd_to_ipd,1-day admission for urinary tract infection; such stays were 98% of these admissions in 2026-07 vs 21% for all hospitals,P024,M008475,F024,MG021A,1800.0,1800.0,2026-07-07 16:36:00
C057269,opd_to_ipd,1-day admission for acute febrile illness; such stays were 98% of these admissions in 2026-07 vs 21% for all hospitals,P024,M013800,F024,MG001A,1800.0,1800.0,2026-07-07 16:38:00
C057316,opd_to_ipd,1-day admission for acute gastroenteritis; such stays were 98% of these admissions in 2026-07 vs 21% for all hospitals,P024,M007119,F024,MG009A,1800.0,1800.0,2026-07-07 23:12:00
C057375,opd_to_ipd,1-day admission for acute febrile illness; such stays were 98% of these admissions in 2026-07 vs 21% for all hospitals,P156,M022612,F156,MG001A,1800.0,1800.0,2026-07-08 10:11:00
C057392,opd_to_ipd,1-day admission for acute febrile illness; such stays were 100% of these admissions in 2026-07 vs 21% for all hospitals,P125,M023951,F125,MG001A,1800.0,1800.0,2026-07-08 11:31:00
C057442,opd_to_ipd,1-day admission for acute febrile illness; such stays were 98% of these admissions in 2026-07 vs 21% for all hospitals,P156,M013315,F156,MG001A,1800.0,1800.0,2026-07-08 14:36:00
C057447,opd_to_ipd,1-day admission for acute febrile illness; such stays were 98% of these admissions in 2026-07 vs 21% for all hospitals,P024,M005365,F024,MG001A,1800.0,1800.0,2026-07-08 14:56:00
C057521,opd_to_ipd,1-day admission for acute gastroenteritis; such stays were 100% of these admissions in 2026-07 vs 21% for all hospitals,P125,M006343,F125,MG009A,1800.0,1800.0,2026-07-09 00:53:00
C057567,opd_to_ipd,1-day admission for acute gastroenteritis; such stays were 98% of these admissions in 2026-07 vs 21% for all hospitals,P156,M017018,F156,MG009A,1344.0,1800.0,2026-07-09 09:45:00
C057574,opd_to_ipd,1-day admission for acute febrile illness; such stays were 98% of these admissions in 2026-07 vs 21% for all hospitals,P024,M001657,F024,MG001A,1800.0,1800.0,2026-07-09 09:59:00
C057844,opd_to_ipd,1-day admission for acute febrile illness; such stays were 100% of these admissions in 2026-07 vs 21% for all hospitals,P125,M005414,F125,MG001A,1800.0,1800.0,2026-07-10 15:13:00
C057851,opd_to_ipd,1-day admission for acute gastroenteritis; such stays were 100% of these admissions in 2026-07 vs 21% for all hospitals,P125,M023947,F125,MG009A,1800.0,1800.0,2026-07-10 15:40:00
C057855,opd_to_ipd,1-day admission for acute febrile illness; such stays were 98% of these admissions in 2026-07 vs 21% for all hospitals,P156,M000350,F156,MG001A,1800.0,1800.0,2026-07-10 16:01:00
C057948,opd_to_ipd,1-day admission for acute gastroenteritis; such stays were 98% of these admissions in 2026-07 vs 21% for all hospitals,P024,M004197,F024,MG009A,1800.0,1800.0,2026-07-11 06:44:00
C057995,opd_to_ipd,1-day admission for acute febrile illness; such stays were 98% of these admissions in 2026-07 vs 21% for all hospitals,P156,M000801,F156,MG001A,1800.0,1800.0,2026-07-11 10:47:00
C058067,opd_to_ipd,1-day admission for acute gastroenteritis; such stays were 100% of these admissions in 2026-07 vs 21% for all hospitals,P125,M023950,F125,MG009A,1800.0,1800.0,2026-07-11 15:26:00
C058189,opd_to_ipd,1-day admission for acute febrile illness; such stays were 98% of these admissions in 2026-07 vs 21% for all hospitals,P024,M007120,F024,MG001A,1800.0,1800.0,2026-07-12 09:24:00
C058243,opd_to_ipd,1-day admission for acute febrile illness; such stays were 98% of these admissions in 2026-07 vs 21% for all hospitals,P156,M017021,F156,MG001A,1800.0,1800.0,2026-07-12 12:39:00
C058270,opd_to_ipd,1-day admission for acute febrile illness; such stays were 100% of these admissions in 2026-07 vs 21% for all hospitals,P125,M003559,F125,MG001A,1800.0,1800.0,2026-07-12 14:38:00
C058289,opd_to_ipd,1-day admission for acute gastroenteritis; such stays were 98% of these admissions in 2026-07 vs 21% for all hospitals,P156,M015809,F156,MG009A,1800.0,1800.0,2026-07-12 15:47:00
C058310,opd_to_ipd,1-day admission for acute febrile illness; such stays were 100% of these admissions in 2026-07 vs 21% for all hospitals,P125,M022540,F125,MG001A,1800.0,1800.0,2026-07-12 17:39:00
C058405,opd_to_ipd,1-day admission for acute febrile illness; such stays were 98% of these admissions in 2026-07 vs 21% for all hospitals,P156,M017020,F156,MG001A,1800.0,1800.0,2026-07-13 09:40:00
C058474,opd_to_ipd,1-day admission for acute gastroenteritis; such stays were 100% of these admissions in 2026-07 vs 21% for all hospitals,P125,M017168,F125,MG009A,1282.0,1800.0,2026-07-13 14:07:00
C058495,opd_to_ipd,1-day admission for acute febrile illness; such stays were 98% of these admissions in 2026-07 vs 21% for all hospitals,P024,M001655,F024,MG001A,1439.0,1800.0,2026-07-13 15:30:00
C058510,opd_to_ipd,1-day admission for acute febrile illness; such stays were 98% of these admissions in 2026-07 vs 21% for all hospitals,P024,M018636,F024,MG001A,1800.0,1800.0,2026-07-13 16:20:00
C058521,opd_to_ipd,1-day admission for acute febrile illness; such stays were 98% of these admissions in 2026-07 vs 21% for all hospitals,P024,M001656,F024,MG001A,1800.0,1800.0,2026-07-13 17:28:00
C058578,opd_to_ipd,1-day admission for acute febrile illness; such stays were 100% of these admissions in 2026-07 vs 21% for all hospitals,P125,M006540,F125,MG001A,1800.0,1800.0,2026-07-14 03:07:00
C058591,opd_to_ipd,1-day admission for acute febrile illness; such stays were 98% of these admissions in 2026-07 vs 21% for all hospitals,P024,M013800,F024,MG001A,1800.0,1800.0,2026-07-14 06:16:00
C058631,opd_to_ipd,1-day admission for acute febrile illness; such stays were 98% of these admissions in 2026-07 vs 21% for all hospitals,P024,M004194,F024,MG001A,1800.0,1800.0,2026-07-14 10:43:00
C058660,opd_to_ipd,1-day admission for acute gastroenteritis; such stays were 98% of these admissions in 2026-07 vs 21% for all hospitals,P156,M025441,F156,MG009A,1800.0,1800.0,2026-07-14 12:20:00
C058671,opd_to_ipd,1-day admission for acute gastroenteritis; such stays were 98% of these admissions in 2026-07 vs 21% for all hospitals,P156,M025442,F156,MG009A,1800.0,1800.0,2026-07-14 12:54:00
C058768,opd_to_ipd,1-day admission for acute gastroenteritis; such stays were 98% of these admissions in 2026-07 vs 21% for all hospitals,P024,M004098,F024,MG009A,1800.0,1800.0,2026-07-14 22:34:00
C058805,opd_to_ipd,1-day admission for acute gastroenteritis; such stays were 100% of these admissions in 2026-07 vs 21% for all hospitals,P125,M006170,F125,MG009A,1800.0,1800.0,2026-07-15 08:17:00
C058847,opd_to_ipd,1-day admission for acute gastroenteritis; such stays were 100% of these admissions in 2026-07 vs 21% for all hospitals,P125,M007902,F125,MG009A,1800.0,1800.0,2026-07-15 10:55:00
C058935,opd_to_ipd,1-day admission for acute gastroenteritis; such stays were 98% of these admissions in 2026-07 vs 21% for all hospitals,P156,M015518,F156,MG009A,1556.0,1800.0,2026-07-15 16:06:00
C058960,opd_to_ipd,1-day admission for acute febrile illness; such stays were 98% of these admissions in 2026-07 vs 21% for all hospitals,P024,M004098,F024,MG001A,1800.0,1800.0,2026-07-15 17:53:00
C058963,opd_to_ipd,1-day admission for acute gastroenteritis; such stays were 98% of these admissions in 2026-07 vs 21% for all hospitals,P024,M010424,F024,MG009A,1800.0,1800.0,2026-07-15 18:13:00
C058974,opd_to_ipd,1-day admission for acute gastroenteritis; such stays were 100% of these admissions in 2026-07 vs 21% for all hospitals,P125,M003557,F125,MG009A,1800.0,1800.0,2026-07-15 19:17:00
C058996,opd_to_ipd,1-day admission for acute gastroenteritis; such stays were 100% of these admissions in 2026-07 vs 21% for all hospitals,P125,M023950,F125,MG009A,1568.0,1800.0,2026-07-15 23:28:00
C059009,opd_to_ipd,1-day admission for urinary tract infection; such stays were 98% of these admissions in 2026-07 vs 21% for all hospitals,P156,M017021,F156,MG021A,1291.0,1800.0,2026-07-16 02:56:00
C059139,opd_to_ipd,1-day admission for acute gastroenteritis; such stays were 98% of these admissions in 2026-07 vs 21% for all hospitals,P024,M014166,F024,MG009A,1800.0,1800.0,2026-07-16 15:20:00
C059206,opd_to_ipd,1-day admission for acute febrile illness; such stays were 98% of these admissions in 2026-07 vs 21% for all hospitals,P156,M015808,F156,MG001A,1800.0,1800.0,2026-07-16 22:24:00
C059242,opd_to_ipd,1-day admission for acute gastroenteritis; such stays were 100% of these admissions in 2026-07 vs 21% for all hospitals,P125,M008938,F125,MG009A,1800.0,1800.0,2026-07-17 08:23:00
C059276,opd_to_ipd,1-day admission for urinary tract infection; such stays were 100% of these admissions in 2026-07 vs 21% for all hospitals,P125,M025200,F125,MG021A,1800.0,1800.0,2026-07-17 11:03:00
C059325,opd_to_ipd,1-day admission for acute febrile illness; such stays were 98% of these admissions in 2026-07 vs 21% for all hospitals,P024,M005364,F024,MG001A,1800.0,1800.0,2026-07-17 14:41:00
C059403,opd_to_ipd,1-day admission for acute febrile illness; such stays were 100% of these admissions in 2026-07 vs 21% for all hospitals,P125,M010353,F125,MG001A,1800.0,1800.0,2026-07-17 23:54:00
C059415,opd_to_ipd,1-day admission for acute febrile illness; such stays were 100% of these admissions in 2026-07 vs 21% for all hospitals,P125,M013520,F125,MG001A,1800.0,1800.0,2026-07-18 03:38:00
C059417,opd_to_ipd,1-day admission for acute febrile illness; such stays were 100% of these admissions in 2026-07 vs 21% for all hospitals,P125,M024342,F125,MG001A,1800.0,1800.0,2026-07-18 04:23:00
C059418,opd_to_ipd,1-day admission for acute gastroenteritis; such stays were 98% of these admissions in 2026-07 vs 21% for all hospitals,P024,M007122,F024,MG009A,1800.0,1800.0,2026-07-18 04:27:00
C059446,opd_to_ipd,1-day admission for acute febrile illness; such stays were 98% of these admissions in 2026-07 vs 21% for all hospitals,P024,M014163,F024,MG001A,1800.0,1800.0,2026-07-18 09:01:00
C059508,opd_to_ipd,1-day admission for acute febrile illness; such stays were 100% of these admissions in 2026-07 vs 21% for all hospitals,P125,M023947,F125,MG001A,1800.0,1800.0,2026-07-18 13:48:00
C059580,opd_to_ipd,1-day admission for urinary tract infection; such stays were 98% of these admissions in 2026-07 vs 21% for all hospitals,P024,M004099,F024,MG021A,1800.0,1800.0,2026-07-18 20:09:00
C059632,opd_to_ipd,1-day admission for acute febrile illness; such stays were 100% of these admissions in 2026-07 vs 21% for all hospitals,P125,M017170,F125,MG001A,1800.0,1800.0,2026-07-19 08:27:00
C059776,opd_to_ipd,1-day admission for acute febrile illness; such stays were 98% of these admissions in 2026-07 vs 21% for all hospitals,P156,M009802,F156,MG001A,1800.0,1800.0,2026-07-19 16:15:00
C059863,opd_to_ipd,1-day admission for acute gastroenteritis; such stays were 98% of these admissions in 2026-07 vs 21% for all hospitals,P024,M008473,F024,MG009A,1800.0,1800.0,2026-07-20 05:43:00
C059865,opd_to_ipd,1-day admission for acute gastroenteritis; such stays were 100% of these admissions in 2026-07 vs 21% for all hospitals,P125,M005416,F125,MG009A,1800.0,1800.0,2026-07-20 05:51:00
C059880,opd_to_ipd,1-day admission for acute febrile illness; such stays were 98% of these admissions in 2026-07 vs 21% for all hospitals,P024,M014161,F024,MG001A,1800.0,1800.0,2026-07-20 08:24:00
C059923,opd_to_ipd,1-day admission for acute gastroenteritis; such stays were 98% of these admissions in 2026-07 vs 21% for all hospitals,P156,M017019,F156,MG009A,1800.0,1800.0,2026-07-20 11:18:00
C059938,opd_to_ipd,1-day admission for acute gastroenteritis; such stays were 100% of these admissions in 2026-07 vs 21% for all hospitals,P125,M000234,F125,MG009A,1800.0,1800.0,2026-07-20 11:57:00
C059965,opd_to_ipd,1-day admission for acute febrile illness; such stays were 98% of these admissions in 2026-07 vs 21% for all hospitals,P156,M017016,F156,MG001A,1800.0,1800.0,2026-07-20 13:36:00
C059995,opd_to_ipd,1-day admission for acute gastroenteritis; such stays were 98% of these admissions in 2026-07 vs 21% for all hospitals,P156,M015609,F156,MG009A,1800.0,1800.0,2026-07-20 15:43:00
C060019,opd_to_ipd,1-day admission for acute febrile illness; such stays were 98% of these admissions in 2026-07 vs 21% for all hospitals,P024,M013803,F024,MG001A,1800.0,1800.0,2026-07-20 17:01:00
C060067,opd_to_ipd,1-day admission for urinary tract infection; such stays were 100% of these admissions in 2026-07 vs 21% for all hospitals,P125,M000235,F125,MG021A,1800.0,1800.0,2026-07-20 22:38:00
C060095,opd_to_ipd,1-day admission for acute febrile illness; such stays were 100% of these admissions in 2026-07 vs 21% for all hospitals,P125,M007902,F125,MG001A,1800.0,1800.0,2026-07-21 06:00:00
C060100,opd_to_ipd,1-day admission for acute gastroenteritis; such stays were 98% of these admissions in 2026-07 vs 21% for all hospitals,P156,M008658,F156,MG009A,1800.0,1800.0,2026-07-21 06:53:00
C060135,opd_to_ipd,1-day admission for acute febrile illness; such stays were 100% of these admissions in 2026-07 vs 21% for all hospitals,P125,M017167,F125,MG001A,1800.0,1800.0,2026-07-21 09:45:00
C060137,opd_to_ipd,1-day admission for acute febrile illness; such stays were 98% of these admissions in 2026-07 vs 21% for all hospitals,P156,M000800,F156,MG001A,1800.0,1800.0,2026-07-21 09:58:00
C060211,opd_to_ipd,1-day admission for acute febrile illness; such stays were 98% of these admissions in 2026-07 vs 21% for all hospitals,P156,M000798,F156,MG001A,1800.0,1800.0,2026-07-21 14:52:00
C060346,opd_to_ipd,1-day admission for acute gastroenteritis; such stays were 98% of these admissions in 2026-07 vs 21% for all hospitals,P156,M015609,F156,MG009A,1800.0,1800.0,2026-07-22 10:29:00
C060422,opd_to_ipd,1-day admission for acute gastroenteritis; such stays were 98% of these admissions in 2026-07 vs 21% for all hospitals,P024,M007649,F024,MG009A,1800.0,1800.0,2026-07-22 16:45:00
C060464,opd_to_ipd,1-day admission for acute febrile illness; such stays were 98% of these admissions in 2026-07 vs 21% for all hospitals,P024,M008474,F024,MG001A,1800.0,1800.0,2026-07-22 20:59:00
C060504,opd_to_ipd,1-day admission for acute gastroenteritis; such stays were 98% of these admissions in 2026-07 vs 21% for all hospitals,P156,M025442,F156,MG009A,1800.0,1800.0,2026-07-23 07:28:00
C060512,opd_to_ipd,1-day admission for urinary tract infection; such stays were 98% of these admissions in 2026-07 vs 21% for all hospitals,P024,M004197,F024,MG021A,1800.0,1800.0,2026-07-23 08:26:00
C060618,opd_to_ipd,1-day admission for acute gastroenteritis; such stays were 100% of these admissions in 2026-07 vs 21% for all hospitals,P125,M007303,F125,MG009A,1800.0,1800.0,2026-07-23 14:52:00
C060680,opd_to_ipd,1-day admission for urinary tract infection; such stays were 100% of these admissions in 2026-07 vs 21% for all hospitals,P125,M008940,F125,MG021A,1800.0,1800.0,2026-07-23 20:20:00
C060697,opd_to_ipd,1-day admission for urinary tract infection; such stays were 98% of these admissions in 2026-07 vs 21% for all hospitals,P024,M004099,F024,MG021A,1800.0,1800.0,2026-07-23 22:27:00
C060716,opd_to_ipd,1-day admission for urinary tract infection; such stays were 98% of these admissions in 2026-07 vs 21% for all hospitals,P156,M000800,F156,MG021A,1610.0,1800.0,2026-07-24 03:41:00
C060854,opd_to_ipd,1-day admission for acute gastroenteritis; such stays were 98% of these admissions in 2026-07 vs 21% for all hospitals,P156,M015808,F156,MG009A,1800.0,1800.0,2026-07-24 16:11:00
C060873,opd_to_ipd,1-day admission for acute febrile illness; such stays were 100% of these admissions in 2026-07 vs 21% for all hospitals,P125,M000239,F125,MG001A,1800.0,1800.0,2026-07-24 17:50:00
C060894,opd_to_ipd,1-day admission for acute gastroenteritis; such stays were 98% of these admissions in 2026-07 vs 21% for all hospitals,P024,M007651,F024,MG009A,1634.0,1800.0,2026-07-24 20:59:00
C060930,opd_to_ipd,1-day admission for acute febrile illness; such stays were 98% of these admissions in 2026-07 vs 21% for all hospitals,P024,M001656,F024,MG001A,1800.0,1800.0,2026-07-25 03:27:00
C061115,opd_to_ipd,1-day admission for acute febrile illness; such stays were 98% of these admissions in 2026-07 vs 21% for all hospitals,P024,M004197,F024,MG001A,1800.0,1800.0,2026-07-25 23:02:00
C061116,opd_to_ipd,1-day admission for acute febrile illness; such stays were 98% of these admissions in 2026-07 vs 21% for all hospitals,P156,M024375,F156,MG001A,1800.0,1800.0,2026-07-25 23:05:00
C061160,opd_to_ipd,1-day admission for acute febrile illness; such stays were 98% of these admissions in 2026-07 vs 21% for all hospitals,P156,M025440,F156,MG001A,1800.0,1800.0,2026-07-26 08:48:00
C061171,opd_to_ipd,1-day admission for acute febrile illness; such stays were 100% of these admissions in 2026-07 vs 21% for all hospitals,P125,M025199,F125,MG001A,1800.0,1800.0,2026-07-26 09:29:00
C061186,opd_to_ipd,1-day admission for acute febrile illness; such stays were 98% of these admissions in 2026-07 vs 21% for all hospitals,P024,M005365,F024,MG001A,1800.0,1800.0,2026-07-26 10:26:00
C061215,opd_to_ipd,1-day admission for urinary tract infection; such stays were 98% of these admissions in 2026-07 vs 21% for all hospitals,P156,M015519,F156,MG021A,1800.0,1800.0,2026-07-26 12:07:00
C061272,opd_to_ipd,1-day admission for acute gastroenteritis; such stays were 100% of these admissions in 2026-07 vs 21% for all hospitals,P125,M023950,F125,MG009A,1800.0,1800.0,2026-07-26 16:54:00
C061285,opd_to_ipd,1-day admission for acute febrile illness; such stays were 98% of these admissions in 2026-07 vs 21% for all hospitals,P024,M007651,F024,MG001A,1800.0,1800.0,2026-07-26 17:38:00
C061333,opd_to_ipd,1-day admission for acute gastroenteritis; such stays were 98% of these admissions in 2026-07 vs 21% for all hospitals,P024,M001656,F024,MG009A,1800.0,1800.0,2026-07-27 01:08:00
C061337,opd_to_ipd,1-day admission for acute febrile illness; such stays were 98% of these admissions in 2026-07 vs 21% for all hospitals,P156,M017017,F156,MG001A,1800.0,1800.0,2026-07-27 01:41:00
C061374,opd_to_ipd,1-day admission for urinary tract infection; such stays were 100% of these admissions in 2026-07 vs 21% for all hospitals,P125,M007899,F125,MG021A,1800.0,1800.0,2026-07-27 09:04:00
C061422,opd_to_ipd,1-day admission for acute febrile illness; such stays were 98% of these admissions in 2026-07 vs 21% for all hospitals,P024,M008473,F024,MG001A,1800.0,1800.0,2026-07-27 11:40:00
C061443,opd_to_ipd,1-day admission for acute gastroenteritis; such stays were 98% of these admissions in 2026-07 vs 21% for all hospitals,P024,M007648,F024,MG009A,1800.0,1800.0,2026-07-27 13:17:00
C061504,opd_to_ipd,1-day admission for urinary tract infection; such stays were 98% of these admissions in 2026-07 vs 21% for all hospitals,P156,M020764,F156,MG021A,1800.0,1800.0,2026-07-27 17:57:00
C061561,opd_to_ipd,1-day admission for acute febrile illness; such stays were 100% of these admissions in 2026-07 vs 21% for all hospitals,P125,M024345,F125,MG001A,1800.0,1800.0,2026-07-28 03:29:00
C061677,opd_to_ipd,1-day admission for urinary tract infection; such stays were 100% of these admissions in 2026-07 vs 21% for all hospitals,P125,M013520,F125,MG021A,1800.0,1800.0,2026-07-28 14:57:00
C061760,opd_to_ipd,1-day admission for acute febrile illness; such stays were 100% of these admissions in 2026-07 vs 21% for all hospitals,P125,M003556,F125,MG001A,1800.0,1800.0,2026-07-28 23:37:00
C061766,opd_to_ipd,1-day admission for acute gastroenteritis; such stays were 100% of these admissions in 2026-07 vs 21% for all hospitals,P125,M025199,F125,MG009A,1800.0,1800.0,2026-07-29 01:44:00
C061823,opd_to_ipd,1-day admission for urinary tract infection; such stays were 100% of these admissions in 2026-07 vs 21% for all hospitals,P125,M003558,F125,MG021A,1800.0,1800.0,2026-07-29 11:33:00
C061827,opd_to_ipd,1-day admission for acute febrile illness; such stays were 98% of these admissions in 2026-07 vs 21% for all hospitals,P156,M015610,F156,MG001A,1800.0,1800.0,2026-07-29 11:47:00
C061848,opd_to_ipd,1-day admission for urinary tract infection; such stays were 98% of these admissions in 2026-07 vs 21% for all hospitals,P024,M005365,F024,MG021A,1800.0,1800.0,2026-07-29 13:05:00
C061862,opd_to_ipd,1-day admission for acute gastroenteritis; such stays were 98% of these admissions in 2026-07 vs 21% for all hospitals,P156,M004164,F156,MG009A,1386.0,1800.0,2026-07-29 14:14:00
C061882,opd_to_ipd,1-day admission for acute gastroenteritis; such stays were 98% of these admissions in 2026-07 vs 21% for all hospitals,P024,M004195,F024,MG009A,1800.0,1800.0,2026-07-29 15:24:00
C061916,opd_to_ipd,1-day admission for acute febrile illness; such stays were 100% of these admissions in 2026-07 vs 21% for all hospitals,P125,M022542,F125,MG001A,1800.0,1800.0,2026-07-29 18:10:00
C061992,opd_to_ipd,1-day admission for acute febrile illness; such stays were 98% of these admissions in 2026-07 vs 21% for all hospitals,P156,M017015,F156,MG001A,1800.0,1800.0,2026-07-30 09:45:00
C062084,opd_to_ipd,1-day admission for acute febrile illness; such stays were 98% of these admissions in 2026-07 vs 21% for all hospitals,P156,M009804,F156,MG001A,1800.0,1800.0,2026-07-30 16:15:00
C062088,opd_to_ipd,1-day admission for acute febrile illness; such stays were 100% of these admissions in 2026-07 vs 21% for all hospitals,P125,M006170,F125,MG001A,1800.0,1800.0,2026-07-30 16:21:00
C062124,opd_to_ipd,1-day admission for acute febrile illness; such stays were 98% of these admissions in 2026-07 vs 21% for all hospitals,P024,M004197,F024,MG001A,1800.0,1800.0,2026-07-30 20:46:00
C062340,opd_to_ipd,1-day admission for urinary tract infection; such stays were 98% of these admissions in 2026-08 vs 21% for all hospitals,P125,M024829,F125,MG021A,1800.0,1800.0,2026-08-01 00:35:00
C062378,opd_to_ipd,1-day admission for acute febrile illness; such stays were 98% of these admissions in 2026-08 vs 21% for all hospitals,P156,M006729,F156,MG001A,1800.0,1800.0,2026-08-01 08:57:00
C062388,opd_to_ipd,1-day admission for acute gastroenteritis; such stays were 98% of these admissions in 2026-08 vs 21% for all hospitals,P125,M017855,F125,MG009A,1667.0,1800.0,2026-08-01 09:29:00
C062402,opd_to_ipd,1-day admission for acute gastroenteritis; such stays were 98% of these admissions in 2026-08 vs 21% for all hospitals,P125,M001699,F125,MG009A,1800.0,1800.0,2026-08-01 10:18:00
C062415,opd_to_ipd,1-day admission for acute febrile illness; such stays were 98% of these admissions in 2026-08 vs 21% for all hospitals,P156,M020788,F156,MG001A,1800.0,1800.0,2026-08-01 11:01:00
C062457,opd_to_ipd,1-day admission for acute gastroenteritis; such stays were 98% of these admissions in 2026-08 vs 21% for all hospitals,P125,M018766,F125,MG009A,1800.0,1800.0,2026-08-01 13:44:00
C062490,opd_to_ipd,1-day admission for acute gastroenteritis; such stays were 100% of these admissions in 2026-08 vs 21% for all hospitals,P024,M021683,F024,MG009A,1800.0,1800.0,2026-08-01 15:42:00
C062554,opd_to_ipd,1-day admission for acute febrile illness; such stays were 98% of these admissions in 2026-08 vs 21% for all hospitals,P125,M011217,F125,MG001A,1800.0,1800.0,2026-08-01 23:20:00
C062561,opd_to_ipd,1-day admission for urinary tract infection; such stays were 98% of these admissions in 2026-08 vs 21% for all hospitals,P156,M003738,F156,MG021A,1800.0,1800.0,2026-08-02 01:02:00
C062567,opd_to_ipd,1-day admission for acute febrile illness; such stays were 98% of these admissions in 2026-08 vs 21% for all hospitals,P125,M022540,F125,MG001A,1800.0,1800.0,2026-08-02 02:48:00
C062606,opd_to_ipd,1-day admission for acute febrile illness; such stays were 100% of these admissions in 2026-08 vs 21% for all hospitals,P024,M011621,F024,MG001A,1800.0,1800.0,2026-08-02 09:15:00
C062702,opd_to_ipd,1-day admission for urinary tract infection; such stays were 98% of these admissions in 2026-08 vs 21% for all hospitals,P125,M018766,F125,MG021A,1800.0,1800.0,2026-08-02 14:55:00
C062753,opd_to_ipd,1-day admission for acute febrile illness; such stays were 98% of these admissions in 2026-08 vs 21% for all hospitals,P125,M008395,F125,MG001A,1800.0,1800.0,2026-08-02 18:21:00
C062775,opd_to_ipd,1-day admission for acute febrile illness; such stays were 98% of these admissions in 2026-08 vs 21% for all hospitals,P125,M022461,F125,MG001A,1800.0,1800.0,2026-08-02 22:04:00
C062841,opd_to_ipd,1-day admission for acute febrile illness; such stays were 98% of these admissions in 2026-08 vs 21% for all hospitals,P125,M013834,F125,MG001A,1800.0,1800.0,2026-08-03 10:27:00
C062923,opd_to_ipd,1-day admission for acute gastroenteritis; such stays were 98% of these admissions in 2026-08 vs 21% for all hospitals,P156,M011973,F156,MG009A,1800.0,1800.0,2026-08-03 15:47:00
C062924,opd_to_ipd,1-day admission for acute gastroenteritis; such stays were 98% of these admissions in 2026-08 vs 21% for all hospitals,P156,M005305,F156,MG009A,1800.0,1800.0,2026-08-03 16:00:00
C062943,opd_to_ipd,1-day admission for acute gastroenteritis; such stays were 98% of these admissions in 2026-08 vs 21% for all hospitals,P125,M001698,F125,MG009A,1580.0,1800.0,2026-08-03 17:13:00
C063047,opd_to_ipd,1-day admission for acute febrile illness; such stays were 98% of these admissions in 2026-08 vs 21% for all hospitals,P125,M024828,F125,MG001A,1800.0,1800.0,2026-08-04 09:45:00
C063051,opd_to_ipd,1-day admission for acute febrile illness; such stays were 98% of these admissions in 2026-08 vs 21% for all hospitals,P156,M000294,F156,MG001A,1800.0,1800.0,2026-08-04 10:07:00
C063104,opd_to_ipd,1-day admission for acute gastroenteritis; such stays were 98% of these admissions in 2026-08 vs 21% for all hospitals,P125,M006211,F125,MG009A,1800.0,1800.0,2026-08-04 13:05:00
C063184,opd_to_ipd,1-day admission for acute gastroenteritis; such stays were 98% of these admissions in 2026-08 vs 21% for all hospitals,P125,M022462,F125,MG009A,1492.0,1800.0,2026-08-04 17:49:00
C063355,opd_to_ipd,1-day admission for acute febrile illness; such stays were 98% of these admissions in 2026-08 vs 21% for all hospitals,P156,M018228,F156,MG001A,1800.0,1800.0,2026-08-05 14:36:00
C063416,opd_to_ipd,1-day admission for acute febrile illness; such stays were 98% of these admissions in 2026-08 vs 21% for all hospitals,P125,M008397,F125,MG001A,1800.0,1800.0,2026-08-05 20:26:00
C063461,opd_to_ipd,1-day admission for acute febrile illness; such stays were 98% of these admissions in 2026-08 vs 21% for all hospitals,P125,M022539,F125,MG001A,1800.0,1800.0,2026-08-06 02:32:00
C063472,opd_to_ipd,1-day admission for acute febrile illness; such stays were 100% of these admissions in 2026-08 vs 21% for all hospitals,P024,M017644,F024,MG001A,1684.0,1800.0,2026-08-06 04:38:00
C063489,opd_to_ipd,1-day admission for urinary tract infection; such stays were 98% of these admissions in 2026-08 vs 21% for all hospitals,P156,M005307,F156,MG021A,1800.0,1800.0,2026-08-06 08:18:00
C063506,opd_to_ipd,1-day admission for acute febrile illness; such stays were 100% of these admissions in 2026-08 vs 21% for all hospitals,P024,M020385,F024,MG001A,1800.0,1800.0,2026-08-06 09:15:00
C063518,opd_to_ipd,1-day admission for acute febrile illness; such stays were 98% of these admissions in 2026-08 vs 21% for all hospitals,P125,M013833,F125,MG001A,1800.0,1800.0,2026-08-06 09:57:00
C063548,opd_to_ipd,1-day admission for acute febrile illness; such stays were 100% of these admissions in 2026-08 vs 21% for all hospitals,P024,M008165,F024,MG001A,1800.0,1800.0,2026-08-06 12:06:00
C063563,opd_to_ipd,1-day admission for acute febrile illness; such stays were 100% of these admissions in 2026-08 vs 21% for all hospitals,P024,M011622,F024,MG001A,1800.0,1800.0,2026-08-06 12:57:00
C063577,opd_to_ipd,1-day admission for acute febrile illness; such stays were 100% of these admissions in 2026-08 vs 21% for all hospitals,P024,M008168,F024,MG001A,1800.0,1800.0,2026-08-06 13:54:00
C063627,opd_to_ipd,1-day admission for urinary tract infection; such stays were 98% of these admissions in 2026-08 vs 21% for all hospitals,P156,M000293,F156,MG021A,1800.0,1800.0,2026-08-06 16:40:00
C063639,opd_to_ipd,1-day admission for acute gastroenteritis; such stays were 100% of these admissions in 2026-08 vs 21% for all hospitals,P024,M020384,F024,MG009A,1800.0,1800.0,2026-08-06 17:38:00
C063702,opd_to_ipd,1-day admission for acute febrile illness; such stays were 98% of these admissions in 2026-08 vs 21% for all hospitals,P125,M011213,F125,MG001A,1800.0,1800.0,2026-08-07 01:40:00
C063861,opd_to_ipd,1-day admission for acute gastroenteritis; such stays were 100% of these admissions in 2026-08 vs 21% for all hospitals,P024,M023766,F024,MG009A,1395.0,1800.0,2026-08-07 17:49:00
C063874,opd_to_ipd,1-day admission for acute febrile illness; such stays were 98% of these admissions in 2026-08 vs 21% for all hospitals,P125,M015654,F125,MG001A,1800.0,1800.0,2026-08-07 19:41:00
C063900,opd_to_ipd,1-day admission for acute gastroenteritis; such stays were 100% of these admissions in 2026-08 vs 21% for all hospitals,P024,M010111,F024,MG009A,1800.0,1800.0,2026-08-07 23:05:00
C063929,opd_to_ipd,1-day admission for acute gastroenteritis; such stays were 98% of these admissions in 2026-08 vs 21% for all hospitals,P125,M019352,F125,MG009A,1800.0,1800.0,2026-08-08 05:47:00
C064008,opd_to_ipd,1-day admission for urinary tract infection; such stays were 100% of these admissions in 2026-08 vs 21% for all hospitals,P024,M008289,F024,MG021A,1800.0,1800.0,2026-08-08 11:17:00
C064016,opd_to_ipd,1-day admission for acute febrile illness; such stays were 98% of these admissions in 2026-08 vs 21% for all hospitals,P156,M017092,F156,MG001A,1800.0,1800.0,2026-08-08 11:42:00
C064035,opd_to_ipd,1-day admission for acute gastroenteritis; such stays were 98% of these admissions in 2026-08 vs 21% for all hospitals,P156,M018225,F156,MG009A,1800.0,1800.0,2026-08-08 13:15:00
C064067,opd_to_ipd,1-day admission for acute febrile illness; such stays were 100% of these admissions in 2026-08 vs 21% for all hospitals,P024,M009154,F024,MG001A,1800.0,1800.0,2026-08-08 15:23:00
C064193,opd_to_ipd,1-day admission for acute febrile illness; such stays were 98% of these admissions in 2026-08 vs 21% for all hospitals,P125,M015193,F125,MG001A,1800.0,1800.0,2026-08-09 09:34:00
C064219,opd_to_ipd,1-day admission for acute febrile illness; such stays were 98% of these admissions in 2026-08 vs 21% for all hospitals,P156,M005301,F156,MG001A,1800.0,1800.0,2026-08-09 11:33:00
C064291,opd_to_ipd,1-day admission for acute febrile illness; such stays were 100% of these admissions in 2026-08 vs 21% for all hospitals,P024,M006305,F024,MG001A,1800.0,1800.0,2026-08-09 17:05:00
C064294,opd_to_ipd,1-day admission for acute febrile illness; such stays were 100% of these admissions in 2026-08 vs 21% for all hospitals,P024,M008290,F024,MG001A,1800.0,1800.0,2026-08-09 17:17:00
C064335,opd_to_ipd,1-day admission for acute gastroenteritis; such stays were 100% of these admissions in 2026-08 vs 21% for all hospitals,P024,M009154,F024,MG009A,1428.0,1800.0,2026-08-09 22:30:00
C064399,opd_to_ipd,1-day admission for acute febrile illness; such stays were 100% of these admissions in 2026-08 vs 21% for all hospitals,P024,M022254,F024,MG001A,1800.0,1800.0,2026-08-10 09:21:00
C064496,opd_to_ipd,1-day admission for acute febrile illness; such stays were 98% of these admissions in 2026-08 vs 21% for all hospitals,P156,M018225,F156,MG001A,1800.0,1800.0,2026-08-10 14:48:00
C064516,opd_to_ipd,1-day admission for acute gastroenteritis; such stays were 98% of these admissions in 2026-08 vs 21% for all hospitals,P156,M020791,F156,MG009A,1632.0,1800.0,2026-08-10 16:11:00
C064741,opd_to_ipd,1-day admission for acute febrile illness; such stays were 98% of these admissions in 2026-08 vs 21% for all hospitals,P125,M007791,F125,MG001A,1800.0,1800.0,2026-08-11 16:34:00
C064820,opd_to_ipd,1-day admission for urinary tract infection; such stays were 100% of these admissions in 2026-08 vs 21% for all hospitals,P024,M008290,F024,MG021A,1321.0,1800.0,2026-08-12 08:31:00
C064904,opd_to_ipd,1-day admission for urinary tract infection; such stays were 98% of these admissions in 2026-08 vs 21% for all hospitals,P125,M022539,F125,MG021A,1800.0,1800.0,2026-08-12 14:52:00
C064912,opd_to_ipd,1-day admission for acute febrile illness; such stays were 98% of these admissions in 2026-08 vs 21% for all hospitals,P156,M000292,F156,MG001A,1800.0,1800.0,2026-08-12 15:35:00
C064919,opd_to_ipd,1-day admission for acute gastroenteritis; such stays were 98% of these admissions in 2026-08 vs 21% for all hospitals,P156,M005306,F156,MG009A,1800.0,1800.0,2026-08-12 15:52:00
C064922,opd_to_ipd,1-day admission for urinary tract infection; such stays were 100% of these admissions in 2026-08 vs 21% for all hospitals,P024,M022253,F024,MG021A,1800.0,1800.0,2026-08-12 16:05:00
C064976,opd_to_ipd,1-day admission for acute febrile illness; such stays were 100% of these admissions in 2026-08 vs 21% for all hospitals,P024,M008289,F024,MG001A,1800.0,1800.0,2026-08-12 20:29:00
C065047,opd_to_ipd,1-day admission for acute febrile illness; such stays were 100% of these admissions in 2026-08 vs 21% for all hospitals,P024,M017643,F024,MG001A,1800.0,1800.0,2026-08-13 08:21:00
C065108,opd_to_ipd,1-day admission for acute gastroenteritis; such stays were 100% of these admissions in 2026-08 vs 21% for all hospitals,P024,M010114,F024,MG009A,1800.0,1800.0,2026-08-13 10:26:00
C065179,opd_to_ipd,1-day admission for acute febrile illness; such stays were 98% of these admissions in 2026-08 vs 21% for all hospitals,P125,M022543,F125,MG001A,1800.0,1800.0,2026-08-13 13:15:00
C065342,opd_to_ipd,1-day admission for acute gastroenteritis; such stays were 98% of these admissions in 2026-08 vs 21% for all hospitals,P156,M017096,F156,MG009A,1800.0,1800.0,2026-08-13 19:56:00
C065403,opd_to_ipd,1-day admission for acute febrile illness; such stays were 100% of these admissions in 2026-08 vs 21% for all hospitals,P024,M008290,F024,MG001A,1800.0,1800.0,2026-08-14 08:20:00
C065481,opd_to_ipd,1-day admission for acute febrile illness; such stays were 98% of these admissions in 2026-08 vs 21% for all hospitals,P125,M017858,F125,MG001A,1800.0,1800.0,2026-08-14 12:57:00
C065496,opd_to_ipd,1-day admission for acute febrile illness; such stays were 98% of these admissions in 2026-08 vs 21% for all hospitals,P125,M019182,F125,MG001A,1800.0,1800.0,2026-08-14 13:40:00
C065530,opd_to_ipd,1-day admission for acute gastroenteritis; such stays were 98% of these admissions in 2026-08 vs 21% for all hospitals,P156,M015561,F156,MG009A,1800.0,1800.0,2026-08-14 16:28:00
C065629,opd_to_ipd,1-day admission for acute gastroenteritis; such stays were 98% of these admissions in 2026-08 vs 21% for all hospitals,P156,M000652,F156,MG009A,1800.0,1800.0,2026-08-15 09:26:00
C065668,opd_to_ipd,1-day admission for acute gastroenteritis; such stays were 98% of these admissions in 2026-08 vs 21% for all hospitals,P125,M013834,F125,MG009A,1800.0,1800.0,2026-08-15 11:46:00
C065679,opd_to_ipd,1-day admission for urinary tract infection; such stays were 98% of these admissions in 2026-08 vs 21% for all hospitals,P156,M017092,F156,MG021A,1800.0,1800.0,2026-08-15 13:01:00
C065696,opd_to_ipd,1-day admission for acute gastroenteritis; such stays were 100% of these admissions in 2026-08 vs 21% for all hospitals,P024,M011619,F024,MG009A,1800.0,1800.0,2026-08-15 14:07:00
C065731,opd_to_ipd,1-day admission for acute gastroenteritis; such stays were 98% of these admissions in 2026-08 vs 21% for all hospitals,P156,M015560,F156,MG009A,1800.0,1800.0,2026-08-15 16:00:00
C065744,opd_to_ipd,1-day admission for acute gastroenteritis; such stays were 100% of these admissions in 2026-08 vs 21% for all hospitals,P024,M020386,F024,MG009A,1800.0,1800.0,2026-08-15 16:42:00
C065763,opd_to_ipd,1-day admission for acute febrile illness; such stays were 100% of these admissions in 2026-08 vs 21% for all hospitals,P024,M021681,F024,MG001A,1800.0,1800.0,2026-08-15 18:07:00
C065849,opd_to_ipd,1-day admission for acute gastroenteritis; such stays were 98% of these admissions in 2026-08 vs 21% for all hospitals,P156,M005369,F156,MG009A,1800.0,1800.0,2026-08-16 09:00:00
C065862,opd_to_ipd,1-day admission for urinary tract infection; such stays were 98% of these admissions in 2026-08 vs 21% for all hospitals,P125,M011214,F125,MG021A,1503.0,1800.0,2026-08-16 10:19:00
C065928,opd_to_ipd,1-day admission for acute febrile illness; such stays were 100% of these admissions in 2026-08 vs 21% for all hospitals,P024,M010115,F024,MG001A,1800.0,1800.0,2026-08-16 14:24:00
C065972,opd_to_ipd,1-day admission for acute febrile illness; such stays were 98% of these admissions in 2026-08 vs 21% for all hospitals,P156,M005620,F156,MG001A,1800.0,1800.0,2026-08-16 18:38:00
C065981,opd_to_ipd,1-day admission for acute febrile illness; such stays were 98% of these admissions in 2026-08 vs 21% for all hospitals,P156,M018295,F156,MG001A,1800.0,1800.0,2026-08-16 20:28:00
C065987,opd_to_ipd,1-day admission for acute gastroenteritis; such stays were 98% of these admissions in 2026-08 vs 21% for all hospitals,P156,M015559,F156,MG009A,1800.0,1800.0,2026-08-16 21:05:00
C065999,opd_to_ipd,1-day admission for acute gastroenteritis; such stays were 100% of these admissions in 2026-08 vs 21% for all hospitals,P024,M019157,F024,MG009A,1800.0,1800.0,2026-08-16 23:28:00
C066109,opd_to_ipd,1-day admission for acute gastroenteritis; such stays were 100% of these admissions in 2026-08 vs 21% for all hospitals,P024,M010115,F024,MG009A,1800.0,1800.0,2026-08-17 11:59:00
C066130,opd_to_ipd,1-day admission for acute gastroenteritis; such stays were 98% of these admissions in 2026-08 vs 21% for all hospitals,P156,M000653,F156,MG009A,1800.0,1800.0,2026-08-17 13:01:00
C066166,opd_to_ipd,1-day admission for acute gastroenteritis; such stays were 100% of these admissions in 2026-08 vs 21% for all hospitals,P024,M022254,F024,MG009A,1800.0,1800.0,2026-08-17 14:44:00
C066180,opd_to_ipd,1-day admission for acute gastroenteritis; such stays were 100% of these admissions in 2026-08 vs 21% for all hospitals,P024,M011624,F024,MG009A,1800.0,1800.0,2026-08-17 15:28:00
C066354,opd_to_ipd,1-day admission for acute febrile illness; such stays were 98% of these admissions in 2026-08 vs 21% for all hospitals,P125,M007791,F125,MG001A,1800.0,1800.0,2026-08-18 11:10:00
C066416,opd_to_ipd,1-day admission for acute febrile illness; such stays were 100% of these admissions in 2026-08 vs 21% for all hospitals,P024,M020384,F024,MG001A,1800.0,1800.0,2026-08-18 16:05:00
C066430,opd_to_ipd,1-day admission for acute febrile illness; such stays were 98% of these admissions in 2026-08 vs 21% for all hospitals,P125,M019185,F125,MG001A,1800.0,1800.0,2026-08-18 16:44:00
C066523,opd_to_ipd,1-day admission for acute gastroenteritis; such stays were 98% of these admissions in 2026-08 vs 21% for all hospitals,P125,M011213,F125,MG009A,1449.0,1800.0,2026-08-19 04:38:00
C066614,opd_to_ipd,1-day admission for acute febrile illness; such stays were 98% of these admissions in 2026-08 vs 21% for all hospitals,P125,M017857,F125,MG001A,1800.0,1800.0,2026-08-19 13:30:00
C066618,opd_to_ipd,1-day admission for urinary tract infection; such stays were 98% of these admissions in 2026-08 vs 21% for all hospitals,P125,M012416,F125,MG021A,1800.0,1800.0,2026-08-19 13:44:00
C066697,opd_to_ipd,1-day admission for acute gastroenteritis; such stays were 100% of these admissions in 2026-08 vs 21% for all hospitals,P024,M010112,F024,MG009A,1800.0,1800.0,2026-08-19 21:54:00
C066700,opd_to_ipd,1-day admission for acute febrile illness; such stays were 100% of these admissions in 2026-08 vs 21% for all hospitals,P024,M011621,F024,MG001A,1800.0,1800.0,2026-08-19 22:22:00
C066789,opd_to_ipd,1-day admission for acute gastroenteritis; such stays were 98% of these admissions in 2026-08 vs 21% for all hospitals,P125,M019961,F125,MG009A,1800.0,1800.0,2026-08-20 11:13:00
C066830,opd_to_ipd,1-day admission for acute gastroenteritis; such stays were 98% of these admissions in 2026-08 vs 21% for all hospitals,P125,M004949,F125,MG009A,1800.0,1800.0,2026-08-20 13:39:00
C066837,opd_to_ipd,1-day admission for acute febrile illness; such stays were 98% of these admissions in 2026-08 vs 21% for all hospitals,P156,M015560,F156,MG001A,1800.0,1800.0,2026-08-20 14:27:00
C066847,opd_to_ipd,1-day admission for acute gastroenteritis; such stays were 98% of these admissions in 2026-08 vs 21% for all hospitals,P125,M001697,F125,MG009A,1800.0,1800.0,2026-08-20 15:16:00
C066883,opd_to_ipd,1-day admission for acute febrile illness; such stays were 100% of these admissions in 2026-08 vs 21% for all hospitals,P024,M021683,F024,MG001A,1800.0,1800.0,2026-08-20 18:26:00
C066976,opd_to_ipd,1-day admission for acute febrile illness; such stays were 100% of these admissions in 2026-08 vs 21% for all hospitals,P024,M008168,F024,MG001A,1279.0,1800.0,2026-08-21 09:36:00
C067025,opd_to_ipd,1-day admission for urinary tract infection; such stays were 98% of these admissions in 2026-08 vs 21% for all hospitals,P156,M012456,F156,MG021A,1800.0,1800.0,2026-08-21 13:41:00
C067084,opd_to_ipd,1-day admission for urinary tract infection; such stays were 100% of these admissions in 2026-08 vs 21% for all hospitals,P024,M008166,F024,MG021A,1800.0,1800.0,2026-08-21 16:54:00
C067166,opd_to_ipd,1-day admission for acute gastroenteritis; such stays were 98% of these admissions in 2026-08 vs 21% for all hospitals,P156,M000653,F156,MG009A,1800.0,1800.0,2026-08-22 05:06:00
C067172,opd_to_ipd,1-day admission for acute febrile illness; such stays were 98% of these admissions in 2026-08 vs 21% for all hospitals,P125,M015192,F125,MG001A,1800.0,1800.0,2026-08-22 07:45:00
C067279,opd_to_ipd,1-day admission for acute gastroenteritis; such stays were 98% of these admissions in 2026-08 vs 21% for all hospitals,P156,M017095,F156,MG009A,1800.0,1800.0,2026-08-22 13:51:00
C067301,opd_to_ipd,1-day admission for urinary tract infection; such stays were 98% of these admissions in 2026-08 vs 21% for all hospitals,P125,M024829,F125,MG021A,1800.0,1800.0,2026-08-22 15:13:00
C067330,opd_to_ipd,1-day admission for acute gastroenteritis; such stays were 98% of these admissions in 2026-08 vs 21% for all hospitals,P125,M017856,F125,MG009A,1800.0,1800.0,2026-08-22 17:03:00
C067341,opd_to_ipd,1-day admission for acute gastroenteritis; such stays were 100% of these admissions in 2026-08 vs 21% for all hospitals,P024,M008168,F024,MG009A,1800.0,1800.0,2026-08-22 17:53:00
C067358,opd_to_ipd,1-day admission for acute febrile illness; such stays were 98% of these admissions in 2026-08 vs 21% for all hospitals,P156,M005371,F156,MG001A,1800.0,1800.0,2026-08-22 19:35:00
C067379,opd_to_ipd,1-day admission for urinary tract infection; such stays were 98% of these admissions in 2026-08 vs 21% for all hospitals,P156,M012456,F156,MG021A,1800.0,1800.0,2026-08-22 22:34:00
C067384,opd_to_ipd,1-day admission for acute febrile illness; such stays were 100% of these admissions in 2026-08 vs 21% for all hospitals,P024,M011619,F024,MG001A,1800.0,1800.0,2026-08-22 23:23:00
C067395,opd_to_ipd,1-day admission for acute febrile illness; such stays were 100% of these admissions in 2026-08 vs 21% for all hospitals,P024,M021682,F024,MG001A,1800.0,1800.0,2026-08-23 04:49:00
C067438,opd_to_ipd,1-day admission for acute febrile illness; such stays were 98% of these admissions in 2026-08 vs 21% for all hospitals,P125,M022461,F125,MG001A,1800.0,1800.0,2026-08-23 10:04:00
C067451,opd_to_ipd,1-day admission for acute febrile illness; such stays were 98% of these admissions in 2026-08 vs 21% for all hospitals,P156,M005372,F156,MG001A,1800.0,1800.0,2026-08-23 11:47:00
C067460,opd_to_ipd,1-day admission for acute febrile illness; such stays were 98% of these admissions in 2026-08 vs 21% for all hospitals,P125,M011215,F125,MG001A,1800.0,1800.0,2026-08-23 12:36:00
C067472,opd_to_ipd,1-day admission for acute gastroenteritis; such stays were 100% of these admissions in 2026-08 vs 21% for all hospitals,P024,M010116,F024,MG009A,1800.0,1800.0,2026-08-23 13:18:00
C067509,opd_to_ipd,1-day admission for urinary tract infection; such stays were 98% of these admissions in 2026-08 vs 21% for all hospitals,P125,M023952,F125,MG021A,1800.0,1800.0,2026-08-23 15:36:00
C067512,opd_to_ipd,1-day admission for acute gastroenteritis; such stays were 98% of these admissions in 2026-08 vs 21% for all hospitals,P125,M019959,F125,MG009A,1800.0,1800.0,2026-08-23 15:48:00
C067517,opd_to_ipd,1-day admission for acute febrile illness; such stays were 98% of these admissions in 2026-08 vs 21% for all hospitals,P125,M017861,F125,MG001A,1800.0,1800.0,2026-08-23 16:18:00
C067531,opd_to_ipd,1-day admission for acute febrile illness; such stays were 98% of these admissions in 2026-08 vs 21% for all hospitals,P125,M004946,F125,MG001A,1800.0,1800.0,2026-08-23 17:04:00
C067533,opd_to_ipd,1-day admission for acute febrile illness; such stays were 98% of these admissions in 2026-08 vs 21% for all hospitals,P125,M004951,F125,MG001A,1800.0,1800.0,2026-08-23 17:11:00
C067559,opd_to_ipd,1-day admission for acute gastroenteritis; such stays were 98% of these admissions in 2026-08 vs 21% for all hospitals,P156,M005307,F156,MG009A,1381.0,1800.0,2026-08-23 21:16:00
C067635,opd_to_ipd,1-day admission for acute febrile illness; such stays were 98% of these admissions in 2026-08 vs 21% for all hospitals,P156,M005370,F156,MG001A,1800.0,1800.0,2026-08-24 09:24:00
C067672,opd_to_ipd,1-day admission for acute gastroenteritis; such stays were 100% of these admissions in 2026-08 vs 21% for all hospitals,P024,M011623,F024,MG009A,1800.0,1800.0,2026-08-24 11:33:00
C067698,opd_to_ipd,1-day admission for acute gastroenteritis; such stays were 98% of these admissions in 2026-08 vs 21% for all hospitals,P125,M012414,F125,MG009A,1800.0,1800.0,2026-08-24 12:51:00
C067762,opd_to_ipd,1-day admission for acute febrile illness; such stays were 98% of these admissions in 2026-08 vs 21% for all hospitals,P125,M015195,F125,MG001A,1800.0,1800.0,2026-08-24 16:29:00
C067801,opd_to_ipd,1-day admission for acute febrile illness; such stays were 98% of these admissions in 2026-08 vs 21% for all hospitals,P125,M013832,F125,MG001A,1800.0,1800.0,2026-08-24 18:45:00
C067814,opd_to_ipd,1-day admission for acute febrile illness; such stays were 98% of these admissions in 2026-08 vs 21% for all hospitals,P125,M013831,F125,MG001A,1800.0,1800.0,2026-08-24 21:59:00
C067915,opd_to_ipd,1-day admission for acute gastroenteritis; such stays were 98% of these admissions in 2026-08 vs 21% for all hospitals,P156,M005301,F156,MG009A,1456.0,1800.0,2026-08-25 13:34:00
C067937,opd_to_ipd,1-day admission for acute febrile illness; such stays were 98% of these admissions in 2026-08 vs 21% for all hospitals,P156,M018225,F156,MG001A,1276.0,1800.0,2026-08-25 14:50:00
C067963,opd_to_ipd,1-day admission for acute gastroenteritis; such stays were 98% of these admissions in 2026-08 vs 21% for all hospitals,P156,M005367,F156,MG009A,1800.0,1800.0,2026-08-25 16:48:00
C067979,opd_to_ipd,1-day admission for acute febrile illness; such stays were 98% of these admissions in 2026-08 vs 21% for all hospitals,P156,M002205,F156,MG001A,1800.0,1800.0,2026-08-25 17:39:00
C067986,opd_to_ipd,1-day admission for acute gastroenteritis; such stays were 100% of these admissions in 2026-08 vs 21% for all hospitals,P024,M012716,F024,MG009A,1800.0,1800.0,2026-08-25 18:02:00
C067996,opd_to_ipd,1-day admission for acute febrile illness; such stays were 98% of these admissions in 2026-08 vs 21% for all hospitals,P125,M006215,F125,MG001A,1800.0,1800.0,2026-08-25 19:55:00
C068009,opd_to_ipd,1-day admission for acute gastroenteritis; such stays were 100% of these admissions in 2026-08 vs 21% for all hospitals,P024,M008167,F024,MG009A,1800.0,1800.0,2026-08-25 21:38:00
C068041,opd_to_ipd,1-day admission for acute gastroenteritis; such stays were 98% of these admissions in 2026-08 vs 21% for all hospitals,P156,M018230,F156,MG009A,1800.0,1800.0,2026-08-26 03:20:00
C068103,opd_to_ipd,1-day admission for acute gastroenteritis; such stays were 100% of these admissions in 2026-08 vs 21% for all hospitals,P024,M008288,F024,MG009A,1800.0,1800.0,2026-08-26 10:25:00
C068128,opd_to_ipd,1-day admission for acute febrile illness; such stays were 98% of these admissions in 2026-08 vs 21% for all hospitals,P156,M018297,F156,MG001A,1800.0,1800.0,2026-08-26 11:50:00
C068135,opd_to_ipd,1-day admission for acute febrile illness; such stays were 98% of these admissions in 2026-08 vs 21% for all hospitals,P156,M017095,F156,MG001A,1800.0,1800.0,2026-08-26 12:29:00
C068179,opd_to_ipd,1-day admission for acute gastroenteritis; such stays were 98% of these admissions in 2026-08 vs 21% for all hospitals,P125,M019961,F125,MG009A,1800.0,1800.0,2026-08-26 14:56:00
C068196,opd_to_ipd,1-day admission for acute gastroenteritis; such stays were 100% of these admissions in 2026-08 vs 21% for all hospitals,P024,M011624,F024,MG009A,1800.0,1800.0,2026-08-26 15:44:00
C068203,opd_to_ipd,1-day admission for acute febrile illness; such stays were 100% of these admissions in 2026-08 vs 21% for all hospitals,P024,M001304,F024,MG001A,1800.0,1800.0,2026-08-26 16:15:00
C068260,opd_to_ipd,1-day admission for acute gastroenteritis; such stays were 98% of these admissions in 2026-08 vs 21% for all hospitals,P125,M019352,F125,MG009A,1800.0,1800.0,2026-08-26 23:42:00
C068328,opd_to_ipd,1-day admission for acute gastroenteritis; such stays were 98% of these admissions in 2026-08 vs 21% for all hospitals,P156,M018296,F156,MG009A,1800.0,1800.0,2026-08-27 10:27:00
C068440,opd_to_ipd,1-day admission for acute febrile illness; such stays were 98% of these admissions in 2026-08 vs 21% for all hospitals,P156,M005622,F156,MG001A,1800.0,1800.0,2026-08-27 19:02:00
C068454,opd_to_ipd,1-day admission for acute febrile illness; such stays were 98% of these admissions in 2026-08 vs 21% for all hospitals,P125,M013831,F125,MG001A,1685.0,1800.0,2026-08-27 20:23:00
C068515,opd_to_ipd,1-day admission for acute gastroenteritis; such stays were 98% of these admissions in 2026-08 vs 21% for all hospitals,P156,M003738,F156,MG009A,1800.0,1800.0,2026-08-28 09:18:00
C068634,opd_to_ipd,1-day admission for acute gastroenteritis; such stays were 100% of these admissions in 2026-08 vs 21% for all hospitals,P024,M022251,F024,MG009A,1464.0,1800.0,2026-08-28 16:47:00
C068660,opd_to_ipd,1-day admission for acute gastroenteritis; such stays were 98% of these admissions in 2026-08 vs 21% for all hospitals,P125,M024829,F125,MG009A,1343.0,1800.0,2026-08-28 19:21:00
C068742,opd_to_ipd,1-day admission for acute febrile illness; such stays were 98% of these admissions in 2026-08 vs 21% for all hospitals,P125,M019185,F125,MG001A,1363.0,1800.0,2026-08-29 09:14:00
C068743,opd_to_ipd,1-day admission for acute febrile illness; such stays were 98% of these admissions in 2026-08 vs 21% for all hospitals,P156,M020790,F156,MG001A,1800.0,1800.0,2026-08-29 09:17:00
C068798,opd_to_ipd,1-day admission for urinary tract infection; such stays were 98% of these admissions in 2026-08 vs 21% for all hospitals,P125,M012415,F125,MG021A,1800.0,1800.0,2026-08-29 13:19:00
C068808,opd_to_ipd,1-day admission for acute gastroenteritis; such stays were 98% of these admissions in 2026-08 vs 21% for all hospitals,P125,M017855,F125,MG009A,1800.0,1800.0,2026-08-29 14:01:00
C068859,opd_to_ipd,1-day admission for acute febrile illness; such stays were 98% of these admissions in 2026-08 vs 21% for all hospitals,P156,M005307,F156,MG001A,1800.0,1800.0,2026-08-29 17:17:00
C068866,opd_to_ipd,1-day admission for urinary tract infection; such stays were 100% of these admissions in 2026-08 vs 21% for all hospitals,P024,M006306,F024,MG021A,1800.0,1800.0,2026-08-29 17:34:00
C068980,opd_to_ipd,1-day admission for urinary tract infection; such stays were 98% of these admissions in 2026-08 vs 21% for all hospitals,P156,M018229,F156,MG021A,1800.0,1800.0,2026-08-30 10:23:00
C069104,opd_to_ipd,1-day admission for urinary tract infection; such stays were 98% of these admissions in 2026-08 vs 21% for all hospitals,P125,M015652,F125,MG021A,1800.0,1800.0,2026-08-30 19:48:00
C069119,opd_to_ipd,1-day admission for acute febrile illness; such stays were 98% of these admissions in 2026-08 vs 21% for all hospitals,P125,M017861,F125,MG001A,1800.0,1800.0,2026-08-30 22:07:00
C069375,opd_to_ipd,1-day admission for acute febrile illness; such stays were 100% of these admissions in 2026-09 vs 21% for all hospitals,P125,M019184,F125,MG001A,1800.0,1800.0,2026-09-01 09:55:00
C069500,opd_to_ipd,1-day admission for acute gastroenteritis; such stays were 98% of these admissions in 2026-09 vs 21% for all hospitals,P024,M014405,F024,MG009A,1800.0,1800.0,2026-09-01 17:56:00
C069525,opd_to_ipd,1-day admission for acute gastroenteritis; such stays were 100% of these admissions in 2026-09 vs 21% for all hospitals,P125,M023364,F125,MG009A,1800.0,1800.0,2026-09-01 20:02:00
C069563,opd_to_ipd,1-day admission for urinary tract infection; such stays were 100% of these admissions in 2026-09 vs 21% for all hospitals,P156,M004504,F156,MG021A,1655.0,1800.0,2026-09-02 02:52:00
C069592,opd_to_ipd,1-day admission for acute gastroenteritis; such stays were 98% of these admissions in 2026-09 vs 21% for all hospitals,P024,M000793,F024,MG009A,1800.0,1800.0,2026-09-02 08:44:00
C069613,opd_to_ipd,1-day admission for acute febrile illness; such stays were 100% of these admissions in 2026-09 vs 21% for all hospitals,P156,M008500,F156,MG001A,1800.0,1800.0,2026-09-02 10:00:00
C069662,opd_to_ipd,1-day admission for acute febrile illness; such stays were 98% of these admissions in 2026-09 vs 21% for all hospitals,P024,M021713,F024,MG001A,1800.0,1800.0,2026-09-02 13:25:00
C069695,opd_to_ipd,1-day admission for acute febrile illness; such stays were 98% of these admissions in 2026-09 vs 21% for all hospitals,P024,M024543,F024,MG001A,1800.0,1800.0,2026-09-02 15:34:00
C069704,opd_to_ipd,1-day admission for acute febrile illness; such stays were 98% of these admissions in 2026-09 vs 21% for all hospitals,P024,M021714,F024,MG001A,1800.0,1800.0,2026-09-02 15:59:00
C069705,opd_to_ipd,1-day admission for acute febrile illness; such stays were 98% of these admissions in 2026-09 vs 21% for all hospitals,P024,M005141,F024,MG001A,1800.0,1800.0,2026-09-02 16:00:00
C069727,opd_to_ipd,1-day admission for acute febrile illness; such stays were 100% of these admissions in 2026-09 vs 21% for all hospitals,P125,M020917,F125,MG001A,1800.0,1800.0,2026-09-02 16:50:00
C069743,opd_to_ipd,1-day admission for acute febrile illness; such stays were 100% of these admissions in 2026-09 vs 21% for all hospitals,P125,M011218,F125,MG001A,1800.0,1800.0,2026-09-02 17:33:00
C069772,opd_to_ipd,1-day admission for acute gastroenteritis; such stays were 98% of these admissions in 2026-09 vs 21% for all hospitals,P024,M006975,F024,MG009A,1800.0,1800.0,2026-09-02 21:04:00
C069809,opd_to_ipd,1-day admission for acute febrile illness; such stays were 100% of these admissions in 2026-09 vs 21% for all hospitals,P156,M015344,F156,MG001A,1800.0,1800.0,2026-09-03 02:55:00
C069810,opd_to_ipd,1-day admission for acute febrile illness; such stays were 98% of these admissions in 2026-09 vs 21% for all hospitals,P024,M005271,F024,MG001A,1353.0,1800.0,2026-09-03 02:59:00
C069850,opd_to_ipd,1-day admission for acute gastroenteritis; such stays were 98% of these admissions in 2026-09 vs 21% for all hospitals,P024,M007802,F024,MG009A,1800.0,1800.0,2026-09-03 09:34:00
C069877,opd_to_ipd,1-day admission for acute febrile illness; such stays were 100% of these admissions in 2026-09 vs 21% for all hospitals,P156,M008498,F156,MG001A,1800.0,1800.0,2026-09-03 10:41:00
C069908,opd_to_ipd,1-day admission for acute febrile illness; such stays were 98% of these admissions in 2026-09 vs 21% for all hospitals,P024,M002396,F024,MG001A,1800.0,1800.0,2026-09-03 12:48:00
C069942,opd_to_ipd,1-day admission for acute febrile illness; such stays were 100% of these admissions in 2026-09 vs 21% for all hospitals,P156,M018054,F156,MG001A,1800.0,1800.0,2026-09-03 14:22:00
C070041,opd_to_ipd,1-day admission for acute febrile illness; such stays were 100% of these admissions in 2026-09 vs 21% for all hospitals,P156,M001476,F156,MG001A,1800.0,1800.0,2026-09-04 00:16:00
C070062,opd_to_ipd,1-day admission for acute gastroenteritis; such stays were 100% of these admissions in 2026-09 vs 21% for all hospitals,P156,M006856,F156,MG009A,1800.0,1800.0,2026-09-04 06:28:00
C070069,opd_to_ipd,1-day admission for acute febrile illness; such stays were 100% of these admissions in 2026-09 vs 21% for all hospitals,P125,M020215,F125,MG001A,1800.0,1800.0,2026-09-04 07:34:00
C070094,opd_to_ipd,1-day admission for acute gastroenteritis; such stays were 100% of these admissions in 2026-09 vs 21% for all hospitals,P125,M025993,F125,MG009A,1800.0,1800.0,2026-09-04 09:17:00
C070159,opd_to_ipd,1-day admission for acute febrile illness; such stays were 100% of these admissions in 2026-09 vs 21% for all hospitals,P156,M008497,F156,MG001A,1800.0,1800.0,2026-09-04 12:43:00
C070196,opd_to_ipd,1-day admission for acute febrile illness; such stays were 98% of these admissions in 2026-09 vs 21% for all hospitals,P024,M004665,F024,MG001A,1800.0,1800.0,2026-09-04 14:59:00
C070266,opd_to_ipd,1-day admission for urinary tract infection; such stays were 100% of these admissions in 2026-09 vs 21% for all hospitals,P125,M020917,F125,MG021A,1800.0,1800.0,2026-09-04 22:56:00
C070348,opd_to_ipd,1-day admission for acute febrile illness; such stays were 100% of these admissions in 2026-09 vs 21% for all hospitals,P125,M022539,F125,MG001A,1800.0,1800.0,2026-09-05 10:48:00
C070380,opd_to_ipd,1-day admission for acute febrile illness; such stays were 100% of these admissions in 2026-09 vs 21% for all hospitals,P156,M001477,F156,MG001A,1800.0,1800.0,2026-09-05 12:59:00
C070416,opd_to_ipd,1-day admission for acute febrile illness; such stays were 100% of these admissions in 2026-09 vs 21% for all hospitals,P125,M007166,F125,MG001A,1800.0,1800.0,2026-09-05 15:22:00
C070420,opd_to_ipd,1-day admission for acute febrile illness; such stays were 100% of these admissions in 2026-09 vs 21% for all hospitals,P125,M007168,F125,MG001A,1800.0,1800.0,2026-09-05 15:34:00
C070430,opd_to_ipd,1-day admission for acute gastroenteritis; such stays were 100% of these admissions in 2026-09 vs 21% for all hospitals,P125,M002416,F125,MG009A,1800.0,1800.0,2026-09-05 16:07:00
C070477,opd_to_ipd,1-day admission for acute gastroenteritis; such stays were 98% of these admissions in 2026-09 vs 21% for all hospitals,P024,M014407,F024,MG009A,1800.0,1800.0,2026-09-05 20:24:00
C070489,opd_to_ipd,1-day admission for acute febrile illness; such stays were 98% of these admissions in 2026-09 vs 21% for all hospitals,P024,M006971,F024,MG001A,1800.0,1800.0,2026-09-05 21:45:00
C070493,opd_to_ipd,1-day admission for acute febrile illness; such stays were 100% of these admissions in 2026-09 vs 21% for all hospitals,P125,M008079,F125,MG001A,1800.0,1800.0,2026-09-05 22:29:00
C070503,opd_to_ipd,1-day admission for acute febrile illness; such stays were 98% of these admissions in 2026-09 vs 21% for all hospitals,P024,M000791,F024,MG001A,1800.0,1800.0,2026-09-05 23:26:00
C070508,opd_to_ipd,1-day admission for acute febrile illness; such stays were 100% of these admissions in 2026-09 vs 21% for all hospitals,P125,M011219,F125,MG001A,1800.0,1800.0,2026-09-06 00:08:00
C070634,opd_to_ipd,1-day admission for acute febrile illness; such stays were 100% of these admissions in 2026-09 vs 21% for all hospitals,P125,M014805,F125,MG001A,1800.0,1800.0,2026-09-06 13:49:00
C070739,opd_to_ipd,1-day admission for urinary tract infection; such stays were 100% of these admissions in 2026-09 vs 21% for all hospitals,P156,M012837,F156,MG021A,1800.0,1800.0,2026-09-07 05:07:00
C070750,opd_to_ipd,1-day admission for urinary tract infection; such stays were 98% of these admissions in 2026-09 vs 21% for all hospitals,P024,M000796,F024,MG021A,1800.0,1800.0,2026-09-07 08:08:00
C070814,opd_to_ipd,1-day admission for urinary tract infection; such stays were 100% of these admissions in 2026-09 vs 21% for all hospitals,P156,M000897,F156,MG021A,1800.0,1800.0,2026-09-07 12:04:00
C070819,opd_to_ipd,1-day admission for acute febrile illness; such stays were 100% of these admissions in 2026-09 vs 21% for all hospitals,P156,M000898,F156,MG001A,1800.0,1800.0,2026-09-07 12:19:00
C070847,opd_to_ipd,1-day admission for acute febrile illness; such stays were 100% of these admissions in 2026-09 vs 21% for all hospitals,P156,M006856,F156,MG001A,1800.0,1800.0,2026-09-07 14:44:00
C070880,opd_to_ipd,1-day admission for urinary tract infection; such stays were 98% of these admissions in 2026-09 vs 21% for all hospitals,P024,M007801,F024,MG021A,1800.0,1800.0,2026-09-07 16:23:00
C070906,opd_to_ipd,1-day admission for acute febrile illness; such stays were 100% of these admissions in 2026-09 vs 21% for all hospitals,P125,M023364,F125,MG001A,1800.0,1800.0,2026-09-07 19:40:00
C070926,opd_to_ipd,1-day admission for acute febrile illness; such stays were 100% of these admissions in 2026-09 vs 21% for all hospitals,P156,M016749,F156,MG001A,1800.0,1800.0,2026-09-07 23:41:00
C070995,opd_to_ipd,1-day admission for acute febrile illness; such stays were 98% of these admissions in 2026-09 vs 21% for all hospitals,P024,M023560,F024,MG001A,1800.0,1800.0,2026-09-08 11:06:00
C071087,opd_to_ipd,1-day admission for urinary tract infection; such stays were 98% of these admissions in 2026-09 vs 21% for all hospitals,P024,M022940,F024,MG021A,1800.0,1800.0,2026-09-08 17:39:00
C071090,opd_to_ipd,1-day admission for acute gastroenteritis; such stays were 100% of these admissions in 2026-09 vs 21% for all hospitals,P125,M017860,F125,MG009A,1800.0,1800.0,2026-09-08 17:44:00
C071123,opd_to_ipd,1-day admission for acute gastroenteritis; such stays were 98% of these admissions in 2026-09 vs 21% for all hospitals,P024,M014409,F024,MG009A,1800.0,1800.0,2026-09-08 21:16:00
C071154,opd_to_ipd,1-day admission for urinary tract infection; such stays were 100% of these admissions in 2026-09 vs 21% for all hospitals,P125,M017857,F125,MG021A,1800.0,1800.0,2026-09-09 07:14:00
C071236,opd_to_ipd,1-day admission for acute febrile illness; such stays were 100% of these admissions in 2026-09 vs 21% for all hospitals,P156,M000045,F156,MG001A,1800.0,1800.0,2026-09-09 14:31:00
C071311,opd_to_ipd,1-day admission for acute febrile illness; such stays were 100% of these admissions in 2026-09 vs 21% for all hospitals,P125,M011215,F125,MG001A,1800.0,1800.0,2026-09-09 22:02:00
C071360,opd_to_ipd,1-day admission for acute gastroenteritis; such stays were 100% of these admissions in 2026-09 vs 21% for all hospitals,P125,M011215,F125,MG009A,1800.0,1800.0,2026-09-10 08:27:00
C071411,opd_to_ipd,1-day admission for acute febrile illness; such stays were 100% of these admissions in 2026-09 vs 21% for all hospitals,P125,M005415,F125,MG001A,1800.0,1800.0,2026-09-10 11:08:00
C071499,opd_to_ipd,1-day admission for acute gastroenteritis; such stays were 98% of these admissions in 2026-09 vs 21% for all hospitals,P024,M005269,F024,MG009A,1800.0,1800.0,2026-09-10 16:20:00
C071533,opd_to_ipd,1-day admission for acute gastroenteritis; such stays were 100% of these admissions in 2026-09 vs 21% for all hospitals,P125,M022543,F125,MG009A,1800.0,1800.0,2026-09-10 18:18:00
C071538,opd_to_ipd,1-day admission for acute febrile illness; such stays were 100% of these admissions in 2026-09 vs 21% for all hospitals,P125,M025992,F125,MG001A,1800.0,1800.0,2026-09-10 18:56:00
C071586,opd_to_ipd,1-day admission for acute gastroenteritis; such stays were 100% of these admissions in 2026-09 vs 21% for all hospitals,P156,M001476,F156,MG009A,1800.0,1800.0,2026-09-11 04:06:00
C071691,opd_to_ipd,1-day admission for acute gastroenteritis; such stays were 100% of these admissions in 2026-09 vs 21% for all hospitals,P125,M023731,F125,MG009A,1800.0,1800.0,2026-09-11 14:26:00
C071713,opd_to_ipd,1-day admission for acute febrile illness; such stays were 98% of these admissions in 2026-09 vs 21% for all hospitals,P024,M006974,F024,MG001A,1800.0,1800.0,2026-09-11 16:03:00
C071717,opd_to_ipd,1-day admission for acute febrile illness; such stays were 100% of these admissions in 2026-09 vs 21% for all hospitals,P156,M005890,F156,MG001A,1800.0,1800.0,2026-09-11 16:26:00
C071719,opd_to_ipd,1-day admission for acute gastroenteritis; such stays were 100% of these admissions in 2026-09 vs 21% for all hospitals,P125,M023949,F125,MG009A,1800.0,1800.0,2026-09-11 16:31:00
C071765,opd_to_ipd,1-day admission for acute febrile illness; such stays were 100% of these admissions in 2026-09 vs 21% for all hospitals,P156,M000047,F156,MG001A,1800.0,1800.0,2026-09-12 00:40:00
C071780,opd_to_ipd,1-day admission for urinary tract infection; such stays were 100% of these admissions in 2026-09 vs 21% for all hospitals,P125,M008079,F125,MG021A,1800.0,1800.0,2026-09-12 04:56:00
C071804,opd_to_ipd,1-day admission for urinary tract infection; such stays were 100% of these admissions in 2026-09 vs 21% for all hospitals,P156,M001476,F156,MG021A,1800.0,1800.0,2026-09-12 08:25:00
C071827,opd_to_ipd,1-day admission for acute gastroenteritis; such stays were 100% of these admissions in 2026-09 vs 21% for all hospitals,P125,M002417,F125,MG009A,1800.0,1800.0,2026-09-12 09:59:00
C072025,opd_to_ipd,1-day admission for acute gastroenteritis; such stays were 100% of these admissions in 2026-09 vs 21% for all hospitals,P125,M007031,F125,MG009A,1800.0,1800.0,2026-09-12 22:08:00
C072026,opd_to_ipd,1-day admission for acute gastroenteritis; such stays were 100% of these admissions in 2026-09 vs 21% for all hospitals,P156,M001711,F156,MG009A,1800.0,1800.0,2026-09-12 22:08:00
C072055,opd_to_ipd,1-day admission for acute gastroenteritis; such stays were 100% of these admissions in 2026-09 vs 21% for all hospitals,P125,M000239,F125,MG009A,1800.0,1800.0,2026-09-13 05:14:00
C072086,opd_to_ipd,1-day admission for acute febrile illness; such stays were 100% of these admissions in 2026-09 vs 21% for all hospitals,P156,M006855,F156,MG001A,1800.0,1800.0,2026-09-13 09:49:00
C072119,opd_to_ipd,1-day admission for acute gastroenteritis; such stays were 100% of these admissions in 2026-09 vs 21% for all hospitals,P156,M005889,F156,MG009A,1800.0,1800.0,2026-09-13 12:08:00
C072175,opd_to_ipd,1-day admission for acute febrile illness; such stays were 100% of these admissions in 2026-09 vs 21% for all hospitals,P125,M011218,F125,MG001A,1800.0,1800.0,2026-09-13 15:32:00
C072254,opd_to_ipd,1-day admission for acute gastroenteritis; such stays were 100% of these admissions in 2026-09 vs 21% for all hospitals,P156,M012835,F156,MG009A,1800.0,1800.0,2026-09-14 00:21:00
C072284,opd_to_ipd,1-day admission for acute febrile illness; such stays were 98% of these admissions in 2026-09 vs 21% for all hospitals,P024,M000794,F024,MG001A,1800.0,1800.0,2026-09-14 08:15:00
C072295,opd_to_ipd,1-day admission for acute febrile illness; such stays were 100% of these admissions in 2026-09 vs 21% for all hospitals,P156,M005890,F156,MG001A,1800.0,1800.0,2026-09-14 08:54:00
C072303,opd_to_ipd,1-day admission for acute febrile illness; such stays were 98% of these admissions in 2026-09 vs 21% for all hospitals,P024,M023564,F024,MG001A,1438.0,1800.0,2026-09-14 09:26:00
C072312,opd_to_ipd,1-day admission for acute febrile illness; such stays were 100% of these admissions in 2026-09 vs 21% for all hospitals,P156,M015390,F156,MG001A,1800.0,1800.0,2026-09-14 09:50:00
C072405,opd_to_ipd,1-day admission for acute febrile illness; such stays were 100% of these admissions in 2026-09 vs 21% for all hospitals,P125,M025306,F125,MG001A,1800.0,1800.0,2026-09-14 16:08:00
C072435,opd_to_ipd,1-day admission for acute febrile illness; such stays were 98% of these admissions in 2026-09 vs 21% for all hospitals,P024,M007804,F024,MG001A,1800.0,1800.0,2026-09-14 18:30:00
C072464,opd_to_ipd,1-day admission for acute febrile illness; such stays were 100% of these admissions in 2026-09 vs 21% for all hospitals,P156,M012836,F156,MG001A,1800.0,1800.0,2026-09-14 23:26:00
C072517,opd_to_ipd,1-day admission for acute febrile illness; such stays were 100% of these admissions in 2026-09 vs 21% for all hospitals,P125,M022539,F125,MG001A,1800.0,1800.0,2026-09-15 09:23:00
C072626,opd_to_ipd,1-day admission for acute febrile illness; such stays were 100% of these admissions in 2026-09 vs 21% for all hospitals,P125,M025305,F125,MG001A,1800.0,1800.0,2026-09-15 15:57:00
C072635,opd_to_ipd,1-day admission for urinary tract infection; such stays were 100% of these admissions in 2026-09 vs 21% for all hospitals,P125,M020220,F125,MG021A,1800.0,1800.0,2026-09-15 16:31:00
C072728,opd_to_ipd,1-day admission for acute febrile illness; such stays were 100% of these admissions in 2026-09 vs 21% for all hospitals,P125,M001862,F125,MG001A,1800.0,1800.0,2026-09-16 08:25:00
C072748,opd_to_ipd,1-day admission for acute febrile illness; such stays were 98% of these admissions in 2026-09 vs 21% for all hospitals,P024,M007802,F024,MG001A,1800.0,1800.0,2026-09-16 10:01:00
C072857,opd_to_ipd,1-day admission for acute febrile illness; such stays were 98% of these admissions in 2026-09 vs 21% for all hospitals,P024,M022940,F024,MG001A,1800.0,1800.0,2026-09-16 16:48:00
C072927,opd_to_ipd,1-day admission for acute febrile illness; such stays were 98% of these admissions in 2026-09 vs 21% for all hospitals,P024,M023563,F024,MG001A,1800.0,1800.0,2026-09-17 03:09:00
C072960,opd_to_ipd,1-day admission for urinary tract infection; such stays were 100% of these admissions in 2026-09 vs 21% for all hospitals,P125,M000238,F125,MG021A,1800.0,1800.0,2026-09-17 09:07:00
C072991,opd_to_ipd,1-day admission for acute gastroenteritis; such stays were 100% of these admissions in 2026-09 vs 21% for all hospitals,P156,M001475,F156,MG009A,1800.0,1800.0,2026-09-17 10:48:00
C073006,opd_to_ipd,1-day admission for acute febrile illness; such stays were 100% of these admissions in 2026-09 vs 21% for all hospitals,P156,M006854,F156,MG001A,1800.0,1800.0,2026-09-17 11:34:00
C073011,opd_to_ipd,1-day admission for acute gastroenteritis; such stays were 100% of these admissions in 2026-09 vs 21% for all hospitals,P125,M008077,F125,MG009A,1800.0,1800.0,2026-09-17 11:53:00
C073052,opd_to_ipd,1-day admission for acute febrile illness; such stays were 100% of these admissions in 2026-09 vs 21% for all hospitals,P125,M005414,F125,MG001A,1800.0,1800.0,2026-09-17 14:29:00
C073107,opd_to_ipd,1-day admission for acute gastroenteritis; such stays were 100% of these admissions in 2026-09 vs 21% for all hospitals,P156,M010008,F156,MG009A,1800.0,1800.0,2026-09-17 19:47:00
C073226,opd_to_ipd,1-day admission for acute gastroenteritis; such stays were 98% of these admissions in 2026-09 vs 21% for all hospitals,P024,M014712,F024,MG009A,1800.0,1800.0,2026-09-18 11:49:00
C073268,opd_to_ipd,1-day admission for acute febrile illness; such stays were 100% of these admissions in 2026-09 vs 21% for all hospitals,P125,M008079,F125,MG001A,1800.0,1800.0,2026-09-18 14:42:00
C073316,opd_to_ipd,1-day admission for acute febrile illness; such stays were 100% of these admissions in 2026-09 vs 21% for all hospitals,P156,M016751,F156,MG001A,1800.0,1800.0,2026-09-18 17:56:00
C073327,opd_to_ipd,1-day admission for acute febrile illness; such stays were 100% of these admissions in 2026-09 vs 21% for all hospitals,P125,M007133,F125,MG001A,1800.0,1800.0,2026-09-18 19:41:00
C073347,opd_to_ipd,1-day admission for acute febrile illness; such stays were 100% of these admissions in 2026-09 vs 21% for all hospitals,P156,M019357,F156,MG001A,1800.0,1800.0,2026-09-18 22:09:00
C073427,opd_to_ipd,1-day admission for acute febrile illness; such stays were 100% of these admissions in 2026-09 vs 21% for all hospitals,P156,M016749,F156,MG001A,1800.0,1800.0,2026-09-19 10:35:00
C073447,opd_to_ipd,1-day admission for acute febrile illness; such stays were 100% of these admissions in 2026-09 vs 21% for all hospitals,P125,M007133,F125,MG001A,1800.0,1800.0,2026-09-19 11:47:00
C073472,opd_to_ipd,1-day admission for acute febrile illness; such stays were 100% of these admissions in 2026-09 vs 21% for all hospitals,P156,M001710,F156,MG001A,1800.0,1800.0,2026-09-19 13:42:00
C073482,opd_to_ipd,1-day admission for acute gastroenteritis; such stays were 100% of these admissions in 2026-09 vs 21% for all hospitals,P156,M015392,F156,MG009A,1800.0,1800.0,2026-09-19 14:06:00
C073487,opd_to_ipd,1-day admission for acute gastroenteritis; such stays were 100% of these admissions in 2026-09 vs 21% for all hospitals,P125,M017857,F125,MG009A,1800.0,1800.0,2026-09-19 14:28:00
C073490,opd_to_ipd,1-day admission for acute febrile illness; such stays were 100% of these admissions in 2026-09 vs 21% for all hospitals,P156,M007824,F156,MG001A,1519.0,1800.0,2026-09-19 14:39:00
C073507,opd_to_ipd,1-day admission for acute febrile illness; such stays were 100% of these admissions in 2026-09 vs 21% for all hospitals,P125,M005415,F125,MG001A,1800.0,1800.0,2026-09-19 15:52:00
C073519,opd_to_ipd,1-day admission for acute febrile illness; such stays were 100% of these admissions in 2026-09 vs 21% for all hospitals,P125,M007134,F125,MG001A,1800.0,1800.0,2026-09-19 17:00:00
C073526,opd_to_ipd,1-day admission for acute gastroenteritis; such stays were 100% of these admissions in 2026-09 vs 21% for all hospitals,P125,M007031,F125,MG009A,1800.0,1800.0,2026-09-19 17:19:00
C073591,opd_to_ipd,1-day admission for acute febrile illness; such stays were 100% of these admissions in 2026-09 vs 21% for all hospitals,P125,M020218,F125,MG001A,1457.0,1800.0,2026-09-20 03:47:00
C073617,opd_to_ipd,1-day admission for acute febrile illness; such stays were 98% of these admissions in 2026-09 vs 21% for all hospitals,P024,M023564,F024,MG001A,1800.0,1800.0,2026-09-20 08:23:00
C073663,opd_to_ipd,1-day admission for acute gastroenteritis; such stays were 100% of these admissions in 2026-09 vs 21% for all hospitals,P156,M012837,F156,MG009A,1800.0,1800.0,2026-09-20 11:52:00
C073692,opd_to_ipd,1-day admission for acute febrile illness; such stays were 98% of these admissions in 2026-09 vs 21% for all hospitals,P024,M007803,F024,MG001A,1800.0,1800.0,2026-09-20 14:18:00
C073703,opd_to_ipd,1-day admission for acute gastroenteritis; such stays were 98% of these admissions in 2026-09 vs 21% for all hospitals,P024,M006975,F024,MG009A,1451.0,1800.0,2026-09-20 14:58:00
C073717,opd_to_ipd,1-day admission for acute gastroenteritis; such stays were 98% of these admissions in 2026-09 vs 21% for all hospitals,P024,M006976,F024,MG009A,1347.0,1800.0,2026-09-20 15:39:00
C073744,opd_to_ipd,1-day admission for acute gastroenteritis; such stays were 100% of these admissions in 2026-09 vs 21% for all hospitals,P125,M000239,F125,MG009A,1800.0,1800.0,2026-09-20 17:17:00
C073774,opd_to_ipd,1-day admission for acute febrile illness; such stays were 100% of these admissions in 2026-09 vs 21% for all hospitals,P125,M023730,F125,MG001A,1800.0,1800.0,2026-09-20 20:14:00
C073790,opd_to_ipd,1-day admission for urinary tract infection; such stays were 100% of these admissions in 2026-09 vs 21% for all hospitals,P156,M000898,F156,MG021A,1800.0,1800.0,2026-09-20 22:32:00
C073826,opd_to_ipd,1-day admission for acute febrile illness; such stays were 98% of these admissions in 2026-09 vs 21% for all hospitals,P024,M015481,F024,MG001A,1800.0,1800.0,2026-09-21 08:54:00
C073833,opd_to_ipd,1-day admission for urinary tract infection; such stays were 100% of these admissions in 2026-09 vs 21% for all hospitals,P125,M014804,F125,MG021A,1800.0,1800.0,2026-09-21 09:11:00
C073882,opd_to_ipd,1-day admission for acute febrile illness; such stays were 100% of these admissions in 2026-09 vs 21% for all hospitals,P156,M001714,F156,MG001A,1800.0,1800.0,2026-09-21 13:01:00
C073885,opd_to_ipd,1-day admission for acute febrile illness; such stays were 100% of these admissions in 2026-09 vs 21% for all hospitals,P156,M016747,F156,MG001A,1800.0,1800.0,2026-09-21 13:10:00
C073898,opd_to_ipd,1-day admission for acute gastroenteritis; such stays were 98% of these admissions in 2026-09 vs 21% for all hospitals,P024,M022941,F024,MG009A,1800.0,1800.0,2026-09-21 14:19:00
C073905,opd_to_ipd,1-day admission for acute febrile illness; such stays were 100% of these admissions in 2026-09 vs 21% for all hospitals,P125,M000235,F125,MG001A,1800.0,1800.0,2026-09-21 14:41:00
C073950,opd_to_ipd,1-day admission for acute febrile illness; such stays were 100% of these admissions in 2026-09 vs 21% for all hospitals,P125,M025305,F125,MG001A,1800.0,1800.0,2026-09-21 18:22:00
C073986,opd_to_ipd,1-day admission for acute febrile illness; such stays were 98% of these admissions in 2026-09 vs 21% for all hospitals,P024,M003212,F024,MG001A,1290.0,1800.0,2026-09-22 00:26:00
C073989,opd_to_ipd,1-day admission for acute gastroenteritis; such stays were 98% of these admissions in 2026-09 vs 21% for all hospitals,P024,M007804,F024,MG009A,1800.0,1800.0,2026-09-22 00:49:00
C073991,opd_to_ipd,1-day admission for acute gastroenteritis; such stays were 100% of these admissions in 2026-09 vs 21% for all hospitals,P125,M001862,F125,MG009A,1800.0,1800.0,2026-09-22 00:56:00
C074003,opd_to_ipd,1-day admission for acute gastroenteritis; such stays were 100% of these admissions in 2026-09 vs 21% for all hospitals,P125,M020214,F125,MG009A,1800.0,1800.0,2026-09-22 04:51:00
C074035,opd_to_ipd,1-day admission for acute febrile illness; such stays were 98% of these admissions in 2026-09 vs 21% for all hospitals,P024,M015481,F024,MG001A,1800.0,1800.0,2026-09-22 10:03:00
C074054,opd_to_ipd,1-day admission for acute febrile illness; such stays were 100% of these admissions in 2026-09 vs 21% for all hospitals,P125,M014805,F125,MG001A,1800.0,1800.0,2026-09-22 11:49:00
C074055,opd_to_ipd,1-day admission for acute febrile illness; such stays were 100% of these admissions in 2026-09 vs 21% for all hospitals,P156,M005889,F156,MG001A,1800.0,1800.0,2026-09-22 11:51:00
C074113,opd_to_ipd,1-day admission for urinary tract infection; such stays were 100% of these admissions in 2026-09 vs 21% for all hospitals,P125,M005417,F125,MG021A,1800.0,1800.0,2026-09-22 14:35:00
C074132,opd_to_ipd,1-day admission for acute febrile illness; such stays were 98% of these admissions in 2026-09 vs 21% for all hospitals,P024,M004663,F024,MG001A,1800.0,1800.0,2026-09-22 15:50:00
C074137,opd_to_ipd,1-day admission for acute gastroenteritis; such stays were 100% of these admissions in 2026-09 vs 21% for all hospitals,P156,M000050,F156,MG009A,1800.0,1800.0,2026-09-22 16:25:00
C074172,opd_to_ipd,1-day admission for acute febrile illness; such stays were 100% of these admissions in 2026-09 vs 21% for all hospitals,P125,M000233,F125,MG001A,1800.0,1800.0,2026-09-22 19:52:00
C074181,opd_to_ipd,1-day admission for acute gastroenteritis; such stays were 98% of these admissions in 2026-09 vs 21% for all hospitals,P024,M023563,F024,MG009A,1800.0,1800.0,2026-09-22 21:00:00
C074198,opd_to_ipd,1-day admission for acute febrile illness; such stays were 98% of these admissions in 2026-09 vs 21% for all hospitals,P024,M014815,F024,MG001A,1617.0,1800.0,2026-09-22 23:21:00
C074229,opd_to_ipd,1-day admission for acute febrile illness; such stays were 100% of these admissions in 2026-09 vs 21% for all hospitals,P125,M007030,F125,MG001A,1800.0,1800.0,2026-09-23 08:00:00
C074326,opd_to_ipd,1-day admission for acute febrile illness; such stays were 100% of these admissions in 2026-09 vs 21% for all hospitals,P156,M001478,F156,MG001A,1509.0,1800.0,2026-09-23 14:02:00
C074331,opd_to_ipd,1-day admission for acute febrile illness; such stays were 98% of these admissions in 2026-09 vs 21% for all hospitals,P024,M006972,F024,MG001A,1800.0,1800.0,2026-09-23 14:15:00
C074392,opd_to_ipd,1-day admission for acute febrile illness; such stays were 100% of these admissions in 2026-09 vs 21% for all hospitals,P156,M016748,F156,MG001A,1800.0,1800.0,2026-09-23 18:58:00
C074411,opd_to_ipd,1-day admission for acute gastroenteritis; such stays were 100% of these admissions in 2026-09 vs 21% for all hospitals,P156,M001712,F156,MG009A,1800.0,1800.0,2026-09-23 20:33:00
C074419,opd_to_ipd,1-day admission for acute febrile illness; such stays were 100% of these admissions in 2026-09 vs 21% for all hospitals,P156,M000897,F156,MG001A,1800.0,1800.0,2026-09-23 21:46:00
C074467,opd_to_ipd,1-day admission for acute febrile illness; such stays were 98% of these admissions in 2026-09 vs 21% for all hospitals,P024,M014715,F024,MG001A,1800.0,1800.0,2026-09-24 09:03:00
C074479,opd_to_ipd,1-day admission for urinary tract infection; such stays were 100% of these admissions in 2026-09 vs 21% for all hospitals,P156,M005891,F156,MG021A,1800.0,1800.0,2026-09-24 09:36:00
C074550,opd_to_ipd,1-day admission for urinary tract infection; such stays were 100% of these admissions in 2026-09 vs 21% for all hospitals,P156,M000050,F156,MG021A,1800.0,1800.0,2026-09-24 14:02:00
C074562,opd_to_ipd,1-day admission for acute febrile illness; such stays were 98% of these admissions in 2026-09 vs 21% for all hospitals,P024,M005268,F024,MG001A,1800.0,1800.0,2026-09-24 15:00:00
C074568,opd_to_ipd,1-day admission for acute febrile illness; such stays were 100% of these admissions in 2026-09 vs 21% for all hospitals,P125,M007033,F125,MG001A,1800.0,1800.0,2026-09-24 15:22:00
C074634,opd_to_ipd,1-day admission for urinary tract infection; such stays were 100% of these admissions in 2026-09 vs 21% for all hospitals,P156,M018055,F156,MG021A,1800.0,1800.0,2026-09-24 23:05:00
C074903,opd_to_ipd,1-day admission for acute gastroenteritis; such stays were 100% of these admissions in 2026-09 vs 21% for all hospitals,P156,M000047,F156,MG009A,1800.0,1800.0,2026-09-26 08:00:00
C074904,opd_to_ipd,1-day admission for acute febrile illness; such stays were 100% of these admissions in 2026-09 vs 21% for all hospitals,P156,M006854,F156,MG001A,1800.0,1800.0,2026-09-26 08:06:00
C074926,opd_to_ipd,1-day admission for acute febrile illness; such stays were 100% of these admissions in 2026-09 vs 21% for all hospitals,P125,M017855,F125,MG001A,1800.0,1800.0,2026-09-26 09:09:00
C074928,opd_to_ipd,1-day admission for urinary tract infection; such stays were 100% of these admissions in 2026-09 vs 21% for all hospitals,P156,M001476,F156,MG021A,1800.0,1800.0,2026-09-26 09:17:00
C074947,opd_to_ipd,1-day admission for acute febrile illness; such stays were 98% of these admissions in 2026-09 vs 21% for all hospitals,P024,M015480,F024,MG001A,1438.0,1800.0,2026-09-26 10:41:00
C074994,opd_to_ipd,1-day admission for acute gastroenteritis; such stays were 100% of these admissions in 2026-09 vs 21% for all hospitals,P156,M001715,F156,MG009A,1800.0,1800.0,2026-09-26 14:48:00
C075059,opd_to_ipd,1-day admission for acute febrile illness; such stays were 98% of these admissions in 2026-09 vs 21% for all hospitals,P024,M023563,F024,MG001A,1800.0,1800.0,2026-09-26 21:54:00
C075064,opd_to_ipd,1-day admission for acute gastroenteritis; such stays were 98% of these admissions in 2026-09 vs 21% for all hospitals,P024,M014813,F024,MG009A,1800.0,1800.0,2026-09-26 22:46:00
C075155,opd_to_ipd,1-day admission for acute gastroenteritis; such stays were 100% of these admissions in 2026-09 vs 21% for all hospitals,P156,M001475,F156,MG009A,1800.0,1800.0,2026-09-27 11:56:00
C075163,opd_to_ipd,1-day admission for acute febrile illness; such stays were 100% of these admissions in 2026-09 vs 21% for all hospitals,P125,M017861,F125,MG001A,1800.0,1800.0,2026-09-27 12:44:00
C075231,opd_to_ipd,1-day admission for urinary tract infection; such stays were 100% of these admissions in 2026-09 vs 21% for all hospitals,P125,M007133,F125,MG021A,1800.0,1800.0,2026-09-27 16:56:00
C075258,opd_to_ipd,1-day admission for acute febrile illness; such stays were 100% of these admissions in 2026-09 vs 21% for all hospitals,P125,M005417,F125,MG001A,1800.0,1800.0,2026-09-27 20:00:00
C075273,opd_to_ipd,1-day admission for acute gastroenteritis; such stays were 98% of these admissions in 2026-09 vs 21% for all hospitals,P024,M015481,F024,MG009A,1800.0,1800.0,2026-09-27 23:00:00
C075287,opd_to_ipd,1-day admission for urinary tract infection; such stays were 98% of these admissions in 2026-09 vs 21% for all hospitals,P024,M015481,F024,MG021A,1800.0,1800.0,2026-09-28 03:53:00
C075303,opd_to_ipd,1-day admission for acute gastroenteritis; such stays were 98% of these admissions in 2026-09 vs 21% for all hospitals,P024,M006975,F024,MG009A,1800.0,1800.0,2026-09-28 08:17:00
C075423,opd_to_ipd,1-day admission for acute febrile illness; such stays were 98% of these admissions in 2026-09 vs 21% for all hospitals,P024,M022940,F024,MG001A,1800.0,1800.0,2026-09-28 16:15:00
C075465,opd_to_ipd,1-day admission for acute gastroenteritis; such stays were 100% of these admissions in 2026-09 vs 21% for all hospitals,P125,M011216,F125,MG009A,1800.0,1800.0,2026-09-28 20:05:00
C075502,opd_to_ipd,1-day admission for acute gastroenteritis; such stays were 100% of these admissions in 2026-09 vs 21% for all hospitals,P125,M020219,F125,MG009A,1800.0,1800.0,2026-09-29 01:25:00
C075512,opd_to_ipd,1-day admission for acute febrile illness; such stays were 98% of these admissions in 2026-09 vs 21% for all hospitals,P024,M023564,F024,MG001A,1800.0,1800.0,2026-09-29 03:30:00
C075540,opd_to_ipd,1-day admission for acute gastroenteritis; such stays were 100% of these admissions in 2026-09 vs 21% for all hospitals,P125,M014803,F125,MG009A,1800.0,1800.0,2026-09-29 09:02:00
C075549,opd_to_ipd,1-day admission for acute febrile illness; such stays were 100% of these admissions in 2026-09 vs 21% for all hospitals,P156,M015344,F156,MG001A,1800.0,1800.0,2026-09-29 09:33:00
C075588,opd_to_ipd,1-day admission for acute febrile illness; such stays were 98% of these admissions in 2026-09 vs 21% for all hospitals,P024,M014409,F024,MG001A,1800.0,1800.0,2026-09-29 11:54:00
C075617,opd_to_ipd,1-day admission for acute gastroenteritis; such stays were 100% of these admissions in 2026-09 vs 21% for all hospitals,P125,M008077,F125,MG009A,1800.0,1800.0,2026-09-29 14:04:00
C075650,opd_to_ipd,1-day admission for acute gastroenteritis; such stays were 98% of these admissions in 2026-09 vs 21% for all hospitals,P024,M005271,F024,MG009A,1800.0,1800.0,2026-09-29 15:54:00
C075684,opd_to_ipd,1-day admission for acute gastroenteritis; such stays were 100% of these admissions in 2026-09 vs 21% for all hospitals,P125,M000236,F125,MG009A,1379.0,1800.0,2026-09-29 18:02:00
C075709,opd_to_ipd,1-day admission for acute gastroenteritis; such stays were 98% of these admissions in 2026-09 vs 21% for all hospitals,P024,M023561,F024,MG009A,1800.0,1800.0,2026-09-29 22:02:00
C030799,suspicious_identity,"Beneficiary card created 27 Feb 2026, 4 days before this admission",P027,M026285,F027,MG070A,11880.0,11880.0,2026-03-03 11:13:00
C031172,suspicious_identity,"Beneficiary card created 01 Mar 2026, 4 days before this admission",P298,M026185,F298,MG009A,5400.0,5400.0,2026-03-05 09:42:00
C031371,suspicious_identity,"Beneficiary card created 03 Mar 2026, 3 days before this admission",P298,M026176,F298,MG017A,10800.0,10800.0,2026-03-06 09:54:00
C031459,suspicious_identity,"Beneficiary card created 02 Mar 2026, 4 days before this admission",P298,M026146,F298,MG006A,9000.0,9000.0,2026-03-06 16:43:00
C031855,suspicious_identity,"Beneficiary card created 03 Mar 2026, 5 days before this admission",P298,M026159,F298,SG032A,15000.0,15000.0,2026-03-08 15:33:00
C032058,suspicious_identity,"Beneficiary card created 05 Mar 2026, 4 days before this admission",P027,M026205,F027,MG029A,17820.0,17820.0,2026-03-09 15:08:00
C032089,suspicious_identity,"Beneficiary card created 06 Mar 2026, 3 days before this admission",P298,M026139,F298,SG050A,14200.0,14200.0,2026-03-09 17:26:00
C032367,suspicious_identity,"Beneficiary card created 06 Mar 2026, 4 days before this admission",P027,M026267,F027,MG064A,3960.0,3960.0,2026-03-10 21:35:00
C033022,suspicious_identity,"Beneficiary card created 11 Mar 2026, 3 days before this admission",P027,M026231,F027,SG032A,14056.0,16500.0,2026-03-14 10:10:00
C033054,suspicious_identity,"Beneficiary card created 08 Mar 2026, 6 days before this admission",P027,M026218,F027,MG004A,3960.0,3960.0,2026-03-14 11:46:00
C033185,suspicious_identity,"Beneficiary card created 12 Mar 2026, 2 days before this admission",P027,M026241,F027,MG017A,7920.0,7920.0,2026-03-14 23:12:00
C033327,suspicious_identity,"Beneficiary card created 13 Mar 2026, 2 days before this admission",P027,M026235,F027,MG004A,14850.0,14850.0,2026-03-15 14:34:00
C033634,suspicious_identity,"Beneficiary card created 11 Mar 2026, 6 days before this admission",P027,M026295,F027,SG039C,25080.0,25080.0,2026-03-17 05:02:00
C033687,suspicious_identity,"Beneficiary card created 16 Mar 2026, 1 days before this admission",P027,M026246,F027,MG038A,13860.0,13860.0,2026-03-17 11:39:00
C033723,suspicious_identity,"Beneficiary card created 14 Mar 2026, 3 days before this admission",P298,M026168,F298,SG032A,15000.0,15000.0,2026-03-17 13:33:00
C033921,suspicious_identity,"Beneficiary card created 16 Mar 2026, 2 days before this admission",P298,M026126,F298,MG064A,8100.0,8100.0,2026-03-18 13:25:00
C034006,suspicious_identity,"Beneficiary card created 16 Mar 2026, 2 days before this admission",P298,M026157,F298,MG049C,18000.0,18000.0,2026-03-18 22:50:00
C034076,suspicious_identity,"Beneficiary card created 14 Mar 2026, 5 days before this admission",P027,M026282,F027,MG006A,7920.0,7920.0,2026-03-19 10:25:00
C034091,suspicious_identity,"Beneficiary card created 18 Mar 2026, 1 days before this admission",P027,M026238,F027,SG032A,16500.0,16500.0,2026-03-19 11:25:00
C034099,suspicious_identity,"Beneficiary card created 18 Mar 2026, 1 days before this admission",P027,M026277,F027,MG006A,9900.0,9900.0,2026-03-19 11:51:00
C034988,suspicious_identity,"Beneficiary card created 18 Mar 2026, 5 days before this admission",P027,M026239,F027,MG017A,49500.0,49500.0,2026-03-23 15:52:00
C035219,suspicious_identity,"Beneficiary card created 20 Mar 2026, 4 days before this admission",P298,M026120,F298,MG017A,12600.0,12600.0,2026-03-24 17:49:00
C035290,suspicious_identity,"Beneficiary card created 21 Mar 2026, 4 days before this admission",P027,M026191,F027,MG064A,5940.0,5940.0,2026-03-25 08:58:00
C035378,suspicious_identity,"Beneficiary card created 24 Mar 2026, 1 days before this admission",P027,M026303,F027,MG021A,5940.0,5940.0,2026-03-25 14:49:00
C035455,suspicious_identity,"Beneficiary card created 23 Mar 2026, 2 days before this admission",P298,M026137,F298,MG059A,5400.0,5400.0,2026-03-25 23:01:00
C035574,suspicious_identity,"Beneficiary card created 22 Mar 2026, 4 days before this admission",P027,M026250,F027,MG006A,17820.0,17820.0,2026-03-26 15:34:00
C035646,suspicious_identity,"Beneficiary card created 21 Mar 2026, 6 days before this admission",P298,M026177,F298,SG050A,14200.0,14200.0,2026-03-27 00:38:00
C035777,suspicious_identity,"Beneficiary card created 21 Mar 2026, 6 days before this admission",P298,M026125,F298,MG049C,14400.0,14400.0,2026-03-27 18:18:00
C035905,suspicious_identity,"Beneficiary card created 22 Mar 2026, 6 days before this admission",P027,M026260,F027,MG071A,7920.0,7920.0,2026-03-28 13:15:00
C036029,suspicious_identity,"Beneficiary card created 26 Mar 2026, 3 days before this admission",P027,M026255,F027,MG004A,13860.0,13860.0,2026-03-29 06:08:00
C036244,suspicious_identity,"Beneficiary card created 29 Mar 2026, 1 days before this admission",P027,M026223,F027,MG021A,5940.0,5940.0,2026-03-30 09:38:00
C036407,suspicious_identity,"Beneficiary card created 25 Mar 2026, 6 days before this admission",P298,M026116,F298,MG021A,10800.0,10800.0,2026-03-31 03:59:00
C036884,suspicious_identity,"Beneficiary card created 30 Mar 2026, 3 days before this admission",P027,M026226,F027,MG006A,5940.0,5940.0,2026-04-02 13:03:00
C037269,suspicious_identity,"Beneficiary card created 02 Apr 2026, 2 days before this admission",P298,M026127,F298,MG009A,5400.0,5400.0,2026-04-04 12:32:00
C037275,suspicious_identity,"Beneficiary card created 01 Apr 2026, 3 days before this admission",P135,M026012,F135,SG017A,12100.0,12100.0,2026-04-04 12:38:00
C037461,suspicious_identity,"Beneficiary card created 02 Apr 2026, 3 days before this admission",P027,M026257,F027,SG051B,19140.0,19140.0,2026-04-05 10:38:00
C037483,suspicious_identity,"Beneficiary card created 30 Mar 2026, 6 days before this admission",P027,M026211,F027,SG032A,16500.0,16500.0,2026-04-05 12:00:00
C037607,suspicious_identity,"Beneficiary card created 30 Mar 2026, 6 days before this admission",P027,M026207,F027,SG039C,25080.0,25080.0,2026-04-05 22:54:00
C037781,suspicious_identity,"Beneficiary card created 01 Apr 2026, 5 days before this admission",P135,M026011,F135,MG045A,3658.0,3960.0,2026-04-06 17:40:00
C037817,suspicious_identity,"Beneficiary card created 04 Apr 2026, 2 days before this admission",P027,M026228,F027,MG009A,11880.0,11880.0,2026-04-06 23:18:00
C037869,suspicious_identity,"Beneficiary card created 05 Apr 2026, 2 days before this admission",P135,M026096,F135,MG064A,8910.0,8910.0,2026-04-07 09:22:00
C038118,suspicious_identity,"Beneficiary card created 03 Apr 2026, 5 days before this admission",P135,M026060,F135,MG064A,9900.0,9900.0,2026-04-08 12:35:00
C038139,suspicious_identity,"Beneficiary card created 04 Apr 2026, 4 days before this admission",P298,M026134,F298,MG071A,6003.0,7200.0,2026-04-08 14:22:00
C038249,suspicious_identity,"Beneficiary card created 04 Apr 2026, 5 days before this admission",P298,M026113,F298,MG009A,9000.0,9000.0,2026-04-09 09:40:00
C038256,suspicious_identity,"Beneficiary card created 08 Apr 2026, 1 days before this admission",P298,M026107,F298,MG006A,1800.0,1800.0,2026-04-09 09:59:00
C038324,suspicious_identity,"Beneficiary card created 08 Apr 2026, 1 days before this admission",P298,M026148,F298,MG006A,3600.0,3600.0,2026-04-09 15:33:00
C038563,suspicious_identity,"Beneficiary card created 05 Apr 2026, 5 days before this admission",P027,M026249,F027,MG064A,5940.0,5940.0,2026-04-10 17:04:00
C038841,suspicious_identity,"Beneficiary card created 11 Apr 2026, 1 days before this admission",P298,M026124,F298,MG038A,21600.0,21600.0,2026-04-12 03:07:00
C039176,suspicious_identity,"Beneficiary card created 07 Apr 2026, 6 days before this admission",P135,M026100,F135,MG003A,7920.0,7920.0,2026-04-13 16:36:00
C039286,suspicious_identity,"Beneficiary card created 12 Apr 2026, 2 days before this admission",P135,M026041,F135,MG001A,5940.0,5940.0,2026-04-14 11:33:00
C039301,suspicious_identity,"Beneficiary card created 13 Apr 2026, 1 days before this admission",P135,M026092,F135,MG071A,9094.0,9900.0,2026-04-14 12:30:00
C039429,suspicious_identity,"Beneficiary card created 08 Apr 2026, 6 days before this admission",P135,M026077,F135,MG017A,11880.0,11880.0,2026-04-14 23:30:00
C039585,suspicious_identity,"Beneficiary card created 09 Apr 2026, 6 days before this admission",P027,M026302,F027,MG009A,5940.0,5940.0,2026-04-15 18:06:00
C039713,suspicious_identity,"Beneficiary card created 10 Apr 2026, 6 days before this admission",P027,M026219,F027,MG070A,9900.0,9900.0,2026-04-16 11:40:00
C039791,suspicious_identity,"Beneficiary card created 15 Apr 2026, 1 days before this admission",P027,M026254,F027,MG071A,9900.0,9900.0,2026-04-16 17:31:00
C039837,suspicious_identity,"Beneficiary card created 10 Apr 2026, 6 days before this admission",P298,M026128,F298,MG029A,3600.0,3600.0,2026-04-16 23:14:00
C039958,suspicious_identity,"Beneficiary card created 15 Apr 2026, 2 days before this admission",P027,M026274,F027,MG021A,11880.0,11880.0,2026-04-17 12:46:00
C040204,suspicious_identity,"Beneficiary card created 16 Apr 2026, 2 days before this admission",P135,M026018,F135,MG016A,9900.0,9900.0,2026-04-18 12:05:00
C040210,suspicious_identity,"Beneficiary card created 16 Apr 2026, 2 days before this admission",P135,M026071,F135,MG071A,6054.0,7920.0,2026-04-18 12:11:00
C040362,suspicious_identity,"Beneficiary card created 15 Apr 2026, 4 days before this admission",P027,M026192,F027,MG003A,3960.0,3960.0,2026-04-19 09:20:00
C040604,suspicious_identity,"Beneficiary card created 14 Apr 2026, 6 days before this admission",P298,M026172,F298,MG071A,18000.0,18000.0,2026-04-20 12:35:00
C040947,suspicious_identity,"Beneficiary card created 20 Apr 2026, 2 days before this admission",P135,M026068,F135,MG070A,5900.0,7920.0,2026-04-22 09:23:00
C040952,suspicious_identity,"Beneficiary card created 16 Apr 2026, 6 days before this admission",P027,M026301,F027,MG001A,5940.0,5940.0,2026-04-22 09:31:00
C041004,suspicious_identity,"Beneficiary card created 19 Apr 2026, 3 days before this admission",P135,M026036,F135,MG004A,9900.0,9900.0,2026-04-22 12:39:00
C041015,suspicious_identity,"Beneficiary card created 17 Apr 2026, 5 days before this admission",P298,M026165,F298,SG050A,14200.0,14200.0,2026-04-22 13:13:00
C041031,suspicious_identity,"Beneficiary card created 19 Apr 2026, 3 days before this admission",P298,M026132,F298,MG049C,12600.0,12600.0,2026-04-22 14:22:00
C041078,suspicious_identity,"Beneficiary card created 16 Apr 2026, 6 days before this admission",P298,M026155,F298,MG006A,5400.0,5400.0,2026-04-22 17:24:00
C041365,suspicious_identity,"Beneficiary card created 18 Apr 2026, 6 days before this admission",P298,M026170,F298,MG070A,5400.0,5400.0,2026-04-24 11:11:00
C041731,suspicious_identity,"Beneficiary card created 25 Apr 2026, 1 days before this admission",P298,M026156,F298,MG003A,13500.0,13500.0,2026-04-26 08:48:00
C041774,suspicious_identity,"Beneficiary card created 24 Apr 2026, 2 days before this admission",P135,M026058,F135,MG059A,11880.0,11880.0,2026-04-26 11:59:00
C041882,suspicious_identity,"Beneficiary card created 21 Apr 2026, 5 days before this admission",P135,M026052,F135,MG009A,3960.0,3960.0,2026-04-26 23:54:00
C041957,suspicious_identity,"Beneficiary card created 21 Apr 2026, 6 days before this admission",P298,M026187,F298,MG059A,9000.0,9000.0,2026-04-27 11:41:00
C042413,suspicious_identity,"Beneficiary card created 23 Apr 2026, 6 days before this admission",P027,M026236,F027,MG064A,7182.0,7920.0,2026-04-29 15:42:00
C042542,suspicious_identity,"Beneficiary card created 25 Apr 2026, 5 days before this admission",P135,M026034,F135,SG050A,14622.0,15620.0,2026-04-30 09:13:00
C042547,suspicious_identity,"Beneficiary card created 28 Apr 2026, 2 days before this admission",P027,M026263,F027,MG059A,9900.0,9900.0,2026-04-30 09:21:00
C042795,suspicious_identity,"Beneficiary card created 29 Apr 2026, 1 days before this admission",P027,M026291,F027,SG051B,17240.0,19140.0,2026-04-30 18:47:00
C042866,suspicious_identity,"Beneficiary card created 25 Apr 2026, 6 days before this admission",P027,M026300,F027,MG016A,6990.0,7920.0,2026-05-01 09:11:00
C042919,suspicious_identity,"Beneficiary card created 30 Apr 2026, 1 days before this admission",P298,M026142,F298,SG050A,14200.0,14200.0,2026-05-01 12:42:00
C043333,suspicious_identity,"Beneficiary card created 01 May 2026, 1 days before this admission",P027,M026222,F027,SG050A,15620.0,15620.0,2026-05-02 15:30:00
C043413,suspicious_identity,"Beneficiary card created 30 Apr 2026, 2 days before this admission",P298,M026112,F298,SG050A,14200.0,14200.0,2026-05-02 17:58:00
C043449,suspicious_identity,"Beneficiary card created 27 Apr 2026, 5 days before this admission",P135,M026044,F135,SG050A,15620.0,15620.0,2026-05-02 23:09:00
C043627,suspicious_identity,"Beneficiary card created 30 Apr 2026, 3 days before this admission",P298,M026169,F298,MG038A,1800.0,1800.0,2026-05-03 22:22:00
C043747,suspicious_identity,"Beneficiary card created 01 May 2026, 3 days before this admission",P135,M026061,F135,MG001A,7920.0,7920.0,2026-05-04 13:43:00
C043930,suspicious_identity,"Beneficiary card created 02 May 2026, 3 days before this admission",P135,M026054,F135,MG016A,15840.0,15840.0,2026-05-05 11:12:00
C044034,suspicious_identity,"Beneficiary card created 04 May 2026, 1 days before this admission",P135,M026007,F135,MG071A,7920.0,7920.0,2026-05-05 17:37:00
C044083,suspicious_identity,"Beneficiary card created 01 May 2026, 5 days before this admission",P135,M026002,F135,MG071A,11880.0,11880.0,2026-05-06 02:22:00
C044183,suspicious_identity,"Beneficiary card created 03 May 2026, 3 days before this admission",P135,M026095,F135,MG071A,15840.0,15840.0,2026-05-06 13:12:00
C044316,suspicious_identity,"Beneficiary card created 03 May 2026, 4 days before this admission",P027,M026248,F027,MG038A,15840.0,15840.0,2026-05-07 08:14:00
C044616,suspicious_identity,"Beneficiary card created 02 May 2026, 6 days before this admission",P027,M026193,F027,SG051B,19140.0,19140.0,2026-05-08 13:06:00
C044769,suspicious_identity,"Beneficiary card created 05 May 2026, 4 days before this admission",P135,M026081,F135,MG017A,8493.0,9900.0,2026-05-09 10:11:00
C044806,suspicious_identity,"Beneficiary card created 03 May 2026, 6 days before this admission",P027,M026299,F027,SG051B,19140.0,19140.0,2026-05-09 12:30:00
C044815,suspicious_identity,"Beneficiary card created 07 May 2026, 2 days before this admission",P027,M026276,F027,MG064A,4925.0,5940.0,2026-05-09 13:02:00
C045067,suspicious_identity,"Beneficiary card created 04 May 2026, 6 days before this admission",P135,M026031,F135,MG021A,7920.0,7920.0,2026-05-10 16:26:00
C045124,suspicious_identity,"Beneficiary card created 06 May 2026, 4 days before this admission",P027,M026286,F027,MG004A,9900.0,9900.0,2026-05-10 23:16:00
C045203,suspicious_identity,"Beneficiary card created 09 May 2026, 2 days before this admission",P298,M026105,F298,SG032A,15000.0,15000.0,2026-05-11 09:41:00
C045397,suspicious_identity,"Beneficiary card created 09 May 2026, 2 days before this admission",P135,M026078,F135,MG009A,6470.0,8910.0,2026-05-11 22:25:00
C045629,suspicious_identity,"Beneficiary card created 12 May 2026, 1 days before this admission",P027,M026247,F027,MG049C,35640.0,35640.0,2026-05-13 09:36:00
C045689,suspicious_identity,"Beneficiary card created 07 May 2026, 6 days before this admission",P135,M026065,F135,MG017A,15840.0,15840.0,2026-05-13 14:03:00
C045801,suspicious_identity,"Beneficiary card created 08 May 2026, 6 days before this admission",P135,M026086,F135,MG009A,7920.0,7920.0,2026-05-14 07:32:00
C045834,suspicious_identity,"Beneficiary card created 13 May 2026, 1 days before this admission",P298,M026109,F298,MG016A,7200.0,7200.0,2026-05-14 09:49:00
C045973,suspicious_identity,"Beneficiary card created 11 May 2026, 3 days before this admission",P027,M026206,F027,MG016A,19800.0,19800.0,2026-05-14 19:58:00
C046217,suspicious_identity,"Beneficiary card created 10 May 2026, 6 days before this admission",P027,M026201,F027,MG059A,7920.0,7920.0,2026-05-16 01:31:00
C046237,suspicious_identity,"Beneficiary card created 14 May 2026, 2 days before this admission",P027,M026269,F027,SG017A,12100.0,12100.0,2026-05-16 08:01:00
C046489,suspicious_identity,"Beneficiary card created 12 May 2026, 5 days before this admission",P298,M026104,F298,MG059A,5400.0,5400.0,2026-05-17 12:43:00
C046603,suspicious_identity,"Beneficiary card created 12 May 2026, 6 days before this admission",P135,M026079,F135,SG039C,25080.0,25080.0,2026-05-18 00:59:00
C046797,suspicious_identity,"Beneficiary card created 16 May 2026, 3 days before this admission",P027,M026283,F027,MG009A,3960.0,3960.0,2026-05-19 02:01:00
C046848,suspicious_identity,"Beneficiary card created 14 May 2026, 5 days before this admission",P135,M026099,F135,SG051B,19140.0,19140.0,2026-05-19 10:05:00
C047018,suspicious_identity,"Beneficiary card created 17 May 2026, 3 days before this admission",P298,M026111,F298,MG004A,9000.0,9000.0,2026-05-20 03:50:00
C047020,suspicious_identity,"Beneficiary card created 19 May 2026, 1 days before this admission",P298,M026115,F298,MG016A,9000.0,9000.0,2026-05-20 05:16:00
C047121,suspicious_identity,"Beneficiary card created 18 May 2026, 2 days before this admission",P298,M026143,F298,SG050A,14200.0,14200.0,2026-05-20 14:02:00
C047176,suspicious_identity,"Beneficiary card created 18 May 2026, 2 days before this admission",P027,M026217,F027,MG059A,13740.0,15840.0,2026-05-20 17:27:00
C047366,suspicious_identity,"Beneficiary card created 19 May 2026, 2 days before this admission",P135,M026033,F135,MG038A,6612.0,7920.0,2026-05-21 15:52:00
C047735,suspicious_identity,"Beneficiary card created 18 May 2026, 5 days before this admission",P027,M026213,F027,SG017A,12100.0,12100.0,2026-05-23 12:54:00
C047770,suspicious_identity,"Beneficiary card created 21 May 2026, 2 days before this admission",P135,M026089,F135,SG017A,12100.0,12100.0,2026-05-23 15:07:00
C047810,suspicious_identity,"Beneficiary card created 22 May 2026, 1 days before this admission",P135,M026051,F135,MG017A,11880.0,11880.0,2026-05-23 17:43:00
C047922,suspicious_identity,"Beneficiary card created 23 May 2026, 1 days before this admission",P298,M026121,F298,SG032A,15000.0,15000.0,2026-05-24 11:41:00
C047972,suspicious_identity,"Beneficiary card created 20 May 2026, 4 days before this admission",P027,M026227,F027,MG064A,3960.0,3960.0,2026-05-24 14:56:00
C048221,suspicious_identity,"Beneficiary card created 19 May 2026, 6 days before this admission",P298,M026131,F298,MG009A,1800.0,1800.0,2026-05-25 17:40:00
C048422,suspicious_identity,"Beneficiary card created 25 May 2026, 1 days before this admission",P298,M026160,F298,MG029A,9000.0,9000.0,2026-05-26 16:57:00
C048561,suspicious_identity,"Beneficiary card created 26 May 2026, 1 days before this admission",P135,M026088,F135,SG032A,16500.0,16500.0,2026-05-27 11:44:00
C048582,suspicious_identity,"Beneficiary card created 24 May 2026, 3 days before this admission",P298,M026138,F298,MG045A,13327.0,18000.0,2026-05-27 13:13:00
C048840,suspicious_identity,"Beneficiary card created 27 May 2026, 1 days before this admission",P027,M026233,F027,SG039C,22692.0,25080.0,2026-05-28 19:03:00
C048911,suspicious_identity,"Beneficiary card created 23 May 2026, 6 days before this admission",P298,M026147,F298,MG064A,10800.0,10800.0,2026-05-29 09:02:00
C048967,suspicious_identity,"Beneficiary card created 26 May 2026, 3 days before this admission",P135,M026097,F135,MG009A,7920.0,7920.0,2026-05-29 13:12:00
C049435,suspicious_identity,"Beneficiary card created 30 May 2026, 1 days before this admission",P135,M026029,F135,SG050A,15620.0,15620.0,2026-05-31 02:54:00
C049439,suspicious_identity,"Beneficiary card created 27 May 2026, 4 days before this admission",P027,M026270,F027,MG071A,11880.0,11880.0,2026-05-31 03:21:00
C049502,suspicious_identity,"Beneficiary card created 27 May 2026, 4 days before this admission",P027,M026242,F027,MG001A,4652.0,5940.0,2026-05-31 12:13:00
C049584,suspicious_identity,"Beneficiary card created 26 May 2026, 5 days before this admission",P298,M026141,F298,MG029A,9000.0,9000.0,2026-05-31 20:45:00
C049766,suspicious_identity,"Beneficiary card created 27 May 2026, 5 days before this admission",P298,M026135,F298,SG050A,14200.0,14200.0,2026-06-01 20:19:00
C049910,suspicious_identity,"Beneficiary card created 01 Jun 2026, 1 days before this admission",P298,M026163,F298,MG006A,16200.0,16200.0,2026-06-02 15:25:00
C049982,suspicious_identity,"Beneficiary card created 30 May 2026, 3 days before this admission",P135,M026062,F135,MG016A,11880.0,11880.0,2026-06-02 23:08:00
C050206,suspicious_identity,"Beneficiary card created 01 Jun 2026, 3 days before this admission",P135,M026010,F135,MG001A,7920.0,7920.0,2026-06-04 08:24:00
C050207,suspicious_identity,"Beneficiary card created 03 Jun 2026, 1 days before this admission",P298,M026130,F298,MG045A,12600.0,12600.0,2026-06-04 08:33:00
C050267,suspicious_identity,"Beneficiary card created 30 May 2026, 5 days before this admission",P135,M026043,F135,MG029A,12241.0,15840.0,2026-06-04 12:09:00
C050292,suspicious_identity,"Beneficiary card created 02 Jun 2026, 2 days before this admission",P135,M026022,F135,MG038A,7920.0,7920.0,2026-06-04 14:35:00
C050822,suspicious_identity,"Beneficiary card created 03 Jun 2026, 3 days before this admission",P135,M026020,F135,SG032A,16500.0,16500.0,2026-06-06 23:29:00
C051426,suspicious_identity,"Beneficiary card created 07 Jun 2026, 2 days before this admission",P027,M026189,F027,MG038A,13860.0,13860.0,2026-06-09 17:32:00
C051467,suspicious_identity,"Beneficiary card created 04 Jun 2026, 5 days before this admission",P298,M026140,F298,MG045A,12600.0,12600.0,2026-06-09 23:15:00
C051586,suspicious_identity,"Beneficiary card created 05 Jun 2026, 5 days before this admission",P298,M026151,F298,MG071A,14400.0,14400.0,2026-06-10 13:40:00
C052185,suspicious_identity,"Beneficiary card created 08 Jun 2026, 5 days before this admission",P027,M026290,F027,SG039C,25080.0,25080.0,2026-06-13 13:08:00
C052502,suspicious_identity,"Beneficiary card created 12 Jun 2026, 2 days before this admission",P135,M026075,F135,MG006A,5940.0,5940.0,2026-06-14 23:16:00
C052828,suspicious_identity,"Beneficiary card created 14 Jun 2026, 2 days before this admission",P298,M026150,F298,SG051B,17400.0,17400.0,2026-06-16 15:27:00
C052891,suspicious_identity,"Beneficiary card created 11 Jun 2026, 5 days before this admission",P298,M026162,F298,MG049C,12600.0,12600.0,2026-06-16 22:56:00
C053142,suspicious_identity,"Beneficiary card created 15 Jun 2026, 3 days before this admission",P027,M026296,F027,SG050A,15620.0,15620.0,2026-06-18 09:09:00
C053222,suspicious_identity,"Beneficiary card created 16 Jun 2026, 2 days before this admission",P135,M026047,F135,MG017A,26730.0,26730.0,2026-06-18 14:42:00
C053227,suspicious_identity,"Beneficiary card created 16 Jun 2026, 2 days before this admission",P298,M026158,F298,MG064A,5400.0,5400.0,2026-06-18 15:18:00
C053377,suspicious_identity,"Beneficiary card created 17 Jun 2026, 2 days before this admission",P027,M026215,F027,MG006A,11880.0,11880.0,2026-06-19 11:02:00
C053401,suspicious_identity,"Beneficiary card created 17 Jun 2026, 2 days before this admission",P027,M026287,F027,SG032A,16500.0,16500.0,2026-06-19 12:46:00
C053478,suspicious_identity,"Beneficiary card created 14 Jun 2026, 5 days before this admission",P027,M026190,F027,MG021A,5940.0,5940.0,2026-06-19 19:18:00
C053501,suspicious_identity,"Beneficiary card created 18 Jun 2026, 1 days before this admission",P135,M026021,F135,MG070A,3960.0,3960.0,2026-06-19 23:11:00
C054232,suspicious_identity,"Beneficiary card created 22 Jun 2026, 1 days before this admission",P135,M026016,F135,MG001A,8910.0,8910.0,2026-06-23 10:38:00
C054260,suspicious_identity,"Beneficiary card created 21 Jun 2026, 2 days before this admission",P298,M026183,F298,MG049C,9000.0,9000.0,2026-06-23 12:29:00
C054428,suspicious_identity,"Beneficiary card created 18 Jun 2026, 6 days before this admission",P298,M026149,F298,MG038A,7200.0,7200.0,2026-06-24 08:44:00
C054503,suspicious_identity,"Beneficiary card created 20 Jun 2026, 4 days before this admission",P027,M026199,F027,MG064A,7920.0,7920.0,2026-06-24 13:15:00
C054627,suspicious_identity,"Beneficiary card created 20 Jun 2026, 5 days before this admission",P298,M026154,F298,MG071A,5400.0,5400.0,2026-06-25 06:48:00
C054693,suspicious_identity,"Beneficiary card created 21 Jun 2026, 4 days before this admission",P135,M026080,F135,MG003A,5940.0,5940.0,2026-06-25 12:13:00
C054791,suspicious_identity,"Beneficiary card created 23 Jun 2026, 2 days before this admission",P027,M026268,F027,SG050A,15620.0,15620.0,2026-06-25 20:14:00
C054953,suspicious_identity,"Beneficiary card created 25 Jun 2026, 1 days before this admission",P027,M026245,F027,MG029A,11880.0,11880.0,2026-06-26 15:53:00
C055147,suspicious_identity,"Beneficiary card created 25 Jun 2026, 2 days before this admission",P135,M026067,F135,MG004A,9900.0,9900.0,2026-06-27 13:43:00
C055164,suspicious_identity,"Beneficiary card created 26 Jun 2026, 1 days before this admission",P027,M026256,F027,MG003A,5940.0,5940.0,2026-06-27 14:52:00
C055265,suspicious_identity,"Beneficiary card created 24 Jun 2026, 4 days before this admission",P298,M026145,F298,MG071A,14400.0,14400.0,2026-06-28 08:16:00
C055450,suspicious_identity,"Beneficiary card created 25 Jun 2026, 4 days before this admission",P298,M026180,F298,MG059A,10006.0,10800.0,2026-06-29 01:42:00
C055579,suspicious_identity,"Beneficiary card created 24 Jun 2026, 5 days before this admission",P135,M026055,F135,MG009A,5940.0,5940.0,2026-06-29 16:08:00
C055899,suspicious_identity,"Beneficiary card created 27 Jun 2026, 4 days before this admission",P135,M026038,F135,MG029A,3960.0,3960.0,2026-07-01 10:42:00
C056028,suspicious_identity,"Beneficiary card created 25 Jun 2026, 6 days before this admission",P027,M026203,F027,SG017A,12100.0,12100.0,2026-07-01 22:22:00
C056367,suspicious_identity,"Beneficiary card created 01 Jul 2026, 2 days before this admission",P027,M026292,F027,SG017A,12100.0,12100.0,2026-07-03 12:27:00
C056393,suspicious_identity,"Beneficiary card created 29 Jun 2026, 4 days before this admission",P135,M026082,F135,SG050A,15620.0,15620.0,2026-07-03 14:19:00
C056400,suspicious_identity,"Beneficiary card created 29 Jun 2026, 4 days before this admission",P027,M026214,F027,MG064A,3960.0,3960.0,2026-07-03 14:51:00
C057368,suspicious_identity,"Beneficiary card created 04 Jul 2026, 4 days before this admission",P298,M026186,F298,MG017A,9000.0,9000.0,2026-07-08 09:52:00
C057544,suspicious_identity,"Beneficiary card created 03 Jul 2026, 6 days before this admission",P298,M026122,F298,MG038A,7200.0,7200.0,2026-07-09 08:05:00
C057624,suspicious_identity,"Beneficiary card created 07 Jul 2026, 2 days before this admission",P027,M026220,F027,MG070A,9900.0,9900.0,2026-07-09 13:39:00
C057988,suspicious_identity,"Beneficiary card created 05 Jul 2026, 6 days before this admission",P298,M026181,F298,MG045A,17062.0,18000.0,2026-07-11 10:20:00
C058220,suspicious_identity,"Beneficiary card created 09 Jul 2026, 3 days before this admission",P027,M026204,F027,MG017A,19800.0,19800.0,2026-07-12 11:38:00
C058413,suspicious_identity,"Beneficiary card created 10 Jul 2026, 3 days before this admission",P027,M026225,F027,MG006A,4167.0,5940.0,2026-07-13 10:16:00
C058419,suspicious_identity,"Beneficiary card created 12 Jul 2026, 1 days before this admission",P135,M026083,F135,MG045A,13860.0,13860.0,2026-07-13 10:28:00
C058422,suspicious_identity,"Beneficiary card created 07 Jul 2026, 6 days before this admission",P027,M026202,F027,MG004A,7920.0,7920.0,2026-07-13 10:48:00
C058552,suspicious_identity,"Beneficiary card created 09 Jul 2026, 4 days before this admission",P298,M026166,F298,SG017A,11000.0,11000.0,2026-07-13 21:54:00
C058743,suspicious_identity,"Beneficiary card created 09 Jul 2026, 5 days before this admission",P027,M026279,F027,MG004A,15840.0,15840.0,2026-07-14 18:04:00
C059029,suspicious_identity,"Beneficiary card created 12 Jul 2026, 4 days before this admission",P135,M026084,F135,MG009A,7920.0,7920.0,2026-07-16 08:20:00
C059085,suspicious_identity,"Beneficiary card created 11 Jul 2026, 5 days before this admission",P027,M026209,F027,MG003A,5940.0,5940.0,2026-07-16 11:39:00
C059102,suspicious_identity,"Beneficiary card created 15 Jul 2026, 1 days before this admission",P027,M026253,F027,MG009A,4350.0,5940.0,2026-07-16 12:41:00
C059294,suspicious_identity,"Beneficiary card created 13 Jul 2026, 4 days before this admission",P027,M026240,F027,MG006A,11880.0,11880.0,2026-07-17 12:11:00
C059309,suspicious_identity,"Beneficiary card created 15 Jul 2026, 2 days before this admission",P135,M026017,F135,MG021A,15840.0,15840.0,2026-07-17 13:54:00
C059534,suspicious_identity,"Beneficiary card created 12 Jul 2026, 6 days before this admission",P027,M026196,F027,MG038A,13860.0,13860.0,2026-07-18 15:21:00
C059537,suspicious_identity,"Beneficiary card created 15 Jul 2026, 3 days before this admission",P135,M026053,F135,MG064A,6807.0,7920.0,2026-07-18 15:30:00
C059587,suspicious_identity,"Beneficiary card created 14 Jul 2026, 4 days before this admission",P135,M026004,F135,SG017A,12100.0,12100.0,2026-07-18 22:40:00
C059679,suspicious_identity,"Beneficiary card created 18 Jul 2026, 1 days before this admission",P298,M026136,F298,SG039C,22800.0,22800.0,2026-07-19 11:00:00
C059789,suspicious_identity,"Beneficiary card created 18 Jul 2026, 1 days before this admission",P135,M026098,F135,MG017A,13860.0,13860.0,2026-07-19 16:58:00
C059913,suspicious_identity,"Beneficiary card created 17 Jul 2026, 3 days before this admission",P027,M026200,F027,MG009A,5940.0,5940.0,2026-07-20 10:24:00
C060011,suspicious_identity,"Beneficiary card created 19 Jul 2026, 1 days before this admission",P027,M026264,F027,SG017A,8916.0,12100.0,2026-07-20 16:45:00
C060275,suspicious_identity,"Beneficiary card created 16 Jul 2026, 5 days before this admission",P027,M026280,F027,MG001A,4205.0,5940.0,2026-07-21 21:47:00
C060281,suspicious_identity,"Beneficiary card created 15 Jul 2026, 6 days before this admission",P135,M026042,F135,MG059A,8746.0,9900.0,2026-07-21 22:56:00
C060290,suspicious_identity,"Beneficiary card created 21 Jul 2026, 1 days before this admission",P298,M026103,F298,MG070A,10800.0,10800.0,2026-07-22 00:54:00
C060355,suspicious_identity,"Beneficiary card created 20 Jul 2026, 2 days before this admission",P135,M026073,F135,SG050A,15620.0,15620.0,2026-07-22 10:45:00
C060790,suspicious_identity,"Beneficiary card created 18 Jul 2026, 6 days before this admission",P135,M026049,F135,MG049C,7920.0,7920.0,2026-07-24 11:57:00
C060890,suspicious_identity,"Beneficiary card created 21 Jul 2026, 3 days before this admission",P027,M026210,F027,MG016A,6312.0,7920.0,2026-07-24 19:53:00
C060950,suspicious_identity,"Beneficiary card created 24 Jul 2026, 1 days before this admission",P298,M026188,F298,MG045A,18000.0,18000.0,2026-07-25 08:44:00
C060951,suspicious_identity,"Beneficiary card created 22 Jul 2026, 3 days before this admission",P298,M026161,F298,MG017A,9000.0,9000.0,2026-07-25 08:50:00
C061088,suspicious_identity,"Beneficiary card created 20 Jul 2026, 5 days before this admission",P027,M026266,F027,MG009A,7920.0,7920.0,2026-07-25 18:49:00
C061114,suspicious_identity,"Beneficiary card created 23 Jul 2026, 2 days before this admission",P135,M026090,F135,SG051B,19140.0,19140.0,2026-07-25 22:41:00
C061193,suspicious_identity,"Beneficiary card created 24 Jul 2026, 2 days before this admission",P027,M026198,F027,MG003A,7920.0,7920.0,2026-07-26 10:40:00
C061210,suspicious_identity,"Beneficiary card created 25 Jul 2026, 1 days before this admission",P027,M026281,F027,SG017A,12100.0,12100.0,2026-07-26 11:54:00
C061678,suspicious_identity,"Beneficiary card created 27 Jul 2026, 1 days before this admission",P135,M026027,F135,SG051B,19140.0,19140.0,2026-07-28 15:00:00
C062041,suspicious_identity,"Beneficiary card created 28 Jul 2026, 2 days before this admission",P298,M026174,F298,MG001A,9000.0,9000.0,2026-07-30 12:40:00
C062613,suspicious_identity,"Beneficiary card created 28 Jul 2026, 5 days before this admission",P298,M026182,F298,MG059A,16200.0,16200.0,2026-08-02 09:35:00
C062696,suspicious_identity,"Beneficiary card created 28 Jul 2026, 5 days before this admission",P135,M026056,F135,SG051B,19140.0,19140.0,2026-08-02 14:23:00
C062824,suspicious_identity,"Beneficiary card created 02 Aug 2026, 1 days before this admission",P135,M026069,F135,SG017A,12100.0,12100.0,2026-08-03 09:24:00
C063048,suspicious_identity,"Beneficiary card created 31 Jul 2026, 4 days before this admission",P135,M026025,F135,MG006A,11880.0,11880.0,2026-08-04 09:51:00
C063109,suspicious_identity,"Beneficiary card created 29 Jul 2026, 6 days before this admission",P298,M026153,F298,MG021A,8048.0,9000.0,2026-08-04 13:24:00
C063132,suspicious_identity,"Beneficiary card created 02 Aug 2026, 2 days before this admission",P027,M026261,F027,MG017A,9900.0,9900.0,2026-08-04 15:03:00
C063188,suspicious_identity,"Beneficiary card created 03 Aug 2026, 1 days before this admission",P135,M026093,F135,SG032A,16500.0,16500.0,2026-08-04 17:58:00
C063267,suspicious_identity,"Beneficiary card created 01 Aug 2026, 4 days before this admission",P135,M026045,F135,MG049C,11880.0,11880.0,2026-08-05 09:04:00
C063307,suspicious_identity,"Beneficiary card created 30 Jul 2026, 6 days before this admission",P135,M026008,F135,MG038A,7920.0,7920.0,2026-08-05 12:05:00
C063345,suspicious_identity,"Beneficiary card created 03 Aug 2026, 2 days before this admission",P027,M026194,F027,MG049C,19800.0,19800.0,2026-08-05 14:12:00
C063424,suspicious_identity,"Beneficiary card created 04 Aug 2026, 1 days before this admission",P135,M026024,F135,SG039C,25080.0,25080.0,2026-08-05 21:03:00
C063561,suspicious_identity,"Beneficiary card created 01 Aug 2026, 5 days before this admission",P027,M026197,F027,MG016A,7920.0,7920.0,2026-08-06 12:53:00
C063817,suspicious_identity,"Beneficiary card created 03 Aug 2026, 4 days before this admission",P135,M026066,F135,MG049C,9900.0,9900.0,2026-08-07 14:48:00
C064134,suspicious_identity,"Beneficiary card created 04 Aug 2026, 4 days before this admission",P135,M026006,F135,MG021A,5940.0,5940.0,2026-08-08 22:40:00
C064233,suspicious_identity,"Beneficiary card created 08 Aug 2026, 1 days before this admission",P135,M026040,F135,MG001A,5940.0,5940.0,2026-08-09 12:23:00
C064406,suspicious_identity,"Beneficiary card created 07 Aug 2026, 3 days before this admission",P027,M026232,F027,MG045A,9900.0,9900.0,2026-08-10 09:49:00
C064681,suspicious_identity,"Beneficiary card created 08 Aug 2026, 3 days before this admission",P027,M026289,F027,SG050A,15620.0,15620.0,2026-08-11 13:14:00
C064756,suspicious_identity,"Beneficiary card created 10 Aug 2026, 1 days before this admission",P298,M026108,F298,MG070A,14400.0,14400.0,2026-08-11 18:01:00
C064881,suspicious_identity,"Beneficiary card created 07 Aug 2026, 5 days before this admission",P135,M026070,F135,SG032A,16500.0,16500.0,2026-08-12 13:15:00
C064945,suspicious_identity,"Beneficiary card created 11 Aug 2026, 1 days before this admission",P027,M026224,F027,MG016A,23760.0,23760.0,2026-08-12 17:14:00
C064955,suspicious_identity,"Beneficiary card created 09 Aug 2026, 3 days before this admission",P135,M026059,F135,SG039C,25080.0,25080.0,2026-08-12 17:59:00
C065076,suspicious_identity,"Beneficiary card created 12 Aug 2026, 1 days before this admission",P135,M026032,F135,MG029A,4797.0,5940.0,2026-08-13 09:12:00
C065617,suspicious_identity,"Beneficiary card created 14 Aug 2026, 1 days before this admission",P135,M026013,F135,SG017A,12100.0,12100.0,2026-08-15 08:05:00
C066108,suspicious_identity,"Beneficiary card created 16 Aug 2026, 1 days before this admission",P027,M026195,F027,MG001A,7920.0,7920.0,2026-08-17 11:57:00
C066187,suspicious_identity,"Beneficiary card created 13 Aug 2026, 4 days before this admission",P135,M026039,F135,SG050A,15620.0,15620.0,2026-08-17 15:42:00
C066306,suspicious_identity,"Beneficiary card created 17 Aug 2026, 1 days before this admission",P298,M026119,F298,MG016A,6835.0,9000.0,2026-08-18 08:18:00
C066336,suspicious_identity,"Beneficiary card created 16 Aug 2026, 2 days before this admission",P135,M026046,F135,SG051B,19140.0,19140.0,2026-08-18 09:59:00
C066376,suspicious_identity,"Beneficiary card created 14 Aug 2026, 4 days before this admission",P027,M026244,F027,MG059A,34650.0,34650.0,2026-08-18 12:49:00
C066449,suspicious_identity,"Beneficiary card created 14 Aug 2026, 4 days before this admission",P135,M026101,F135,MG049C,19800.0,19800.0,2026-08-18 17:27:00
C066586,suspicious_identity,"Beneficiary card created 13 Aug 2026, 6 days before this admission",P298,M026129,F298,MG016A,10800.0,10800.0,2026-08-19 11:51:00
C066657,suspicious_identity,"Beneficiary card created 13 Aug 2026, 6 days before this admission",P135,M026035,F135,MG004A,7920.0,7920.0,2026-08-19 16:36:00
C066862,suspicious_identity,"Beneficiary card created 15 Aug 2026, 5 days before this admission",P135,M026076,F135,MG016A,5940.0,5940.0,2026-08-20 16:45:00
C067071,suspicious_identity,"Beneficiary card created 17 Aug 2026, 4 days before this admission",P298,M026133,F298,MG045A,14400.0,14400.0,2026-08-21 16:13:00
C067156,suspicious_identity,"Beneficiary card created 19 Aug 2026, 3 days before this admission",P027,M026216,F027,SG051B,19140.0,19140.0,2026-08-22 03:37:00
C067485,suspicious_identity,"Beneficiary card created 20 Aug 2026, 3 days before this admission",P298,M026114,F298,MG001A,4260.0,5400.0,2026-08-23 14:12:00
C067486,suspicious_identity,"Beneficiary card created 22 Aug 2026, 1 days before this admission",P027,M026265,F027,SG051B,19140.0,19140.0,2026-08-23 14:20:00
C067575,suspicious_identity,"Beneficiary card created 20 Aug 2026, 3 days before this admission",P027,M026273,F027,MG006A,13860.0,13860.0,2026-08-23 23:09:00
C067665,suspicious_identity,"Beneficiary card created 21 Aug 2026, 3 days before this admission",P298,M026179,F298,MG017A,7200.0,7200.0,2026-08-24 11:17:00
C067702,suspicious_identity,"Beneficiary card created 18 Aug 2026, 6 days before this admission",P027,M026229,F027,MG006A,9900.0,9900.0,2026-08-24 13:14:00
C067750,suspicious_identity,"Beneficiary card created 20 Aug 2026, 4 days before this admission",P135,M026064,F135,MG049C,3960.0,3960.0,2026-08-24 16:01:00
C067918,suspicious_identity,"Beneficiary card created 20 Aug 2026, 5 days before this admission",P135,M026102,F135,MG017A,17820.0,17820.0,2026-08-25 13:41:00
C068136,suspicious_identity,"Beneficiary card created 22 Aug 2026, 4 days before this admission",P027,M026271,F027,MG038A,32670.0,32670.0,2026-08-26 12:30:00
C068323,suspicious_identity,"Beneficiary card created 21 Aug 2026, 6 days before this admission",P027,M026251,F027,MG038A,13860.0,13860.0,2026-08-27 09:47:00
C068732,suspicious_identity,"Beneficiary card created 28 Aug 2026, 1 days before this admission",P135,M026026,F135,SG017A,12100.0,12100.0,2026-08-29 08:41:00
C068971,suspicious_identity,"Beneficiary card created 25 Aug 2026, 5 days before this admission",P298,M026118,F298,MG049C,12600.0,12600.0,2026-08-30 09:31:00
C068977,suspicious_identity,"Beneficiary card created 25 Aug 2026, 5 days before this admission",P135,M026050,F135,MG021A,39600.0,39600.0,2026-08-30 09:58:00
C069155,suspicious_identity,"Beneficiary card created 27 Aug 2026, 4 days before this admission",P027,M026278,F027,MG006A,13860.0,13860.0,2026-08-31 06:39:00
C069456,suspicious_identity,"Beneficiary card created 27 Aug 2026, 5 days before this admission",P027,M026258,F027,MG038A,7920.0,7920.0,2026-09-01 15:23:00
C069550,suspicious_identity,"Beneficiary card created 27 Aug 2026, 5 days before this admission",P298,M026171,F298,MG049C,3600.0,3600.0,2026-09-01 23:55:00
C069551,suspicious_identity,"Beneficiary card created 28 Aug 2026, 5 days before this admission",P135,M026048,F135,MG029A,7920.0,7920.0,2026-09-02 00:29:00
C069558,suspicious_identity,"Beneficiary card created 01 Sep 2026, 1 days before this admission",P135,M026057,F135,MG009A,7920.0,7920.0,2026-09-02 02:17:00
C069869,suspicious_identity,"Beneficiary card created 01 Sep 2026, 2 days before this admission",P298,M026178,F298,MG009A,3600.0,3600.0,2026-09-03 10:14:00
C070119,suspicious_identity,"Beneficiary card created 31 Aug 2026, 4 days before this admission",P135,M026063,F135,MG059A,9900.0,9900.0,2026-09-04 10:18:00
C070225,suspicious_identity,"Beneficiary card created 29 Aug 2026, 6 days before this admission",P027,M026212,F027,MG009A,11880.0,11880.0,2026-09-04 16:54:00
C070306,suspicious_identity,"Beneficiary card created 01 Sep 2026, 4 days before this admission",P298,M026167,F298,MG001A,18000.0,18000.0,2026-09-05 08:13:00
C070597,suspicious_identity,"Beneficiary card created 04 Sep 2026, 2 days before this admission",P298,M026152,F298,MG045A,5400.0,5400.0,2026-09-06 11:57:00
C070635,suspicious_identity,"Beneficiary card created 31 Aug 2026, 6 days before this admission",P027,M026293,F027,SG032A,16500.0,16500.0,2026-09-06 13:50:00
C070649,suspicious_identity,"Beneficiary card created 05 Sep 2026, 1 days before this admission",P027,M026234,F027,MG009A,3960.0,3960.0,2026-09-06 14:23:00
C070729,suspicious_identity,"Beneficiary card created 03 Sep 2026, 4 days before this admission",P135,M026001,F135,SG032A,16500.0,16500.0,2026-09-07 01:35:00
C070948,suspicious_identity,"Beneficiary card created 05 Sep 2026, 3 days before this admission",P135,M026014,F135,SG039C,25080.0,25080.0,2026-09-08 05:23:00
C071045,suspicious_identity,"Beneficiary card created 07 Sep 2026, 1 days before this admission",P027,M026230,F027,MG045A,19800.0,19800.0,2026-09-08 14:58:00
C071061,suspicious_identity,"Beneficiary card created 02 Sep 2026, 6 days before this admission",P135,M026005,F135,SG051B,19140.0,19140.0,2026-09-08 15:43:00
C071297,suspicious_identity,"Beneficiary card created 04 Sep 2026, 5 days before this admission",P135,M026019,F135,MG045A,15840.0,15840.0,2026-09-09 18:33:00
C071328,suspicious_identity,"Beneficiary card created 04 Sep 2026, 6 days before this admission",P135,M026037,F135,MG009A,7920.0,7920.0,2026-09-10 01:27:00
C071385,suspicious_identity,"Beneficiary card created 04 Sep 2026, 6 days before this admission",P298,M026144,F298,SG050A,14200.0,14200.0,2026-09-10 09:38:00
C071420,suspicious_identity,"Beneficiary card created 09 Sep 2026, 1 days before this admission",P027,M026208,F027,MG049C,13860.0,13860.0,2026-09-10 11:30:00
C071536,suspicious_identity,"Beneficiary card created 05 Sep 2026, 5 days before this admission",P135,M026023,F135,SG051B,19140.0,19140.0,2026-09-10 18:47:00
C071628,suspicious_identity,"Beneficiary card created 09 Sep 2026, 2 days before this admission",P027,M026294,F027,MG049C,17820.0,17820.0,2026-09-11 10:02:00
C071711,suspicious_identity,"Beneficiary card created 07 Sep 2026, 4 days before this admission",P135,M026015,F135,MG006A,3960.0,3960.0,2026-09-11 15:57:00
C071723,suspicious_identity,"Beneficiary card created 08 Sep 2026, 3 days before this admission",P135,M026030,F135,SG017A,12100.0,12100.0,2026-09-11 16:57:00
C071981,suspicious_identity,"Beneficiary card created 06 Sep 2026, 6 days before this admission",P298,M026106,F298,MG045A,8791.0,10800.0,2026-09-12 17:09:00
C072102,suspicious_identity,"Beneficiary card created 11 Sep 2026, 2 days before this admission",P135,M026009,F135,MG001A,1980.0,1980.0,2026-09-13 10:59:00
C072121,suspicious_identity,"Beneficiary card created 12 Sep 2026, 1 days before this admission",P298,M026175,F298,SG017A,11000.0,11000.0,2026-09-13 12:23:00
C072161,suspicious_identity,"Beneficiary card created 07 Sep 2026, 6 days before this admission",P135,M026003,F135,MG059A,9900.0,9900.0,2026-09-13 14:46:00
C072180,suspicious_identity,"Beneficiary card created 12 Sep 2026, 1 days before this admission",P135,M026028,F135,MG070A,7920.0,7920.0,2026-09-13 15:54:00
C072247,suspicious_identity,"Beneficiary card created 09 Sep 2026, 4 days before this admission",P027,M026262,F027,MG006A,7920.0,7920.0,2026-09-13 23:21:00
C072500,suspicious_identity,"Beneficiary card created 11 Sep 2026, 4 days before this admission",P135,M026072,F135,MG004A,5940.0,5940.0,2026-09-15 08:34:00
C072524,suspicious_identity,"Beneficiary card created 09 Sep 2026, 6 days before this admission",P027,M026237,F027,MG071A,7920.0,7920.0,2026-09-15 09:46:00
C072638,suspicious_identity,"Beneficiary card created 13 Sep 2026, 2 days before this admission",P298,M026110,F298,MG017A,12600.0,12600.0,2026-09-15 16:49:00
C072797,suspicious_identity,"Beneficiary card created 12 Sep 2026, 4 days before this admission",P027,M026284,F027,MG006A,19800.0,19800.0,2026-09-16 12:54:00
C072908,suspicious_identity,"Beneficiary card created 14 Sep 2026, 2 days before this admission",P027,M026221,F027,SG017A,12100.0,12100.0,2026-09-16 22:01:00
C073456,suspicious_identity,"Beneficiary card created 15 Sep 2026, 4 days before this admission",P135,M026091,F135,SG032A,16500.0,16500.0,2026-09-19 12:17:00
C073509,suspicious_identity,"Beneficiary card created 14 Sep 2026, 5 days before this admission",P027,M026259,F027,MG029A,23760.0,23760.0,2026-09-19 16:02:00
C073549,suspicious_identity,"Beneficiary card created 18 Sep 2026, 1 days before this admission",P298,M026184,F298,SG039C,22800.0,22800.0,2026-09-19 19:54:00
C073738,suspicious_identity,"Beneficiary card created 15 Sep 2026, 5 days before this admission",P135,M026094,F135,MG004A,9900.0,9900.0,2026-09-20 16:51:00
C073798,suspicious_identity,"Beneficiary card created 16 Sep 2026, 4 days before this admission",P298,M026164,F298,MG006A,13500.0,13500.0,2026-09-20 23:45:00
C073817,suspicious_identity,"Beneficiary card created 16 Sep 2026, 5 days before this admission",P027,M026243,F027,MG064A,7920.0,7920.0,2026-09-21 08:07:00
C074031,suspicious_identity,"Beneficiary card created 17 Sep 2026, 5 days before this admission",P135,M026074,F135,MG038A,31680.0,31680.0,2026-09-22 09:30:00
C074232,suspicious_identity,"Beneficiary card created 20 Sep 2026, 3 days before this admission",P298,M026173,F298,SG032A,15000.0,15000.0,2026-09-23 08:10:00
C074464,suspicious_identity,"Beneficiary card created 18 Sep 2026, 6 days before this admission",P027,M026298,F027,MG038A,7920.0,7920.0,2026-09-24 09:00:00
C074642,suspicious_identity,"Beneficiary card created 19 Sep 2026, 6 days before this admission",P027,M026275,F027,MG029A,3960.0,3960.0,2026-09-25 01:32:00
C074745,suspicious_identity,"Beneficiary card created 24 Sep 2026, 1 days before this admission",P135,M026087,F135,SG017A,12100.0,12100.0,2026-09-25 12:21:00
C074812,suspicious_identity,"Beneficiary card created 23 Sep 2026, 2 days before this admission",P027,M026252,F027,MG049C,9900.0,9900.0,2026-09-25 17:09:00
C074915,suspicious_identity,"Beneficiary card created 23 Sep 2026, 3 days before this admission",P027,M026272,F027,MG006A,13860.0,13860.0,2026-09-26 08:36:00
C075056,suspicious_identity,"Beneficiary card created 20 Sep 2026, 6 days before this admission",P298,M026123,F298,SG032A,15000.0,15000.0,2026-09-26 21:17:00
C075062,suspicious_identity,"Beneficiary card created 20 Sep 2026, 6 days before this admission",P298,M026117,F298,MG045A,5400.0,5400.0,2026-09-26 22:22:00
C075361,suspicious_identity,"Beneficiary card created 26 Sep 2026, 2 days before this admission",P027,M026297,F027,MG004A,5291.0,5940.0,2026-09-28 12:35:00
C075602,suspicious_identity,"Beneficiary card created 27 Sep 2026, 2 days before this admission",P135,M026085,F135,MG070A,4568.0,5940.0,2026-09-29 13:18:00
C075632,suspicious_identity,"Beneficiary card created 25 Sep 2026, 4 days before this admission",P027,M026288,F027,MG021A,6412.0,7920.0,2026-09-29 14:58:00
C000464,duplicate_document,Document DOC67d8d5b8dc also attached to claims for 1 other beneficiary,P225,M006964,F225,SB039,88000.0,88000.0,2025-10-03 10:59:00
C000491,duplicate_document,Document DOCf5853317cd also attached to claims for 4 other beneficiaries,P004,M006623,F004,SO057,11500.0,11500.0,2025-10-03 12:39:00
C000863,duplicate_document,Document DOC015768a607 also attached to claims for 6 other beneficiaries,P263,M000742,F263,MC020A,17900.0,17900.0,2025-10-05 10:43:00
C001216,duplicate_document,Document DOCfc9fcd7c1a also attached to claims for 2 other beneficiaries,P263,M004271,F263,MG072D,2000.0,2000.0,2025-10-07 00:05:00
C002001,duplicate_document,Document DOC19fbc555ad also attached to claims for 3 other beneficiaries,P004,M020969,F004,MN002A,10240.0,12000.0,2025-10-10 19:01:00
C002177,duplicate_document,Document DOC063144c6b6 also attached to claims for 3 other beneficiaries,P004,M022186,F004,MG006A,10800.0,10800.0,2025-10-11 15:56:00
C002196,duplicate_document,Document DOC3ae762dc75 also attached to claims for 5 other beneficiaries,P263,M021644,F263,MG070A,7200.0,7200.0,2025-10-11 16:42:00
C002202,duplicate_document,Document DOCc446e9352a also attached to claims for 1 other beneficiary,P263,M017731,F263,MG059A,5400.0,5400.0,2025-10-11 17:17:00
C002766,duplicate_document,Document DOC7f1ca06447 also attached to claims for 3 other beneficiaries,P225,M005056,F225,MG070A,5940.0,5940.0,2025-10-14 16:08:00
C002829,duplicate_document,Document DOC071ff1ce97 also attached to claims for 9 other beneficiaries,P263,M001124,F263,MG072D,2000.0,2000.0,2025-10-15 00:52:00
C003054,duplicate_document,Document DOC78ca4292eb also attached to claims for 2 other beneficiaries,P004,M005314,F004,MG072D,2000.0,2000.0,2025-10-16 03:44:00
C003114,duplicate_document,Document DOC576b9b473f also attached to claims for 1 other beneficiary,P263,M021499,F263,SB014A,12700.0,12700.0,2025-10-16 11:09:00
C003244,duplicate_document,Document DOC4a9549f3a9 also attached to claims for 2 other beneficiaries,P263,M011884,F263,SB010A,14900.0,14900.0,2025-10-17 01:33:00
C003386,duplicate_document,Document DOCd5935b0283 also attached to claims for 1 other beneficiary,P004,M003795,F004,SG039C,22800.0,22800.0,2025-10-17 16:18:00
C004453,duplicate_document,Document DOC9ec42d2749 also attached to claims for 4 other beneficiaries,P004,M023690,F004,SG039C,22800.0,22800.0,2025-10-23 02:57:00
C004537,duplicate_document,Document DOC7e9c1af81f also attached to claims for 6 other beneficiaries,P004,M009784,F004,MC011A,72200.0,72200.0,2025-10-23 12:54:00
C004702,duplicate_document,Document DOCb37ae689dc also attached to claims for 1 other beneficiary,P225,M005140,F225,MG072D,2200.0,2200.0,2025-10-24 10:09:00
C004749,duplicate_document,Document DOCacb1c39409 also attached to claims for 4 other beneficiaries,P263,M013878,F263,MG001A,5991.0,7200.0,2025-10-24 13:37:00
C004839,duplicate_document,Document DOCf3ae554a2a also attached to claims for 4 other beneficiaries,P263,M016017,F263,ER003A,1700.0,1700.0,2025-10-24 23:29:00
C004956,duplicate_document,Document DOCe96d5de731 also attached to claims for 5 other beneficiaries,P263,M017527,F263,MG001A,5400.0,5400.0,2025-10-25 15:27:00
C004975,duplicate_document,Document DOC0a139d7abc also attached to claims for 6 other beneficiaries,P263,M000738,F263,SB039,80000.0,80000.0,2025-10-25 16:43:00
C005455,duplicate_document,Document DOC0da37e3f89 also attached to claims for 3 other beneficiaries,P004,M000423,F004,SB010A,14900.0,14900.0,2025-10-28 10:45:00
C005477,duplicate_document,Document DOCcea3525cdd also attached to claims for 4 other beneficiaries,P004,M017721,F004,SL016,7500.0,7500.0,2025-10-28 12:02:00
C005581,duplicate_document,Document DOC3e6fdbbc27 also attached to claims for 1 other beneficiary,P004,M017821,F004,ER003A,1374.0,1700.0,2025-10-28 22:38:00
C007609,duplicate_document,Document DOC327939454c also attached to claims for 6 other beneficiaries,P263,M004268,F263,MG001A,7200.0,7200.0,2025-11-08 08:12:00
C008024,duplicate_document,Document DOC7068c42776 also attached to claims for 1 other beneficiary,P225,M004365,F225,SO057,10346.0,12650.0,2025-11-10 09:23:00
C008532,duplicate_document,Document DOCa2d88daa5b also attached to claims for 2 other beneficiaries,P225,M012135,F225,SG039C,25080.0,25080.0,2025-11-12 16:30:00
C008653,duplicate_document,Document DOC634bbb2571 also attached to claims for 2 other beneficiaries,P225,M014067,F225,MG021A,19800.0,19800.0,2025-11-13 10:58:00
C009503,duplicate_document,Document DOC0206373761 also attached to claims for 4 other beneficiaries,P225,M006896,F225,SG050A,15620.0,15620.0,2025-11-17 15:28:00
C010279,duplicate_document,Document DOCa9868be8fa also attached to claims for 1 other beneficiary,P225,M005321,F225,MG009A,5940.0,5940.0,2025-11-21 14:26:00
C014959,duplicate_document,Document DOC071ff1ce97 also attached to claims for 9 other beneficiaries,P263,M016638,F263,SG039C,22800.0,22800.0,2025-12-14 11:21:00
C015742,duplicate_document,Document DOC015768a607 also attached to claims for 6 other beneficiaries,P263,M023135,F263,MG064A,5400.0,5400.0,2025-12-18 02:39:00
C016855,duplicate_document,Document DOCfc9fcd7c1a also attached to claims for 2 other beneficiaries,P263,M021273,F263,SB010A,14900.0,14900.0,2025-12-23 17:19:00
C017863,duplicate_document,Document DOC3ae762dc75 also attached to claims for 5 other beneficiaries,P263,M021642,F263,MG021A,9000.0,9000.0,2025-12-29 05:33:00
C019202,duplicate_document,Document DOCf3ae554a2a also attached to claims for 4 other beneficiaries,P263,M000864,F263,MG038A,7200.0,7200.0,2026-01-04 20:09:00
C019625,duplicate_document,Document DOCe96d5de731 also attached to claims for 5 other beneficiaries,P263,M009720,F263,SG050A,13090.0,14200.0,2026-01-07 05:41:00
C023914,duplicate_document,Document DOC634bbb2571 also attached to claims for 2 other beneficiaries,P225,M009989,F225,MG072D,2200.0,2200.0,2026-01-28 13:35:00
C024695,duplicate_document,Document DOC7068c42776 also attached to claims for 1 other beneficiary,P225,M025086,F225,MG004A,3960.0,3960.0,2026-02-01 07:01:00
C025008,duplicate_document,Document DOCc446e9352a also attached to claims for 1 other beneficiary,P263,M002779,F263,MG059A,14400.0,14400.0,2026-02-02 18:47:00
C026899,duplicate_document,Document DOC7f1ca06447 also attached to claims for 3 other beneficiaries,P225,M005379,F225,MG009A,7920.0,7920.0,2026-02-12 08:49:00
C027165,duplicate_document,Document DOC0da37e3f89 also attached to claims for 3 other beneficiaries,P004,M022414,F004,SB010A,14900.0,14900.0,2026-02-13 12:42:00
C028104,duplicate_document,Document DOCe96d5de731 also attached to claims for 5 other beneficiaries,P263,M023136,F263,SB019B,15800.0,15800.0,2026-02-18 11:20:00
C028706,duplicate_document,Document DOC3ae762dc75 also attached to claims for 5 other beneficiaries,P263,M001528,F263,ER003A,1700.0,1700.0,2026-02-21 10:27:00
C028717,duplicate_document,Document DOC0206373761 also attached to claims for 4 other beneficiaries,P225,M003649,F225,SB014A,13970.0,13970.0,2026-02-21 11:18:00
C029255,duplicate_document,Document DOC327939454c also attached to claims for 6 other beneficiaries,P263,M017188,F263,SG039C,22800.0,22800.0,2026-02-24 08:43:00
C030240,duplicate_document,Document DOC071ff1ce97 also attached to claims for 9 other beneficiaries,P263,M019420,F263,MC020A,17900.0,17900.0,2026-03-01 07:00:00
C030720,duplicate_document,Document DOCacb1c39409 also attached to claims for 4 other beneficiaries,P263,M022070,F263,MG006A,7200.0,7200.0,2026-03-03 00:11:00
C031231,duplicate_document,Document DOC071ff1ce97 also attached to claims for 9 other beneficiaries,P263,M002776,F263,MG072D,2000.0,2000.0,2026-03-05 14:43:00
C031887,duplicate_document,Document DOCcea3525cdd also attached to claims for 4 other beneficiaries,P004,M016776,F004,MG059A,7200.0,7200.0,2026-03-08 17:44:00
C032026,duplicate_document,Document DOCf3ae554a2a also attached to claims for 4 other beneficiaries,P263,M003120,F263,MG001A,9000.0,9000.0,2026-03-09 12:27:00
C032065,duplicate_document,Document DOC3e6fdbbc27 also attached to claims for 1 other beneficiary,P004,M002088,F004,SB010A,14900.0,14900.0,2026-03-09 16:00:00
C032090,duplicate_document,Document DOC327939454c also attached to claims for 6 other beneficiaries,P263,M007619,F263,SG051B,17400.0,17400.0,2026-03-09 17:28:00
C032220,duplicate_document,Document DOCf5853317cd also attached to claims for 4 other beneficiaries,P004,M001482,F004,SG050A,14200.0,14200.0,2026-03-10 11:29:00
C032780,duplicate_document,Document DOCacb1c39409 also attached to claims for 4 other beneficiaries,P263,M002776,F263,MG072D,2000.0,2000.0,2026-03-12 23:21:00
C034038,duplicate_document,Document DOC0da37e3f89 also attached to claims for 3 other beneficiaries,P004,M017334,F004,MG072D,2000.0,2000.0,2026-03-19 07:14:00
C034127,duplicate_document,Document DOCb37ae689dc also attached to claims for 1 other beneficiary,P225,M019124,F225,MG029A,11880.0,11880.0,2026-03-19 13:17:00
C034422,duplicate_document,Document DOC9ec42d2749 also attached to claims for 4 other beneficiaries,P004,M015503,F004,ER003A,1303.0,1700.0,2026-03-20 17:36:00
C035356,duplicate_document,Document DOC19fbc555ad also attached to claims for 3 other beneficiaries,P004,M017334,F004,MG072D,2000.0,2000.0,2026-03-25 13:24:00
C036094,duplicate_document,Document DOC7e9c1af81f also attached to claims for 6 other beneficiaries,P004,M017334,F004,MG072D,2000.0,2000.0,2026-03-29 12:04:00
C037492,duplicate_document,Document DOC015768a607 also attached to claims for 6 other beneficiaries,P263,M017731,F263,SB010A,14900.0,14900.0,2026-04-05 12:43:00
C040070,duplicate_document,Document DOC327939454c also attached to claims for 6 other beneficiaries,P263,M002776,F263,MG072D,2000.0,2000.0,2026-04-17 19:50:00
C040128,duplicate_document,Document DOCf5853317cd also attached to claims for 4 other beneficiaries,P004,M009865,F004,SL016,6521.0,7500.0,2026-04-18 05:18:00
C040238,duplicate_document,Document DOC19fbc555ad also attached to claims for 3 other beneficiaries,P004,M004447,F004,SG051B,17400.0,17400.0,2026-04-18 14:07:00
C040488,duplicate_document,Document DOC0a139d7abc also attached to claims for 6 other beneficiaries,P263,M008785,F263,SB010A,14900.0,14900.0,2026-04-19 19:26:00
C040740,duplicate_document,Document DOC576b9b473f also attached to claims for 1 other beneficiary,P263,M005300,F263,MG029A,10800.0,10800.0,2026-04-21 08:47:00
C041889,duplicate_document,Document DOC67d8d5b8dc also attached to claims for 1 other beneficiary,P225,M022356,F225,SG051B,19140.0,19140.0,2026-04-27 01:21:00
C042907,duplicate_document,Document DOC9ec42d2749 also attached to claims for 4 other beneficiaries,P004,M019065,F004,SO057,11500.0,11500.0,2026-05-01 11:40:00
C043728,duplicate_document,Document DOC063144c6b6 also attached to claims for 3 other beneficiaries,P004,M001833,F004,MC011A,72200.0,72200.0,2026-05-04 12:38:00
C044042,duplicate_document,Document DOC071ff1ce97 also attached to claims for 9 other beneficiaries,P263,M019371,F263,MG049C,16200.0,16200.0,2026-05-05 19:26:00
C044539,duplicate_document,Document DOC015768a607 also attached to claims for 6 other beneficiaries,P263,M001124,F263,MG072D,2000.0,2000.0,2026-05-08 07:12:00
C044549,duplicate_document,Document DOC7e9c1af81f also attached to claims for 6 other beneficiaries,P004,M002863,F004,MG072D,2000.0,2000.0,2026-05-08 08:27:00
C045529,duplicate_document,Document DOCfc9fcd7c1a also attached to claims for 2 other beneficiaries,P263,M013275,F263,SG051B,17400.0,17400.0,2026-05-12 15:20:00
C046274,duplicate_document,Document DOCd5935b0283 also attached to claims for 1 other beneficiary,P004,M000859,F004,MG045A,19800.0,19800.0,2026-05-16 10:35:00
C046729,duplicate_document,Document DOC327939454c also attached to claims for 6 other beneficiaries,P263,M006047,F263,MC011A,72200.0,72200.0,2026-05-18 16:19:00
C046966,duplicate_document,Document DOC3ae762dc75 also attached to claims for 5 other beneficiaries,P263,M021017,F263,SB010A,14900.0,14900.0,2026-05-19 18:19:00
C047304,duplicate_document,Document DOC063144c6b6 also attached to claims for 3 other beneficiaries,P004,M022182,F004,SG050A,14200.0,14200.0,2026-05-21 11:38:00
C047424,duplicate_document,Document DOC0a139d7abc also attached to claims for 6 other beneficiaries,P263,M010978,F263,SB019B,15800.0,15800.0,2026-05-21 21:17:00
C047452,duplicate_document,Document DOC19fbc555ad also attached to claims for 3 other beneficiaries,P004,M007098,F004,MG016A,7200.0,7200.0,2026-05-22 06:13:00
C047555,duplicate_document,Document DOC015768a607 also attached to claims for 6 other beneficiaries,P263,M002776,F263,MG072D,1771.0,2000.0,2026-05-22 15:23:00
C047569,duplicate_document,Document DOC7e9c1af81f also attached to claims for 6 other beneficiaries,P004,M006621,F004,SG050A,14200.0,14200.0,2026-05-22 16:13:00
C048327,duplicate_document,Document DOCcea3525cdd also attached to claims for 4 other beneficiaries,P004,M015994,F004,MG001A,3600.0,3600.0,2026-05-26 10:20:00
C049139,duplicate_document,Document DOCa9868be8fa also attached to claims for 1 other beneficiary,P225,M007136,F225,MG072D,2200.0,2200.0,2026-05-30 09:14:00
C049408,duplicate_document,Document DOCf3ae554a2a also attached to claims for 4 other beneficiaries,P263,M017526,F263,SB019B,15800.0,15800.0,2026-05-30 20:28:00
C049488,duplicate_document,Document DOC78ca4292eb also attached to claims for 2 other beneficiaries,P004,M025967,F004,SB020A,14000.0,14000.0,2026-05-31 10:56:00
C051387,duplicate_document,Document DOC4a9549f3a9 also attached to claims for 2 other beneficiaries,P263,M022656,F263,MG029A,12600.0,12600.0,2026-06-09 14:46:00
C051666,duplicate_document,Document DOCe96d5de731 also attached to claims for 5 other beneficiaries,P263,M019421,F263,MG001A,7200.0,7200.0,2026-06-10 19:39:00
C052329,duplicate_document,Document DOCf5853317cd also attached to claims for 4 other beneficiaries,P004,M017334,F004,MG072D,2000.0,2000.0,2026-06-14 08:50:00
C052462,duplicate_document,Document DOC4a9549f3a9 also attached to claims for 2 other beneficiaries,P263,M003879,F263,SG039C,22800.0,22800.0,2026-06-14 17:48:00
C052476,duplicate_document,Document DOCf3ae554a2a also attached to claims for 4 other beneficiaries,P263,M002824,F263,MG016A,21600.0,21600.0,2026-06-14 19:59:00
C052744,duplicate_document,Document DOCa2d88daa5b also attached to claims for 2 other beneficiaries,P225,M015598,F225,SO057,12650.0,12650.0,2026-06-16 08:26:00
C053886,duplicate_document,Document DOC634bbb2571 also attached to claims for 2 other beneficiaries,P225,M025042,F225,SG039C,25080.0,25080.0,2026-06-21 16:29:00
C055420,duplicate_document,Document DOC0206373761 also attached to claims for 4 other beneficiaries,P225,M023397,F225,SO057,12650.0,12650.0,2026-06-28 20:05:00
C055555,duplicate_document,Document DOCe96d5de731 also attached to claims for 5 other beneficiaries,P263,M000741,F263,MG001A,3600.0,3600.0,2026-06-29 14:29:00
C055606,duplicate_document,Document DOC3ae762dc75 also attached to claims for 5 other beneficiaries,P263,M001124,F263,MG072D,2000.0,2000.0,2026-06-29 17:44:00
C056445,duplicate_document,Document DOC78ca4292eb also attached to claims for 2 other beneficiaries,P004,M010675,F004,SG051B,17400.0,17400.0,2026-07-03 18:35:00
C059195,duplicate_document,Document DOC7f1ca06447 also attached to claims for 3 other beneficiaries,P225,M007136,F225,MG072D,2200.0,2200.0,2026-07-16 21:08:00
C059566,duplicate_document,Document DOCacb1c39409 also attached to claims for 4 other beneficiaries,P263,M000737,F263,SO057,11500.0,11500.0,2026-07-18 17:55:00
C059887,duplicate_document,Document DOC9ec42d2749 also attached to claims for 4 other beneficiaries,P004,M005314,F004,MG072D,2000.0,2000.0,2026-07-20 08:59:00
C060279,duplicate_document,Document DOC7e9c1af81f also attached to claims for 6 other beneficiaries,P004,M003849,F004,MG001A,3600.0,3600.0,2026-07-21 22:54:00
C060584,duplicate_document,Document DOCf5853317cd also attached to claims for 4 other beneficiaries,P004,M011603,F004,SB010A,14900.0,14900.0,2026-07-23 12:40:00
C060872,duplicate_document,Document DOC063144c6b6 also attached to claims for 3 other beneficiaries,P004,M007177,F004,MG004A,5400.0,5400.0,2026-07-24 17:49:00
C061178,duplicate_document,Document DOC0da37e3f89 also attached to claims for 3 other beneficiaries,P004,M015275,F004,SG017A,11000.0,11000.0,2026-07-26 09:56:00
C062909,duplicate_document,Document DOC327939454c also attached to claims for 6 other beneficiaries,P263,M011880,F263,MG029A,7200.0,7200.0,2026-08-03 14:35:00
C063191,duplicate_document,Document DOCa2d88daa5b also attached to claims for 2 other beneficiaries,P225,M020955,F225,SB019B,17380.0,17380.0,2026-08-04 18:20:00
C064924,duplicate_document,Document DOC015768a607 also attached to claims for 6 other beneficiaries,P263,M011464,F263,SB010A,14900.0,14900.0,2026-08-12 16:12:00
C065624,duplicate_document,Document DOC071ff1ce97 also attached to claims for 9 other beneficiaries,P263,M021499,F263,SG017A,11000.0,11000.0,2026-08-15 08:42:00
C065830,duplicate_document,Document DOCcea3525cdd also attached to claims for 4 other beneficiaries,P004,M023691,F004,MG045A,7200.0,7200.0,2026-08-16 07:40:00
C066451,duplicate_document,Document DOC7e9c1af81f also attached to claims for 6 other beneficiaries,P004,M007179,F004,SO057,11500.0,11500.0,2026-08-18 17:31:00
C067417,duplicate_document,Document DOC327939454c also attached to claims for 6 other beneficiaries,P263,M013276,F263,MG064A,5400.0,5400.0,2026-08-23 08:57:00
C067529,duplicate_document,Document DOC0a139d7abc also attached to claims for 6 other beneficiaries,P263,M021273,F263,SG050A,14200.0,14200.0,2026-08-23 16:52:00
C067797,duplicate_document,Document DOC9ec42d2749 also attached to claims for 4 other beneficiaries,P004,M021874,F004,SG051B,13485.0,17400.0,2026-08-24 18:00:00
C067830,duplicate_document,Document DOC0a139d7abc also attached to claims for 6 other beneficiaries,P263,M008784,F263,SG039C,22800.0,22800.0,2026-08-25 00:10:00
C068230,duplicate_document,Document DOC071ff1ce97 also attached to claims for 9 other beneficiaries,P263,M021646,F263,MG009A,5946.0,7200.0,2026-08-26 17:59:00
C068303,duplicate_document,Document DOC015768a607 also attached to claims for 6 other beneficiaries,P263,M022072,F263,MG021A,5400.0,5400.0,2026-08-27 08:27:00
C068982,duplicate_document,Document DOCcea3525cdd also attached to claims for 4 other beneficiaries,P004,M003850,F004,MC011A,56703.0,72200.0,2026-08-30 10:31:00
C069059,duplicate_document,Document DOC7e9c1af81f also attached to claims for 6 other beneficiaries,P004,M020406,F004,MG016A,5400.0,5400.0,2026-08-30 15:56:00
C069468,duplicate_document,Document DOC071ff1ce97 also attached to claims for 9 other beneficiaries,P263,M004302,F263,MG004A,12600.0,12600.0,2026-09-01 16:00:00
C069921,duplicate_document,Document DOCacb1c39409 also attached to claims for 4 other beneficiaries,P263,M018571,F263,MG045A,5400.0,5400.0,2026-09-03 13:34:00
C069965,duplicate_document,Document DOC071ff1ce97 also attached to claims for 9 other beneficiaries,P263,M004271,F263,MG072D,2000.0,2000.0,2026-09-03 15:43:00
C070175,duplicate_document,Document DOC0206373761 also attached to claims for 4 other beneficiaries,P225,M007353,F225,SO057,12650.0,12650.0,2026-09-04 13:37:00
C070436,duplicate_document,Document DOC071ff1ce97 also attached to claims for 9 other beneficiaries,P263,M001526,F263,MG029A,9000.0,9000.0,2026-09-05 16:34:00
C071289,duplicate_document,Document DOC0a139d7abc also attached to claims for 6 other beneficiaries,P263,M022071,F263,SO057,11500.0,11500.0,2026-09-09 17:48:00
C072476,duplicate_document,Document DOC0a139d7abc also attached to claims for 6 other beneficiaries,P263,M008929,F263,MG009A,16200.0,16200.0,2026-09-15 00:42:00
C072843,duplicate_document,Document DOCe96d5de731 also attached to claims for 5 other beneficiaries,P263,M017188,F263,SO057,11500.0,11500.0,2026-09-16 16:15:00
C072863,duplicate_document,Document DOC7f1ca06447 also attached to claims for 3 other beneficiaries,P225,M005735,F225,MG009A,11880.0,11880.0,2026-09-16 17:12:00
C073725,duplicate_document,Document DOC3ae762dc75 also attached to claims for 5 other beneficiaries,P263,M017934,F263,SO057,11500.0,11500.0,2026-09-20 16:10:00
C075181,duplicate_document,Document DOC0206373761 also attached to claims for 4 other beneficiaries,P225,M006001,F225,MG016A,5940.0,5940.0,2026-09-27 14:01:00
C030243,bed_overrun,93 admissions on 01 Mar 2026 at a hospital with 12 beds,P025,M003823,F025,SE020,6047.0,7500.0,2026-03-01 08:04:00
C030244,bed_overrun,93 admissions on 01 Mar 2026 at a hospital with 12 beds,P025,M020249,F025,SE020,6119.0,7500.0,2026-03-01 08:12:00
C030245,bed_overrun,93 admissions on 01 Mar 2026 at a hospital with 12 beds,P025,M020146,F025,SE020,7500.0,7500.0,2026-03-01 08:13:00
C030247,bed_overrun,93 admissions on 01 Mar 2026 at a hospital with 12 beds,P025,M022688,F025,SE020,7500.0,7500.0,2026-03-01 08:17:00
C030249,bed_overrun,93 admissions on 01 Mar 2026 at a hospital with 12 beds,P025,M007905,F025,SE020,7500.0,7500.0,2026-03-01 08:26:00
C030252,bed_overrun,93 admissions on 01 Mar 2026 at a hospital with 12 beds,P025,M023192,F025,SE020,7500.0,7500.0,2026-03-01 08:26:00
C030253,bed_overrun,93 admissions on 01 Mar 2026 at a hospital with 12 beds,P025,M024298,F025,SE020,7500.0,7500.0,2026-03-01 08:27:00
C030254,bed_overrun,93 admissions on 01 Mar 2026 at a hospital with 12 beds,P025,M022867,F025,SE020,7500.0,7500.0,2026-03-01 08:30:00
C030255,bed_overrun,93 admissions on 01 Mar 2026 at a hospital with 12 beds,P025,M000147,F025,SE020,7500.0,7500.0,2026-03-01 08:32:00
C030257,bed_overrun,93 admissions on 01 Mar 2026 at a hospital with 12 beds,P025,M002701,F025,SE020,5532.0,7500.0,2026-03-01 08:40:00
C030259,bed_overrun,93 admissions on 01 Mar 2026 at a hospital with 12 beds,P025,M006884,F025,SE020,7500.0,7500.0,2026-03-01 08:47:00
C030260,bed_overrun,93 admissions on 01 Mar 2026 at a hospital with 12 beds,P025,M001721,F025,SE020,7500.0,7500.0,2026-03-01 08:50:00
C030263,bed_overrun,93 admissions on 01 Mar 2026 at a hospital with 12 beds,P025,M011788,F025,SE020,7500.0,7500.0,2026-03-01 09:02:00
C030271,bed_overrun,93 admissions on 01 Mar 2026 at a hospital with 12 beds,P025,M010687,F025,SE020,7500.0,7500.0,2026-03-01 09:21:00
C030272,bed_overrun,93 admissions on 01 Mar 2026 at a hospital with 12 beds,P025,M002700,F025,SE020,7500.0,7500.0,2026-03-01 09:26:00
C030277,bed_overrun,93 admissions on 01 Mar 2026 at a hospital with 12 beds,P025,M001718,F025,SE020,7500.0,7500.0,2026-03-01 09:33:00
C030278,bed_overrun,93 admissions on 01 Mar 2026 at a hospital with 12 beds,P025,M008247,F025,SE020,7500.0,7500.0,2026-03-01 09:35:00
C030279,bed_overrun,93 admissions on 01 Mar 2026 at a hospital with 12 beds,P025,M018452,F025,SE020,7500.0,7500.0,2026-03-01 09:43:00
C030287,bed_overrun,93 admissions on 01 Mar 2026 at a hospital with 12 beds,P025,M000144,F025,SE020,7500.0,7500.0,2026-03-01 10:03:00
C030288,bed_overrun,93 admissions on 01 Mar 2026 at a hospital with 12 beds,P025,M022473,F025,SE020,7500.0,7500.0,2026-03-01 10:05:00
C030289,bed_overrun,93 admissions on 01 Mar 2026 at a hospital with 12 beds,P025,M001721,F025,SE020,7500.0,7500.0,2026-03-01 10:08:00
C030293,bed_overrun,93 admissions on 01 Mar 2026 at a hospital with 12 beds,P025,M012472,F025,SE020,7500.0,7500.0,2026-03-01 10:22:00
C030295,bed_overrun,93 admissions on 01 Mar 2026 at a hospital with 12 beds,P025,M005344,F025,SE020,7500.0,7500.0,2026-03-01 10:24:00
C030300,bed_overrun,93 admissions on 01 Mar 2026 at a hospital with 12 beds,P025,M022338,F025,SE020,7500.0,7500.0,2026-03-01 10:44:00
C030302,bed_overrun,93 admissions on 01 Mar 2026 at a hospital with 12 beds,P025,M013152,F025,SE020,7500.0,7500.0,2026-03-01 10:47:00
C030306,bed_overrun,93 admissions on 01 Mar 2026 at a hospital with 12 beds,P025,M016243,F025,SE020,7500.0,7500.0,2026-03-01 10:51:00
C030310,bed_overrun,93 admissions on 01 Mar 2026 at a hospital with 12 beds,P025,M001848,F025,SE020,7500.0,7500.0,2026-03-01 10:58:00
C030311,bed_overrun,93 admissions on 01 Mar 2026 at a hospital with 12 beds,P025,M018770,F025,SE020,7500.0,7500.0,2026-03-01 10:58:00
C030317,bed_overrun,93 admissions on 01 Mar 2026 at a hospital with 12 beds,P025,M022475,F025,SE020,7500.0,7500.0,2026-03-01 11:10:00
C030318,bed_overrun,93 admissions on 01 Mar 2026 at a hospital with 12 beds,P025,M023144,F025,SE020,7500.0,7500.0,2026-03-01 11:16:00
C030320,bed_overrun,93 admissions on 01 Mar 2026 at a hospital with 12 beds,P025,M002503,F025,SE020,7500.0,7500.0,2026-03-01 11:18:00
C030321,bed_overrun,93 admissions on 01 Mar 2026 at a hospital with 12 beds,P025,M020876,F025,SE020,7500.0,7500.0,2026-03-01 11:21:00
C030325,bed_overrun,93 admissions on 01 Mar 2026 at a hospital with 12 beds,P025,M001602,F025,SE020,7500.0,7500.0,2026-03-01 11:33:00
C030328,bed_overrun,93 admissions on 01 Mar 2026 at a hospital with 12 beds,P025,M011649,F025,SE020,7500.0,7500.0,2026-03-01 11:39:00
C030330,bed_overrun,93 admissions on 01 Mar 2026 at a hospital with 12 beds,P025,M024066,F025,SE020,7500.0,7500.0,2026-03-01 11:49:00
C030334,bed_overrun,93 admissions on 01 Mar 2026 at a hospital with 12 beds,P025,M021884,F025,SE020,7500.0,7500.0,2026-03-01 11:56:00
C030335,bed_overrun,93 admissions on 01 Mar 2026 at a hospital with 12 beds,P025,M007976,F025,SE020,7500.0,7500.0,2026-03-01 11:57:00
C030336,bed_overrun,93 admissions on 01 Mar 2026 at a hospital with 12 beds,P025,M019575,F025,SE020,7500.0,7500.0,2026-03-01 11:58:00
C030338,bed_overrun,93 admissions on 01 Mar 2026 at a hospital with 12 beds,P025,M000492,F025,SE020,7500.0,7500.0,2026-03-01 12:04:00
C030339,bed_overrun,93 admissions on 01 Mar 2026 at a hospital with 12 beds,P025,M022865,F025,SE020,7500.0,7500.0,2026-03-01 12:07:00
C030345,bed_overrun,93 admissions on 01 Mar 2026 at a hospital with 12 beds,P025,M006241,F025,SE020,5596.0,7500.0,2026-03-01 12:29:00
C030347,bed_overrun,93 admissions on 01 Mar 2026 at a hospital with 12 beds,P025,M005395,F025,SE020,7500.0,7500.0,2026-03-01 12:39:00
C030350,bed_overrun,93 admissions on 01 Mar 2026 at a hospital with 12 beds,P025,M022866,F025,SE020,7500.0,7500.0,2026-03-01 12:44:00
C030351,bed_overrun,93 admissions on 01 Mar 2026 at a hospital with 12 beds,P025,M005726,F025,SE020,7500.0,7500.0,2026-03-01 12:49:00
C030352,bed_overrun,93 admissions on 01 Mar 2026 at a hospital with 12 beds,P025,M003150,F025,SE020,6578.0,7500.0,2026-03-01 12:50:00
C030356,bed_overrun,93 admissions on 01 Mar 2026 at a hospital with 12 beds,P025,M023152,F025,SE020,7500.0,7500.0,2026-03-01 13:00:00
C030358,bed_overrun,93 admissions on 01 Mar 2026 at a hospital with 12 beds,P025,M002586,F025,SE020,7500.0,7500.0,2026-03-01 13:01:00
C030365,bed_overrun,93 admissions on 01 Mar 2026 at a hospital with 12 beds,P025,M022818,F025,SE020,6388.0,7500.0,2026-03-01 13:19:00
C030366,bed_overrun,93 admissions on 01 Mar 2026 at a hospital with 12 beds,P025,M003820,F025,SE020,6984.0,7500.0,2026-03-01 13:19:00
C030367,bed_overrun,93 admissions on 01 Mar 2026 at a hospital with 12 beds,P025,M023191,F025,SE020,7500.0,7500.0,2026-03-01 13:22:00
C030368,bed_overrun,93 admissions on 01 Mar 2026 at a hospital with 12 beds,P025,M021148,F025,SE020,7500.0,7500.0,2026-03-01 13:24:00
C030369,bed_overrun,93 admissions on 01 Mar 2026 at a hospital with 12 beds,P025,M020250,F025,SE020,7500.0,7500.0,2026-03-01 13:25:00
C030370,bed_overrun,93 admissions on 01 Mar 2026 at a hospital with 12 beds,P025,M013005,F025,SE020,7500.0,7500.0,2026-03-01 13:28:00
C030371,bed_overrun,93 admissions on 01 Mar 2026 at a hospital with 12 beds,P025,M016863,F025,SE020,5855.0,7500.0,2026-03-01 13:32:00
C030374,bed_overrun,93 admissions on 01 Mar 2026 at a hospital with 12 beds,P025,M002504,F025,SE020,7500.0,7500.0,2026-03-01 13:40:00
C030379,bed_overrun,93 admissions on 01 Mar 2026 at a hospital with 12 beds,P025,M005015,F025,SE020,7500.0,7500.0,2026-03-01 13:48:00
C030390,bed_overrun,93 admissions on 01 Mar 2026 at a hospital with 12 beds,P025,M012696,F025,SE020,7500.0,7500.0,2026-03-01 14:12:00
C030391,bed_overrun,93 admissions on 01 Mar 2026 at a hospital with 12 beds,P025,M013501,F025,SE020,7500.0,7500.0,2026-03-01 14:12:00
C030396,bed_overrun,93 admissions on 01 Mar 2026 at a hospital with 12 beds,P025,M016864,F025,SE020,7500.0,7500.0,2026-03-01 14:19:00
C030397,bed_overrun,93 admissions on 01 Mar 2026 at a hospital with 12 beds,P025,M001266,F025,SE020,7500.0,7500.0,2026-03-01 14:25:00
C030398,bed_overrun,93 admissions on 01 Mar 2026 at a hospital with 12 beds,P025,M022690,F025,SE020,7500.0,7500.0,2026-03-01 14:25:00
C030400,bed_overrun,93 admissions on 01 Mar 2026 at a hospital with 12 beds,P025,M014987,F025,SE020,7500.0,7500.0,2026-03-01 14:28:00
C030401,bed_overrun,93 admissions on 01 Mar 2026 at a hospital with 12 beds,P025,M021394,F025,SE020,7500.0,7500.0,2026-03-01 14:36:00
C030402,bed_overrun,93 admissions on 01 Mar 2026 at a hospital with 12 beds,P025,M002668,F025,SE020,7500.0,7500.0,2026-03-01 14:38:00
C030403,bed_overrun,93 admissions on 01 Mar 2026 at a hospital with 12 beds,P025,M005726,F025,SE020,7500.0,7500.0,2026-03-01 14:41:00
C030406,bed_overrun,93 admissions on 01 Mar 2026 at a hospital with 12 beds,P025,M016953,F025,SE020,7500.0,7500.0,2026-03-01 14:42:00
C030407,bed_overrun,93 admissions on 01 Mar 2026 at a hospital with 12 beds,P025,M012311,F025,SE020,6805.0,7500.0,2026-03-01 14:43:00
C030414,bed_overrun,93 admissions on 01 Mar 2026 at a hospital with 12 beds,P025,M023307,F025,SE020,7500.0,7500.0,2026-03-01 15:10:00
C030416,bed_overrun,93 admissions on 01 Mar 2026 at a hospital with 12 beds,P025,M020146,F025,SE020,7500.0,7500.0,2026-03-01 15:21:00
C030420,bed_overrun,93 admissions on 01 Mar 2026 at a hospital with 12 beds,P025,M015425,F025,SE020,7500.0,7500.0,2026-03-01 15:41:00
C030421,bed_overrun,93 admissions on 01 Mar 2026 at a hospital with 12 beds,P025,M001602,F025,SE020,7500.0,7500.0,2026-03-01 15:42:00
C030423,bed_overrun,93 admissions on 01 Mar 2026 at a hospital with 12 beds,P025,M010687,F025,SE020,7500.0,7500.0,2026-03-01 15:43:00
C030428,bed_overrun,93 admissions on 01 Mar 2026 at a hospital with 12 beds,P025,M005737,F025,SE020,7500.0,7500.0,2026-03-01 16:01:00
C030434,bed_overrun,93 admissions on 01 Mar 2026 at a hospital with 12 beds,P025,M006241,F025,SE020,7500.0,7500.0,2026-03-01 16:21:00
C030435,bed_overrun,93 admissions on 01 Mar 2026 at a hospital with 12 beds,P025,M018458,F025,SE020,7500.0,7500.0,2026-03-01 16:26:00
C030439,bed_overrun,93 admissions on 01 Mar 2026 at a hospital with 12 beds,P025,M022691,F025,SE020,7500.0,7500.0,2026-03-01 16:34:00
C030441,bed_overrun,93 admissions on 01 Mar 2026 at a hospital with 12 beds,P025,M006750,F025,SE020,7500.0,7500.0,2026-03-01 16:38:00
C030448,bed_overrun,93 admissions on 01 Mar 2026 at a hospital with 12 beds,P025,M002668,F025,SE020,7500.0,7500.0,2026-03-01 16:45:00
C030450,bed_overrun,93 admissions on 01 Mar 2026 at a hospital with 12 beds,P025,M022337,F025,SE020,7500.0,7500.0,2026-03-01 16:56:00
C030453,bed_overrun,93 admissions on 01 Mar 2026 at a hospital with 12 beds,P025,M022866,F025,SE020,7500.0,7500.0,2026-03-01 16:59:00
C030455,bed_overrun,93 admissions on 01 Mar 2026 at a hospital with 12 beds,P025,M022817,F025,SE020,7500.0,7500.0,2026-03-01 17:01:00
C030456,bed_overrun,93 admissions on 01 Mar 2026 at a hospital with 12 beds,P025,M013152,F025,SE020,5939.0,7500.0,2026-03-01 17:01:00
C030461,bed_overrun,93 admissions on 01 Mar 2026 at a hospital with 12 beds,P025,M002952,F025,SE020,7500.0,7500.0,2026-03-01 17:26:00
C030465,bed_overrun,93 admissions on 01 Mar 2026 at a hospital with 12 beds,P025,M022690,F025,SE020,7500.0,7500.0,2026-03-01 17:33:00
C030466,bed_overrun,93 admissions on 01 Mar 2026 at a hospital with 12 beds,P025,M020734,F025,SE020,7500.0,7500.0,2026-03-01 17:34:00
C030468,bed_overrun,93 admissions on 01 Mar 2026 at a hospital with 12 beds,P025,M014080,F025,SE020,7500.0,7500.0,2026-03-01 17:38:00
C030470,bed_overrun,93 admissions on 01 Mar 2026 at a hospital with 12 beds,P025,M006884,F025,SE020,7500.0,7500.0,2026-03-01 17:40:00
C030471,bed_overrun,93 admissions on 01 Mar 2026 at a hospital with 12 beds,P025,M011787,F025,SE020,7500.0,7500.0,2026-03-01 17:41:00
C030472,bed_overrun,93 admissions on 01 Mar 2026 at a hospital with 12 beds,P025,M004992,F025,SE020,7500.0,7500.0,2026-03-01 17:41:00
C030473,bed_overrun,93 admissions on 01 Mar 2026 at a hospital with 12 beds,P025,M005399,F025,SE020,7500.0,7500.0,2026-03-01 17:44:00
C030474,bed_overrun,93 admissions on 01 Mar 2026 at a hospital with 12 beds,P025,M008817,F025,SE020,7500.0,7500.0,2026-03-01 17:54:00
C030476,bed_overrun,93 admissions on 01 Mar 2026 at a hospital with 12 beds,P025,M013153,F025,SE020,7500.0,7500.0,2026-03-01 17:56:00
C030477,bed_overrun,93 admissions on 01 Mar 2026 at a hospital with 12 beds,P025,M018772,F025,SE020,7500.0,7500.0,2026-03-01 17:57:00
C032158,bed_overrun,52 admissions on 10 Mar 2026 at a hospital with 12 beds,P025,M011029,F025,SE020,7500.0,7500.0,2026-03-10 08:02:00
C032167,bed_overrun,52 admissions on 10 Mar 2026 at a hospital with 12 beds,P025,M013153,F025,SE020,7500.0,7500.0,2026-03-10 08:56:00
C032170,bed_overrun,52 admissions on 10 Mar 2026 at a hospital with 12 beds,P025,M025045,F025,SE020,7500.0,7500.0,2026-03-10 09:00:00
C032171,bed_overrun,52 admissions on 10 Mar 2026 at a hospital with 12 beds,P025,M002468,F025,SE020,7500.0,7500.0,2026-03-10 09:01:00
C032172,bed_overrun,52 admissions on 10 Mar 2026 at a hospital with 12 beds,P025,M000727,F025,SE020,7500.0,7500.0,2026-03-10 09:05:00
C032174,bed_overrun,52 admissions on 10 Mar 2026 at a hospital with 12 beds,P025,M011437,F025,SE020,7500.0,7500.0,2026-03-10 09:07:00
C032175,bed_overrun,52 admissions on 10 Mar 2026 at a hospital with 12 beds,P025,M024301,F025,SE020,7500.0,7500.0,2026-03-10 09:07:00
C032176,bed_overrun,52 admissions on 10 Mar 2026 at a hospital with 12 beds,P025,M016426,F025,SE020,7500.0,7500.0,2026-03-10 09:08:00
C032177,bed_overrun,52 admissions on 10 Mar 2026 at a hospital with 12 beds,P025,M024299,F025,SE020,5503.0,7500.0,2026-03-10 09:09:00
C032180,bed_overrun,52 admissions on 10 Mar 2026 at a hospital with 12 beds,P025,M020735,F025,SE020,7500.0,7500.0,2026-03-10 09:11:00
C032183,bed_overrun,52 admissions on 10 Mar 2026 at a hospital with 12 beds,P025,M022868,F025,SE020,7500.0,7500.0,2026-03-10 09:21:00
C032186,bed_overrun,52 admissions on 10 Mar 2026 at a hospital with 12 beds,P025,M013394,F025,SE020,7500.0,7500.0,2026-03-10 09:27:00
C032188,bed_overrun,52 admissions on 10 Mar 2026 at a hospital with 12 beds,P025,M012990,F025,SE020,7500.0,7500.0,2026-03-10 09:43:00
C032189,bed_overrun,52 admissions on 10 Mar 2026 at a hospital with 12 beds,P025,M013005,F025,SE020,7500.0,7500.0,2026-03-10 09:45:00
C032206,bed_overrun,52 admissions on 10 Mar 2026 at a hospital with 12 beds,P025,M018769,F025,SE020,7500.0,7500.0,2026-03-10 10:40:00
C032207,bed_overrun,52 admissions on 10 Mar 2026 at a hospital with 12 beds,P025,M025048,F025,SE020,7500.0,7500.0,2026-03-10 10:40:00
C032209,bed_overrun,52 admissions on 10 Mar 2026 at a hospital with 12 beds,P025,M023156,F025,SE020,7500.0,7500.0,2026-03-10 10:41:00
C032212,bed_overrun,52 admissions on 10 Mar 2026 at a hospital with 12 beds,P025,M000200,F025,SE020,7500.0,7500.0,2026-03-10 10:47:00
C032213,bed_overrun,52 admissions on 10 Mar 2026 at a hospital with 12 beds,P025,M025048,F025,SE020,7500.0,7500.0,2026-03-10 10:50:00
C032216,bed_overrun,52 admissions on 10 Mar 2026 at a hospital with 12 beds,P025,M013007,F025,SE020,6680.0,7500.0,2026-03-10 11:01:00
C032217,bed_overrun,52 admissions on 10 Mar 2026 at a hospital with 12 beds,P025,M011649,F025,SE020,7500.0,7500.0,2026-03-10 11:02:00
C032232,bed_overrun,52 admissions on 10 Mar 2026 at a hospital with 12 beds,P025,M025866,F025,SE020,6059.0,7500.0,2026-03-10 12:02:00
C032235,bed_overrun,52 admissions on 10 Mar 2026 at a hospital with 12 beds,P025,M005396,F025,SE020,7500.0,7500.0,2026-03-10 12:13:00
C032236,bed_overrun,52 admissions on 10 Mar 2026 at a hospital with 12 beds,P025,M025861,F025,SE020,7500.0,7500.0,2026-03-10 12:14:00
C032238,bed_overrun,52 admissions on 10 Mar 2026 at a hospital with 12 beds,P025,M016146,F025,SE020,7500.0,7500.0,2026-03-10 12:17:00
C032239,bed_overrun,52 admissions on 10 Mar 2026 at a hospital with 12 beds,P025,M021038,F025,SE020,7500.0,7500.0,2026-03-10 12:19:00
C032251,bed_overrun,52 admissions on 10 Mar 2026 at a hospital with 12 beds,P025,M018772,F025,SE020,7500.0,7500.0,2026-03-10 12:53:00
C032252,bed_overrun,52 admissions on 10 Mar 2026 at a hospital with 12 beds,P025,M008391,F025,SE020,7500.0,7500.0,2026-03-10 13:05:00
C032256,bed_overrun,52 admissions on 10 Mar 2026 at a hospital with 12 beds,P025,M022474,F025,SE020,6345.0,7500.0,2026-03-10 13:13:00
C032263,bed_overrun,52 admissions on 10 Mar 2026 at a hospital with 12 beds,P025,M014738,F025,SE020,7500.0,7500.0,2026-03-10 13:33:00
C032264,bed_overrun,52 admissions on 10 Mar 2026 at a hospital with 12 beds,P025,M008391,F025,SE020,7500.0,7500.0,2026-03-10 13:33:00
C032268,bed_overrun,52 admissions on 10 Mar 2026 at a hospital with 12 beds,P025,M002668,F025,SE020,7500.0,7500.0,2026-03-10 13:50:00
C032272,bed_overrun,52 admissions on 10 Mar 2026 at a hospital with 12 beds,P025,M004422,F025,SE020,7500.0,7500.0,2026-03-10 14:15:00
C032281,bed_overrun,52 admissions on 10 Mar 2026 at a hospital with 12 beds,P025,M015896,F025,SE020,7500.0,7500.0,2026-03-10 14:47:00
C032282,bed_overrun,52 admissions on 10 Mar 2026 at a hospital with 12 beds,P025,M023190,F025,SE020,7500.0,7500.0,2026-03-10 14:48:00
C032283,bed_overrun,52 admissions on 10 Mar 2026 at a hospital with 12 beds,P025,M011438,F025,SE020,7500.0,7500.0,2026-03-10 14:48:00
C032294,bed_overrun,52 admissions on 10 Mar 2026 at a hospital with 12 beds,P025,M004233,F025,SE020,7500.0,7500.0,2026-03-10 15:37:00
C032301,bed_overrun,52 admissions on 10 Mar 2026 at a hospital with 12 beds,P025,M021600,F025,SE020,7500.0,7500.0,2026-03-10 15:51:00
C032303,bed_overrun,52 admissions on 10 Mar 2026 at a hospital with 12 beds,P025,M025818,F025,SE020,7500.0,7500.0,2026-03-10 15:53:00
C032312,bed_overrun,52 admissions on 10 Mar 2026 at a hospital with 12 beds,P025,M005398,F025,SE020,7500.0,7500.0,2026-03-10 16:26:00
C032316,bed_overrun,52 admissions on 10 Mar 2026 at a hospital with 12 beds,P025,M001345,F025,SE020,7500.0,7500.0,2026-03-10 16:42:00
C032321,bed_overrun,52 admissions on 10 Mar 2026 at a hospital with 12 beds,P025,M020734,F025,SE020,7500.0,7500.0,2026-03-10 16:55:00
C032322,bed_overrun,52 admissions on 10 Mar 2026 at a hospital with 12 beds,P025,M005724,F025,SE020,7500.0,7500.0,2026-03-10 16:56:00
C032323,bed_overrun,52 admissions on 10 Mar 2026 at a hospital with 12 beds,P025,M013007,F025,SE020,7500.0,7500.0,2026-03-10 16:59:00
C032327,bed_overrun,52 admissions on 10 Mar 2026 at a hospital with 12 beds,P025,M005726,F025,SE020,7500.0,7500.0,2026-03-10 17:07:00
C032328,bed_overrun,52 admissions on 10 Mar 2026 at a hospital with 12 beds,P025,M020734,F025,SE020,7500.0,7500.0,2026-03-10 17:07:00
C032329,bed_overrun,52 admissions on 10 Mar 2026 at a hospital with 12 beds,P025,M016426,F025,SE020,7500.0,7500.0,2026-03-10 17:07:00
C032331,bed_overrun,52 admissions on 10 Mar 2026 at a hospital with 12 beds,P025,M003821,F025,SE020,5951.0,7500.0,2026-03-10 17:09:00
C032336,bed_overrun,52 admissions on 10 Mar 2026 at a hospital with 12 beds,P025,M013785,F025,SE020,7500.0,7500.0,2026-03-10 17:24:00
C032338,bed_overrun,52 admissions on 10 Mar 2026 at a hospital with 12 beds,P025,M024066,F025,SE020,7500.0,7500.0,2026-03-10 17:32:00
C032339,bed_overrun,52 admissions on 10 Mar 2026 at a hospital with 12 beds,P025,M012991,F025,SE020,7500.0,7500.0,2026-03-10 17:32:00
C032341,bed_overrun,52 admissions on 10 Mar 2026 at a hospital with 12 beds,P025,M014737,F025,SE020,7500.0,7500.0,2026-03-10 17:41:00
C039877,bed_overrun,49 admissions on 17 Apr 2026 at a hospital with 12 beds,P025,M002258,F025,SE020,7500.0,7500.0,2026-04-17 08:03:00
C039879,bed_overrun,49 admissions on 17 Apr 2026 at a hospital with 12 beds,P025,M014983,F025,SE020,7500.0,7500.0,2026-04-17 08:10:00
C039893,bed_overrun,49 admissions on 17 Apr 2026 at a hospital with 12 beds,P025,M018769,F025,SE020,7500.0,7500.0,2026-04-17 08:54:00
C039894,bed_overrun,49 admissions on 17 Apr 2026 at a hospital with 12 beds,P025,M023144,F025,SE020,5804.0,7500.0,2026-04-17 08:54:00
C039895,bed_overrun,49 admissions on 17 Apr 2026 at a hospital with 12 beds,P025,M004989,F025,SE020,7500.0,7500.0,2026-04-17 08:55:00
C039898,bed_overrun,49 admissions on 17 Apr 2026 at a hospital with 12 beds,P025,M000079,F025,SE020,7500.0,7500.0,2026-04-17 09:10:00
C039899,bed_overrun,49 admissions on 17 Apr 2026 at a hospital with 12 beds,P025,M006885,F025,SE020,7500.0,7500.0,2026-04-17 09:17:00
C039901,bed_overrun,49 admissions on 17 Apr 2026 at a hospital with 12 beds,P025,M005014,F025,SE020,7500.0,7500.0,2026-04-17 09:22:00
C039902,bed_overrun,49 admissions on 17 Apr 2026 at a hospital with 12 beds,P025,M013784,F025,SE020,7500.0,7500.0,2026-04-17 09:25:00
C039908,bed_overrun,49 admissions on 17 Apr 2026 at a hospital with 12 beds,P025,M002803,F025,SE020,7500.0,7500.0,2026-04-17 09:40:00
C039910,bed_overrun,49 admissions on 17 Apr 2026 at a hospital with 12 beds,P025,M018773,F025,SE020,7500.0,7500.0,2026-04-17 09:44:00
C039911,bed_overrun,49 admissions on 17 Apr 2026 at a hospital with 12 beds,P025,M007914,F025,SE020,7500.0,7500.0,2026-04-17 09:51:00
C039912,bed_overrun,49 admissions on 17 Apr 2026 at a hospital with 12 beds,P025,M006885,F025,SE020,7500.0,7500.0,2026-04-17 09:59:00
C039913,bed_overrun,49 admissions on 17 Apr 2026 at a hospital with 12 beds,P025,M021147,F025,SE020,7500.0,7500.0,2026-04-17 10:02:00
C039922,bed_overrun,49 admissions on 17 Apr 2026 at a hospital with 12 beds,P025,M007757,F025,SE020,5725.0,7500.0,2026-04-17 10:52:00
C039936,bed_overrun,49 admissions on 17 Apr 2026 at a hospital with 12 beds,P025,M000495,F025,SE020,7500.0,7500.0,2026-04-17 11:33:00
C039939,bed_overrun,49 admissions on 17 Apr 2026 at a hospital with 12 beds,P025,M005395,F025,SE020,5527.0,7500.0,2026-04-17 11:37:00
C039945,bed_overrun,49 admissions on 17 Apr 2026 at a hospital with 12 beds,P025,M002668,F025,SE020,7500.0,7500.0,2026-04-17 12:02:00
C039950,bed_overrun,49 admissions on 17 Apr 2026 at a hospital with 12 beds,P025,M000723,F025,SE020,6827.0,7500.0,2026-04-17 12:30:00
C039954,bed_overrun,49 admissions on 17 Apr 2026 at a hospital with 12 beds,P025,M007755,F025,SE020,7500.0,7500.0,2026-04-17 12:33:00
C039956,bed_overrun,49 admissions on 17 Apr 2026 at a hospital with 12 beds,P025,M006883,F025,SE020,7500.0,7500.0,2026-04-17 12:41:00
C039959,bed_overrun,49 admissions on 17 Apr 2026 at a hospital with 12 beds,P025,M025817,F025,SE020,7500.0,7500.0,2026-04-17 12:48:00
C039963,bed_overrun,49 admissions on 17 Apr 2026 at a hospital with 12 beds,P025,M003821,F025,SE020,7500.0,7500.0,2026-04-17 12:55:00
C039967,bed_overrun,49 admissions on 17 Apr 2026 at a hospital with 12 beds,P025,M000517,F025,SE020,7500.0,7500.0,2026-04-17 13:12:00
C039969,bed_overrun,49 admissions on 17 Apr 2026 at a hospital with 12 beds,P025,M013007,F025,SE020,7500.0,7500.0,2026-04-17 13:14:00
C039973,bed_overrun,49 admissions on 17 Apr 2026 at a hospital with 12 beds,P025,M025047,F025,SE020,7500.0,7500.0,2026-04-17 13:28:00
C039975,bed_overrun,49 admissions on 17 Apr 2026 at a hospital with 12 beds,P025,M018833,F025,SE020,7500.0,7500.0,2026-04-17 13:38:00
C039978,bed_overrun,49 admissions on 17 Apr 2026 at a hospital with 12 beds,P025,M001850,F025,SE020,7500.0,7500.0,2026-04-17 13:42:00
C039980,bed_overrun,49 admissions on 17 Apr 2026 at a hospital with 12 beds,P025,M014984,F025,SE020,7500.0,7500.0,2026-04-17 13:48:00
C039981,bed_overrun,49 admissions on 17 Apr 2026 at a hospital with 12 beds,P025,M022869,F025,SE020,7500.0,7500.0,2026-04-17 13:48:00
C039988,bed_overrun,49 admissions on 17 Apr 2026 at a hospital with 12 beds,P025,M008232,F025,SE020,7500.0,7500.0,2026-04-17 14:10:00
C039989,bed_overrun,49 admissions on 17 Apr 2026 at a hospital with 12 beds,P025,M015105,F025,SE020,7500.0,7500.0,2026-04-17 14:13:00
C039991,bed_overrun,49 admissions on 17 Apr 2026 at a hospital with 12 beds,P025,M011649,F025,SE020,7500.0,7500.0,2026-04-17 14:26:00
C039993,bed_overrun,49 admissions on 17 Apr 2026 at a hospital with 12 beds,P025,M022691,F025,SE020,6863.0,7500.0,2026-04-17 14:32:00
C039999,bed_overrun,49 admissions on 17 Apr 2026 at a hospital with 12 beds,P025,M003948,F025,SE020,7500.0,7500.0,2026-04-17 14:46:00
C040000,bed_overrun,49 admissions on 17 Apr 2026 at a hospital with 12 beds,P025,M011648,F025,SE020,7500.0,7500.0,2026-04-17 14:50:00
C040004,bed_overrun,49 admissions on 17 Apr 2026 at a hospital with 12 beds,P025,M012991,F025,SE020,7500.0,7500.0,2026-04-17 15:01:00
C040009,bed_overrun,49 admissions on 17 Apr 2026 at a hospital with 12 beds,P025,M014984,F025,SE020,7500.0,7500.0,2026-04-17 15:14:00
C040011,bed_overrun,49 admissions on 17 Apr 2026 at a hospital with 12 beds,P025,M014739,F025,SE020,7500.0,7500.0,2026-04-17 15:18:00
C040013,bed_overrun,49 admissions on 17 Apr 2026 at a hospital with 12 beds,P025,M016245,F025,SE020,6753.0,7500.0,2026-04-17 15:21:00
C040020,bed_overrun,49 admissions on 17 Apr 2026 at a hospital with 12 beds,P025,M001719,F025,SE020,7500.0,7500.0,2026-04-17 15:37:00
C040021,bed_overrun,49 admissions on 17 Apr 2026 at a hospital with 12 beds,P025,M008388,F025,SE020,7500.0,7500.0,2026-04-17 15:37:00
C040034,bed_overrun,49 admissions on 17 Apr 2026 at a hospital with 12 beds,P025,M023190,F025,SE020,6197.0,7500.0,2026-04-17 16:06:00
C040037,bed_overrun,49 admissions on 17 Apr 2026 at a hospital with 12 beds,P025,M013501,F025,SE020,7500.0,7500.0,2026-04-17 16:13:00
C040040,bed_overrun,49 admissions on 17 Apr 2026 at a hospital with 12 beds,P025,M006749,F025,SE020,5594.0,7500.0,2026-04-17 16:36:00
C040048,bed_overrun,49 admissions on 17 Apr 2026 at a hospital with 12 beds,P025,M018452,F025,SE020,7500.0,7500.0,2026-04-17 16:55:00
C040050,bed_overrun,49 admissions on 17 Apr 2026 at a hospital with 12 beds,P025,M021431,F025,SE020,7500.0,7500.0,2026-04-17 17:02:00
C040051,bed_overrun,49 admissions on 17 Apr 2026 at a hospital with 12 beds,P025,M000694,F025,SE020,7500.0,7500.0,2026-04-17 17:12:00
C040058,bed_overrun,49 admissions on 17 Apr 2026 at a hospital with 12 beds,P025,M000077,F025,SE020,7500.0,7500.0,2026-04-17 17:55:00
C042506,bed_overrun,139 admissions on 30 Apr 2026 at a hospital with 17 beds,P198,M018618,F198,MG016A,18000.0,18000.0,2026-04-30 08:01:00
C042509,bed_overrun,139 admissions on 30 Apr 2026 at a hospital with 17 beds,P198,M005701,F198,MG001A,5400.0,5400.0,2026-04-30 08:07:00
C042510,bed_overrun,139 admissions on 30 Apr 2026 at a hospital with 17 beds,P198,M024613,F198,MG009A,9000.0,9000.0,2026-04-30 08:08:00
C042511,bed_overrun,139 admissions on 30 Apr 2026 at a hospital with 17 beds,P198,M023833,F198,MG009A,1800.0,1800.0,2026-04-30 08:08:00
C042513,bed_overrun,139 admissions on 30 Apr 2026 at a hospital with 17 beds,P198,M009612,F198,MG009A,9000.0,9000.0,2026-04-30 08:19:00
C042516,bed_overrun,139 admissions on 30 Apr 2026 at a hospital with 17 beds,P198,M005591,F198,MG001A,4171.0,5400.0,2026-04-30 08:24:00
C042518,bed_overrun,139 admissions on 30 Apr 2026 at a hospital with 17 beds,P198,M012430,F198,MG009A,7200.0,7200.0,2026-04-30 08:30:00
C042521,bed_overrun,139 admissions on 30 Apr 2026 at a hospital with 17 beds,P198,M010763,F198,MG001A,3600.0,3600.0,2026-04-30 08:31:00
C042523,bed_overrun,139 admissions on 30 Apr 2026 at a hospital with 17 beds,P198,M021843,F198,MG009A,5400.0,5400.0,2026-04-30 08:35:00
C042524,bed_overrun,139 admissions on 30 Apr 2026 at a hospital with 17 beds,P198,M002888,F198,MG001A,7200.0,7200.0,2026-04-30 08:37:00
C042525,bed_overrun,139 admissions on 30 Apr 2026 at a hospital with 17 beds,P198,M011152,F198,MG009A,5400.0,5400.0,2026-04-30 08:40:00
C042530,bed_overrun,139 admissions on 30 Apr 2026 at a hospital with 17 beds,P198,M016199,F198,MG001A,9000.0,9000.0,2026-04-30 08:51:00
C042531,bed_overrun,139 admissions on 30 Apr 2026 at a hospital with 17 beds,P198,M006739,F198,MG001A,5400.0,5400.0,2026-04-30 08:51:00
C042538,bed_overrun,139 admissions on 30 Apr 2026 at a hospital with 17 beds,P198,M006177,F198,MG001A,3600.0,3600.0,2026-04-30 09:06:00
C042539,bed_overrun,139 admissions on 30 Apr 2026 at a hospital with 17 beds,P198,M016451,F198,MG009A,5800.0,7200.0,2026-04-30 09:07:00
C042543,bed_overrun,139 admissions on 30 Apr 2026 at a hospital with 17 beds,P198,M005701,F198,MG016A,7200.0,7200.0,2026-04-30 09:16:00
C042545,bed_overrun,139 admissions on 30 Apr 2026 at a hospital with 17 beds,P198,M013535,F198,MG001A,5400.0,5400.0,2026-04-30 09:18:00
C042546,bed_overrun,139 admissions on 30 Apr 2026 at a hospital with 17 beds,P198,M000715,F198,MG009A,3600.0,3600.0,2026-04-30 09:21:00
C042548,bed_overrun,139 admissions on 30 Apr 2026 at a hospital with 17 beds,P198,M015733,F198,MG001A,4899.0,5400.0,2026-04-30 09:21:00
C042551,bed_overrun,139 admissions on 30 Apr 2026 at a hospital with 17 beds,P198,M004908,F198,MG001A,7200.0,7200.0,2026-04-30 09:25:00
C042552,bed_overrun,139 admissions on 30 Apr 2026 at a hospital with 17 beds,P198,M009453,F198,MG016A,3600.0,3600.0,2026-04-30 09:25:00
C042554,bed_overrun,139 admissions on 30 Apr 2026 at a hospital with 17 beds,P198,M005472,F198,MG016A,9000.0,9000.0,2026-04-30 09:30:00
C042555,bed_overrun,139 admissions on 30 Apr 2026 at a hospital with 17 beds,P198,M024474,F198,MG016A,10800.0,10800.0,2026-04-30 09:38:00
C042556,bed_overrun,139 admissions on 30 Apr 2026 at a hospital with 17 beds,P198,M003533,F198,MG009A,7200.0,7200.0,2026-04-30 09:41:00
C042558,bed_overrun,139 admissions on 30 Apr 2026 at a hospital with 17 beds,P198,M024739,F198,MG009A,3600.0,3600.0,2026-04-30 09:45:00
C042560,bed_overrun,139 admissions on 30 Apr 2026 at a hospital with 17 beds,P198,M007521,F198,MG001A,3600.0,3600.0,2026-04-30 09:47:00
C042561,bed_overrun,139 admissions on 30 Apr 2026 at a hospital with 17 beds,P198,M016340,F198,MG016A,12910.0,14400.0,2026-04-30 09:47:00
C042562,bed_overrun,139 admissions on 30 Apr 2026 at a hospital with 17 beds,P198,M006313,F198,MG001A,3600.0,3600.0,2026-04-30 09:48:00
C042570,bed_overrun,139 admissions on 30 Apr 2026 at a hospital with 17 beds,P198,M019828,F198,MG016A,6080.0,7200.0,2026-04-30 10:09:00
C042571,bed_overrun,139 admissions on 30 Apr 2026 at a hospital with 17 beds,P198,M001258,F198,MG001A,4500.0,4500.0,2026-04-30 10:10:00
C042572,bed_overrun,139 admissions on 30 Apr 2026 at a hospital with 17 beds,P198,M024470,F198,MG016A,5400.0,5400.0,2026-04-30 10:11:00
C042576,bed_overrun,139 admissions on 30 Apr 2026 at a hospital with 17 beds,P198,M023124,F198,MG016A,12600.0,12600.0,2026-04-30 10:17:00
C042579,bed_overrun,139 admissions on 30 Apr 2026 at a hospital with 17 beds,P198,M004859,F198,MG009A,5400.0,5400.0,2026-04-30 10:18:00
C042583,bed_overrun,139 admissions on 30 Apr 2026 at a hospital with 17 beds,P198,M013442,F198,MG001A,7200.0,7200.0,2026-04-30 10:21:00
C042584,bed_overrun,139 admissions on 30 Apr 2026 at a hospital with 17 beds,P198,M002535,F198,MG001A,7200.0,7200.0,2026-04-30 10:24:00
C042585,bed_overrun,139 admissions on 30 Apr 2026 at a hospital with 17 beds,P198,M001997,F198,MG016A,5491.0,7200.0,2026-04-30 10:25:00
C042587,bed_overrun,139 admissions on 30 Apr 2026 at a hospital with 17 beds,P198,M018854,F198,MG016A,7200.0,7200.0,2026-04-30 10:33:00
C042588,bed_overrun,139 admissions on 30 Apr 2026 at a hospital with 17 beds,P198,M004859,F198,MG009A,5400.0,5400.0,2026-04-30 10:35:00
C042589,bed_overrun,139 admissions on 30 Apr 2026 at a hospital with 17 beds,P198,M022872,F198,MG001A,8176.0,10800.0,2026-04-30 10:35:00
C042594,bed_overrun,139 admissions on 30 Apr 2026 at a hospital with 17 beds,P198,M008316,F198,MG001A,7200.0,7200.0,2026-04-30 10:44:00
C042595,bed_overrun,139 admissions on 30 Apr 2026 at a hospital with 17 beds,P198,M005590,F198,MG016A,9000.0,9000.0,2026-04-30 10:46:00
C042598,bed_overrun,139 admissions on 30 Apr 2026 at a hospital with 17 beds,P198,M019915,F198,MG009A,13500.0,13500.0,2026-04-30 10:55:00
C042601,bed_overrun,139 admissions on 30 Apr 2026 at a hospital with 17 beds,P198,M014571,F198,MG001A,9000.0,9000.0,2026-04-30 10:59:00
C042603,bed_overrun,139 admissions on 30 Apr 2026 at a hospital with 17 beds,P198,M007441,F198,MG001A,10120.0,10800.0,2026-04-30 11:03:00
C042605,bed_overrun,139 admissions on 30 Apr 2026 at a hospital with 17 beds,P198,M015952,F198,MG009A,7200.0,7200.0,2026-04-30 11:11:00
C042606,bed_overrun,139 admissions on 30 Apr 2026 at a hospital with 17 beds,P198,M004856,F198,MG001A,3600.0,3600.0,2026-04-30 11:20:00
C042607,bed_overrun,139 admissions on 30 Apr 2026 at a hospital with 17 beds,P198,M023335,F198,MG001A,1800.0,1800.0,2026-04-30 11:28:00
C042608,bed_overrun,139 admissions on 30 Apr 2026 at a hospital with 17 beds,P198,M004493,F198,MG001A,1800.0,1800.0,2026-04-30 11:28:00
C042613,bed_overrun,139 admissions on 30 Apr 2026 at a hospital with 17 beds,P198,M020775,F198,MG009A,7200.0,7200.0,2026-04-30 11:48:00
C042617,bed_overrun,139 admissions on 30 Apr 2026 at a hospital with 17 beds,P198,M010718,F198,MG009A,1800.0,1800.0,2026-04-30 11:57:00
C042619,bed_overrun,139 admissions on 30 Apr 2026 at a hospital with 17 beds,P198,M003845,F198,MG016A,10800.0,10800.0,2026-04-30 12:02:00
C042620,bed_overrun,139 admissions on 30 Apr 2026 at a hospital with 17 beds,P198,M002592,F198,MG016A,7200.0,7200.0,2026-04-30 12:02:00
C042621,bed_overrun,139 admissions on 30 Apr 2026 at a hospital with 17 beds,P198,M012236,F198,MG009A,1800.0,1800.0,2026-04-30 12:04:00
C042627,bed_overrun,139 admissions on 30 Apr 2026 at a hospital with 17 beds,P198,M003690,F198,MG016A,7200.0,7200.0,2026-04-30 12:25:00
C042631,bed_overrun,139 admissions on 30 Apr 2026 at a hospital with 17 beds,P198,M011076,F198,MG009A,1800.0,1800.0,2026-04-30 12:32:00
C042634,bed_overrun,139 admissions on 30 Apr 2026 at a hospital with 17 beds,P198,M015732,F198,MG016A,10800.0,10800.0,2026-04-30 12:36:00
C042640,bed_overrun,139 admissions on 30 Apr 2026 at a hospital with 17 beds,P198,M011584,F198,MG009A,3600.0,3600.0,2026-04-30 12:42:00
C042643,bed_overrun,139 admissions on 30 Apr 2026 at a hospital with 17 beds,P198,M024818,F198,MG001A,1800.0,1800.0,2026-04-30 12:46:00
C042644,bed_overrun,139 admissions on 30 Apr 2026 at a hospital with 17 beds,P198,M012153,F198,MG009A,5400.0,5400.0,2026-04-30 12:46:00
C042646,bed_overrun,139 admissions on 30 Apr 2026 at a hospital with 17 beds,P198,M019559,F198,MG001A,8065.0,9000.0,2026-04-30 12:48:00
C042649,bed_overrun,139 admissions on 30 Apr 2026 at a hospital with 17 beds,P198,M000189,F198,MG001A,3600.0,3600.0,2026-04-30 12:56:00
C042651,bed_overrun,139 admissions on 30 Apr 2026 at a hospital with 17 beds,P198,M001747,F198,MG001A,7200.0,7200.0,2026-04-30 12:58:00
C042652,bed_overrun,139 admissions on 30 Apr 2026 at a hospital with 17 beds,P198,M021098,F198,MG001A,10800.0,10800.0,2026-04-30 13:02:00
C042654,bed_overrun,139 admissions on 30 Apr 2026 at a hospital with 17 beds,P198,M024150,F198,MG009A,7200.0,7200.0,2026-04-30 13:11:00
C042657,bed_overrun,139 admissions on 30 Apr 2026 at a hospital with 17 beds,P198,M006255,F198,MG001A,4416.0,5400.0,2026-04-30 13:22:00
C042659,bed_overrun,139 admissions on 30 Apr 2026 at a hospital with 17 beds,P198,M007541,F198,MG009A,3600.0,3600.0,2026-04-30 13:23:00
C042660,bed_overrun,139 admissions on 30 Apr 2026 at a hospital with 17 beds,P198,M012153,F198,MG009A,5400.0,5400.0,2026-04-30 13:26:00
C042662,bed_overrun,139 admissions on 30 Apr 2026 at a hospital with 17 beds,P198,M013569,F198,MG016A,12600.0,12600.0,2026-04-30 13:30:00
C042663,bed_overrun,139 admissions on 30 Apr 2026 at a hospital with 17 beds,P198,M021010,F198,MG016A,8100.0,8100.0,2026-04-30 13:37:00
C042664,bed_overrun,139 admissions on 30 Apr 2026 at a hospital with 17 beds,P198,M019817,F198,MG009A,5400.0,5400.0,2026-04-30 13:40:00
C042665,bed_overrun,139 admissions on 30 Apr 2026 at a hospital with 17 beds,P198,M014039,F198,MG016A,14400.0,14400.0,2026-04-30 13:41:00
C042667,bed_overrun,139 admissions on 30 Apr 2026 at a hospital with 17 beds,P198,M006256,F198,MG009A,1800.0,1800.0,2026-04-30 13:43:00
C042672,bed_overrun,139 admissions on 30 Apr 2026 at a hospital with 17 beds,P198,M016086,F198,MG016A,5400.0,5400.0,2026-04-30 13:53:00
C042677,bed_overrun,139 admissions on 30 Apr 2026 at a hospital with 17 beds,P198,M020016,F198,MG016A,5400.0,5400.0,2026-04-30 14:06:00
C042679,bed_overrun,139 admissions on 30 Apr 2026 at a hospital with 17 beds,P198,M021010,F198,MG009A,7200.0,7200.0,2026-04-30 14:08:00
C042680,bed_overrun,139 admissions on 30 Apr 2026 at a hospital with 17 beds,P198,M021327,F198,MG009A,1800.0,1800.0,2026-04-30 14:09:00
C042681,bed_overrun,139 admissions on 30 Apr 2026 at a hospital with 17 beds,P198,M020599,F198,MG016A,14400.0,14400.0,2026-04-30 14:10:00
C042684,bed_overrun,139 admissions on 30 Apr 2026 at a hospital with 17 beds,P198,M001550,F198,MG001A,7200.0,7200.0,2026-04-30 14:25:00
C042685,bed_overrun,139 admissions on 30 Apr 2026 at a hospital with 17 beds,P198,M006057,F198,MG009A,3600.0,3600.0,2026-04-30 14:26:00
C042691,bed_overrun,139 admissions on 30 Apr 2026 at a hospital with 17 beds,P198,M003687,F198,MG016A,12600.0,12600.0,2026-04-30 14:32:00
C042692,bed_overrun,139 admissions on 30 Apr 2026 at a hospital with 17 beds,P198,M025871,F198,MG009A,3600.0,3600.0,2026-04-30 14:36:00
C042693,bed_overrun,139 admissions on 30 Apr 2026 at a hospital with 17 beds,P198,M009573,F198,MG016A,3600.0,3600.0,2026-04-30 14:44:00
C042694,bed_overrun,139 admissions on 30 Apr 2026 at a hospital with 17 beds,P198,M025867,F198,MG009A,1378.0,1800.0,2026-04-30 14:45:00
C042695,bed_overrun,139 admissions on 30 Apr 2026 at a hospital with 17 beds,P198,M006248,F198,MG009A,1800.0,1800.0,2026-04-30 14:46:00
C042696,bed_overrun,139 admissions on 30 Apr 2026 at a hospital with 17 beds,P198,M016371,F198,MG001A,5400.0,5400.0,2026-04-30 14:53:00
C042699,bed_overrun,139 admissions on 30 Apr 2026 at a hospital with 17 beds,P198,M012043,F198,MG009A,5400.0,5400.0,2026-04-30 15:00:00
C042701,bed_overrun,139 admissions on 30 Apr 2026 at a hospital with 17 beds,P198,M016254,F198,MG001A,5400.0,5400.0,2026-04-30 15:02:00
C042702,bed_overrun,139 admissions on 30 Apr 2026 at a hospital with 17 beds,P198,M006228,F198,MG016A,3600.0,3600.0,2026-04-30 15:03:00
C042703,bed_overrun,139 admissions on 30 Apr 2026 at a hospital with 17 beds,P198,M024730,F198,MG001A,3600.0,3600.0,2026-04-30 15:03:00
C042704,bed_overrun,139 admissions on 30 Apr 2026 at a hospital with 17 beds,P198,M024073,F198,MG009A,7200.0,7200.0,2026-04-30 15:05:00
C042705,bed_overrun,139 admissions on 30 Apr 2026 at a hospital with 17 beds,P198,M011308,F198,MG009A,3600.0,3600.0,2026-04-30 15:05:00
C042706,bed_overrun,139 admissions on 30 Apr 2026 at a hospital with 17 beds,P198,M007769,F198,MG001A,10800.0,10800.0,2026-04-30 15:05:00
C042708,bed_overrun,139 admissions on 30 Apr 2026 at a hospital with 17 beds,P198,M002533,F198,MG001A,7200.0,7200.0,2026-04-30 15:10:00
C042709,bed_overrun,139 admissions on 30 Apr 2026 at a hospital with 17 beds,P198,M020515,F198,MG009A,7200.0,7200.0,2026-04-30 15:15:00
C042710,bed_overrun,139 admissions on 30 Apr 2026 at a hospital with 17 beds,P198,M025101,F198,MG009A,10800.0,10800.0,2026-04-30 15:15:00
C042715,bed_overrun,139 admissions on 30 Apr 2026 at a hospital with 17 beds,P198,M004186,F198,MG001A,10800.0,10800.0,2026-04-30 15:21:00
C042720,bed_overrun,139 admissions on 30 Apr 2026 at a hospital with 17 beds,P198,M002593,F198,MG001A,7200.0,7200.0,2026-04-30 15:39:00
C042722,bed_overrun,139 admissions on 30 Apr 2026 at a hospital with 17 beds,P198,M011910,F198,MG009A,7200.0,7200.0,2026-04-30 15:43:00
C042725,bed_overrun,139 admissions on 30 Apr 2026 at a hospital with 17 beds,P198,M022762,F198,MG001A,1800.0,1800.0,2026-04-30 15:49:00
C042727,bed_overrun,139 admissions on 30 Apr 2026 at a hospital with 17 beds,P198,M006316,F198,MG009A,5400.0,5400.0,2026-04-30 15:52:00
C042728,bed_overrun,139 admissions on 30 Apr 2026 at a hospital with 17 beds,P198,M015078,F198,MG016A,21600.0,21600.0,2026-04-30 15:54:00
C042729,bed_overrun,139 admissions on 30 Apr 2026 at a hospital with 17 beds,P198,M009134,F198,MG016A,10800.0,10800.0,2026-04-30 15:59:00
C042730,bed_overrun,139 admissions on 30 Apr 2026 at a hospital with 17 beds,P198,M002625,F198,MG016A,9000.0,9000.0,2026-04-30 16:03:00
C042733,bed_overrun,139 admissions on 30 Apr 2026 at a hospital with 17 beds,P198,M015968,F198,MG009A,7200.0,7200.0,2026-04-30 16:10:00
C042734,bed_overrun,139 admissions on 30 Apr 2026 at a hospital with 17 beds,P198,M021910,F198,MG009A,18000.0,18000.0,2026-04-30 16:10:00
C042737,bed_overrun,139 admissions on 30 Apr 2026 at a hospital with 17 beds,P198,M015365,F198,MG009A,13500.0,13500.0,2026-04-30 16:19:00
C042738,bed_overrun,139 admissions on 30 Apr 2026 at a hospital with 17 beds,P198,M012238,F198,MG009A,1800.0,1800.0,2026-04-30 16:21:00
C042741,bed_overrun,139 admissions on 30 Apr 2026 at a hospital with 17 beds,P198,M011802,F198,MG001A,5400.0,5400.0,2026-04-30 16:28:00
C042743,bed_overrun,139 admissions on 30 Apr 2026 at a hospital with 17 beds,P198,M003607,F198,MG001A,5400.0,5400.0,2026-04-30 16:29:00
C042745,bed_overrun,139 admissions on 30 Apr 2026 at a hospital with 17 beds,P198,M003583,F198,MG009A,7200.0,7200.0,2026-04-30 16:33:00
C042746,bed_overrun,139 admissions on 30 Apr 2026 at a hospital with 17 beds,P198,M020516,F198,MG016A,12600.0,12600.0,2026-04-30 16:38:00
C042748,bed_overrun,139 admissions on 30 Apr 2026 at a hospital with 17 beds,P198,M007720,F198,MG016A,5400.0,5400.0,2026-04-30 16:38:00
C042750,bed_overrun,139 admissions on 30 Apr 2026 at a hospital with 17 beds,P198,M020011,F198,MG009A,5400.0,5400.0,2026-04-30 16:39:00
C042752,bed_overrun,139 admissions on 30 Apr 2026 at a hospital with 17 beds,P198,M006313,F198,MG016A,1800.0,1800.0,2026-04-30 16:40:00
C042755,bed_overrun,139 admissions on 30 Apr 2026 at a hospital with 17 beds,P198,M024100,F198,MG009A,7200.0,7200.0,2026-04-30 16:49:00
C042757,bed_overrun,139 admissions on 30 Apr 2026 at a hospital with 17 beds,P198,M021858,F198,MG016A,5400.0,5400.0,2026-04-30 16:50:00
C042759,bed_overrun,139 admissions on 30 Apr 2026 at a hospital with 17 beds,P198,M021862,F198,MG001A,1800.0,1800.0,2026-04-30 16:55:00
C042760,bed_overrun,139 admissions on 30 Apr 2026 at a hospital with 17 beds,P198,M018207,F198,MG009A,3600.0,3600.0,2026-04-30 16:57:00
C042761,bed_overrun,139 admissions on 30 Apr 2026 at a hospital with 17 beds,P198,M001770,F198,MG001A,5400.0,5400.0,2026-04-30 16:59:00
C042762,bed_overrun,139 admissions on 30 Apr 2026 at a hospital with 17 beds,P198,M011541,F198,MG016A,10594.0,12600.0,2026-04-30 16:59:00
C042763,bed_overrun,139 admissions on 30 Apr 2026 at a hospital with 17 beds,P198,M011994,F198,MG009A,9000.0,9000.0,2026-04-30 17:03:00
C042768,bed_overrun,139 admissions on 30 Apr 2026 at a hospital with 17 beds,P198,M004736,F198,MG009A,1800.0,1800.0,2026-04-30 17:23:00
C042769,bed_overrun,139 admissions on 30 Apr 2026 at a hospital with 17 beds,P198,M019744,F198,MG001A,7200.0,7200.0,2026-04-30 17:25:00
C042771,bed_overrun,139 admissions on 30 Apr 2026 at a hospital with 17 beds,P198,M003860,F198,MG009A,5400.0,5400.0,2026-04-30 17:31:00
C042772,bed_overrun,139 admissions on 30 Apr 2026 at a hospital with 17 beds,P198,M011078,F198,MG001A,7200.0,7200.0,2026-04-30 17:33:00
C042774,bed_overrun,139 admissions on 30 Apr 2026 at a hospital with 17 beds,P198,M004667,F198,MG009A,6101.0,7200.0,2026-04-30 17:35:00
C042775,bed_overrun,139 admissions on 30 Apr 2026 at a hospital with 17 beds,P198,M024738,F198,MG001A,5400.0,5400.0,2026-04-30 17:37:00
C042777,bed_overrun,139 admissions on 30 Apr 2026 at a hospital with 17 beds,P198,M012841,F198,MG001A,9000.0,9000.0,2026-04-30 17:39:00
C042778,bed_overrun,139 admissions on 30 Apr 2026 at a hospital with 17 beds,P198,M003583,F198,MG001A,8100.0,8100.0,2026-04-30 17:40:00
C042780,bed_overrun,139 admissions on 30 Apr 2026 at a hospital with 17 beds,P198,M011087,F198,MG016A,7200.0,7200.0,2026-04-30 17:42:00
C042781,bed_overrun,139 admissions on 30 Apr 2026 at a hospital with 17 beds,P198,M012761,F198,MG001A,5400.0,5400.0,2026-04-30 17:42:00
C042782,bed_overrun,139 admissions on 30 Apr 2026 at a hospital with 17 beds,P198,M021721,F198,MG016A,3600.0,3600.0,2026-04-30 17:42:00
C042783,bed_overrun,139 admissions on 30 Apr 2026 at a hospital with 17 beds,P198,M021293,F198,MG009A,7200.0,7200.0,2026-04-30 17:46:00
C042784,bed_overrun,139 admissions on 30 Apr 2026 at a hospital with 17 beds,P198,M006406,F198,MG001A,5400.0,5400.0,2026-04-30 17:46:00
C042785,bed_overrun,139 admissions on 30 Apr 2026 at a hospital with 17 beds,P198,M011540,F198,MG001A,5400.0,5400.0,2026-04-30 17:47:00
C042786,bed_overrun,139 admissions on 30 Apr 2026 at a hospital with 17 beds,P198,M013750,F198,MG016A,14400.0,14400.0,2026-04-30 17:47:00
C042788,bed_overrun,139 admissions on 30 Apr 2026 at a hospital with 17 beds,P198,M016585,F198,MG009A,1800.0,1800.0,2026-04-30 17:52:00
C042789,bed_overrun,139 admissions on 30 Apr 2026 at a hospital with 17 beds,P198,M021327,F198,MG009A,1800.0,1800.0,2026-04-30 17:53:00
C042790,bed_overrun,139 admissions on 30 Apr 2026 at a hospital with 17 beds,P198,M003712,F198,MG009A,3848.0,5400.0,2026-04-30 17:59:00
C043076,bed_overrun,181 admissions on 02 May 2026 at a hospital with 17 beds,P198,M002625,F198,MG009A,9000.0,9000.0,2026-05-02 08:01:00
C043078,bed_overrun,181 admissions on 02 May 2026 at a hospital with 17 beds,P198,M000920,F198,MG016A,5400.0,5400.0,2026-05-02 08:07:00
C043079,bed_overrun,181 admissions on 02 May 2026 at a hospital with 17 beds,P198,M020159,F198,MG009A,3600.0,3600.0,2026-05-02 08:08:00
C043080,bed_overrun,181 admissions on 02 May 2026 at a hospital with 17 beds,P198,M010813,F198,MG016A,8391.0,10800.0,2026-05-02 08:09:00
C043081,bed_overrun,181 admissions on 02 May 2026 at a hospital with 17 beds,P198,M017870,F198,MG016A,9000.0,9000.0,2026-05-02 08:10:00
C043082,bed_overrun,181 admissions on 02 May 2026 at a hospital with 17 beds,P198,M007846,F198,MG009A,2700.0,2700.0,2026-05-02 08:15:00
C043083,bed_overrun,181 admissions on 02 May 2026 at a hospital with 17 beds,P198,M006079,F198,MG009A,9000.0,9000.0,2026-05-02 08:17:00
C043084,bed_overrun,181 admissions on 02 May 2026 at a hospital with 17 beds,P198,M021291,F198,MG001A,7200.0,7200.0,2026-05-02 08:17:00
C043085,bed_overrun,181 admissions on 02 May 2026 at a hospital with 17 beds,P198,M021858,F198,MG016A,9000.0,9000.0,2026-05-02 08:19:00
C043086,bed_overrun,181 admissions on 02 May 2026 at a hospital with 17 beds,P198,M010412,F198,MG016A,21600.0,21600.0,2026-05-02 08:20:00
C043087,bed_overrun,181 admissions on 02 May 2026 at a hospital with 17 beds,P198,M016701,F198,MG009A,5400.0,5400.0,2026-05-02 08:20:00
C043088,bed_overrun,181 admissions on 02 May 2026 at a hospital with 17 beds,P198,M004027,F198,MG016A,3600.0,3600.0,2026-05-02 08:21:00
C043089,bed_overrun,181 admissions on 02 May 2026 at a hospital with 17 beds,P198,M013704,F198,MG016A,9000.0,9000.0,2026-05-02 08:22:00
C043093,bed_overrun,181 admissions on 02 May 2026 at a hospital with 17 beds,P198,M001928,F198,MG016A,6234.0,7200.0,2026-05-02 08:30:00
C043096,bed_overrun,181 admissions on 02 May 2026 at a hospital with 17 beds,P198,M020011,F198,MG001A,7200.0,7200.0,2026-05-02 08:33:00
C043097,bed_overrun,181 admissions on 02 May 2026 at a hospital with 17 beds,P198,M011673,F198,MG009A,3600.0,3600.0,2026-05-02 08:35:00
C043098,bed_overrun,181 admissions on 02 May 2026 at a hospital with 17 beds,P198,M004921,F198,MG009A,5400.0,5400.0,2026-05-02 08:36:00
C043099,bed_overrun,181 admissions on 02 May 2026 at a hospital with 17 beds,P198,M001927,F198,MG009A,1800.0,1800.0,2026-05-02 08:36:00
C043104,bed_overrun,181 admissions on 02 May 2026 at a hospital with 17 beds,P198,M009231,F198,MG001A,1800.0,1800.0,2026-05-02 08:41:00
C043105,bed_overrun,181 admissions on 02 May 2026 at a hospital with 17 beds,P198,M023899,F198,MG001A,2774.0,3600.0,2026-05-02 08:42:00
C043106,bed_overrun,181 admissions on 02 May 2026 at a hospital with 17 beds,P198,M011540,F198,MG001A,1512.0,1800.0,2026-05-02 08:47:00
C043108,bed_overrun,181 admissions on 02 May 2026 at a hospital with 17 beds,P198,M023901,F198,MG009A,7200.0,7200.0,2026-05-02 08:50:00
C043109,bed_overrun,181 admissions on 02 May 2026 at a hospital with 17 beds,P198,M019376,F198,MG009A,9000.0,9000.0,2026-05-02 08:52:00
C043110,bed_overrun,181 admissions on 02 May 2026 at a hospital with 17 beds,P198,M009134,F198,MG009A,5400.0,5400.0,2026-05-02 08:53:00
C043116,bed_overrun,181 admissions on 02 May 2026 at a hospital with 17 beds,P198,M024149,F198,MG016A,7200.0,7200.0,2026-05-02 09:10:00
C043117,bed_overrun,181 admissions on 02 May 2026 at a hospital with 17 beds,P198,M002949,F198,MG001A,7200.0,7200.0,2026-05-02 09:12:00
C043118,bed_overrun,181 admissions on 02 May 2026 at a hospital with 17 beds,P198,M011802,F198,MG016A,1800.0,1800.0,2026-05-02 09:12:00
C043120,bed_overrun,181 admissions on 02 May 2026 at a hospital with 17 beds,P198,M004857,F198,MG016A,3600.0,3600.0,2026-05-02 09:18:00
C043122,bed_overrun,181 admissions on 02 May 2026 at a hospital with 17 beds,P198,M006858,F198,MG009A,7200.0,7200.0,2026-05-02 09:18:00
C043125,bed_overrun,181 admissions on 02 May 2026 at a hospital with 17 beds,P198,M009156,F198,MG001A,3600.0,3600.0,2026-05-02 09:22:00
C043126,bed_overrun,181 admissions on 02 May 2026 at a hospital with 17 beds,P198,M024194,F198,MG009A,3600.0,3600.0,2026-05-02 09:22:00
C043130,bed_overrun,181 admissions on 02 May 2026 at a hospital with 17 beds,P198,M002873,F198,MG001A,13500.0,13500.0,2026-05-02 09:36:00
C043131,bed_overrun,181 admissions on 02 May 2026 at a hospital with 17 beds,P198,M001997,F198,MG016A,10800.0,10800.0,2026-05-02 09:36:00
C043132,bed_overrun,181 admissions on 02 May 2026 at a hospital with 17 beds,P198,M003844,F198,MG009A,1800.0,1800.0,2026-05-02 09:39:00
C043138,bed_overrun,181 admissions on 02 May 2026 at a hospital with 17 beds,P198,M006739,F198,MG009A,3600.0,3600.0,2026-05-02 09:52:00
C043139,bed_overrun,181 admissions on 02 May 2026 at a hospital with 17 beds,P198,M008487,F198,MG009A,1800.0,1800.0,2026-05-02 09:53:00
C043141,bed_overrun,181 admissions on 02 May 2026 at a hospital with 17 beds,P198,M010835,F198,MG016A,5400.0,5400.0,2026-05-02 09:58:00
C043142,bed_overrun,181 admissions on 02 May 2026 at a hospital with 17 beds,P198,M002392,F198,MG016A,9000.0,9000.0,2026-05-02 10:00:00
C043143,bed_overrun,181 admissions on 02 May 2026 at a hospital with 17 beds,P198,M008311,F198,MG009A,5400.0,5400.0,2026-05-02 10:01:00
C043145,bed_overrun,181 admissions on 02 May 2026 at a hospital with 17 beds,P198,M000443,F198,MG009A,3600.0,3600.0,2026-05-02 10:02:00
C043146,bed_overrun,181 admissions on 02 May 2026 at a hospital with 17 beds,P198,M002143,F198,MG001A,3600.0,3600.0,2026-05-02 10:02:00
C043147,bed_overrun,181 admissions on 02 May 2026 at a hospital with 17 beds,P198,M025411,F198,MG009A,5400.0,5400.0,2026-05-02 10:04:00
C043148,bed_overrun,181 admissions on 02 May 2026 at a hospital with 17 beds,P198,M007847,F198,MG009A,1800.0,1800.0,2026-05-02 10:05:00
C043149,bed_overrun,181 admissions on 02 May 2026 at a hospital with 17 beds,P198,M010944,F198,MG009A,3600.0,3600.0,2026-05-02 10:06:00
C043150,bed_overrun,181 admissions on 02 May 2026 at a hospital with 17 beds,P198,M025812,F198,MG009A,1800.0,1800.0,2026-05-02 10:08:00
C043152,bed_overrun,181 admissions on 02 May 2026 at a hospital with 17 beds,P198,M018332,F198,MG016A,7967.0,9000.0,2026-05-02 10:10:00
C043155,bed_overrun,181 admissions on 02 May 2026 at a hospital with 17 beds,P198,M021720,F198,MG001A,3600.0,3600.0,2026-05-02 10:14:00
C043156,bed_overrun,181 admissions on 02 May 2026 at a hospital with 17 beds,P198,M008488,F198,MG009A,3600.0,3600.0,2026-05-02 10:15:00
C043157,bed_overrun,181 admissions on 02 May 2026 at a hospital with 17 beds,P198,M020273,F198,MG009A,7200.0,7200.0,2026-05-02 10:16:00
C043160,bed_overrun,181 admissions on 02 May 2026 at a hospital with 17 beds,P198,M020158,F198,MG016A,12600.0,12600.0,2026-05-02 10:19:00
C043162,bed_overrun,181 admissions on 02 May 2026 at a hospital with 17 beds,P198,M025564,F198,MG001A,3600.0,3600.0,2026-05-02 10:20:00
C043163,bed_overrun,181 admissions on 02 May 2026 at a hospital with 17 beds,P198,M022311,F198,MG001A,3600.0,3600.0,2026-05-02 10:21:00
C043166,bed_overrun,181 admissions on 02 May 2026 at a hospital with 17 beds,P198,M025193,F198,MG016A,9000.0,9000.0,2026-05-02 10:26:00
C043168,bed_overrun,181 admissions on 02 May 2026 at a hospital with 17 beds,P198,M007520,F198,MG016A,8100.0,8100.0,2026-05-02 10:29:00
C043169,bed_overrun,181 admissions on 02 May 2026 at a hospital with 17 beds,P198,M018332,F198,MG009A,3600.0,3600.0,2026-05-02 10:29:00
C043170,bed_overrun,181 admissions on 02 May 2026 at a hospital with 17 beds,P198,M005976,F198,MG009A,8100.0,8100.0,2026-05-02 10:33:00
C043172,bed_overrun,181 admissions on 02 May 2026 at a hospital with 17 beds,P198,M017754,F198,MG001A,5336.0,7200.0,2026-05-02 10:35:00
C043173,bed_overrun,181 admissions on 02 May 2026 at a hospital with 17 beds,P198,M017414,F198,MG016A,18000.0,18000.0,2026-05-02 10:35:00
C043174,bed_overrun,181 admissions on 02 May 2026 at a hospital with 17 beds,P198,M010942,F198,MG016A,27000.0,27000.0,2026-05-02 10:40:00
C043175,bed_overrun,181 admissions on 02 May 2026 at a hospital with 17 beds,P198,M024761,F198,MG016A,12600.0,12600.0,2026-05-02 10:42:00
C043176,bed_overrun,181 admissions on 02 May 2026 at a hospital with 17 beds,P198,M004892,F198,MG016A,9000.0,9000.0,2026-05-02 10:44:00
C043177,bed_overrun,181 admissions on 02 May 2026 at a hospital with 17 beds,P198,M018920,F198,MG001A,9000.0,9000.0,2026-05-02 10:45:00
C043178,bed_overrun,181 admissions on 02 May 2026 at a hospital with 17 beds,P198,M006499,F198,MG009A,9000.0,9000.0,2026-05-02 10:53:00
C043179,bed_overrun,181 admissions on 02 May 2026 at a hospital with 17 beds,P198,M016589,F198,MG009A,5400.0,5400.0,2026-05-02 10:56:00
C043180,bed_overrun,181 admissions on 02 May 2026 at a hospital with 17 beds,P198,M006996,F198,MG016A,21600.0,21600.0,2026-05-02 10:57:00
C043182,bed_overrun,181 admissions on 02 May 2026 at a hospital with 17 beds,P198,M003535,F198,MG016A,27000.0,27000.0,2026-05-02 10:58:00
C043186,bed_overrun,181 admissions on 02 May 2026 at a hospital with 17 beds,P198,M021719,F198,MG016A,3600.0,3600.0,2026-05-02 11:03:00
C043187,bed_overrun,181 admissions on 02 May 2026 at a hospital with 17 beds,P198,M000625,F198,MG001A,1800.0,1800.0,2026-05-02 11:06:00
C043189,bed_overrun,181 admissions on 02 May 2026 at a hospital with 17 beds,P198,M016252,F198,MG001A,9000.0,9000.0,2026-05-02 11:11:00
C043190,bed_overrun,181 admissions on 02 May 2026 at a hospital with 17 beds,P198,M020157,F198,MG001A,8100.0,8100.0,2026-05-02 11:12:00
C043192,bed_overrun,181 admissions on 02 May 2026 at a hospital with 17 beds,P198,M000445,F198,MG016A,7200.0,7200.0,2026-05-02 11:13:00
C043193,bed_overrun,181 admissions on 02 May 2026 at a hospital with 17 beds,P198,M019368,F198,MG001A,5400.0,5400.0,2026-05-02 11:19:00
C043194,bed_overrun,181 admissions on 02 May 2026 at a hospital with 17 beds,P198,M006176,F198,MG016A,21600.0,21600.0,2026-05-02 11:19:00
C043195,bed_overrun,181 admissions on 02 May 2026 at a hospital with 17 beds,P198,M023123,F198,MG016A,9561.0,10800.0,2026-05-02 11:23:00
C043196,bed_overrun,181 admissions on 02 May 2026 at a hospital with 17 beds,P198,M009837,F198,MG009A,5400.0,5400.0,2026-05-02 11:25:00
C043197,bed_overrun,181 admissions on 02 May 2026 at a hospital with 17 beds,P198,M001968,F198,MG016A,7200.0,7200.0,2026-05-02 11:26:00
C043200,bed_overrun,181 admissions on 02 May 2026 at a hospital with 17 beds,P198,M004289,F198,MG001A,8758.0,10800.0,2026-05-02 11:28:00
C043204,bed_overrun,181 admissions on 02 May 2026 at a hospital with 17 beds,P198,M010767,F198,MG009A,5400.0,5400.0,2026-05-02 11:33:00
C043205,bed_overrun,181 admissions on 02 May 2026 at a hospital with 17 beds,P198,M004758,F198,MG001A,5400.0,5400.0,2026-05-02 11:41:00
C043210,bed_overrun,181 admissions on 02 May 2026 at a hospital with 17 beds,P198,M006227,F198,MG009A,7200.0,7200.0,2026-05-02 11:50:00
C043211,bed_overrun,181 admissions on 02 May 2026 at a hospital with 17 beds,P198,M018179,F198,MG009A,7200.0,7200.0,2026-05-02 11:51:00
C043213,bed_overrun,181 admissions on 02 May 2026 at a hospital with 17 beds,P198,M024616,F198,MG001A,3600.0,3600.0,2026-05-02 11:55:00
C043215,bed_overrun,181 admissions on 02 May 2026 at a hospital with 17 beds,P198,M024812,F198,MG009A,12600.0,12600.0,2026-05-02 12:01:00
C043216,bed_overrun,181 admissions on 02 May 2026 at a hospital with 17 beds,P198,M000921,F198,MG009A,7200.0,7200.0,2026-05-02 12:03:00
C043217,bed_overrun,181 admissions on 02 May 2026 at a hospital with 17 beds,P198,M020776,F198,MG016A,6363.0,9000.0,2026-05-02 12:05:00
C043218,bed_overrun,181 admissions on 02 May 2026 at a hospital with 17 beds,P198,M018181,F198,MG001A,5400.0,5400.0,2026-05-02 12:06:00
C043219,bed_overrun,181 admissions on 02 May 2026 at a hospital with 17 beds,P198,M010233,F198,MG009A,5400.0,5400.0,2026-05-02 12:06:00
C043220,bed_overrun,181 admissions on 02 May 2026 at a hospital with 17 beds,P198,M006584,F198,MG016A,11861.0,12600.0,2026-05-02 12:07:00
C043222,bed_overrun,181 admissions on 02 May 2026 at a hospital with 17 beds,P198,M018921,F198,MG016A,22500.0,22500.0,2026-05-02 12:15:00
C043226,bed_overrun,181 admissions on 02 May 2026 at a hospital with 17 beds,P198,M024019,F198,MG009A,3600.0,3600.0,2026-05-02 12:20:00
C043229,bed_overrun,181 admissions on 02 May 2026 at a hospital with 17 beds,P198,M001518,F198,MG001A,5400.0,5400.0,2026-05-02 12:30:00
C043230,bed_overrun,181 admissions on 02 May 2026 at a hospital with 17 beds,P198,M024245,F198,MG009A,3600.0,3600.0,2026-05-02 12:31:00
C043232,bed_overrun,181 admissions on 02 May 2026 at a hospital with 17 beds,P198,M025443,F198,MG009A,5400.0,5400.0,2026-05-02 12:42:00
C043233,bed_overrun,181 admissions on 02 May 2026 at a hospital with 17 beds,P198,M023124,F198,MG001A,7200.0,7200.0,2026-05-02 12:46:00
C043234,bed_overrun,181 admissions on 02 May 2026 at a hospital with 17 beds,P198,M008489,F198,MG001A,14400.0,14400.0,2026-05-02 12:47:00
C043235,bed_overrun,181 admissions on 02 May 2026 at a hospital with 17 beds,P198,M017370,F198,MG009A,5400.0,5400.0,2026-05-02 12:47:00
C043237,bed_overrun,181 admissions on 02 May 2026 at a hospital with 17 beds,P198,M012839,F198,MG001A,7200.0,7200.0,2026-05-02 12:48:00
C043238,bed_overrun,181 admissions on 02 May 2026 at a hospital with 17 beds,P198,M025330,F198,MG016A,9000.0,9000.0,2026-05-02 12:48:00
C043239,bed_overrun,181 admissions on 02 May 2026 at a hospital with 17 beds,P198,M006994,F198,MG009A,5400.0,5400.0,2026-05-02 12:48:00
C043240,bed_overrun,181 admissions on 02 May 2026 at a hospital with 17 beds,P198,M001137,F198,MG016A,7200.0,7200.0,2026-05-02 12:49:00
C043243,bed_overrun,181 admissions on 02 May 2026 at a hospital with 17 beds,P198,M019376,F198,MG001A,9000.0,9000.0,2026-05-02 13:02:00
C043245,bed_overrun,181 admissions on 02 May 2026 at a hospital with 17 beds,P198,M002887,F198,MG009A,3600.0,3600.0,2026-05-02 13:06:00
C043253,bed_overrun,181 admissions on 02 May 2026 at a hospital with 17 beds,P198,M004851,F198,MG016A,9390.0,10800.0,2026-05-02 13:20:00
C043254,bed_overrun,181 admissions on 02 May 2026 at a hospital with 17 beds,P198,M019365,F198,MG001A,10800.0,10800.0,2026-05-02 13:21:00
C043255,bed_overrun,181 admissions on 02 May 2026 at a hospital with 17 beds,P198,M020777,F198,MG009A,5400.0,5400.0,2026-05-02 13:21:00
C043256,bed_overrun,181 admissions on 02 May 2026 at a hospital with 17 beds,P198,M003782,F198,MG009A,6647.0,7200.0,2026-05-02 13:23:00
C043258,bed_overrun,181 admissions on 02 May 2026 at a hospital with 17 beds,P198,M017755,F198,MG009A,3600.0,3600.0,2026-05-02 13:28:00
C043259,bed_overrun,181 admissions on 02 May 2026 at a hospital with 17 beds,P198,M004229,F198,MG001A,3600.0,3600.0,2026-05-02 13:33:00
C043260,bed_overrun,181 admissions on 02 May 2026 at a hospital with 17 beds,P198,M009654,F198,MG001A,5400.0,5400.0,2026-05-02 13:34:00
C043264,bed_overrun,181 admissions on 02 May 2026 at a hospital with 17 beds,P198,M007236,F198,MG001A,3600.0,3600.0,2026-05-02 13:37:00
C043267,bed_overrun,181 admissions on 02 May 2026 at a hospital with 17 beds,P198,M025409,F198,MG016A,18000.0,18000.0,2026-05-02 13:43:00
C043268,bed_overrun,181 admissions on 02 May 2026 at a hospital with 17 beds,P198,M002969,F198,MG009A,1800.0,1800.0,2026-05-02 13:46:00
C043272,bed_overrun,181 admissions on 02 May 2026 at a hospital with 17 beds,P198,M020005,F198,MG016A,21600.0,21600.0,2026-05-02 13:54:00
C043274,bed_overrun,181 admissions on 02 May 2026 at a hospital with 17 beds,P198,M014073,F198,MG001A,1800.0,1800.0,2026-05-02 13:54:00
C043275,bed_overrun,181 admissions on 02 May 2026 at a hospital with 17 beds,P198,M024070,F198,MG001A,12600.0,12600.0,2026-05-02 13:56:00
C043276,bed_overrun,181 admissions on 02 May 2026 at a hospital with 17 beds,P198,M025104,F198,MG009A,9000.0,9000.0,2026-05-02 13:56:00
C043281,bed_overrun,181 admissions on 02 May 2026 at a hospital with 17 beds,P198,M025195,F198,MG016A,10800.0,10800.0,2026-05-02 14:01:00
C043285,bed_overrun,181 admissions on 02 May 2026 at a hospital with 17 beds,P198,M012413,F198,MG001A,1800.0,1800.0,2026-05-02 14:06:00
C043286,bed_overrun,181 admissions on 02 May 2026 at a hospital with 17 beds,P198,M024097,F198,MG016A,40500.0,40500.0,2026-05-02 14:07:00
C043287,bed_overrun,181 admissions on 02 May 2026 at a hospital with 17 beds,P198,M004853,F198,MG009A,9000.0,9000.0,2026-05-02 14:07:00
C043288,bed_overrun,181 admissions on 02 May 2026 at a hospital with 17 beds,P198,M014555,F198,MG009A,3600.0,3600.0,2026-05-02 14:07:00
C043289,bed_overrun,181 admissions on 02 May 2026 at a hospital with 17 beds,P198,M001926,F198,MG016A,9000.0,9000.0,2026-05-02 14:09:00
C043290,bed_overrun,181 admissions on 02 May 2026 at a hospital with 17 beds,P198,M004894,F198,MG009A,7200.0,7200.0,2026-05-02 14:09:00
C043292,bed_overrun,181 admissions on 02 May 2026 at a hospital with 17 beds,P198,M002949,F198,MG016A,4403.0,5400.0,2026-05-02 14:11:00
C043293,bed_overrun,181 admissions on 02 May 2026 at a hospital with 17 beds,P198,M019369,F198,MG009A,3600.0,3600.0,2026-05-02 14:11:00
C043294,bed_overrun,181 admissions on 02 May 2026 at a hospital with 17 beds,P198,M025409,F198,MG001A,9000.0,9000.0,2026-05-02 14:12:00
C043298,bed_overrun,181 admissions on 02 May 2026 at a hospital with 17 beds,P198,M008213,F198,MG016A,2862.0,3600.0,2026-05-02 14:21:00
C043299,bed_overrun,181 admissions on 02 May 2026 at a hospital with 17 beds,P198,M006932,F198,MG009A,5400.0,5400.0,2026-05-02 14:21:00
C043301,bed_overrun,181 admissions on 02 May 2026 at a hospital with 17 beds,P198,M001519,F198,MG001A,1800.0,1800.0,2026-05-02 14:22:00
C043302,bed_overrun,181 admissions on 02 May 2026 at a hospital with 17 beds,P198,M007299,F198,MG001A,5400.0,5400.0,2026-05-02 14:25:00
C043303,bed_overrun,181 admissions on 02 May 2026 at a hospital with 17 beds,P198,M004910,F198,MG016A,10800.0,10800.0,2026-05-02 14:25:00
C043305,bed_overrun,181 admissions on 02 May 2026 at a hospital with 17 beds,P198,M019376,F198,MG016A,5400.0,5400.0,2026-05-02 14:28:00
C043306,bed_overrun,181 admissions on 02 May 2026 at a hospital with 17 beds,P198,M017509,F198,MG016A,13500.0,13500.0,2026-05-02 14:29:00
C043307,bed_overrun,181 admissions on 02 May 2026 at a hospital with 17 beds,P198,M016400,F198,MG009A,7200.0,7200.0,2026-05-02 14:30:00
C043309,bed_overrun,181 admissions on 02 May 2026 at a hospital with 17 beds,P198,M001492,F198,MG009A,1800.0,1800.0,2026-05-02 14:34:00
C043310,bed_overrun,181 admissions on 02 May 2026 at a hospital with 17 beds,P198,M019829,F198,MG001A,9282.0,10800.0,2026-05-02 14:38:00
C043311,bed_overrun,181 admissions on 02 May 2026 at a hospital with 17 beds,P198,M018842,F198,MG009A,5400.0,5400.0,2026-05-02 14:41:00
C043313,bed_overrun,181 admissions on 02 May 2026 at a hospital with 17 beds,P198,M008545,F198,MG001A,5400.0,5400.0,2026-05-02 14:49:00
C043315,bed_overrun,181 admissions on 02 May 2026 at a hospital with 17 beds,P198,M020599,F198,MG016A,12600.0,12600.0,2026-05-02 14:54:00
C043316,bed_overrun,181 admissions on 02 May 2026 at a hospital with 17 beds,P198,M003545,F198,MG001A,5400.0,5400.0,2026-05-02 14:55:00
C043317,bed_overrun,181 admissions on 02 May 2026 at a hospital with 17 beds,P198,M006929,F198,MG001A,7200.0,7200.0,2026-05-02 14:56:00
C043319,bed_overrun,181 admissions on 02 May 2026 at a hospital with 17 beds,P198,M005474,F198,MG009A,7200.0,7200.0,2026-05-02 15:00:00
C043328,bed_overrun,181 admissions on 02 May 2026 at a hospital with 17 beds,P198,M018858,F198,MG016A,9000.0,9000.0,2026-05-02 15:15:00
C043330,bed_overrun,181 admissions on 02 May 2026 at a hospital with 17 beds,P198,M008055,F198,MG009A,5977.0,7200.0,2026-05-02 15:20:00
C043332,bed_overrun,181 admissions on 02 May 2026 at a hospital with 17 beds,P198,M010764,F198,MG009A,7200.0,7200.0,2026-05-02 15:29:00
C043336,bed_overrun,181 admissions on 02 May 2026 at a hospital with 17 beds,P198,M010722,F198,MG001A,13500.0,13500.0,2026-05-02 15:34:00
C043343,bed_overrun,181 admissions on 02 May 2026 at a hospital with 17 beds,P198,M018920,F198,MG009A,10800.0,10800.0,2026-05-02 15:48:00
C043348,bed_overrun,181 admissions on 02 May 2026 at a hospital with 17 beds,P198,M007445,F198,MG001A,5400.0,5400.0,2026-05-02 15:56:00
C043349,bed_overrun,181 admissions on 02 May 2026 at a hospital with 17 beds,P198,M025089,F198,MG016A,9000.0,9000.0,2026-05-02 16:03:00
C043350,bed_overrun,181 admissions on 02 May 2026 at a hospital with 17 beds,P198,M000060,F198,MG001A,3600.0,3600.0,2026-05-02 16:08:00
C043351,bed_overrun,181 admissions on 02 May 2026 at a hospital with 17 beds,P198,M009228,F198,MG001A,3600.0,3600.0,2026-05-02 16:12:00
C043353,bed_overrun,181 admissions on 02 May 2026 at a hospital with 17 beds,P198,M022848,F198,MG016A,7200.0,7200.0,2026-05-02 16:16:00
C043355,bed_overrun,181 admissions on 02 May 2026 at a hospital with 17 beds,P198,M020599,F198,MG009A,4028.0,5400.0,2026-05-02 16:19:00
C043357,bed_overrun,181 admissions on 02 May 2026 at a hospital with 17 beds,P198,M011544,F198,MG001A,3600.0,3600.0,2026-05-02 16:22:00
C043360,bed_overrun,181 admissions on 02 May 2026 at a hospital with 17 beds,P198,M001769,F198,MG016A,7928.0,9000.0,2026-05-02 16:25:00
C043361,bed_overrun,181 admissions on 02 May 2026 at a hospital with 17 beds,P198,M016200,F198,MG009A,5400.0,5400.0,2026-05-02 16:25:00
C043366,bed_overrun,181 admissions on 02 May 2026 at a hospital with 17 beds,P198,M021093,F198,MG001A,4011.0,5400.0,2026-05-02 16:33:00
C043368,bed_overrun,181 admissions on 02 May 2026 at a hospital with 17 beds,P198,M007009,F198,MG009A,3600.0,3600.0,2026-05-02 16:35:00
C043371,bed_overrun,181 admissions on 02 May 2026 at a hospital with 17 beds,P198,M017513,F198,MG001A,9000.0,9000.0,2026-05-02 16:38:00
C043373,bed_overrun,181 admissions on 02 May 2026 at a hospital with 17 beds,P198,M002534,F198,MG001A,5400.0,5400.0,2026-05-02 16:41:00
C043374,bed_overrun,181 admissions on 02 May 2026 at a hospital with 17 beds,P198,M001996,F198,MG001A,1800.0,1800.0,2026-05-02 16:46:00
C043379,bed_overrun,181 admissions on 02 May 2026 at a hospital with 17 beds,P198,M025768,F198,MG016A,14400.0,14400.0,2026-05-02 16:54:00
C043381,bed_overrun,181 admissions on 02 May 2026 at a hospital with 17 beds,P198,M025103,F198,MG016A,10800.0,10800.0,2026-05-02 16:57:00
C043384,bed_overrun,181 admissions on 02 May 2026 at a hospital with 17 beds,P198,M011800,F198,MG001A,5400.0,5400.0,2026-05-02 16:59:00
C043385,bed_overrun,181 admissions on 02 May 2026 at a hospital with 17 beds,P198,M024070,F198,MG001A,5400.0,5400.0,2026-05-02 17:00:00
C043388,bed_overrun,181 admissions on 02 May 2026 at a hospital with 17 beds,P198,M011077,F198,MG001A,5400.0,5400.0,2026-05-02 17:04:00
C043389,bed_overrun,181 admissions on 02 May 2026 at a hospital with 17 beds,P198,M021671,F198,MG001A,9000.0,9000.0,2026-05-02 17:07:00
C043390,bed_overrun,181 admissions on 02 May 2026 at a hospital with 17 beds,P198,M000059,F198,MG001A,10800.0,10800.0,2026-05-02 17:15:00
C043391,bed_overrun,181 admissions on 02 May 2026 at a hospital with 17 beds,P198,M023009,F198,MG016A,14400.0,14400.0,2026-05-02 17:15:00
C043392,bed_overrun,181 admissions on 02 May 2026 at a hospital with 17 beds,P198,M013435,F198,MG009A,5400.0,5400.0,2026-05-02 17:15:00
C043393,bed_overrun,181 admissions on 02 May 2026 at a hospital with 17 beds,P198,M025867,F198,MG016A,3600.0,3600.0,2026-05-02 17:17:00
C043397,bed_overrun,181 admissions on 02 May 2026 at a hospital with 17 beds,P198,M010720,F198,MG001A,3600.0,3600.0,2026-05-02 17:23:00
C043401,bed_overrun,181 admissions on 02 May 2026 at a hospital with 17 beds,P198,M008380,F198,MG001A,5400.0,5400.0,2026-05-02 17:25:00
C043402,bed_overrun,181 admissions on 02 May 2026 at a hospital with 17 beds,P198,M021997,F198,MG009A,3830.0,5400.0,2026-05-02 17:27:00
C043403,bed_overrun,181 admissions on 02 May 2026 at a hospital with 17 beds,P198,M016371,F198,MG001A,5400.0,5400.0,2026-05-02 17:29:00
C043405,bed_overrun,181 admissions on 02 May 2026 at a hospital with 17 beds,P198,M017413,F198,MG016A,14400.0,14400.0,2026-05-02 17:34:00
C043407,bed_overrun,181 admissions on 02 May 2026 at a hospital with 17 beds,P198,M020008,F198,MG009A,9000.0,9000.0,2026-05-02 17:36:00
C043408,bed_overrun,181 admissions on 02 May 2026 at a hospital with 17 beds,P198,M010606,F198,MG001A,3600.0,3600.0,2026-05-02 17:38:00
C043411,bed_overrun,181 admissions on 02 May 2026 at a hospital with 17 beds,P198,M016338,F198,MG001A,3600.0,3600.0,2026-05-02 17:51:00
C043412,bed_overrun,181 admissions on 02 May 2026 at a hospital with 17 beds,P198,M021009,F198,MG001A,5400.0,5400.0,2026-05-02 17:55:00
C043415,bed_overrun,181 admissions on 02 May 2026 at a hospital with 17 beds,P198,M022759,F198,MG001A,7200.0,7200.0,2026-05-02 17:59:00
C045161,bed_overrun,82 admissions on 11 May 2026 at a hospital with 17 beds,P198,M007380,F198,MG016A,12600.0,12600.0,2026-05-11 08:03:00
C045166,bed_overrun,82 admissions on 11 May 2026 at a hospital with 17 beds,P198,M009159,F198,MG001A,9000.0,9000.0,2026-05-11 08:17:00
C045168,bed_overrun,82 admissions on 11 May 2026 at a hospital with 17 beds,P198,M003786,F198,MG016A,6356.0,7200.0,2026-05-11 08:21:00
C045170,bed_overrun,82 admissions on 11 May 2026 at a hospital with 17 beds,P198,M010812,F198,MG001A,5400.0,5400.0,2026-05-11 08:27:00
C045171,bed_overrun,82 admissions on 11 May 2026 at a hospital with 17 beds,P198,M009082,F198,MG001A,3600.0,3600.0,2026-05-11 08:27:00
C045177,bed_overrun,82 admissions on 11 May 2026 at a hospital with 17 beds,P198,M025407,F198,MG001A,3600.0,3600.0,2026-05-11 08:45:00
C045181,bed_overrun,82 admissions on 11 May 2026 at a hospital with 17 beds,P198,M020458,F198,MG009A,2639.0,3600.0,2026-05-11 08:53:00
C045184,bed_overrun,82 admissions on 11 May 2026 at a hospital with 17 beds,P198,M021672,F198,MG009A,6016.0,7200.0,2026-05-11 09:07:00
C045185,bed_overrun,82 admissions on 11 May 2026 at a hospital with 17 beds,P198,M001032,F198,MG009A,7200.0,7200.0,2026-05-11 09:08:00
C045186,bed_overrun,82 admissions on 11 May 2026 at a hospital with 17 beds,P198,M010411,F198,MG016A,5400.0,5400.0,2026-05-11 09:10:00
C045190,bed_overrun,82 admissions on 11 May 2026 at a hospital with 17 beds,P198,M008782,F198,MG001A,5533.0,7200.0,2026-05-11 09:18:00
C045192,bed_overrun,82 admissions on 11 May 2026 at a hospital with 17 beds,P198,M008310,F198,MG001A,5400.0,5400.0,2026-05-11 09:23:00
C045194,bed_overrun,82 admissions on 11 May 2026 at a hospital with 17 beds,P198,M018857,F198,MG001A,5400.0,5400.0,2026-05-11 09:25:00
C045195,bed_overrun,82 admissions on 11 May 2026 at a hospital with 17 beds,P198,M021670,F198,MG016A,7200.0,7200.0,2026-05-11 09:26:00
C045201,bed_overrun,82 admissions on 11 May 2026 at a hospital with 17 beds,P198,M003585,F198,MG016A,5400.0,5400.0,2026-05-11 09:39:00
C045205,bed_overrun,82 admissions on 11 May 2026 at a hospital with 17 beds,P198,M016193,F198,MG001A,5400.0,5400.0,2026-05-11 09:50:00
C045206,bed_overrun,82 admissions on 11 May 2026 at a hospital with 17 beds,P198,M010722,F198,ER003A,1700.0,1700.0,2026-05-11 09:53:00
C045211,bed_overrun,82 admissions on 11 May 2026 at a hospital with 17 beds,P198,M001968,F198,MG016A,9000.0,9000.0,2026-05-11 10:03:00
C045213,bed_overrun,82 admissions on 11 May 2026 at a hospital with 17 beds,P198,M010605,F198,MG016A,12600.0,12600.0,2026-05-11 10:14:00
C045215,bed_overrun,82 admissions on 11 May 2026 at a hospital with 17 beds,P198,M010942,F198,MG016A,9000.0,9000.0,2026-05-11 10:16:00
C045216,bed_overrun,82 admissions on 11 May 2026 at a hospital with 17 beds,P198,M016194,F198,MG016A,10800.0,10800.0,2026-05-11 10:22:00
C045218,bed_overrun,82 admissions on 11 May 2026 at a hospital with 17 beds,P198,M015733,F198,MG016A,9000.0,9000.0,2026-05-11 10:25:00
C045219,bed_overrun,82 admissions on 11 May 2026 at a hospital with 17 beds,P198,M007526,F198,MG009A,2700.0,2700.0,2026-05-11 10:26:00
C045221,bed_overrun,82 admissions on 11 May 2026 at a hospital with 17 beds,P198,M018845,F198,MG016A,5063.0,5400.0,2026-05-11 10:32:00
C045224,bed_overrun,82 admissions on 11 May 2026 at a hospital with 17 beds,P198,M024192,F198,MG016A,5400.0,5400.0,2026-05-11 10:43:00
C045231,bed_overrun,82 admissions on 11 May 2026 at a hospital with 17 beds,P198,M021862,F198,MG016A,9000.0,9000.0,2026-05-11 11:11:00
C045232,bed_overrun,82 admissions on 11 May 2026 at a hospital with 17 beds,P198,M010944,F198,MG001A,3600.0,3600.0,2026-05-11 11:11:00
C045239,bed_overrun,82 admissions on 11 May 2026 at a hospital with 17 beds,P198,M013827,F198,MG009A,3600.0,3600.0,2026-05-11 11:31:00
C045240,bed_overrun,82 admissions on 11 May 2026 at a hospital with 17 beds,P198,M025639,F198,MG009A,13035.0,18000.0,2026-05-11 11:32:00
C045242,bed_overrun,82 admissions on 11 May 2026 at a hospital with 17 beds,P198,M016600,F198,MG009A,7200.0,7200.0,2026-05-11 11:39:00
C045246,bed_overrun,82 admissions on 11 May 2026 at a hospital with 17 beds,P198,M001001,F198,MG009A,1800.0,1800.0,2026-05-11 11:49:00
C045249,bed_overrun,82 admissions on 11 May 2026 at a hospital with 17 beds,P198,M017442,F198,MG009A,7200.0,7200.0,2026-05-11 11:52:00
C045252,bed_overrun,82 admissions on 11 May 2026 at a hospital with 17 beds,P198,M005975,F198,MG009A,5400.0,5400.0,2026-05-11 12:01:00
C045253,bed_overrun,82 admissions on 11 May 2026 at a hospital with 17 beds,P198,M001136,F198,MG001A,10800.0,10800.0,2026-05-11 12:06:00
C045258,bed_overrun,82 admissions on 11 May 2026 at a hospital with 17 beds,P198,M013566,F198,MG016A,7200.0,7200.0,2026-05-11 12:25:00
C045261,bed_overrun,82 admissions on 11 May 2026 at a hospital with 17 beds,P198,M004300,F198,MG001A,12600.0,12600.0,2026-05-11 12:34:00
C045262,bed_overrun,82 admissions on 11 May 2026 at a hospital with 17 beds,P198,M021998,F198,MG009A,3600.0,3600.0,2026-05-11 12:34:00
C045263,bed_overrun,82 admissions on 11 May 2026 at a hospital with 17 beds,P198,M024008,F198,MG016A,5400.0,5400.0,2026-05-11 12:34:00
C045265,bed_overrun,82 admissions on 11 May 2026 at a hospital with 17 beds,P198,M025951,F198,MG009A,5400.0,5400.0,2026-05-11 12:39:00
C045274,bed_overrun,82 admissions on 11 May 2026 at a hospital with 17 beds,P198,M020113,F198,MG001A,5400.0,5400.0,2026-05-11 13:11:00
C045277,bed_overrun,82 admissions on 11 May 2026 at a hospital with 17 beds,P198,M000191,F198,MG016A,5400.0,5400.0,2026-05-11 13:31:00
C045278,bed_overrun,82 admissions on 11 May 2026 at a hospital with 17 beds,P198,M025950,F198,MG001A,1800.0,1800.0,2026-05-11 13:33:00
C045279,bed_overrun,82 admissions on 11 May 2026 at a hospital with 17 beds,P198,M024616,F198,MG009A,10800.0,10800.0,2026-05-11 13:38:00
C045281,bed_overrun,82 admissions on 11 May 2026 at a hospital with 17 beds,P198,M019760,F198,MG009A,1800.0,1800.0,2026-05-11 13:48:00
C045285,bed_overrun,82 admissions on 11 May 2026 at a hospital with 17 beds,P198,M002891,F198,MG001A,3600.0,3600.0,2026-05-11 14:04:00
C045288,bed_overrun,82 admissions on 11 May 2026 at a hospital with 17 beds,P198,M011801,F198,MG009A,5400.0,5400.0,2026-05-11 14:16:00
C045290,bed_overrun,82 admissions on 11 May 2026 at a hospital with 17 beds,P198,M019365,F198,MG009A,5400.0,5400.0,2026-05-11 14:17:00
C045292,bed_overrun,82 admissions on 11 May 2026 at a hospital with 17 beds,P198,M011674,F198,MG001A,7200.0,7200.0,2026-05-11 14:26:00
C045294,bed_overrun,82 admissions on 11 May 2026 at a hospital with 17 beds,P198,M007445,F198,MG009A,1327.0,1800.0,2026-05-11 14:29:00
C045299,bed_overrun,82 admissions on 11 May 2026 at a hospital with 17 beds,P198,M024641,F198,MG001A,7200.0,7200.0,2026-05-11 14:44:00
C045300,bed_overrun,82 admissions on 11 May 2026 at a hospital with 17 beds,P198,M025755,F198,MG001A,5400.0,5400.0,2026-05-11 14:47:00
C045302,bed_overrun,82 admissions on 11 May 2026 at a hospital with 17 beds,P198,M005200,F198,MG016A,5400.0,5400.0,2026-05-11 14:50:00
C045303,bed_overrun,82 admissions on 11 May 2026 at a hospital with 17 beds,P198,M010837,F198,MG016A,13528.0,14400.0,2026-05-11 14:56:00
C045308,bed_overrun,82 admissions on 11 May 2026 at a hospital with 17 beds,P198,M005199,F198,MG016A,9000.0,9000.0,2026-05-11 15:06:00
C045311,bed_overrun,82 admissions on 11 May 2026 at a hospital with 17 beds,P198,M007722,F198,MG001A,3600.0,3600.0,2026-05-11 15:14:00
C045314,bed_overrun,82 admissions on 11 May 2026 at a hospital with 17 beds,P198,M008347,F198,MG009A,9000.0,9000.0,2026-05-11 15:23:00
C045316,bed_overrun,82 admissions on 11 May 2026 at a hospital with 17 beds,P198,M014039,F198,MG016A,10800.0,10800.0,2026-05-11 15:27:00
C045317,bed_overrun,82 admissions on 11 May 2026 at a hospital with 17 beds,P198,M006191,F198,MG001A,3600.0,3600.0,2026-05-11 15:35:00
C045319,bed_overrun,82 admissions on 11 May 2026 at a hospital with 17 beds,P198,M007848,F198,MG016A,14400.0,14400.0,2026-05-11 15:37:00
C045320,bed_overrun,82 admissions on 11 May 2026 at a hospital with 17 beds,P198,M008310,F198,MG001A,9000.0,9000.0,2026-05-11 15:37:00
C045321,bed_overrun,82 admissions on 11 May 2026 at a hospital with 17 beds,P198,M006315,F198,MG001A,5400.0,5400.0,2026-05-11 15:44:00
C045322,bed_overrun,82 admissions on 11 May 2026 at a hospital with 17 beds,P198,M004263,F198,MG016A,9000.0,9000.0,2026-05-11 15:45:00
C045325,bed_overrun,82 admissions on 11 May 2026 at a hospital with 17 beds,P198,M000502,F198,MG009A,7200.0,7200.0,2026-05-11 16:01:00
C045329,bed_overrun,82 admissions on 11 May 2026 at a hospital with 17 beds,P198,M013438,F198,MG009A,7200.0,7200.0,2026-05-11 16:07:00
C045331,bed_overrun,82 admissions on 11 May 2026 at a hospital with 17 beds,P198,M021098,F198,MG016A,21600.0,21600.0,2026-05-11 16:08:00
C045332,bed_overrun,82 admissions on 11 May 2026 at a hospital with 17 beds,P198,M016473,F198,MG009A,7200.0,7200.0,2026-05-11 16:14:00
C045334,bed_overrun,82 admissions on 11 May 2026 at a hospital with 17 beds,P198,M021096,F198,MG001A,7200.0,7200.0,2026-05-11 16:21:00
C045337,bed_overrun,82 admissions on 11 May 2026 at a hospital with 17 beds,P198,M001962,F198,MG001A,3600.0,3600.0,2026-05-11 16:26:00
C045339,bed_overrun,82 admissions on 11 May 2026 at a hospital with 17 beds,P198,M010940,F198,MG001A,3600.0,3600.0,2026-05-11 16:32:00
C045341,bed_overrun,82 admissions on 11 May 2026 at a hospital with 17 beds,P198,M002874,F198,MG001A,5230.0,7200.0,2026-05-11 16:37:00
C045342,bed_overrun,82 admissions on 11 May 2026 at a hospital with 17 beds,P198,M021101,F198,MG016A,10800.0,10800.0,2026-05-11 16:39:00
C045343,bed_overrun,82 admissions on 11 May 2026 at a hospital with 17 beds,P198,M024097,F198,MG009A,10800.0,10800.0,2026-05-11 16:41:00
C045344,bed_overrun,82 admissions on 11 May 2026 at a hospital with 17 beds,P198,M020690,F198,MG016A,7912.0,9000.0,2026-05-11 16:41:00
C045346,bed_overrun,82 admissions on 11 May 2026 at a hospital with 17 beds,P198,M009229,F198,MG001A,7200.0,7200.0,2026-05-11 16:48:00
C045347,bed_overrun,82 admissions on 11 May 2026 at a hospital with 17 beds,P198,M025537,F198,MG016A,5400.0,5400.0,2026-05-11 16:51:00
C045352,bed_overrun,82 admissions on 11 May 2026 at a hospital with 17 beds,P198,M004474,F198,MG016A,7200.0,7200.0,2026-05-11 17:05:00
C045353,bed_overrun,82 admissions on 11 May 2026 at a hospital with 17 beds,P198,M011542,F198,MG001A,5400.0,5400.0,2026-05-11 17:09:00
C045357,bed_overrun,82 admissions on 11 May 2026 at a hospital with 17 beds,P198,M015368,F198,MG009A,7200.0,7200.0,2026-05-11 17:24:00
C045360,bed_overrun,82 admissions on 11 May 2026 at a hospital with 17 beds,P198,M006930,F198,MG001A,2852.0,3600.0,2026-05-11 17:26:00
C045361,bed_overrun,82 admissions on 11 May 2026 at a hospital with 17 beds,P198,M006997,F198,MG009A,5409.0,7200.0,2026-05-11 17:28:00
C045365,bed_overrun,82 admissions on 11 May 2026 at a hospital with 17 beds,P198,M007145,F198,MG001A,3600.0,3600.0,2026-05-11 17:34:00
C045366,bed_overrun,82 admissions on 11 May 2026 at a hospital with 17 beds,P198,M024246,F198,MG009A,5400.0,5400.0,2026-05-11 17:38:00
C049109,bed_overrun,140 admissions on 30 May 2026 at a hospital with 17 beds,P198,M001968,F198,MG009A,3600.0,3600.0,2026-05-30 08:12:00
C049111,bed_overrun,140 admissions on 30 May 2026 at a hospital with 17 beds,P198,M017814,F198,MG016A,10800.0,10800.0,2026-05-30 08:19:00
C049112,bed_overrun,140 admissions on 30 May 2026 at a hospital with 17 beds,P198,M006256,F198,MG009A,9000.0,9000.0,2026-05-30 08:20:00
C049115,bed_overrun,140 admissions on 30 May 2026 at a hospital with 17 beds,P198,M020040,F198,MG009A,5400.0,5400.0,2026-05-30 08:23:00
C049116,bed_overrun,140 admissions on 30 May 2026 at a hospital with 17 beds,P198,M001783,F198,MG001A,5400.0,5400.0,2026-05-30 08:23:00
C049117,bed_overrun,140 admissions on 30 May 2026 at a hospital with 17 beds,P198,M012839,F198,MG016A,7200.0,7200.0,2026-05-30 08:24:00
C049119,bed_overrun,140 admissions on 30 May 2026 at a hospital with 17 beds,P198,M017729,F198,MG016A,5400.0,5400.0,2026-05-30 08:28:00
C049122,bed_overrun,140 admissions on 30 May 2026 at a hospital with 17 beds,P198,M017440,F198,MG001A,3600.0,3600.0,2026-05-30 08:32:00
C049123,bed_overrun,140 admissions on 30 May 2026 at a hospital with 17 beds,P198,M010411,F198,MG016A,3600.0,3600.0,2026-05-30 08:33:00
C049126,bed_overrun,140 admissions on 30 May 2026 at a hospital with 17 beds,P198,M009081,F198,MG009A,12600.0,12600.0,2026-05-30 08:37:00
C049127,bed_overrun,140 admissions on 30 May 2026 at a hospital with 17 beds,P198,M015694,F198,MG016A,9299.0,10800.0,2026-05-30 08:39:00
C049130,bed_overrun,140 admissions on 30 May 2026 at a hospital with 17 beds,P198,M005702,F198,MG009A,5400.0,5400.0,2026-05-30 08:53:00
C049134,bed_overrun,140 admissions on 30 May 2026 at a hospital with 17 beds,P198,M004666,F198,MG016A,9000.0,9000.0,2026-05-30 09:04:00
C049137,bed_overrun,140 admissions on 30 May 2026 at a hospital with 17 beds,P198,M016369,F198,MG001A,5400.0,5400.0,2026-05-30 09:08:00
C049138,bed_overrun,140 admissions on 30 May 2026 at a hospital with 17 beds,P198,M014857,F198,MG016A,10800.0,10800.0,2026-05-30 09:13:00
C049146,bed_overrun,140 admissions on 30 May 2026 at a hospital with 17 beds,P198,M011060,F198,MG001A,10800.0,10800.0,2026-05-30 09:33:00
C049147,bed_overrun,140 admissions on 30 May 2026 at a hospital with 17 beds,P198,M009755,F198,MG001A,5400.0,5400.0,2026-05-30 09:35:00
C049148,bed_overrun,140 admissions on 30 May 2026 at a hospital with 17 beds,P198,M018617,F198,MG016A,10800.0,10800.0,2026-05-30 09:36:00
C049149,bed_overrun,140 admissions on 30 May 2026 at a hospital with 17 beds,P198,M011801,F198,MG016A,5400.0,5400.0,2026-05-30 09:36:00
C049150,bed_overrun,140 admissions on 30 May 2026 at a hospital with 17 beds,P198,M004924,F198,MG001A,8100.0,8100.0,2026-05-30 09:39:00
C049154,bed_overrun,140 admissions on 30 May 2026 at a hospital with 17 beds,P198,M022734,F198,MG001A,1680.0,1800.0,2026-05-30 09:43:00
C049162,bed_overrun,140 admissions on 30 May 2026 at a hospital with 17 beds,P198,M007010,F198,MG001A,13500.0,13500.0,2026-05-30 09:57:00
C049163,bed_overrun,140 admissions on 30 May 2026 at a hospital with 17 beds,P198,M021861,F198,MG009A,3600.0,3600.0,2026-05-30 10:01:00
C049164,bed_overrun,140 admissions on 30 May 2026 at a hospital with 17 beds,P198,M023661,F198,MG001A,14400.0,14400.0,2026-05-30 10:01:00
C049165,bed_overrun,140 admissions on 30 May 2026 at a hospital with 17 beds,P198,M014556,F198,MG001A,3600.0,3600.0,2026-05-30 10:06:00
C049168,bed_overrun,140 admissions on 30 May 2026 at a hospital with 17 beds,P198,M018616,F198,MG001A,4114.0,5400.0,2026-05-30 10:07:00
C049169,bed_overrun,140 admissions on 30 May 2026 at a hospital with 17 beds,P198,M011798,F198,MG009A,5400.0,5400.0,2026-05-30 10:09:00
C049173,bed_overrun,140 admissions on 30 May 2026 at a hospital with 17 beds,P198,M011038,F198,MG016A,9000.0,9000.0,2026-05-30 10:16:00
C049176,bed_overrun,140 admissions on 30 May 2026 at a hospital with 17 beds,P198,M006733,F198,MG001A,7200.0,7200.0,2026-05-30 10:20:00
C049179,bed_overrun,140 admissions on 30 May 2026 at a hospital with 17 beds,P198,M018179,F198,MG016A,8370.0,10800.0,2026-05-30 10:27:00
C049185,bed_overrun,140 admissions on 30 May 2026 at a hospital with 17 beds,P198,M006929,F198,MG009A,1800.0,1800.0,2026-05-30 10:38:00
C049187,bed_overrun,140 admissions on 30 May 2026 at a hospital with 17 beds,P198,M024153,F198,MG001A,7200.0,7200.0,2026-05-30 10:41:00
C049192,bed_overrun,140 admissions on 30 May 2026 at a hospital with 17 beds,P198,M018683,F198,MG016A,10800.0,10800.0,2026-05-30 10:52:00
C049194,bed_overrun,140 admissions on 30 May 2026 at a hospital with 17 beds,P198,M016341,F198,MG016A,16200.0,16200.0,2026-05-30 10:54:00
C049200,bed_overrun,140 admissions on 30 May 2026 at a hospital with 17 beds,P198,M012044,F198,MG001A,3600.0,3600.0,2026-05-30 11:11:00
C049201,bed_overrun,140 admissions on 30 May 2026 at a hospital with 17 beds,P198,M024814,F198,MG009A,9000.0,9000.0,2026-05-30 11:12:00
C049202,bed_overrun,140 admissions on 30 May 2026 at a hospital with 17 beds,P198,M004893,F198,MG016A,21600.0,21600.0,2026-05-30 11:17:00
C049203,bed_overrun,140 admissions on 30 May 2026 at a hospital with 17 beds,P198,M023806,F198,MG009A,9000.0,9000.0,2026-05-30 11:21:00
C049206,bed_overrun,140 admissions on 30 May 2026 at a hospital with 17 beds,P198,M004906,F198,MG009A,5400.0,5400.0,2026-05-30 11:42:00
C049208,bed_overrun,140 admissions on 30 May 2026 at a hospital with 17 beds,P198,M001746,F198,MG016A,21600.0,21600.0,2026-05-30 11:46:00
C049210,bed_overrun,140 admissions on 30 May 2026 at a hospital with 17 beds,P198,M020115,F198,MG009A,5400.0,5400.0,2026-05-30 11:56:00
C049211,bed_overrun,140 admissions on 30 May 2026 at a hospital with 17 beds,P198,M003786,F198,MG016A,10800.0,10800.0,2026-05-30 12:02:00
C049213,bed_overrun,140 admissions on 30 May 2026 at a hospital with 17 beds,P198,M015520,F198,MG009A,2760.0,3600.0,2026-05-30 12:04:00
C049219,bed_overrun,140 admissions on 30 May 2026 at a hospital with 17 beds,P198,M010605,F198,MG009A,5400.0,5400.0,2026-05-30 12:14:00
C049220,bed_overrun,140 admissions on 30 May 2026 at a hospital with 17 beds,P198,M023602,F198,MG009A,1800.0,1800.0,2026-05-30 12:18:00
C049225,bed_overrun,140 admissions on 30 May 2026 at a hospital with 17 beds,P198,M011800,F198,MG009A,7200.0,7200.0,2026-05-30 12:24:00
C049228,bed_overrun,140 admissions on 30 May 2026 at a hospital with 17 beds,P198,M002053,F198,MG016A,12600.0,12600.0,2026-05-30 12:38:00
C049230,bed_overrun,140 admissions on 30 May 2026 at a hospital with 17 beds,P198,M014769,F198,MG009A,5400.0,5400.0,2026-05-30 12:40:00
C049233,bed_overrun,140 admissions on 30 May 2026 at a hospital with 17 beds,P198,M024728,F198,MG016A,28800.0,28800.0,2026-05-30 12:50:00
C049236,bed_overrun,140 admissions on 30 May 2026 at a hospital with 17 beds,P198,M004773,F198,MG016A,21600.0,21600.0,2026-05-30 12:56:00
C049239,bed_overrun,140 admissions on 30 May 2026 at a hospital with 17 beds,P198,M020865,F198,MG009A,3600.0,3600.0,2026-05-30 12:59:00
C049240,bed_overrun,140 admissions on 30 May 2026 at a hospital with 17 beds,P198,M016367,F198,MG016A,5400.0,5400.0,2026-05-30 13:03:00
C049242,bed_overrun,140 admissions on 30 May 2026 at a hospital with 17 beds,P198,M023945,F198,MG001A,3600.0,3600.0,2026-05-30 13:07:00
C049244,bed_overrun,140 admissions on 30 May 2026 at a hospital with 17 beds,P198,M004475,F198,MG001A,1800.0,1800.0,2026-05-30 13:12:00
C049245,bed_overrun,140 admissions on 30 May 2026 at a hospital with 17 beds,P198,M011543,F198,MG009A,3600.0,3600.0,2026-05-30 13:15:00
C049246,bed_overrun,140 admissions on 30 May 2026 at a hospital with 17 beds,P198,M000303,F198,MG009A,5400.0,5400.0,2026-05-30 13:15:00
C049247,bed_overrun,140 admissions on 30 May 2026 at a hospital with 17 beds,P198,M025638,F198,MG001A,1800.0,1800.0,2026-05-30 13:16:00
C049248,bed_overrun,140 admissions on 30 May 2026 at a hospital with 17 beds,P198,M010767,F198,MG009A,5400.0,5400.0,2026-05-30 13:23:00
C049249,bed_overrun,140 admissions on 30 May 2026 at a hospital with 17 beds,P198,M021290,F198,MG016A,5400.0,5400.0,2026-05-30 13:24:00
C049250,bed_overrun,140 admissions on 30 May 2026 at a hospital with 17 beds,P198,M000610,F198,MG016A,5400.0,5400.0,2026-05-30 13:25:00
C049251,bed_overrun,140 admissions on 30 May 2026 at a hospital with 17 beds,P198,M004758,F198,MG009A,6772.0,7200.0,2026-05-30 13:26:00
C049252,bed_overrun,140 admissions on 30 May 2026 at a hospital with 17 beds,P198,M019743,F198,MG009A,10800.0,10800.0,2026-05-30 13:29:00
C049253,bed_overrun,140 admissions on 30 May 2026 at a hospital with 17 beds,P198,M013829,F198,MG001A,10800.0,10800.0,2026-05-30 13:31:00
C049255,bed_overrun,140 admissions on 30 May 2026 at a hospital with 17 beds,P198,M016448,F198,MG016A,9000.0,9000.0,2026-05-30 13:38:00
C049256,bed_overrun,140 admissions on 30 May 2026 at a hospital with 17 beds,P198,M016975,F198,MG009A,5400.0,5400.0,2026-05-30 13:38:00
C049257,bed_overrun,140 admissions on 30 May 2026 at a hospital with 17 beds,P198,M010149,F198,MG001A,7200.0,7200.0,2026-05-30 13:39:00
C049259,bed_overrun,140 admissions on 30 May 2026 at a hospital with 17 beds,P198,M011092,F198,MG009A,5400.0,5400.0,2026-05-30 13:41:00
C049260,bed_overrun,140 admissions on 30 May 2026 at a hospital with 17 beds,P198,M007774,F198,MG001A,3600.0,3600.0,2026-05-30 13:42:00
C049263,bed_overrun,140 admissions on 30 May 2026 at a hospital with 17 beds,P198,M009158,F198,MG009A,1800.0,1800.0,2026-05-30 13:47:00
C049264,bed_overrun,140 admissions on 30 May 2026 at a hospital with 17 beds,P198,M004668,F198,MG001A,5400.0,5400.0,2026-05-30 13:49:00
C049265,bed_overrun,140 admissions on 30 May 2026 at a hospital with 17 beds,P198,M001997,F198,MG016A,16200.0,16200.0,2026-05-30 13:49:00
C049266,bed_overrun,140 admissions on 30 May 2026 at a hospital with 17 beds,P198,M002619,F198,MG009A,3600.0,3600.0,2026-05-30 13:52:00
C049267,bed_overrun,140 admissions on 30 May 2026 at a hospital with 17 beds,P198,M021672,F198,MG016A,3600.0,3600.0,2026-05-30 13:52:00
C049275,bed_overrun,140 admissions on 30 May 2026 at a hospital with 17 beds,P198,M024023,F198,MG001A,1429.0,1800.0,2026-05-30 14:04:00
C049277,bed_overrun,140 admissions on 30 May 2026 at a hospital with 17 beds,P198,M024100,F198,MG001A,5400.0,5400.0,2026-05-30 14:09:00
C049278,bed_overrun,140 admissions on 30 May 2026 at a hospital with 17 beds,P198,M006735,F198,MG009A,10800.0,10800.0,2026-05-30 14:10:00
C049279,bed_overrun,140 admissions on 30 May 2026 at a hospital with 17 beds,P198,M004858,F198,MG016A,25200.0,25200.0,2026-05-30 14:11:00
C049280,bed_overrun,140 admissions on 30 May 2026 at a hospital with 17 beds,P198,M006256,F198,MG001A,1319.0,1800.0,2026-05-30 14:12:00
C049284,bed_overrun,140 admissions on 30 May 2026 at a hospital with 17 beds,P198,M019051,F198,MG009A,3600.0,3600.0,2026-05-30 14:19:00
C049286,bed_overrun,140 admissions on 30 May 2026 at a hospital with 17 beds,P198,M017513,F198,MG016A,9000.0,9000.0,2026-05-30 14:29:00
C049287,bed_overrun,140 admissions on 30 May 2026 at a hospital with 17 beds,P198,M016587,F198,MG009A,7200.0,7200.0,2026-05-30 14:33:00
C049288,bed_overrun,140 admissions on 30 May 2026 at a hospital with 17 beds,P198,M004229,F198,SG051B,17400.0,17400.0,2026-05-30 14:38:00
C049289,bed_overrun,140 admissions on 30 May 2026 at a hospital with 17 beds,P198,M018180,F198,MG001A,10800.0,10800.0,2026-05-30 14:41:00
C049291,bed_overrun,140 admissions on 30 May 2026 at a hospital with 17 beds,P198,M012155,F198,MG016A,7200.0,7200.0,2026-05-30 14:47:00
C049294,bed_overrun,140 admissions on 30 May 2026 at a hospital with 17 beds,P198,M014598,F198,MG016A,5400.0,5400.0,2026-05-30 14:50:00
C049296,bed_overrun,140 admissions on 30 May 2026 at a hospital with 17 beds,P198,M013325,F198,MG001A,2700.0,2700.0,2026-05-30 14:55:00
C049297,bed_overrun,140 admissions on 30 May 2026 at a hospital with 17 beds,P198,M025089,F198,MG001A,16200.0,16200.0,2026-05-30 14:55:00
C049298,bed_overrun,140 admissions on 30 May 2026 at a hospital with 17 beds,P198,M021672,F198,MG001A,1800.0,1800.0,2026-05-30 14:58:00
C049299,bed_overrun,140 admissions on 30 May 2026 at a hospital with 17 beds,P198,M017626,F198,MG009A,1800.0,1800.0,2026-05-30 14:58:00
C049300,bed_overrun,140 admissions on 30 May 2026 at a hospital with 17 beds,P198,M002622,F198,MG016A,7200.0,7200.0,2026-05-30 15:02:00
C049301,bed_overrun,140 admissions on 30 May 2026 at a hospital with 17 beds,P198,M008782,F198,MG016A,7200.0,7200.0,2026-05-30 15:05:00
C049303,bed_overrun,140 admissions on 30 May 2026 at a hospital with 17 beds,P198,M013606,F198,MG009A,7200.0,7200.0,2026-05-30 15:09:00
C049304,bed_overrun,140 admissions on 30 May 2026 at a hospital with 17 beds,P198,M025408,F198,MG001A,4706.0,5400.0,2026-05-30 15:11:00
C049306,bed_overrun,140 admissions on 30 May 2026 at a hospital with 17 beds,P198,M012811,F198,MG009A,1800.0,1800.0,2026-05-30 15:14:00
C049309,bed_overrun,140 admissions on 30 May 2026 at a hospital with 17 beds,P198,M024474,F198,MG001A,5400.0,5400.0,2026-05-30 15:28:00
C049311,bed_overrun,140 admissions on 30 May 2026 at a hospital with 17 beds,P198,M018927,F198,MG016A,7200.0,7200.0,2026-05-30 15:32:00
C049312,bed_overrun,140 admissions on 30 May 2026 at a hospital with 17 beds,P198,M009134,F198,MG001A,18000.0,18000.0,2026-05-30 15:33:00
C049313,bed_overrun,140 admissions on 30 May 2026 at a hospital with 17 beds,P198,M009576,F198,MG001A,3288.0,3600.0,2026-05-30 15:33:00
C049315,bed_overrun,140 admissions on 30 May 2026 at a hospital with 17 beds,P198,M011090,F198,MG001A,5400.0,5400.0,2026-05-30 15:38:00
C049317,bed_overrun,140 admissions on 30 May 2026 at a hospital with 17 beds,P198,M014768,F198,MG009A,7200.0,7200.0,2026-05-30 15:49:00
C049318,bed_overrun,140 admissions on 30 May 2026 at a hospital with 17 beds,P198,M003847,F198,MG001A,5400.0,5400.0,2026-05-30 15:50:00
C049319,bed_overrun,140 admissions on 30 May 2026 at a hospital with 17 beds,P198,M012278,F198,MG009A,1628.0,1800.0,2026-05-30 15:51:00
C049322,bed_overrun,140 admissions on 30 May 2026 at a hospital with 17 beds,P198,M006180,F198,MG001A,3600.0,3600.0,2026-05-30 15:58:00
C049323,bed_overrun,140 admissions on 30 May 2026 at a hospital with 17 beds,P198,M021291,F198,MG001A,3600.0,3600.0,2026-05-30 15:58:00
C049326,bed_overrun,140 admissions on 30 May 2026 at a hospital with 17 beds,P198,M017628,F198,MG009A,9000.0,9000.0,2026-05-30 16:02:00
C049328,bed_overrun,140 admissions on 30 May 2026 at a hospital with 17 beds,P198,M003687,F198,MG001A,13500.0,13500.0,2026-05-30 16:07:00
C049329,bed_overrun,140 admissions on 30 May 2026 at a hospital with 17 beds,P198,M021194,F198,MG009A,3600.0,3600.0,2026-05-30 16:08:00
C049330,bed_overrun,140 admissions on 30 May 2026 at a hospital with 17 beds,P198,M013609,F198,MG016A,14383.0,16200.0,2026-05-30 16:08:00
C049331,bed_overrun,140 admissions on 30 May 2026 at a hospital with 17 beds,P198,M004188,F198,MG009A,1800.0,1800.0,2026-05-30 16:09:00
C049333,bed_overrun,140 admissions on 30 May 2026 at a hospital with 17 beds,P198,M014854,F198,MG009A,7200.0,7200.0,2026-05-30 16:17:00
C049334,bed_overrun,140 admissions on 30 May 2026 at a hospital with 17 beds,P198,M012418,F198,MG009A,1800.0,1800.0,2026-05-30 16:20:00
C049336,bed_overrun,140 admissions on 30 May 2026 at a hospital with 17 beds,P198,M018333,F198,MG001A,7200.0,7200.0,2026-05-30 16:21:00
C049339,bed_overrun,140 admissions on 30 May 2026 at a hospital with 17 beds,P198,M000444,F198,MG009A,5400.0,5400.0,2026-05-30 16:33:00
C049346,bed_overrun,140 admissions on 30 May 2026 at a hospital with 17 beds,P198,M020115,F198,MG009A,5400.0,5400.0,2026-05-30 16:49:00
C049349,bed_overrun,140 admissions on 30 May 2026 at a hospital with 17 beds,P198,M002319,F198,MG001A,9000.0,9000.0,2026-05-30 16:57:00
C049350,bed_overrun,140 admissions on 30 May 2026 at a hospital with 17 beds,P198,M019051,F198,MG009A,1800.0,1800.0,2026-05-30 16:57:00
C049351,bed_overrun,140 admissions on 30 May 2026 at a hospital with 17 beds,P198,M000409,F198,MG009A,3600.0,3600.0,2026-05-30 16:58:00
C049353,bed_overrun,140 admissions on 30 May 2026 at a hospital with 17 beds,P198,M022872,F198,MG001A,10800.0,10800.0,2026-05-30 17:01:00
C049354,bed_overrun,140 admissions on 30 May 2026 at a hospital with 17 beds,P198,M017814,F198,MG016A,13500.0,13500.0,2026-05-30 17:02:00
C049355,bed_overrun,140 admissions on 30 May 2026 at a hospital with 17 beds,P198,M016088,F198,MG009A,3600.0,3600.0,2026-05-30 17:03:00
C049356,bed_overrun,140 admissions on 30 May 2026 at a hospital with 17 beds,P198,M004265,F198,MG001A,7200.0,7200.0,2026-05-30 17:03:00
C049358,bed_overrun,140 admissions on 30 May 2026 at a hospital with 17 beds,P198,M024072,F198,MG016A,2989.0,3600.0,2026-05-30 17:07:00
C049361,bed_overrun,140 admissions on 30 May 2026 at a hospital with 17 beds,P198,M003886,F198,MG001A,7200.0,7200.0,2026-05-30 17:08:00
C049362,bed_overrun,140 admissions on 30 May 2026 at a hospital with 17 beds,P198,M024737,F198,MG016A,1800.0,1800.0,2026-05-30 17:08:00
C049363,bed_overrun,140 admissions on 30 May 2026 at a hospital with 17 beds,P198,M008779,F198,MG001A,5400.0,5400.0,2026-05-30 17:09:00
C049364,bed_overrun,140 admissions on 30 May 2026 at a hospital with 17 beds,P198,M006177,F198,MG009A,10800.0,10800.0,2026-05-30 17:11:00
C049367,bed_overrun,140 admissions on 30 May 2026 at a hospital with 17 beds,P198,M011147,F198,MG009A,10800.0,10800.0,2026-05-30 17:16:00
C049369,bed_overrun,140 admissions on 30 May 2026 at a hospital with 17 beds,P198,M004733,F198,MG009A,5400.0,5400.0,2026-05-30 17:16:00
C049370,bed_overrun,140 admissions on 30 May 2026 at a hospital with 17 beds,P198,M003712,F198,MG016A,9000.0,9000.0,2026-05-30 17:17:00
C049371,bed_overrun,140 admissions on 30 May 2026 at a hospital with 17 beds,P198,M002534,F198,MG016A,14400.0,14400.0,2026-05-30 17:17:00
C049372,bed_overrun,140 admissions on 30 May 2026 at a hospital with 17 beds,P198,M019051,F198,MG001A,3600.0,3600.0,2026-05-30 17:17:00
C049373,bed_overrun,140 admissions on 30 May 2026 at a hospital with 17 beds,P198,M016702,F198,MG001A,3600.0,3600.0,2026-05-30 17:19:00
C049374,bed_overrun,140 admissions on 30 May 2026 at a hospital with 17 beds,P198,M007298,F198,MG016A,9000.0,9000.0,2026-05-30 17:20:00
C049375,bed_overrun,140 admissions on 30 May 2026 at a hospital with 17 beds,P198,M016340,F198,MG001A,1800.0,1800.0,2026-05-30 17:20:00
C049376,bed_overrun,140 admissions on 30 May 2026 at a hospital with 17 beds,P198,M013704,F198,MG001A,10800.0,10800.0,2026-05-30 17:21:00
C049378,bed_overrun,140 admissions on 30 May 2026 at a hospital with 17 beds,P198,M016367,F198,MG009A,9000.0,9000.0,2026-05-30 17:26:00
C049383,bed_overrun,140 admissions on 30 May 2026 at a hospital with 17 beds,P198,M009158,F198,MG001A,14972.0,18000.0,2026-05-30 17:37:00
C049386,bed_overrun,140 admissions on 30 May 2026 at a hospital with 17 beds,P198,M020864,F198,MG009A,9000.0,9000.0,2026-05-30 17:39:00
C049387,bed_overrun,140 admissions on 30 May 2026 at a hospital with 17 beds,P198,M017482,F198,MG016A,9000.0,9000.0,2026-05-30 17:45:00
C049390,bed_overrun,140 admissions on 30 May 2026 at a hospital with 17 beds,P198,M020160,F198,MG009A,5400.0,5400.0,2026-05-30 17:55:00
C059626,bed_overrun,55 admissions on 19 Jul 2026 at a hospital with 12 beds,P025,M010686,F025,SE020,7500.0,7500.0,2026-07-19 08:14:00
C059628,bed_overrun,55 admissions on 19 Jul 2026 at a hospital with 12 beds,P025,M002586,F025,SE020,7500.0,7500.0,2026-07-19 08:15:00
C059629,bed_overrun,55 admissions on 19 Jul 2026 at a hospital with 12 beds,P025,M018832,F025,SE020,7500.0,7500.0,2026-07-19 08:17:00
C059637,bed_overrun,55 admissions on 19 Jul 2026 at a hospital with 12 beds,P025,M015426,F025,SE020,7500.0,7500.0,2026-07-19 08:33:00
C059639,bed_overrun,55 admissions on 19 Jul 2026 at a hospital with 12 beds,P025,M011030,F025,SE020,6559.0,7500.0,2026-07-19 08:46:00
C059640,bed_overrun,55 admissions on 19 Jul 2026 at a hospital with 12 beds,P025,M022866,F025,SE020,7500.0,7500.0,2026-07-19 08:52:00
C059650,bed_overrun,55 admissions on 19 Jul 2026 at a hospital with 12 beds,P025,M015333,F025,SE020,7500.0,7500.0,2026-07-19 09:28:00
C059654,bed_overrun,55 admissions on 19 Jul 2026 at a hospital with 12 beds,P025,M002502,F025,SE020,7500.0,7500.0,2026-07-19 09:36:00
C059658,bed_overrun,55 admissions on 19 Jul 2026 at a hospital with 12 beds,P025,M000082,F025,SE020,7500.0,7500.0,2026-07-19 09:43:00
C059659,bed_overrun,55 admissions on 19 Jul 2026 at a hospital with 12 beds,P025,M000494,F025,SE020,7500.0,7500.0,2026-07-19 09:45:00
C059662,bed_overrun,55 admissions on 19 Jul 2026 at a hospital with 12 beds,P025,M020247,F025,SE020,7500.0,7500.0,2026-07-19 09:54:00
C059666,bed_overrun,55 admissions on 19 Jul 2026 at a hospital with 12 beds,P025,M018109,F025,SE020,7500.0,7500.0,2026-07-19 10:25:00
C059668,bed_overrun,55 admissions on 19 Jul 2026 at a hospital with 12 beds,P025,M011439,F025,SE020,7500.0,7500.0,2026-07-19 10:32:00
C059669,bed_overrun,55 admissions on 19 Jul 2026 at a hospital with 12 beds,P025,M015424,F025,SE020,7500.0,7500.0,2026-07-19 10:33:00
C059676,bed_overrun,55 admissions on 19 Jul 2026 at a hospital with 12 beds,P025,M003825,F025,SE020,5608.0,7500.0,2026-07-19 10:51:00
C059683,bed_overrun,55 admissions on 19 Jul 2026 at a hospital with 12 beds,P025,M006884,F025,SE020,6398.0,7500.0,2026-07-19 11:10:00
C059685,bed_overrun,55 admissions on 19 Jul 2026 at a hospital with 12 beds,P025,M018453,F025,SE020,7500.0,7500.0,2026-07-19 11:27:00
C059690,bed_overrun,55 admissions on 19 Jul 2026 at a hospital with 12 beds,P025,M005396,F025,SE020,7500.0,7500.0,2026-07-19 11:34:00
C059695,bed_overrun,55 admissions on 19 Jul 2026 at a hospital with 12 beds,P025,M016673,F025,SE020,7500.0,7500.0,2026-07-19 11:49:00
C059697,bed_overrun,55 admissions on 19 Jul 2026 at a hospital with 12 beds,P025,M009920,F025,SE020,7500.0,7500.0,2026-07-19 11:56:00
C059698,bed_overrun,55 admissions on 19 Jul 2026 at a hospital with 12 beds,P025,M004519,F025,SE020,7500.0,7500.0,2026-07-19 12:10:00
C059702,bed_overrun,55 admissions on 19 Jul 2026 at a hospital with 12 beds,P025,M005397,F025,SE020,6488.0,7500.0,2026-07-19 12:28:00
C059703,bed_overrun,55 admissions on 19 Jul 2026 at a hospital with 12 beds,P025,M000694,F025,SE020,7500.0,7500.0,2026-07-19 12:29:00
C059707,bed_overrun,55 admissions on 19 Jul 2026 at a hospital with 12 beds,P025,M020249,F025,SE020,7500.0,7500.0,2026-07-19 12:39:00
C059709,bed_overrun,55 admissions on 19 Jul 2026 at a hospital with 12 beds,P025,M016059,F025,SE020,7500.0,7500.0,2026-07-19 12:40:00
C059711,bed_overrun,55 admissions on 19 Jul 2026 at a hospital with 12 beds,P025,M014672,F025,SE020,7500.0,7500.0,2026-07-19 12:47:00
C059712,bed_overrun,55 admissions on 19 Jul 2026 at a hospital with 12 beds,P025,M005645,F025,SE020,7500.0,7500.0,2026-07-19 12:55:00
C059716,bed_overrun,55 admissions on 19 Jul 2026 at a hospital with 12 beds,P025,M016244,F025,SE020,7500.0,7500.0,2026-07-19 13:11:00
C059717,bed_overrun,55 admissions on 19 Jul 2026 at a hospital with 12 beds,P025,M023144,F025,SE020,7500.0,7500.0,2026-07-19 13:15:00
C059718,bed_overrun,55 admissions on 19 Jul 2026 at a hospital with 12 beds,P025,M000081,F025,SE020,7500.0,7500.0,2026-07-19 13:16:00
C059719,bed_overrun,55 admissions on 19 Jul 2026 at a hospital with 12 beds,P025,M013394,F025,SE020,7500.0,7500.0,2026-07-19 13:16:00
C059720,bed_overrun,55 admissions on 19 Jul 2026 at a hospital with 12 beds,P025,M013007,F025,SE020,7500.0,7500.0,2026-07-19 13:16:00
C059723,bed_overrun,55 admissions on 19 Jul 2026 at a hospital with 12 beds,P025,M002166,F025,SE020,7500.0,7500.0,2026-07-19 13:26:00
C059728,bed_overrun,55 admissions on 19 Jul 2026 at a hospital with 12 beds,P025,M022689,F025,SE020,5380.0,7500.0,2026-07-19 13:43:00
C059737,bed_overrun,55 admissions on 19 Jul 2026 at a hospital with 12 beds,P025,M004421,F025,SE020,5754.0,7500.0,2026-07-19 14:06:00
C059745,bed_overrun,55 admissions on 19 Jul 2026 at a hospital with 12 beds,P025,M023153,F025,SE020,7500.0,7500.0,2026-07-19 14:36:00
C059746,bed_overrun,55 admissions on 19 Jul 2026 at a hospital with 12 beds,P025,M012475,F025,SE020,7500.0,7500.0,2026-07-19 14:36:00
C059751,bed_overrun,55 admissions on 19 Jul 2026 at a hospital with 12 beds,P025,M012417,F025,SE020,7500.0,7500.0,2026-07-19 14:45:00
C059752,bed_overrun,55 admissions on 19 Jul 2026 at a hospital with 12 beds,P025,M003948,F025,SE020,6316.0,7500.0,2026-07-19 14:49:00
C059755,bed_overrun,55 admissions on 19 Jul 2026 at a hospital with 12 beds,P025,M000517,F025,SE020,7500.0,7500.0,2026-07-19 14:57:00
C059757,bed_overrun,55 admissions on 19 Jul 2026 at a hospital with 12 beds,P025,M013151,F025,SE020,7500.0,7500.0,2026-07-19 15:06:00
C059758,bed_overrun,55 admissions on 19 Jul 2026 at a hospital with 12 beds,P025,M006883,F025,SE020,7500.0,7500.0,2026-07-19 15:07:00
C059759,bed_overrun,55 admissions on 19 Jul 2026 at a hospital with 12 beds,P025,M010684,F025,SE020,7500.0,7500.0,2026-07-19 15:09:00
C059763,bed_overrun,55 admissions on 19 Jul 2026 at a hospital with 12 beds,P025,M002136,F025,SE020,7500.0,7500.0,2026-07-19 15:18:00
C059768,bed_overrun,55 admissions on 19 Jul 2026 at a hospital with 12 beds,P025,M012472,F025,SE020,7500.0,7500.0,2026-07-19 15:46:00
C059770,bed_overrun,55 admissions on 19 Jul 2026 at a hospital with 12 beds,P025,M022340,F025,SE020,7500.0,7500.0,2026-07-19 15:51:00
C059771,bed_overrun,55 admissions on 19 Jul 2026 at a hospital with 12 beds,P025,M020877,F025,SE020,7500.0,7500.0,2026-07-19 15:54:00
C059777,bed_overrun,55 admissions on 19 Jul 2026 at a hospital with 12 beds,P025,M008233,F025,SE020,6028.0,7500.0,2026-07-19 16:17:00
C059778,bed_overrun,55 admissions on 19 Jul 2026 at a hospital with 12 beds,P025,M014672,F025,SE020,7500.0,7500.0,2026-07-19 16:19:00
C059788,bed_overrun,55 admissions on 19 Jul 2026 at a hospital with 12 beds,P025,M005399,F025,SE020,7500.0,7500.0,2026-07-19 16:58:00
C059790,bed_overrun,55 admissions on 19 Jul 2026 at a hospital with 12 beds,P025,M005722,F025,SE020,7500.0,7500.0,2026-07-19 17:00:00
C059794,bed_overrun,55 admissions on 19 Jul 2026 at a hospital with 12 beds,P025,M014694,F025,SE020,7500.0,7500.0,2026-07-19 17:11:00
C059795,bed_overrun,55 admissions on 19 Jul 2026 at a hospital with 12 beds,P025,M013501,F025,SE020,7500.0,7500.0,2026-07-19 17:16:00
C059799,bed_overrun,55 admissions on 19 Jul 2026 at a hospital with 12 beds,P025,M003151,F025,SE020,7500.0,7500.0,2026-07-19 17:24:00
C059808,bed_overrun,55 admissions on 19 Jul 2026 at a hospital with 12 beds,P025,M002667,F025,SE020,7500.0,7500.0,2026-07-19 17:50:00
C065041,bed_overrun,136 admissions on 13 Aug 2026 at a hospital with 17 beds,P198,M006314,F198,MG009A,3938.0,5400.0,2026-08-13 08:10:00
C065042,bed_overrun,136 admissions on 13 Aug 2026 at a hospital with 17 beds,P198,M004736,F198,MG001A,5400.0,5400.0,2026-08-13 08:11:00
C065045,bed_overrun,136 admissions on 13 Aug 2026 at a hospital with 17 beds,P198,M014574,F198,MG016A,10800.0,10800.0,2026-08-13 08:19:00
C065046,bed_overrun,136 admissions on 13 Aug 2026 at a hospital with 17 beds,P198,M001547,F198,MG016A,9000.0,9000.0,2026-08-13 08:20:00
C065048,bed_overrun,136 admissions on 13 Aug 2026 at a hospital with 17 beds,P198,M012154,F198,MG001A,9000.0,9000.0,2026-08-13 08:23:00
C065051,bed_overrun,136 admissions on 13 Aug 2026 at a hospital with 17 beds,P198,M024018,F198,MG016A,9000.0,9000.0,2026-08-13 08:29:00
C065055,bed_overrun,136 admissions on 13 Aug 2026 at a hospital with 17 beds,P198,M020160,F198,MG016A,12600.0,12600.0,2026-08-13 08:41:00
C065059,bed_overrun,136 admissions on 13 Aug 2026 at a hospital with 17 beds,P198,M021858,F198,MG001A,5400.0,5400.0,2026-08-13 08:45:00
C065061,bed_overrun,136 admissions on 13 Aug 2026 at a hospital with 17 beds,P198,M010835,F198,MG009A,9000.0,9000.0,2026-08-13 08:47:00
C065063,bed_overrun,136 admissions on 13 Aug 2026 at a hospital with 17 beds,P198,M000061,F198,MG016A,13500.0,13500.0,2026-08-13 08:53:00
C065064,bed_overrun,136 admissions on 13 Aug 2026 at a hospital with 17 beds,P198,M006225,F198,MG001A,3600.0,3600.0,2026-08-13 08:54:00
C065068,bed_overrun,136 admissions on 13 Aug 2026 at a hospital with 17 beds,P198,M021535,F198,MG016A,21600.0,21600.0,2026-08-13 09:00:00
C065069,bed_overrun,136 admissions on 13 Aug 2026 at a hospital with 17 beds,P198,M025412,F198,MG009A,3600.0,3600.0,2026-08-13 09:00:00
C065070,bed_overrun,136 admissions on 13 Aug 2026 at a hospital with 17 beds,P198,M018207,F198,MG009A,7200.0,7200.0,2026-08-13 09:01:00
C065071,bed_overrun,136 admissions on 13 Aug 2026 at a hospital with 17 beds,P198,M016586,F198,MG016A,3600.0,3600.0,2026-08-13 09:04:00
C065073,bed_overrun,136 admissions on 13 Aug 2026 at a hospital with 17 beds,P198,M003787,F198,MG001A,3600.0,3600.0,2026-08-13 09:10:00
C065078,bed_overrun,136 admissions on 13 Aug 2026 at a hospital with 17 beds,P198,M024192,F198,MG016A,10800.0,10800.0,2026-08-13 09:17:00
C065080,bed_overrun,136 admissions on 13 Aug 2026 at a hospital with 17 beds,P198,M003845,F198,MG016A,5400.0,5400.0,2026-08-13 09:20:00
C065081,bed_overrun,136 admissions on 13 Aug 2026 at a hospital with 17 beds,P198,M003713,F198,MG001A,13500.0,13500.0,2026-08-13 09:24:00
C065082,bed_overrun,136 admissions on 13 Aug 2026 at a hospital with 17 beds,P198,M006248,F198,MG001A,1800.0,1800.0,2026-08-13 09:27:00
C065083,bed_overrun,136 admissions on 13 Aug 2026 at a hospital with 17 beds,P198,M016371,F198,MG016A,9000.0,9000.0,2026-08-13 09:29:00
C065085,bed_overrun,136 admissions on 13 Aug 2026 at a hospital with 17 beds,P198,M023833,F198,MG009A,7200.0,7200.0,2026-08-13 09:34:00
C065086,bed_overrun,136 admissions on 13 Aug 2026 at a hospital with 17 beds,P198,M006318,F198,MG016A,7200.0,7200.0,2026-08-13 09:36:00
C065087,bed_overrun,136 admissions on 13 Aug 2026 at a hospital with 17 beds,P198,M020774,F198,MG009A,3600.0,3600.0,2026-08-13 09:37:00
C065088,bed_overrun,136 admissions on 13 Aug 2026 at a hospital with 17 beds,P198,M002054,F198,MG009A,3600.0,3600.0,2026-08-13 09:37:00
C065090,bed_overrun,136 admissions on 13 Aug 2026 at a hospital with 17 beds,P198,M019219,F198,MG009A,1800.0,1800.0,2026-08-13 09:44:00
C065091,bed_overrun,136 admissions on 13 Aug 2026 at a hospital with 17 beds,P198,M003862,F198,MG001A,3600.0,3600.0,2026-08-13 09:51:00
C065092,bed_overrun,136 admissions on 13 Aug 2026 at a hospital with 17 beds,P198,M001928,F198,MG001A,3600.0,3600.0,2026-08-13 09:52:00
C065095,bed_overrun,136 admissions on 13 Aug 2026 at a hospital with 17 beds,P198,M020274,F198,MG016A,18000.0,18000.0,2026-08-13 10:02:00
C065096,bed_overrun,136 admissions on 13 Aug 2026 at a hospital with 17 beds,P198,M022734,F198,MG009A,1800.0,1800.0,2026-08-13 10:03:00
C065098,bed_overrun,136 admissions on 13 Aug 2026 at a hospital with 17 beds,P198,M008316,F198,MG009A,7200.0,7200.0,2026-08-13 10:12:00
C065099,bed_overrun,136 admissions on 13 Aug 2026 at a hospital with 17 beds,P198,M020458,F198,MG009A,9000.0,9000.0,2026-08-13 10:15:00
C065100,bed_overrun,136 admissions on 13 Aug 2026 at a hospital with 17 beds,P198,M019375,F198,MG016A,9000.0,9000.0,2026-08-13 10:18:00
C065103,bed_overrun,136 admissions on 13 Aug 2026 at a hospital with 17 beds,P198,M001928,F198,MG016A,10800.0,10800.0,2026-08-13 10:20:00
C065104,bed_overrun,136 admissions on 13 Aug 2026 at a hospital with 17 beds,P198,M009582,F198,MG016A,14400.0,14400.0,2026-08-13 10:22:00
C065107,bed_overrun,136 admissions on 13 Aug 2026 at a hospital with 17 beds,P198,M021291,F198,MG009A,9000.0,9000.0,2026-08-13 10:24:00
C065109,bed_overrun,136 admissions on 13 Aug 2026 at a hospital with 17 beds,P198,M024934,F198,MG016A,28800.0,28800.0,2026-08-13 10:28:00
C065112,bed_overrun,136 admissions on 13 Aug 2026 at a hospital with 17 beds,P198,M017510,F198,MG001A,7200.0,7200.0,2026-08-13 10:37:00
C065113,bed_overrun,136 admissions on 13 Aug 2026 at a hospital with 17 beds,P198,M013625,F198,MG016A,3600.0,3600.0,2026-08-13 10:38:00
C065114,bed_overrun,136 admissions on 13 Aug 2026 at a hospital with 17 beds,P198,M001548,F198,MG001A,3600.0,3600.0,2026-08-13 10:40:00
C065119,bed_overrun,136 admissions on 13 Aug 2026 at a hospital with 17 beds,P198,M001549,F198,MG016A,6534.0,9000.0,2026-08-13 10:46:00
C065120,bed_overrun,136 admissions on 13 Aug 2026 at a hospital with 17 beds,P198,M010242,F198,MG001A,7200.0,7200.0,2026-08-13 10:49:00
C065121,bed_overrun,136 admissions on 13 Aug 2026 at a hospital with 17 beds,P198,M018846,F198,MG009A,10800.0,10800.0,2026-08-13 10:50:00
C065122,bed_overrun,136 admissions on 13 Aug 2026 at a hospital with 17 beds,P198,M024761,F198,MG009A,1800.0,1800.0,2026-08-13 10:52:00
C065123,bed_overrun,136 admissions on 13 Aug 2026 at a hospital with 17 beds,P198,M006307,F198,MG016A,8617.0,10800.0,2026-08-13 10:54:00
C065124,bed_overrun,136 admissions on 13 Aug 2026 at a hospital with 17 beds,P198,M014599,F198,MG016A,3600.0,3600.0,2026-08-13 10:56:00
C065125,bed_overrun,136 admissions on 13 Aug 2026 at a hospital with 17 beds,P198,M007848,F198,MG001A,10800.0,10800.0,2026-08-13 10:57:00
C065126,bed_overrun,136 admissions on 13 Aug 2026 at a hospital with 17 beds,P198,M000715,F198,MG016A,18000.0,18000.0,2026-08-13 10:59:00
C065131,bed_overrun,136 admissions on 13 Aug 2026 at a hospital with 17 beds,P198,M005472,F198,MG016A,5400.0,5400.0,2026-08-13 11:10:00
C065134,bed_overrun,136 admissions on 13 Aug 2026 at a hospital with 17 beds,P198,M020458,F198,MG009A,7200.0,7200.0,2026-08-13 11:21:00
C065135,bed_overrun,136 admissions on 13 Aug 2026 at a hospital with 17 beds,P198,M011910,F198,MG009A,3600.0,3600.0,2026-08-13 11:24:00
C065136,bed_overrun,136 admissions on 13 Aug 2026 at a hospital with 17 beds,P198,M009156,F198,MG016A,18000.0,18000.0,2026-08-13 11:28:00
C065137,bed_overrun,136 admissions on 13 Aug 2026 at a hospital with 17 beds,P198,M017629,F198,MG009A,1800.0,1800.0,2026-08-13 11:31:00
C065138,bed_overrun,136 admissions on 13 Aug 2026 at a hospital with 17 beds,P198,M004905,F198,MG009A,5400.0,5400.0,2026-08-13 11:34:00
C065140,bed_overrun,136 admissions on 13 Aug 2026 at a hospital with 17 beds,P198,M012761,F198,MG001A,7200.0,7200.0,2026-08-13 11:44:00
C065142,bed_overrun,136 admissions on 13 Aug 2026 at a hospital with 17 beds,P198,M018922,F198,MG016A,10800.0,10800.0,2026-08-13 11:48:00
C065145,bed_overrun,136 admissions on 13 Aug 2026 at a hospital with 17 beds,P198,M023605,F198,MG009A,5225.0,7200.0,2026-08-13 11:57:00
C065147,bed_overrun,136 admissions on 13 Aug 2026 at a hospital with 17 beds,P198,M022840,F198,MG009A,2700.0,2700.0,2026-08-13 12:03:00
C065148,bed_overrun,136 admissions on 13 Aug 2026 at a hospital with 17 beds,P198,M020489,F198,MG009A,10800.0,10800.0,2026-08-13 12:03:00
C065149,bed_overrun,136 admissions on 13 Aug 2026 at a hospital with 17 beds,P198,M001495,F198,MG016A,12600.0,12600.0,2026-08-13 12:03:00
C065152,bed_overrun,136 admissions on 13 Aug 2026 at a hospital with 17 beds,P198,M012239,F198,MG001A,7200.0,7200.0,2026-08-13 12:11:00
C065157,bed_overrun,136 admissions on 13 Aug 2026 at a hospital with 17 beds,P198,M001780,F198,MG001A,5400.0,5400.0,2026-08-13 12:22:00
C065161,bed_overrun,136 admissions on 13 Aug 2026 at a hospital with 17 beds,P198,M024420,F198,MG016A,10800.0,10800.0,2026-08-13 12:32:00
C065162,bed_overrun,136 admissions on 13 Aug 2026 at a hospital with 17 beds,P198,M019828,F198,MG016A,3600.0,3600.0,2026-08-13 12:32:00
C065164,bed_overrun,136 admissions on 13 Aug 2026 at a hospital with 17 beds,P198,M009454,F198,MG001A,7200.0,7200.0,2026-08-13 12:34:00
C065166,bed_overrun,136 admissions on 13 Aug 2026 at a hospital with 17 beds,P198,M007298,F198,MG001A,9000.0,9000.0,2026-08-13 12:40:00
C065167,bed_overrun,136 admissions on 13 Aug 2026 at a hospital with 17 beds,P198,M013708,F198,MG009A,10800.0,10800.0,2026-08-13 12:42:00
C065168,bed_overrun,136 admissions on 13 Aug 2026 at a hospital with 17 beds,P198,M019912,F198,MG001A,7200.0,7200.0,2026-08-13 12:46:00
C065170,bed_overrun,136 admissions on 13 Aug 2026 at a hospital with 17 beds,P198,M024019,F198,MG001A,7200.0,7200.0,2026-08-13 12:53:00
C065173,bed_overrun,136 admissions on 13 Aug 2026 at a hospital with 17 beds,P198,M015378,F198,MG009A,3600.0,3600.0,2026-08-13 12:56:00
C065176,bed_overrun,136 admissions on 13 Aug 2026 at a hospital with 17 beds,P198,M020273,F198,MG016A,10800.0,10800.0,2026-08-13 13:03:00
C065178,bed_overrun,136 admissions on 13 Aug 2026 at a hospital with 17 beds,P198,M022996,F198,MG016A,9000.0,9000.0,2026-08-13 13:11:00
C065180,bed_overrun,136 admissions on 13 Aug 2026 at a hospital with 17 beds,P198,M004734,F198,MG001A,3600.0,3600.0,2026-08-13 13:16:00
C065182,bed_overrun,136 admissions on 13 Aug 2026 at a hospital with 17 beds,P198,M009907,F198,MG001A,7200.0,7200.0,2026-08-13 13:20:00
C065185,bed_overrun,136 admissions on 13 Aug 2026 at a hospital with 17 beds,P198,M004672,F198,MG016A,10800.0,10800.0,2026-08-13 13:28:00
C065186,bed_overrun,136 admissions on 13 Aug 2026 at a hospital with 17 beds,P198,M006735,F198,MG016A,14400.0,14400.0,2026-08-13 13:29:00
C065187,bed_overrun,136 admissions on 13 Aug 2026 at a hospital with 17 beds,P198,M016590,F198,MG016A,1800.0,1800.0,2026-08-13 13:32:00
C065194,bed_overrun,136 admissions on 13 Aug 2026 at a hospital with 17 beds,P198,M006515,F198,MG001A,9000.0,9000.0,2026-08-13 13:51:00
C065199,bed_overrun,136 admissions on 13 Aug 2026 at a hospital with 17 beds,P198,M018858,F198,MG009A,1800.0,1800.0,2026-08-13 14:03:00
C065202,bed_overrun,136 admissions on 13 Aug 2026 at a hospital with 17 beds,P198,M000059,F198,MG009A,3600.0,3600.0,2026-08-13 14:10:00
C065205,bed_overrun,136 admissions on 13 Aug 2026 at a hospital with 17 beds,P198,M012044,F198,MG009A,10800.0,10800.0,2026-08-13 14:26:00
C065210,bed_overrun,136 admissions on 13 Aug 2026 at a hospital with 17 beds,P198,M022310,F198,MG009A,5400.0,5400.0,2026-08-13 14:35:00
C065212,bed_overrun,136 admissions on 13 Aug 2026 at a hospital with 17 beds,P198,M021096,F198,MG001A,2871.0,3600.0,2026-08-13 14:35:00
C065216,bed_overrun,136 admissions on 13 Aug 2026 at a hospital with 17 beds,P198,M015968,F198,MG001A,7200.0,7200.0,2026-08-13 14:40:00
C065217,bed_overrun,136 admissions on 13 Aug 2026 at a hospital with 17 beds,P198,M015695,F198,MG016A,7200.0,7200.0,2026-08-13 14:42:00
C065219,bed_overrun,136 admissions on 13 Aug 2026 at a hospital with 17 beds,P198,M010722,F198,MG016A,7200.0,7200.0,2026-08-13 14:46:00
C065224,bed_overrun,136 admissions on 13 Aug 2026 at a hospital with 17 beds,P198,M019032,F198,MG016A,5400.0,5400.0,2026-08-13 14:54:00
C065227,bed_overrun,136 admissions on 13 Aug 2026 at a hospital with 17 beds,P198,M006317,F198,MG009A,5400.0,5400.0,2026-08-13 15:00:00
C065228,bed_overrun,136 admissions on 13 Aug 2026 at a hospital with 17 beds,P198,M011297,F198,MG016A,8207.0,10800.0,2026-08-13 15:01:00
C065229,bed_overrun,136 admissions on 13 Aug 2026 at a hospital with 17 beds,P198,M022733,F198,MG009A,1800.0,1800.0,2026-08-13 15:02:00
C065230,bed_overrun,136 admissions on 13 Aug 2026 at a hospital with 17 beds,P198,M024396,F198,MG016A,1800.0,1800.0,2026-08-13 15:03:00
C065232,bed_overrun,136 admissions on 13 Aug 2026 at a hospital with 17 beds,P198,M003639,F198,MG016A,7200.0,7200.0,2026-08-13 15:07:00
C065233,bed_overrun,136 admissions on 13 Aug 2026 at a hospital with 17 beds,P198,M009755,F198,MG001A,7200.0,7200.0,2026-08-13 15:07:00
C065236,bed_overrun,136 admissions on 13 Aug 2026 at a hospital with 17 beds,P198,M021857,F198,MG001A,2906.0,3600.0,2026-08-13 15:11:00
C065237,bed_overrun,136 admissions on 13 Aug 2026 at a hospital with 17 beds,P198,M021093,F198,MG016A,21600.0,21600.0,2026-08-13 15:12:00
C065238,bed_overrun,136 admissions on 13 Aug 2026 at a hospital with 17 beds,P198,M023662,F198,MG009A,7200.0,7200.0,2026-08-13 15:13:00
C065239,bed_overrun,136 admissions on 13 Aug 2026 at a hospital with 17 beds,P198,M004670,F198,MG009A,13500.0,13500.0,2026-08-13 15:16:00
C065240,bed_overrun,136 admissions on 13 Aug 2026 at a hospital with 17 beds,P198,M005052,F198,MG009A,5400.0,5400.0,2026-08-13 15:18:00
C065244,bed_overrun,136 admissions on 13 Aug 2026 at a hospital with 17 beds,P198,M019052,F198,MG001A,9000.0,9000.0,2026-08-13 15:27:00
C065249,bed_overrun,136 admissions on 13 Aug 2026 at a hospital with 17 beds,P198,M002324,F198,MG009A,3600.0,3600.0,2026-08-13 15:32:00
C065251,bed_overrun,136 admissions on 13 Aug 2026 at a hospital with 17 beds,P198,M006588,F198,MG016A,8665.0,10800.0,2026-08-13 15:35:00
C065252,bed_overrun,136 admissions on 13 Aug 2026 at a hospital with 17 beds,P198,M025553,F198,MG001A,7200.0,7200.0,2026-08-13 15:36:00
C065254,bed_overrun,136 admissions on 13 Aug 2026 at a hospital with 17 beds,P198,M001968,F198,MG009A,3600.0,3600.0,2026-08-13 15:39:00
C065255,bed_overrun,136 admissions on 13 Aug 2026 at a hospital with 17 beds,P198,M009132,F198,MG016A,14400.0,14400.0,2026-08-13 15:42:00
C065258,bed_overrun,136 admissions on 13 Aug 2026 at a hospital with 17 beds,P198,M023900,F198,MG001A,7917.0,9000.0,2026-08-13 15:45:00
C065265,bed_overrun,136 admissions on 13 Aug 2026 at a hospital with 17 beds,P198,M006254,F198,MG016A,18000.0,18000.0,2026-08-13 15:53:00
C065268,bed_overrun,136 admissions on 13 Aug 2026 at a hospital with 17 beds,P198,M018854,F198,MG016A,9000.0,9000.0,2026-08-13 16:00:00
C065269,bed_overrun,136 admissions on 13 Aug 2026 at a hospital with 17 beds,P198,M003882,F198,MG016A,9000.0,9000.0,2026-08-13 16:06:00
C065270,bed_overrun,136 admissions on 13 Aug 2026 at a hospital with 17 beds,P198,M018182,F198,MG009A,1800.0,1800.0,2026-08-13 16:06:00
C065272,bed_overrun,136 admissions on 13 Aug 2026 at a hospital with 17 beds,P198,M019829,F198,MG009A,3600.0,3600.0,2026-08-13 16:09:00
C065274,bed_overrun,136 admissions on 13 Aug 2026 at a hospital with 17 beds,P198,M000613,F198,MG001A,7200.0,7200.0,2026-08-13 16:11:00
C065276,bed_overrun,136 admissions on 13 Aug 2026 at a hospital with 17 beds,P198,M008012,F198,MG001A,5400.0,5400.0,2026-08-13 16:15:00
C065277,bed_overrun,136 admissions on 13 Aug 2026 at a hospital with 17 beds,P198,M024017,F198,MG001A,5400.0,5400.0,2026-08-13 16:16:00
C065278,bed_overrun,136 admissions on 13 Aug 2026 at a hospital with 17 beds,P198,M024400,F198,MG001A,7200.0,7200.0,2026-08-13 16:17:00
C065282,bed_overrun,136 admissions on 13 Aug 2026 at a hospital with 17 beds,P198,M024614,F198,MG016A,8393.0,10800.0,2026-08-13 16:20:00
C065283,bed_overrun,136 admissions on 13 Aug 2026 at a hospital with 17 beds,P198,M017515,F198,MG001A,3600.0,3600.0,2026-08-13 16:21:00
C065285,bed_overrun,136 admissions on 13 Aug 2026 at a hospital with 17 beds,P198,M019559,F198,MG009A,5118.0,5400.0,2026-08-13 16:23:00
C065288,bed_overrun,136 admissions on 13 Aug 2026 at a hospital with 17 beds,P198,M002872,F198,MG009A,3600.0,3600.0,2026-08-13 16:25:00
C065289,bed_overrun,136 admissions on 13 Aug 2026 at a hospital with 17 beds,P198,M002622,F198,MG016A,10800.0,10800.0,2026-08-13 16:27:00
C065290,bed_overrun,136 admissions on 13 Aug 2026 at a hospital with 17 beds,P198,M021168,F198,MG009A,3600.0,3600.0,2026-08-13 16:30:00
C065293,bed_overrun,136 admissions on 13 Aug 2026 at a hospital with 17 beds,P198,M006335,F198,MG009A,5400.0,5400.0,2026-08-13 16:34:00
C065294,bed_overrun,136 admissions on 13 Aug 2026 at a hospital with 17 beds,P198,M025766,F198,MG001A,5400.0,5400.0,2026-08-13 16:34:00
C065295,bed_overrun,136 admissions on 13 Aug 2026 at a hospital with 17 beds,P198,M023833,F198,MG009A,9000.0,9000.0,2026-08-13 16:36:00
C065298,bed_overrun,136 admissions on 13 Aug 2026 at a hospital with 17 beds,P198,M010574,F198,MG016A,3600.0,3600.0,2026-08-13 16:42:00
C065299,bed_overrun,136 admissions on 13 Aug 2026 at a hospital with 17 beds,P198,M012812,F198,MG009A,3600.0,3600.0,2026-08-13 16:53:00
C065300,bed_overrun,136 admissions on 13 Aug 2026 at a hospital with 17 beds,P198,M013602,F198,MG001A,14400.0,14400.0,2026-08-13 16:56:00
C065304,bed_overrun,136 admissions on 13 Aug 2026 at a hospital with 17 beds,P198,M011585,F198,MG009A,7571.0,10800.0,2026-08-13 17:05:00
C065305,bed_overrun,136 admissions on 13 Aug 2026 at a hospital with 17 beds,P198,M000445,F198,MG001A,10800.0,10800.0,2026-08-13 17:08:00
C065307,bed_overrun,136 admissions on 13 Aug 2026 at a hospital with 17 beds,P198,M012461,F198,MG001A,5400.0,5400.0,2026-08-13 17:20:00
C065312,bed_overrun,136 admissions on 13 Aug 2026 at a hospital with 17 beds,P198,M007722,F198,MG016A,9383.0,10800.0,2026-08-13 17:27:00
C065313,bed_overrun,136 admissions on 13 Aug 2026 at a hospital with 17 beds,P198,M014770,F198,MG009A,10694.0,13500.0,2026-08-13 17:28:00
C065315,bed_overrun,136 admissions on 13 Aug 2026 at a hospital with 17 beds,P198,M019915,F198,MG016A,12600.0,12600.0,2026-08-13 17:38:00
C065320,bed_overrun,136 admissions on 13 Aug 2026 at a hospital with 17 beds,P198,M004971,F198,MG001A,5400.0,5400.0,2026-08-13 17:48:00
C065321,bed_overrun,136 admissions on 13 Aug 2026 at a hospital with 17 beds,P198,M002624,F198,MG016A,10800.0,10800.0,2026-08-13 17:49:00
C065322,bed_overrun,136 admissions on 13 Aug 2026 at a hospital with 17 beds,P198,M011076,F198,MG001A,5400.0,5400.0,2026-08-13 17:53:00
C065323,bed_overrun,136 admissions on 13 Aug 2026 at a hospital with 17 beds,P198,M023833,F198,MG009A,3600.0,3600.0,2026-08-13 17:58:00
C066031,bed_overrun,52 admissions on 17 Aug 2026 at a hospital with 12 beds,P025,M020878,F025,SE020,7500.0,7500.0,2026-08-17 08:00:00
C066033,bed_overrun,52 admissions on 17 Aug 2026 at a hospital with 12 beds,P025,M009207,F025,SE020,7500.0,7500.0,2026-08-17 08:03:00
C066037,bed_overrun,52 admissions on 17 Aug 2026 at a hospital with 12 beds,P025,M000200,F025,SE020,7500.0,7500.0,2026-08-17 08:17:00
C066038,bed_overrun,52 admissions on 17 Aug 2026 at a hospital with 12 beds,P025,M003823,F025,SE020,7500.0,7500.0,2026-08-17 08:19:00
C066051,bed_overrun,52 admissions on 17 Aug 2026 at a hospital with 12 beds,P025,M002468,F025,SE020,7500.0,7500.0,2026-08-17 08:49:00
C066052,bed_overrun,52 admissions on 17 Aug 2026 at a hospital with 12 beds,P025,M023306,F025,SE020,6321.0,7500.0,2026-08-17 08:49:00
C066056,bed_overrun,52 admissions on 17 Aug 2026 at a hospital with 12 beds,P025,M005725,F025,SE020,7500.0,7500.0,2026-08-17 09:05:00
C066059,bed_overrun,52 admissions on 17 Aug 2026 at a hospital with 12 beds,P025,M006820,F025,SE020,7500.0,7500.0,2026-08-17 09:11:00
C066060,bed_overrun,52 admissions on 17 Aug 2026 at a hospital with 12 beds,P025,M010685,F025,SE020,7500.0,7500.0,2026-08-17 09:14:00
C066070,bed_overrun,52 admissions on 17 Aug 2026 at a hospital with 12 beds,P025,M006842,F025,SE020,6144.0,7500.0,2026-08-17 09:54:00
C066084,bed_overrun,52 admissions on 17 Aug 2026 at a hospital with 12 beds,P025,M015427,F025,SE020,7500.0,7500.0,2026-08-17 10:43:00
C066087,bed_overrun,52 admissions on 17 Aug 2026 at a hospital with 12 beds,P025,M008821,F025,SE020,7500.0,7500.0,2026-08-17 10:49:00
C066095,bed_overrun,52 admissions on 17 Aug 2026 at a hospital with 12 beds,P025,M010686,F025,SE020,7500.0,7500.0,2026-08-17 11:26:00
C066096,bed_overrun,52 admissions on 17 Aug 2026 at a hospital with 12 beds,P025,M019767,F025,SE020,7500.0,7500.0,2026-08-17 11:28:00
C066098,bed_overrun,52 admissions on 17 Aug 2026 at a hospital with 12 beds,P025,M018454,F025,SE020,7500.0,7500.0,2026-08-17 11:31:00
C066100,bed_overrun,52 admissions on 17 Aug 2026 at a hospital with 12 beds,P025,M002668,F025,SE020,7500.0,7500.0,2026-08-17 11:44:00
C066103,bed_overrun,52 admissions on 17 Aug 2026 at a hospital with 12 beds,P025,M010165,F025,SE020,5386.0,7500.0,2026-08-17 11:46:00
C066110,bed_overrun,52 admissions on 17 Aug 2026 at a hospital with 12 beds,P025,M005398,F025,SE020,7500.0,7500.0,2026-08-17 12:03:00
C066118,bed_overrun,52 admissions on 17 Aug 2026 at a hospital with 12 beds,P025,M025861,F025,SE020,7500.0,7500.0,2026-08-17 12:26:00
C066119,bed_overrun,52 admissions on 17 Aug 2026 at a hospital with 12 beds,P025,M022340,F025,SE020,7500.0,7500.0,2026-08-17 12:27:00
C066125,bed_overrun,52 admissions on 17 Aug 2026 at a hospital with 12 beds,P025,M022688,F025,SE020,7500.0,7500.0,2026-08-17 12:43:00
C066128,bed_overrun,52 admissions on 17 Aug 2026 at a hospital with 12 beds,P025,M000147,F025,SE020,7500.0,7500.0,2026-08-17 12:53:00
C066136,bed_overrun,52 admissions on 17 Aug 2026 at a hospital with 12 beds,P025,M014080,F025,SE020,7500.0,7500.0,2026-08-17 13:26:00
C066138,bed_overrun,52 admissions on 17 Aug 2026 at a hospital with 12 beds,P025,M018770,F025,SE020,7045.0,7500.0,2026-08-17 13:34:00
C066140,bed_overrun,52 admissions on 17 Aug 2026 at a hospital with 12 beds,P025,M002952,F025,SE020,7500.0,7500.0,2026-08-17 13:40:00
C066143,bed_overrun,52 admissions on 17 Aug 2026 at a hospital with 12 beds,P025,M000727,F025,SE020,7500.0,7500.0,2026-08-17 13:48:00
C066148,bed_overrun,52 admissions on 17 Aug 2026 at a hospital with 12 beds,P025,M005016,F025,SE020,7500.0,7500.0,2026-08-17 13:52:00
C066152,bed_overrun,52 admissions on 17 Aug 2026 at a hospital with 12 beds,P025,M019575,F025,SE020,7500.0,7500.0,2026-08-17 14:12:00
C066153,bed_overrun,52 admissions on 17 Aug 2026 at a hospital with 12 beds,P025,M013393,F025,SE020,7500.0,7500.0,2026-08-17 14:14:00
C066156,bed_overrun,52 admissions on 17 Aug 2026 at a hospital with 12 beds,P025,M017080,F025,SE020,7500.0,7500.0,2026-08-17 14:26:00
C066158,bed_overrun,52 admissions on 17 Aug 2026 at a hospital with 12 beds,P025,M015425,F025,SE020,5970.0,7500.0,2026-08-17 14:33:00
C066161,bed_overrun,52 admissions on 17 Aug 2026 at a hospital with 12 beds,P025,M007914,F025,SE020,7500.0,7500.0,2026-08-17 14:36:00
C066162,bed_overrun,52 admissions on 17 Aug 2026 at a hospital with 12 beds,P025,M016244,F025,SE020,7500.0,7500.0,2026-08-17 14:37:00
C066163,bed_overrun,52 admissions on 17 Aug 2026 at a hospital with 12 beds,P025,M001604,F025,SE020,6153.0,7500.0,2026-08-17 14:41:00
C066164,bed_overrun,52 admissions on 17 Aug 2026 at a hospital with 12 beds,P025,M022181,F025,SE020,7500.0,7500.0,2026-08-17 14:42:00
C066167,bed_overrun,52 admissions on 17 Aug 2026 at a hospital with 12 beds,P025,M012695,F025,SE020,7500.0,7500.0,2026-08-17 14:45:00
C066171,bed_overrun,52 admissions on 17 Aug 2026 at a hospital with 12 beds,P025,M015427,F025,SE020,7500.0,7500.0,2026-08-17 15:01:00
C066172,bed_overrun,52 admissions on 17 Aug 2026 at a hospital with 12 beds,P025,M022817,F025,SE020,7500.0,7500.0,2026-08-17 15:02:00
C066184,bed_overrun,52 admissions on 17 Aug 2026 at a hospital with 12 beds,P025,M001344,F025,SE020,7500.0,7500.0,2026-08-17 15:38:00
C066191,bed_overrun,52 admissions on 17 Aug 2026 at a hospital with 12 beds,P025,M025045,F025,SE020,6911.0,7500.0,2026-08-17 15:59:00
C066193,bed_overrun,52 admissions on 17 Aug 2026 at a hospital with 12 beds,P025,M002165,F025,SE020,7500.0,7500.0,2026-08-17 16:02:00
C066194,bed_overrun,52 admissions on 17 Aug 2026 at a hospital with 12 beds,P025,M022341,F025,SE020,7500.0,7500.0,2026-08-17 16:02:00
C066200,bed_overrun,52 admissions on 17 Aug 2026 at a hospital with 12 beds,P025,M022177,F025,SE020,7500.0,7500.0,2026-08-17 16:33:00
C066202,bed_overrun,52 admissions on 17 Aug 2026 at a hospital with 12 beds,P025,M000202,F025,SE020,7080.0,7500.0,2026-08-17 16:39:00
C066208,bed_overrun,52 admissions on 17 Aug 2026 at a hospital with 12 beds,P025,M002503,F025,SE020,7500.0,7500.0,2026-08-17 17:02:00
C066210,bed_overrun,52 admissions on 17 Aug 2026 at a hospital with 12 beds,P025,M021430,F025,SE020,7500.0,7500.0,2026-08-17 17:05:00
C066212,bed_overrun,52 admissions on 17 Aug 2026 at a hospital with 12 beds,P025,M004423,F025,SE020,7500.0,7500.0,2026-08-17 17:09:00
C066213,bed_overrun,52 admissions on 17 Aug 2026 at a hospital with 12 beds,P025,M004519,F025,SE020,7500.0,7500.0,2026-08-17 17:19:00
C066214,bed_overrun,52 admissions on 17 Aug 2026 at a hospital with 12 beds,P025,M009207,F025,SE020,7500.0,7500.0,2026-08-17 17:20:00
C066216,bed_overrun,52 admissions on 17 Aug 2026 at a hospital with 12 beds,P025,M016672,F025,SE020,7500.0,7500.0,2026-08-17 17:23:00
C066219,bed_overrun,52 admissions on 17 Aug 2026 at a hospital with 12 beds,P025,M000694,F025,SE020,7500.0,7500.0,2026-08-17 17:34:00
C066224,bed_overrun,52 admissions on 17 Aug 2026 at a hospital with 12 beds,P025,M012697,F025,SE020,7500.0,7500.0,2026-08-17 17:58:00
C071791,bed_overrun,69 admissions on 12 Sep 2026 at a hospital with 17 beds,P198,M008212,F198,MG001A,27000.0,27000.0,2026-09-12 08:02:00
C071794,bed_overrun,69 admissions on 12 Sep 2026 at a hospital with 17 beds,P198,M009230,F198,MG016A,21600.0,21600.0,2026-09-12 08:07:00
C071798,bed_overrun,69 admissions on 12 Sep 2026 at a hospital with 17 beds,P198,M003535,F198,MG009A,3211.0,3600.0,2026-09-12 08:14:00
C071803,bed_overrun,69 admissions on 12 Sep 2026 at a hospital with 17 beds,P198,M009452,F198,MG001A,12600.0,12600.0,2026-09-12 08:24:00
C071808,bed_overrun,69 admissions on 12 Sep 2026 at a hospital with 17 beds,P198,M006589,F198,MG016A,10800.0,10800.0,2026-09-12 08:45:00
C071809,bed_overrun,69 admissions on 12 Sep 2026 at a hospital with 17 beds,P198,M021490,F198,MG016A,10800.0,10800.0,2026-09-12 08:47:00
C071814,bed_overrun,69 admissions on 12 Sep 2026 at a hospital with 17 beds,P198,M004857,F198,MG009A,4482.0,5400.0,2026-09-12 08:59:00
C071820,bed_overrun,69 admissions on 12 Sep 2026 at a hospital with 17 beds,P198,M006377,F198,MG016A,7863.0,9000.0,2026-09-12 09:31:00
C071824,bed_overrun,69 admissions on 12 Sep 2026 at a hospital with 17 beds,P198,M025105,F198,MG016A,7200.0,7200.0,2026-09-12 09:44:00
C071831,bed_overrun,69 admissions on 12 Sep 2026 at a hospital with 17 beds,P198,M002874,F198,MG001A,5400.0,5400.0,2026-09-12 10:06:00
C071837,bed_overrun,69 admissions on 12 Sep 2026 at a hospital with 17 beds,P198,M012428,F198,MG001A,18000.0,18000.0,2026-09-12 10:22:00
C071838,bed_overrun,69 admissions on 12 Sep 2026 at a hospital with 17 beds,P198,M006995,F198,MG016A,12600.0,12600.0,2026-09-12 10:23:00
C071842,bed_overrun,69 admissions on 12 Sep 2026 at a hospital with 17 beds,P198,M014572,F198,MG009A,5400.0,5400.0,2026-09-12 10:37:00
C071843,bed_overrun,69 admissions on 12 Sep 2026 at a hospital with 17 beds,P198,M013829,F198,MG001A,3600.0,3600.0,2026-09-12 10:39:00
C071849,bed_overrun,69 admissions on 12 Sep 2026 at a hospital with 17 beds,P198,M022848,F198,MG009A,7200.0,7200.0,2026-09-12 10:52:00
C071854,bed_overrun,69 admissions on 12 Sep 2026 at a hospital with 17 beds,P198,M011088,F198,MG016A,9000.0,9000.0,2026-09-12 11:15:00
C071856,bed_overrun,69 admissions on 12 Sep 2026 at a hospital with 17 beds,P198,M025765,F198,MG016A,10800.0,10800.0,2026-09-12 11:19:00
C071863,bed_overrun,69 admissions on 12 Sep 2026 at a hospital with 17 beds,P198,M011799,F198,MG001A,7618.0,10800.0,2026-09-12 11:40:00
C071864,bed_overrun,69 admissions on 12 Sep 2026 at a hospital with 17 beds,P198,M002055,F198,MG001A,7200.0,7200.0,2026-09-12 11:41:00
C071867,bed_overrun,69 admissions on 12 Sep 2026 at a hospital with 17 beds,P198,M005473,F198,MG001A,3005.0,3600.0,2026-09-12 11:47:00
C071868,bed_overrun,69 admissions on 12 Sep 2026 at a hospital with 17 beds,P198,M010413,F198,MG009A,13500.0,13500.0,2026-09-12 11:49:00
C071872,bed_overrun,69 admissions on 12 Sep 2026 at a hospital with 17 beds,P198,M022761,F198,MG009A,5400.0,5400.0,2026-09-12 11:54:00
C071874,bed_overrun,69 admissions on 12 Sep 2026 at a hospital with 17 beds,P198,M016089,F198,MG009A,7413.0,8100.0,2026-09-12 12:01:00
C071880,bed_overrun,69 admissions on 12 Sep 2026 at a hospital with 17 beds,P198,M020689,F198,MG001A,5400.0,5400.0,2026-09-12 12:10:00
C071882,bed_overrun,69 admissions on 12 Sep 2026 at a hospital with 17 beds,P198,M011396,F198,MG001A,3600.0,3600.0,2026-09-12 12:20:00
C071883,bed_overrun,69 admissions on 12 Sep 2026 at a hospital with 17 beds,P198,M018204,F198,MG009A,10800.0,10800.0,2026-09-12 12:20:00
C071886,bed_overrun,69 admissions on 12 Sep 2026 at a hospital with 17 beds,P198,M011146,F198,MG016A,14400.0,14400.0,2026-09-12 12:24:00
C071888,bed_overrun,69 admissions on 12 Sep 2026 at a hospital with 17 beds,P198,M006858,F198,MG001A,7200.0,7200.0,2026-09-12 12:27:00
C071889,bed_overrun,69 admissions on 12 Sep 2026 at a hospital with 17 beds,P198,M014876,F198,MG016A,7200.0,7200.0,2026-09-12 12:28:00
C071893,bed_overrun,69 admissions on 12 Sep 2026 at a hospital with 17 beds,P198,M000538,F198,MG016A,9000.0,9000.0,2026-09-12 12:48:00
C071896,bed_overrun,69 admissions on 12 Sep 2026 at a hospital with 17 beds,P198,M002889,F198,MG009A,3600.0,3600.0,2026-09-12 12:59:00
C071897,bed_overrun,69 admissions on 12 Sep 2026 at a hospital with 17 beds,P198,M024200,F198,MG009A,3600.0,3600.0,2026-09-12 13:03:00
C071898,bed_overrun,69 admissions on 12 Sep 2026 at a hospital with 17 beds,P198,M023924,F198,MG001A,9000.0,9000.0,2026-09-12 13:06:00
C071902,bed_overrun,69 admissions on 12 Sep 2026 at a hospital with 17 beds,P198,M001769,F198,MG001A,3600.0,3600.0,2026-09-12 13:22:00
C071903,bed_overrun,69 admissions on 12 Sep 2026 at a hospital with 17 beds,P198,M009946,F198,MG001A,10800.0,10800.0,2026-09-12 13:23:00
C071913,bed_overrun,69 admissions on 12 Sep 2026 at a hospital with 17 beds,P198,M021102,F198,MG001A,4064.0,5400.0,2026-09-12 13:55:00
C071918,bed_overrun,69 admissions on 12 Sep 2026 at a hospital with 17 beds,P198,M000189,F198,MG009A,3600.0,3600.0,2026-09-12 14:04:00
C071919,bed_overrun,69 admissions on 12 Sep 2026 at a hospital with 17 beds,P198,M004769,F198,MG001A,5400.0,5400.0,2026-09-12 14:07:00
C071920,bed_overrun,69 admissions on 12 Sep 2026 at a hospital with 17 beds,P198,M025101,F198,MG009A,7200.0,7200.0,2026-09-12 14:09:00
C071922,bed_overrun,69 admissions on 12 Sep 2026 at a hospital with 17 beds,P198,M024007,F198,MG001A,3600.0,3600.0,2026-09-12 14:09:00
C071925,bed_overrun,69 admissions on 12 Sep 2026 at a hospital with 17 beds,P198,M018888,F198,MG016A,18900.0,18900.0,2026-09-12 14:26:00
C071930,bed_overrun,69 admissions on 12 Sep 2026 at a hospital with 17 beds,P198,M011146,F198,MG001A,1800.0,1800.0,2026-09-12 14:34:00
C071931,bed_overrun,69 admissions on 12 Sep 2026 at a hospital with 17 beds,P198,M009717,F198,MG016A,10800.0,10800.0,2026-09-12 14:35:00
C071932,bed_overrun,69 admissions on 12 Sep 2026 at a hospital with 17 beds,P198,M012158,F198,MG009A,1800.0,1800.0,2026-09-12 14:36:00
C071938,bed_overrun,69 admissions on 12 Sep 2026 at a hospital with 17 beds,P198,M021721,F198,MG001A,9000.0,9000.0,2026-09-12 14:46:00
C071939,bed_overrun,69 admissions on 12 Sep 2026 at a hospital with 17 beds,P198,M013563,F198,MG016A,28800.0,28800.0,2026-09-12 14:48:00
C071940,bed_overrun,69 admissions on 12 Sep 2026 at a hospital with 17 beds,P198,M017625,F198,MG001A,7200.0,7200.0,2026-09-12 14:56:00
C071945,bed_overrun,69 admissions on 12 Sep 2026 at a hospital with 17 beds,P198,M001523,F198,MG009A,3600.0,3600.0,2026-09-12 15:17:00
C071947,bed_overrun,69 admissions on 12 Sep 2026 at a hospital with 17 beds,P198,M020597,F198,MG001A,3600.0,3600.0,2026-09-12 15:17:00
C071948,bed_overrun,69 admissions on 12 Sep 2026 at a hospital with 17 beds,P198,M016474,F198,MG016A,10800.0,10800.0,2026-09-12 15:18:00
C071950,bed_overrun,69 admissions on 12 Sep 2026 at a hospital with 17 beds,P198,M010940,F198,MG009A,1800.0,1800.0,2026-09-12 15:25:00
C071953,bed_overrun,69 admissions on 12 Sep 2026 at a hospital with 17 beds,P198,M025103,F198,MG016A,6719.0,8100.0,2026-09-12 15:27:00
C071955,bed_overrun,69 admissions on 12 Sep 2026 at a hospital with 17 beds,P198,M021101,F198,MG016A,7200.0,7200.0,2026-09-12 15:34:00
C071961,bed_overrun,69 admissions on 12 Sep 2026 at a hospital with 17 beds,P198,M012041,F198,MG001A,10105.0,12600.0,2026-09-12 15:53:00
C071962,bed_overrun,69 admissions on 12 Sep 2026 at a hospital with 17 beds,P198,M000190,F198,MG016A,7200.0,7200.0,2026-09-12 15:59:00
C071966,bed_overrun,69 admissions on 12 Sep 2026 at a hospital with 17 beds,P198,M005761,F198,MG001A,3600.0,3600.0,2026-09-12 16:20:00
C071967,bed_overrun,69 admissions on 12 Sep 2026 at a hospital with 17 beds,P198,M002588,F198,MG009A,10800.0,10800.0,2026-09-12 16:27:00
C071968,bed_overrun,69 admissions on 12 Sep 2026 at a hospital with 17 beds,P198,M006179,F198,MG001A,5570.0,7200.0,2026-09-12 16:28:00
C071972,bed_overrun,69 admissions on 12 Sep 2026 at a hospital with 17 beds,P198,M025763,F198,MG016A,7200.0,7200.0,2026-09-12 16:43:00
C071974,bed_overrun,69 admissions on 12 Sep 2026 at a hospital with 17 beds,P198,M001929,F198,MG009A,7200.0,7200.0,2026-09-12 16:47:00
C071975,bed_overrun,69 admissions on 12 Sep 2026 at a hospital with 17 beds,P198,M003584,F198,MG009A,1800.0,1800.0,2026-09-12 16:49:00
C071976,bed_overrun,69 admissions on 12 Sep 2026 at a hospital with 17 beds,P198,M012280,F198,MG009A,5400.0,5400.0,2026-09-12 17:00:00
C071980,bed_overrun,69 admissions on 12 Sep 2026 at a hospital with 17 beds,P198,M006312,F198,MG009A,4763.0,5400.0,2026-09-12 17:07:00
C071985,bed_overrun,69 admissions on 12 Sep 2026 at a hospital with 17 beds,P198,M017368,F198,MG016A,10800.0,10800.0,2026-09-12 17:29:00
C071989,bed_overrun,69 admissions on 12 Sep 2026 at a hospital with 17 beds,P198,M004970,F198,MG016A,10800.0,10800.0,2026-09-12 17:45:00
C071991,bed_overrun,69 admissions on 12 Sep 2026 at a hospital with 17 beds,P198,M008780,F198,MG009A,1800.0,1800.0,2026-09-12 17:47:00
C071992,bed_overrun,69 admissions on 12 Sep 2026 at a hospital with 17 beds,P198,M016201,F198,MG001A,3600.0,3600.0,2026-09-12 17:50:00
C071994,bed_overrun,69 admissions on 12 Sep 2026 at a hospital with 17 beds,P198,M002620,F198,MG016A,14400.0,14400.0,2026-09-12 17:51:00
C071996,bed_overrun,69 admissions on 12 Sep 2026 at a hospital with 17 beds,P198,M019559,F198,MG016A,10800.0,10800.0,2026-09-12 17:53:00
C014086,camp_cluster,3 Hysterectomy - abdominal admissions from village VIL-KOC-39 referred by agent AG-KOC-86 in the week of 08 Dec 2025,P166,M005085,F166,SO010,17302.0,20000.0,2025-12-10 07:22:00
C014122,camp_cluster,3 Hysterectomy - abdominal admissions from village VIL-KOC-25 referred by agent AG-KOC-86 in the week of 08 Dec 2025,P166,M019675,F166,SO010,20000.0,20000.0,2025-12-10 10:24:00
C014133,camp_cluster,3 Hysterectomy - abdominal admissions from village VIL-KOC-39 referred by agent AG-KOC-86 in the week of 08 Dec 2025,P166,M013700,F166,SO010,18894.0,20000.0,2025-12-10 11:12:00
C014148,camp_cluster,3 Hysterectomy - abdominal admissions from village VIL-KOC-39 referred by agent AG-KOC-86 in the week of 08 Dec 2025,P166,M005187,F166,SO010,20000.0,20000.0,2025-12-10 11:44:00
C014170,camp_cluster,3 Hysterectomy - abdominal admissions from village VIL-KOC-25 referred by agent AG-KOC-86 in the week of 08 Dec 2025,P166,M019489,F166,SO010,20000.0,20000.0,2025-12-10 12:50:00
C014171,camp_cluster,3 Hysterectomy - abdominal admissions from village VIL-KOC-25 referred by agent AG-KOC-86 in the week of 08 Dec 2025,P166,M004016,F166,SO010,20000.0,20000.0,2025-12-10 12:51:00
C026068,camp_cluster,"8 PTCA, inclusive of diagnostic angiogram admissions from village VIL-BHO-16 referred by agent AG-BHO-74 in the week of 02 Feb 2026",P194,M014923,F194,MC011A,72200.0,72200.0,2026-02-08 07:04:00
C026069,camp_cluster,"8 PTCA, inclusive of diagnostic angiogram admissions from village VIL-BHO-16 referred by agent AG-BHO-74 in the week of 02 Feb 2026",P194,M022064,F194,MC011A,72200.0,72200.0,2026-02-08 07:11:00
C026070,camp_cluster,"8 PTCA, inclusive of diagnostic angiogram admissions from village VIL-BHO-16 referred by agent AG-BHO-74 in the week of 02 Feb 2026",P194,M023626,F194,MC011A,72200.0,72200.0,2026-02-08 07:20:00
C026071,camp_cluster,"8 PTCA, inclusive of diagnostic angiogram admissions from village VIL-BHO-16 referred by agent AG-BHO-74 in the week of 02 Feb 2026",P194,M020421,F194,MC011A,72200.0,72200.0,2026-02-08 07:21:00
C026072,camp_cluster,"8 PTCA, inclusive of diagnostic angiogram admissions from village VIL-BHO-16 referred by agent AG-BHO-74 in the week of 02 Feb 2026",P194,M014303,F194,MC011A,72200.0,72200.0,2026-02-08 07:25:00
C026079,camp_cluster,"8 PTCA, inclusive of diagnostic angiogram admissions from village VIL-BHO-16 referred by agent AG-BHO-74 in the week of 02 Feb 2026",P194,M013588,F194,MC011A,72200.0,72200.0,2026-02-08 08:22:00
C026090,camp_cluster,"8 PTCA, inclusive of diagnostic angiogram admissions from village VIL-BHO-16 referred by agent AG-BHO-74 in the week of 02 Feb 2026",P194,M023628,F194,MC011A,72200.0,72200.0,2026-02-08 08:59:00
C026093,camp_cluster,"8 PTCA, inclusive of diagnostic angiogram admissions from village VIL-BHO-16 referred by agent AG-BHO-74 in the week of 02 Feb 2026",P194,M023773,F194,MC011A,72200.0,72200.0,2026-02-08 09:08:00
C026874,camp_cluster,"11 PTCA, inclusive of diagnostic angiogram admissions from village VIL-BHO-40 referred by agent AG-BHO-74 in the week of 09 Feb 2026",P194,M011786,F194,MC011A,55702.0,72200.0,2026-02-12 06:14:00
C026876,camp_cluster,"11 PTCA, inclusive of diagnostic angiogram admissions from village VIL-BHO-40 referred by agent AG-BHO-74 in the week of 09 Feb 2026",P194,M012464,F194,MC011A,72200.0,72200.0,2026-02-12 06:26:00
C026877,camp_cluster,"11 PTCA, inclusive of diagnostic angiogram admissions from village VIL-BHO-40 referred by agent AG-BHO-74 in the week of 09 Feb 2026",P194,M023248,F194,MC011A,72200.0,72200.0,2026-02-12 06:35:00
C026878,camp_cluster,"11 PTCA, inclusive of diagnostic angiogram admissions from village VIL-BHO-40 referred by agent AG-BHO-74 in the week of 09 Feb 2026",P194,M000840,F194,MC011A,72200.0,72200.0,2026-02-12 06:44:00
C026881,camp_cluster,"11 PTCA, inclusive of diagnostic angiogram admissions from village VIL-BHO-40 referred by agent AG-BHO-74 in the week of 09 Feb 2026",P194,M023251,F194,MC011A,72200.0,72200.0,2026-02-12 06:54:00
C026882,camp_cluster,"11 PTCA, inclusive of diagnostic angiogram admissions from village VIL-BHO-40 referred by agent AG-BHO-74 in the week of 09 Feb 2026",P194,M000843,F194,MC011A,72200.0,72200.0,2026-02-12 06:58:00
C026885,camp_cluster,"11 PTCA, inclusive of diagnostic angiogram admissions from village VIL-BHO-40 referred by agent AG-BHO-74 in the week of 09 Feb 2026",P194,M011550,F194,MC011A,54530.0,72200.0,2026-02-12 07:12:00
C026895,camp_cluster,"11 PTCA, inclusive of diagnostic angiogram admissions from village VIL-BHO-40 referred by agent AG-BHO-74 in the week of 09 Feb 2026",P194,M008188,F194,MC011A,72200.0,72200.0,2026-02-12 08:41:00
C026896,camp_cluster,"11 PTCA, inclusive of diagnostic angiogram admissions from village VIL-BHO-40 referred by agent AG-BHO-74 in the week of 09 Feb 2026",P194,M000842,F194,MC011A,72200.0,72200.0,2026-02-12 08:42:00
C026925,camp_cluster,"11 PTCA, inclusive of diagnostic angiogram admissions from village VIL-BHO-40 referred by agent AG-BHO-74 in the week of 09 Feb 2026",P194,M012463,F194,MC011A,72200.0,72200.0,2026-02-12 11:10:00
C026931,camp_cluster,"11 PTCA, inclusive of diagnostic angiogram admissions from village VIL-BHO-40 referred by agent AG-BHO-74 in the week of 09 Feb 2026",P194,M012178,F194,MC011A,72200.0,72200.0,2026-02-12 11:56:00
C031517,camp_cluster,"8 PTCA, inclusive of diagnostic angiogram admissions from village VIL-BHO-19 referred by agent AG-BHO-74 in the week of 02 Mar 2026",P194,M000680,F194,MC011A,72200.0,72200.0,2026-03-07 07:40:00
C031518,camp_cluster,"8 PTCA, inclusive of diagnostic angiogram admissions from village VIL-BHO-19 referred by agent AG-BHO-74 in the week of 02 Mar 2026",P194,M006873,F194,MC011A,72200.0,72200.0,2026-03-07 07:59:00
C031527,camp_cluster,"8 PTCA, inclusive of diagnostic angiogram admissions from village VIL-BHO-19 referred by agent AG-BHO-74 in the week of 02 Mar 2026",P194,M006683,F194,MC011A,72200.0,72200.0,2026-03-07 08:33:00
C031559,camp_cluster,"8 PTCA, inclusive of diagnostic angiogram admissions from village VIL-BHO-19 referred by agent AG-BHO-74 in the week of 02 Mar 2026",P194,M003702,F194,MC011A,72200.0,72200.0,2026-03-07 10:13:00
C031574,camp_cluster,"8 PTCA, inclusive of diagnostic angiogram admissions from village VIL-BHO-19 referred by agent AG-BHO-74 in the week of 02 Mar 2026",P194,M003700,F194,MC011A,63675.0,72200.0,2026-03-07 11:00:00
C031581,camp_cluster,"8 PTCA, inclusive of diagnostic angiogram admissions from village VIL-BHO-19 referred by agent AG-BHO-74 in the week of 02 Mar 2026",P194,M003701,F194,MC011A,66332.0,72200.0,2026-03-07 11:18:00
C031582,camp_cluster,"8 PTCA, inclusive of diagnostic angiogram admissions from village VIL-BHO-19 referred by agent AG-BHO-74 in the week of 02 Mar 2026",P194,M003698,F194,MC011A,72200.0,72200.0,2026-03-07 11:21:00
C031585,camp_cluster,"8 PTCA, inclusive of diagnostic angiogram admissions from village VIL-BHO-19 referred by agent AG-BHO-74 in the week of 02 Mar 2026",P194,M003699,F194,MC011A,72200.0,72200.0,2026-03-07 11:44:00
C039041,camp_cluster,3 Haemorrhoidectomy - without stapler admissions from village VIL-LUC-06 referred by agent AG-LUC-99 in the week of 13 Apr 2026,P152,M001781,F152,SG032A,15000.0,15000.0,2026-04-13 02:44:00
C039634,camp_cluster,"11 PTCA, inclusive of diagnostic angiogram admissions from village VIL-BHO-13 referred by agent AG-BHO-74 in the week of 13 Apr 2026",P194,M024779,F194,MC011A,72200.0,72200.0,2026-04-16 06:00:00
C039636,camp_cluster,"11 PTCA, inclusive of diagnostic angiogram admissions from village VIL-BHO-13 referred by agent AG-BHO-74 in the week of 13 Apr 2026",P194,M003317,F194,MC011A,72200.0,72200.0,2026-04-16 06:37:00
C039640,camp_cluster,"11 PTCA, inclusive of diagnostic angiogram admissions from village VIL-BHO-13 referred by agent AG-BHO-74 in the week of 13 Apr 2026",P194,M003552,F194,MC011A,72200.0,72200.0,2026-04-16 07:18:00
C039642,camp_cluster,"11 PTCA, inclusive of diagnostic angiogram admissions from village VIL-BHO-13 referred by agent AG-BHO-74 in the week of 13 Apr 2026",P194,M025935,F194,MC011A,72200.0,72200.0,2026-04-16 07:28:00
C039643,camp_cluster,"11 PTCA, inclusive of diagnostic angiogram admissions from village VIL-BHO-13 referred by agent AG-BHO-74 in the week of 13 Apr 2026",P194,M019730,F194,MC011A,72200.0,72200.0,2026-04-16 07:31:00
C039644,camp_cluster,"11 PTCA, inclusive of diagnostic angiogram admissions from village VIL-BHO-13 referred by agent AG-BHO-74 in the week of 13 Apr 2026",P194,M006968,F194,MC011A,72200.0,72200.0,2026-04-16 07:48:00
C039646,camp_cluster,"11 PTCA, inclusive of diagnostic angiogram admissions from village VIL-BHO-13 referred by agent AG-BHO-74 in the week of 13 Apr 2026",P194,M006967,F194,MC011A,72200.0,72200.0,2026-04-16 07:54:00
C039655,camp_cluster,"11 PTCA, inclusive of diagnostic angiogram admissions from village VIL-BHO-13 referred by agent AG-BHO-74 in the week of 13 Apr 2026",P194,M003321,F194,MC011A,72200.0,72200.0,2026-04-16 08:55:00
C039673,camp_cluster,"11 PTCA, inclusive of diagnostic angiogram admissions from village VIL-BHO-13 referred by agent AG-BHO-74 in the week of 13 Apr 2026",P194,M018985,F194,MC011A,72200.0,72200.0,2026-04-16 09:41:00
C039681,camp_cluster,"11 PTCA, inclusive of diagnostic angiogram admissions from village VIL-BHO-13 referred by agent AG-BHO-74 in the week of 13 Apr 2026",P194,M024781,F194,MC011A,72200.0,72200.0,2026-04-16 10:10:00
C039709,camp_cluster,"11 PTCA, inclusive of diagnostic angiogram admissions from village VIL-BHO-13 referred by agent AG-BHO-74 in the week of 13 Apr 2026",P194,M006969,F194,MC011A,72200.0,72200.0,2026-04-16 11:31:00
C039786,camp_cluster,3 Haemorrhoidectomy - without stapler admissions from village VIL-LUC-06 referred by agent AG-LUC-99 in the week of 13 Apr 2026,P152,M004759,F152,SG032A,15000.0,15000.0,2026-04-16 17:19:00
C039872,camp_cluster,4 Hysterectomy - abdominal admissions from village VIL-KOC-25 referred by agent AG-KOC-86 in the week of 13 Apr 2026,P166,M020634,F166,SO010,20000.0,20000.0,2026-04-17 07:44:00
C039876,camp_cluster,4 Hysterectomy - abdominal admissions from village VIL-KOC-25 referred by agent AG-KOC-86 in the week of 13 Apr 2026,P166,M009552,F166,SO010,20000.0,20000.0,2026-04-17 08:03:00
C039889,camp_cluster,4 Hysterectomy - abdominal admissions from village VIL-KOC-25 referred by agent AG-KOC-86 in the week of 13 Apr 2026,P166,M019678,F166,SO010,20000.0,20000.0,2026-04-17 08:38:00
C039929,camp_cluster,4 Hysterectomy - abdominal admissions from village VIL-KOC-25 referred by agent AG-KOC-86 in the week of 13 Apr 2026,P166,M019489,F166,SO010,20000.0,20000.0,2026-04-17 11:11:00
C040408,camp_cluster,3 Haemorrhoidectomy - without stapler admissions from village VIL-LUC-06 referred by agent AG-LUC-99 in the week of 13 Apr 2026,P152,M002588,F152,SG032A,15000.0,15000.0,2026-04-19 13:02:00
C041320,camp_cluster,3 Hysterectomy - abdominal admissions from village VIL-KOC-30 referred by agent AG-KOC-86 in the week of 20 Apr 2026,P166,M004974,F166,SO010,20000.0,20000.0,2026-04-24 08:27:00
C041321,camp_cluster,3 Hysterectomy - abdominal admissions from village VIL-KOC-30 referred by agent AG-KOC-86 in the week of 20 Apr 2026,P166,M023377,F166,SO010,20000.0,20000.0,2026-04-24 08:30:00
C041323,camp_cluster,3 Hysterectomy - abdominal admissions from village VIL-KOC-25 referred by agent AG-KOC-86 in the week of 20 Apr 2026,P166,M020634,F166,SO010,20000.0,20000.0,2026-04-24 08:36:00
C041331,camp_cluster,3 Hysterectomy - abdominal admissions from village VIL-KOC-30 referred by agent AG-KOC-86 in the week of 20 Apr 2026,P166,M023578,F166,SO010,20000.0,20000.0,2026-04-24 09:08:00
C041338,camp_cluster,3 Hysterectomy - abdominal admissions from village VIL-KOC-25 referred by agent AG-KOC-86 in the week of 20 Apr 2026,P166,M019678,F166,SO010,14777.0,20000.0,2026-04-24 09:46:00
C041358,camp_cluster,3 Hysterectomy - abdominal admissions from village VIL-KOC-25 referred by agent AG-KOC-86 in the week of 20 Apr 2026,P166,M008920,F166,SO010,20000.0,20000.0,2026-04-24 10:34:00
C047453,camp_cluster,"7 PTCA, inclusive of diagnostic angiogram admissions from village VIL-BHO-21 referred by agent AG-BHO-74 in the week of 18 May 2026",P194,M002012,F194,MC011A,72200.0,72200.0,2026-05-22 06:14:00
C047454,camp_cluster,"7 PTCA, inclusive of diagnostic angiogram admissions from village VIL-BHO-21 referred by agent AG-BHO-74 in the week of 18 May 2026",P194,M005431,F194,MC011A,72200.0,72200.0,2026-05-22 06:24:00
C047468,camp_cluster,"7 PTCA, inclusive of diagnostic angiogram admissions from village VIL-BHO-21 referred by agent AG-BHO-74 in the week of 18 May 2026",P194,M016848,F194,MC011A,72200.0,72200.0,2026-05-22 08:23:00
C047477,camp_cluster,"7 PTCA, inclusive of diagnostic angiogram admissions from village VIL-BHO-21 referred by agent AG-BHO-74 in the week of 18 May 2026",P194,M005428,F194,MC011A,72200.0,72200.0,2026-05-22 08:58:00
C047478,camp_cluster,"7 PTCA, inclusive of diagnostic angiogram admissions from village VIL-BHO-21 referred by agent AG-BHO-74 in the week of 18 May 2026",P194,M005429,F194,MC011A,72200.0,72200.0,2026-05-22 09:05:00
C047496,camp_cluster,"7 PTCA, inclusive of diagnostic angiogram admissions from village VIL-BHO-21 referred by agent AG-BHO-74 in the week of 18 May 2026",P194,M014971,F194,MC011A,50700.0,72200.0,2026-05-22 10:17:00
C047519,camp_cluster,"7 PTCA, inclusive of diagnostic angiogram admissions from village VIL-BHO-21 referred by agent AG-BHO-74 in the week of 18 May 2026",P194,M005432,F194,MC011A,72200.0,72200.0,2026-05-22 11:47:00
C047668,camp_cluster,3 Hysterectomy - abdominal admissions from village VIL-RAN-30 referred by agent AG-RAN-80 in the week of 18 May 2026,P240,M015457,F240,SO010,22000.0,22000.0,2026-05-23 08:35:00
C047705,camp_cluster,3 Hysterectomy - abdominal admissions from village VIL-RAN-30 referred by agent AG-RAN-80 in the week of 18 May 2026,P240,M015300,F240,SO010,22000.0,22000.0,2026-05-23 11:09:00
C047725,camp_cluster,3 Hysterectomy - abdominal admissions from village VIL-RAN-30 referred by agent AG-RAN-80 in the week of 18 May 2026,P240,M006764,F240,SO010,22000.0,22000.0,2026-05-23 12:06:00
C050030,camp_cluster,3 Groin hernia repair - inguinal - open admissions from village VIL-LUC-06 referred by agent AG-LUC-99 in the week of 01 Jun 2026,P059,M001137,F059,SG050A,15620.0,15620.0,2026-06-03 09:29:00
C050041,camp_cluster,3 Groin hernia repair - inguinal - open admissions from village VIL-LUC-06 referred by agent AG-LUC-99 in the week of 01 Jun 2026,P059,M008000,F059,SG050A,15620.0,15620.0,2026-06-03 10:05:00
C050419,camp_cluster,"10 PTCA, inclusive of diagnostic angiogram admissions from village VIL-BHO-22 referred by agent AG-BHO-74 in the week of 01 Jun 2026",P194,M017146,F194,MC011A,72200.0,72200.0,2026-06-05 06:20:00
C050421,camp_cluster,"10 PTCA, inclusive of diagnostic angiogram admissions from village VIL-BHO-22 referred by agent AG-BHO-74 in the week of 01 Jun 2026",P194,M019855,F194,MC011A,72200.0,72200.0,2026-06-05 06:22:00
C050423,camp_cluster,"10 PTCA, inclusive of diagnostic angiogram admissions from village VIL-BHO-22 referred by agent AG-BHO-74 in the week of 01 Jun 2026",P194,M024838,F194,MC011A,72200.0,72200.0,2026-06-05 06:32:00
C050425,camp_cluster,"10 PTCA, inclusive of diagnostic angiogram admissions from village VIL-BHO-22 referred by agent AG-BHO-74 in the week of 01 Jun 2026",P194,M017145,F194,MC011A,72200.0,72200.0,2026-06-05 06:38:00
C050431,camp_cluster,"10 PTCA, inclusive of diagnostic angiogram admissions from village VIL-BHO-22 referred by agent AG-BHO-74 in the week of 01 Jun 2026",P194,M001294,F194,MC011A,72200.0,72200.0,2026-06-05 07:59:00
C050438,camp_cluster,"10 PTCA, inclusive of diagnostic angiogram admissions from village VIL-BHO-22 referred by agent AG-BHO-74 in the week of 01 Jun 2026",P194,M007860,F194,MC011A,72200.0,72200.0,2026-06-05 08:21:00
C050455,camp_cluster,"10 PTCA, inclusive of diagnostic angiogram admissions from village VIL-BHO-22 referred by agent AG-BHO-74 in the week of 01 Jun 2026",P194,M017144,F194,MC011A,72200.0,72200.0,2026-06-05 09:21:00
C050462,camp_cluster,"10 PTCA, inclusive of diagnostic angiogram admissions from village VIL-BHO-22 referred by agent AG-BHO-74 in the week of 01 Jun 2026",P194,M013653,F194,MC011A,72200.0,72200.0,2026-06-05 09:52:00
C050473,camp_cluster,"10 PTCA, inclusive of diagnostic angiogram admissions from village VIL-BHO-22 referred by agent AG-BHO-74 in the week of 01 Jun 2026",P194,M002048,F194,MC011A,72200.0,72200.0,2026-06-05 10:29:00
C050486,camp_cluster,"10 PTCA, inclusive of diagnostic angiogram admissions from village VIL-BHO-22 referred by agent AG-BHO-74 in the week of 01 Jun 2026",P194,M017143,F194,MC011A,72200.0,72200.0,2026-06-05 11:25:00
C050525,camp_cluster,3 Groin hernia repair - inguinal - open admissions from village VIL-LUC-06 referred by agent AG-LUC-99 in the week of 01 Jun 2026,P059,M002321,F059,SG050A,15620.0,15620.0,2026-06-05 13:55:00
C052750,camp_cluster,3 Caesarean delivery admissions from village VIL-LUC-06 referred by agent AG-LUC-99 in the week of 15 Jun 2026,P022,M002589,F022,SO057,11500.0,11500.0,2026-06-16 08:50:00
C052798,camp_cluster,3 Caesarean delivery admissions from village VIL-LUC-06 referred by agent AG-LUC-99 in the week of 15 Jun 2026,P022,M001135,F022,SO057,11500.0,11500.0,2026-06-16 12:55:00
C053023,camp_cluster,3 Caesarean delivery admissions from village VIL-LUC-06 referred by agent AG-LUC-99 in the week of 15 Jun 2026,P203,M004757,F203,SO057,8936.0,12650.0,2026-06-17 14:37:00
C053388,camp_cluster,3 Caesarean delivery admissions from village VIL-LUC-06 referred by agent AG-LUC-99 in the week of 15 Jun 2026,P203,M004756,F203,SO057,12650.0,12650.0,2026-06-19 11:56:00
C053895,camp_cluster,3 Caesarean delivery admissions from village VIL-LUC-06 referred by agent AG-LUC-99 in the week of 15 Jun 2026,P203,M003639,F203,SO057,12650.0,12650.0,2026-06-21 16:51:00
C053911,camp_cluster,3 Caesarean delivery admissions from village VIL-LUC-06 referred by agent AG-LUC-99 in the week of 15 Jun 2026,P022,M001781,F022,SO057,11500.0,11500.0,2026-06-21 17:58:00
C054179,camp_cluster,4 Hysterectomy - abdominal admissions from village VIL-RAN-02 referred by agent AG-RAN-80 in the week of 22 Jun 2026,P240,M002766,F240,SO010,22000.0,22000.0,2026-06-23 07:16:00
C054180,camp_cluster,3 Hysterectomy - abdominal admissions from village VIL-RAN-33 referred by agent AG-RAN-80 in the week of 22 Jun 2026,P240,M015697,F240,SO010,22000.0,22000.0,2026-06-23 07:17:00
C054212,camp_cluster,5 Hysterectomy - abdominal admissions from village VIL-RAN-30 referred by agent AG-RAN-80 in the week of 22 Jun 2026,P240,M006764,F240,SO010,22000.0,22000.0,2026-06-23 09:40:00
C054224,camp_cluster,5 Hysterectomy - abdominal admissions from village VIL-RAN-30 referred by agent AG-RAN-80 in the week of 22 Jun 2026,P240,M015457,F240,SO010,22000.0,22000.0,2026-06-23 10:16:00
C054235,camp_cluster,3 Hysterectomy - abdominal admissions from village VIL-RAN-33 referred by agent AG-RAN-80 in the week of 22 Jun 2026,P240,M009067,F240,SO010,22000.0,22000.0,2026-06-23 10:46:00
C054264,camp_cluster,4 Hysterectomy - abdominal admissions from village VIL-RAN-02 referred by agent AG-RAN-80 in the week of 22 Jun 2026,P240,M020658,F240,SO010,22000.0,22000.0,2026-06-23 12:51:00
C054626,camp_cluster,"6 PTCA, inclusive of diagnostic angiogram admissions from village VIL-BHO-34 referred by agent AG-BHO-74 in the week of 22 Jun 2026",P194,M002138,F194,MC011A,57224.0,72200.0,2026-06-25 06:40:00
C054629,camp_cluster,"6 PTCA, inclusive of diagnostic angiogram admissions from village VIL-BHO-34 referred by agent AG-BHO-74 in the week of 22 Jun 2026",P194,M016458,F194,MC011A,72200.0,72200.0,2026-06-25 07:23:00
C054631,camp_cluster,"6 PTCA, inclusive of diagnostic angiogram admissions from village VIL-BHO-34 referred by agent AG-BHO-74 in the week of 22 Jun 2026",P194,M011712,F194,MC011A,72200.0,72200.0,2026-06-25 07:45:00
C054643,camp_cluster,4 Hysterectomy - abdominal admissions from village VIL-RAN-02 referred by agent AG-RAN-80 in the week of 22 Jun 2026,P240,M002764,F240,SO010,22000.0,22000.0,2026-06-25 08:31:00
C054649,camp_cluster,"6 PTCA, inclusive of diagnostic angiogram admissions from village VIL-BHO-34 referred by agent AG-BHO-74 in the week of 22 Jun 2026",P194,M011711,F194,MC011A,72200.0,72200.0,2026-06-25 08:55:00
C054654,camp_cluster,3 Hysterectomy - abdominal admissions from village VIL-RAN-33 referred by agent AG-RAN-80 in the week of 22 Jun 2026,P240,M015697,F240,SO010,22000.0,22000.0,2026-06-25 09:06:00
C054659,camp_cluster,4 Hysterectomy - abdominal admissions from village VIL-RAN-02 referred by agent AG-RAN-80 in the week of 22 Jun 2026,P240,M020658,F240,SO010,22000.0,22000.0,2026-06-25 09:19:00
C054661,camp_cluster,"6 PTCA, inclusive of diagnostic angiogram admissions from village VIL-BHO-34 referred by agent AG-BHO-74 in the week of 22 Jun 2026",P194,M016455,F194,MC011A,67897.0,72200.0,2026-06-25 09:31:00
C054673,camp_cluster,"6 PTCA, inclusive of diagnostic angiogram admissions from village VIL-BHO-34 referred by agent AG-BHO-74 in the week of 22 Jun 2026",P194,M009098,F194,MC011A,72200.0,72200.0,2026-06-25 10:31:00
C054691,camp_cluster,5 Hysterectomy - abdominal admissions from village VIL-RAN-30 referred by agent AG-RAN-80 in the week of 22 Jun 2026,P240,M008479,F240,SO010,20271.0,22000.0,2026-06-25 12:01:00
C054694,camp_cluster,5 Hysterectomy - abdominal admissions from village VIL-RAN-30 referred by agent AG-RAN-80 in the week of 22 Jun 2026,P240,M015300,F240,SO010,22000.0,22000.0,2026-06-25 12:13:00
C054703,camp_cluster,5 Hysterectomy - abdominal admissions from village VIL-RAN-30 referred by agent AG-RAN-80 in the week of 22 Jun 2026,P240,M015457,F240,SO010,19845.0,22000.0,2026-06-25 12:54:00
C057789,camp_cluster,4 Hysterectomy - abdominal admissions from village VIL-KOC-25 referred by agent AG-KOC-86 in the week of 06 Jul 2026,P166,M009552,F166,SO010,20000.0,20000.0,2026-07-10 11:58:00
C057792,camp_cluster,4 Hysterectomy - abdominal admissions from village VIL-KOC-25 referred by agent AG-KOC-86 in the week of 06 Jul 2026,P166,M010058,F166,SO010,20000.0,20000.0,2026-07-10 12:04:00
C057802,camp_cluster,4 Hysterectomy - abdominal admissions from village VIL-KOC-25 referred by agent AG-KOC-86 in the week of 06 Jul 2026,P166,M022215,F166,SO010,20000.0,20000.0,2026-07-10 12:29:00
C057804,camp_cluster,4 Hysterectomy - abdominal admissions from village VIL-KOC-25 referred by agent AG-KOC-86 in the week of 06 Jul 2026,P166,M008920,F166,SO010,20000.0,20000.0,2026-07-10 12:40:00
C058464,camp_cluster,3 Caesarean delivery admissions from village VIL-LUC-05 referred by agent AG-LUC-99 in the week of 13 Jul 2026,P203,M010608,F203,SO057,12650.0,12650.0,2026-07-13 13:32:00
C059223,camp_cluster,3 Caesarean delivery admissions from village VIL-LUC-05 referred by agent AG-LUC-99 in the week of 13 Jul 2026,P203,M010605,F203,SO057,12650.0,12650.0,2026-07-17 03:19:00
C059414,camp_cluster,3 Caesarean delivery admissions from village VIL-LUC-05 referred by agent AG-LUC-99 in the week of 13 Jul 2026,P203,M013749,F203,SO057,12650.0,12650.0,2026-07-18 03:13:00
C065394,camp_cluster,3 Hysterectomy - abdominal admissions from village VIL-RAN-30 referred by agent AG-RAN-80 in the week of 10 Aug 2026,P240,M015300,F240,SO010,22000.0,22000.0,2026-08-14 07:45:00
C065441,camp_cluster,3 Hysterectomy - abdominal admissions from village VIL-RAN-30 referred by agent AG-RAN-80 in the week of 10 Aug 2026,P240,M008477,F240,SO010,22000.0,22000.0,2026-08-14 10:07:00
C065452,camp_cluster,3 Hysterectomy - abdominal admissions from village VIL-RAN-30 referred by agent AG-RAN-80 in the week of 10 Aug 2026,P240,M008479,F240,SO010,22000.0,22000.0,2026-08-14 11:00:00
C066741,camp_cluster,3 Hysterectomy - abdominal admissions from village VIL-RAN-02 referred by agent AG-RAN-80 in the week of 17 Aug 2026,P240,M002764,F240,SO010,22000.0,22000.0,2026-08-20 07:26:00
C066763,camp_cluster,5 Hysterectomy - abdominal admissions from village VIL-RAN-33 referred by agent AG-RAN-80 in the week of 17 Aug 2026,P240,M011050,F240,SO010,22000.0,22000.0,2026-08-20 09:11:00
C066767,camp_cluster,3 Hysterectomy - abdominal admissions from village VIL-RAN-02 referred by agent AG-RAN-80 in the week of 17 Aug 2026,P240,M020658,F240,SO010,22000.0,22000.0,2026-08-20 09:20:00
C066774,camp_cluster,5 Hysterectomy - abdominal admissions from village VIL-RAN-33 referred by agent AG-RAN-80 in the week of 17 Aug 2026,P240,M015697,F240,SO010,22000.0,22000.0,2026-08-20 10:02:00
C066781,camp_cluster,5 Hysterectomy - abdominal admissions from village VIL-RAN-30 referred by agent AG-RAN-80 in the week of 17 Aug 2026,P240,M006764,F240,SO010,22000.0,22000.0,2026-08-20 10:33:00
C067170,camp_cluster,5 Hysterectomy - abdominal admissions from village VIL-RAN-30 referred by agent AG-RAN-80 in the week of 17 Aug 2026,P240,M015457,F240,SO010,20166.0,22000.0,2026-08-22 07:15:00
C067177,camp_cluster,5 Hysterectomy - abdominal admissions from village VIL-RAN-33 referred by agent AG-RAN-80 in the week of 17 Aug 2026,P240,M009067,F240,SO010,22000.0,22000.0,2026-08-22 08:14:00
C067179,camp_cluster,5 Hysterectomy - abdominal admissions from village VIL-RAN-33 referred by agent AG-RAN-80 in the week of 17 Aug 2026,P240,M011050,F240,SO010,22000.0,22000.0,2026-08-22 08:20:00
C067220,camp_cluster,5 Hysterectomy - abdominal admissions from village VIL-RAN-33 referred by agent AG-RAN-80 in the week of 17 Aug 2026,P240,M015697,F240,SO010,22000.0,22000.0,2026-08-22 10:53:00
C067223,camp_cluster,3 Hysterectomy - abdominal admissions from village VIL-RAN-02 referred by agent AG-RAN-80 in the week of 17 Aug 2026,P240,M002766,F240,SO010,22000.0,22000.0,2026-08-22 10:56:00
C067246,camp_cluster,5 Hysterectomy - abdominal admissions from village VIL-RAN-30 referred by agent AG-RAN-80 in the week of 17 Aug 2026,P240,M006764,F240,SO010,22000.0,22000.0,2026-08-22 12:03:00
C067252,camp_cluster,5 Hysterectomy - abdominal admissions from village VIL-RAN-30 referred by agent AG-RAN-80 in the week of 17 Aug 2026,P240,M013346,F240,SO010,22000.0,22000.0,2026-08-22 12:18:00
C067262,camp_cluster,5 Hysterectomy - abdominal admissions from village VIL-RAN-30 referred by agent AG-RAN-80 in the week of 17 Aug 2026,P240,M015300,F240,SO010,22000.0,22000.0,2026-08-22 12:51:00
C067601,camp_cluster,"7 PTCA, inclusive of diagnostic angiogram admissions from village VIL-BHO-18 referred by agent AG-BHO-74 in the week of 24 Aug 2026",P194,M006660,F194,MC011A,72200.0,72200.0,2026-08-24 06:06:00
C067608,camp_cluster,"7 PTCA, inclusive of diagnostic angiogram admissions from village VIL-BHO-18 referred by agent AG-BHO-74 in the week of 24 Aug 2026",P194,M014041,F194,MC011A,72200.0,72200.0,2026-08-24 08:14:00
C067630,camp_cluster,"7 PTCA, inclusive of diagnostic angiogram admissions from village VIL-BHO-18 referred by agent AG-BHO-74 in the week of 24 Aug 2026",P194,M006661,F194,MC011A,72200.0,72200.0,2026-08-24 09:08:00
C067648,camp_cluster,"7 PTCA, inclusive of diagnostic angiogram admissions from village VIL-BHO-18 referred by agent AG-BHO-74 in the week of 24 Aug 2026",P194,M004632,F194,MC011A,72200.0,72200.0,2026-08-24 10:28:00
C067652,camp_cluster,"7 PTCA, inclusive of diagnostic angiogram admissions from village VIL-BHO-18 referred by agent AG-BHO-74 in the week of 24 Aug 2026",P194,M002797,F194,MC011A,72200.0,72200.0,2026-08-24 10:39:00
C067668,camp_cluster,"7 PTCA, inclusive of diagnostic angiogram admissions from village VIL-BHO-18 referred by agent AG-BHO-74 in the week of 24 Aug 2026",P194,M024440,F194,MC011A,72200.0,72200.0,2026-08-24 11:20:00
C067680,camp_cluster,"7 PTCA, inclusive of diagnostic angiogram admissions from village VIL-BHO-18 referred by agent AG-BHO-74 in the week of 24 Aug 2026",P194,M016071,F194,MC011A,72200.0,72200.0,2026-08-24 11:59:00
C068200,camp_cluster,3 Caesarean delivery admissions from village VIL-LUC-05 referred by agent AG-LUC-99 in the week of 24 Aug 2026,P059,M004372,F059,SO057,12650.0,12650.0,2026-08-26 16:01:00
C068666,camp_cluster,3 Caesarean delivery admissions from village VIL-LUC-05 referred by agent AG-LUC-99 in the week of 24 Aug 2026,P059,M010605,F059,SO057,12650.0,12650.0,2026-08-28 20:08:00
C068934,camp_cluster,3 Caesarean delivery admissions from village VIL-LUC-05 referred by agent AG-LUC-99 in the week of 24 Aug 2026,P059,M003883,F059,SO057,12650.0,12650.0,2026-08-30 03:06:00
C070850,camp_cluster,3 Cholecystectomy - laparoscopic admissions from village VIL-LUC-06 referred by agent AG-LUC-99 in the week of 07 Sep 2026,P152,M009133,F152,SG039C,22800.0,22800.0,2026-09-07 14:51:00
C071011,camp_cluster,3 Cholecystectomy - laparoscopic admissions from village VIL-LUC-06 referred by agent AG-LUC-99 in the week of 07 Sep 2026,P152,M009158,F152,SG039C,22800.0,22800.0,2026-09-08 12:29:00
C071391,camp_cluster,3 Cholecystectomy - laparoscopic admissions from village VIL-LUC-06 referred by agent AG-LUC-99 in the week of 07 Sep 2026,P152,M008000,F152,SG039C,22800.0,22800.0,2026-09-10 09:49:00
C071553,camp_cluster,3 Hernia - ventral - umbilical admissions from village VIL-LUC-05 referred by agent AG-LUC-99 in the week of 07 Sep 2026,P152,M004892,F152,SG051B,17400.0,17400.0,2026-09-10 20:53:00
C071905,camp_cluster,3 Hernia - ventral - umbilical admissions from village VIL-LUC-05 referred by agent AG-LUC-99 in the week of 07 Sep 2026,P152,M010608,F152,SG051B,17400.0,17400.0,2026-09-12 13:32:00
C072122,camp_cluster,3 Hernia - ventral - umbilical admissions from village VIL-LUC-05 referred by agent AG-LUC-99 in the week of 07 Sep 2026,P152,M003883,F152,SG051B,14957.0,17400.0,2026-09-13 12:37:00
C072275,camp_cluster,"9 PTCA, inclusive of diagnostic angiogram admissions from village VIL-BHO-08 referred by agent AG-BHO-74 in the week of 14 Sep 2026",P194,M021833,F194,MC011A,72200.0,72200.0,2026-09-14 07:36:00
C072280,camp_cluster,"9 PTCA, inclusive of diagnostic angiogram admissions from village VIL-BHO-08 referred by agent AG-BHO-74 in the week of 14 Sep 2026",P194,M018702,F194,MC011A,72200.0,72200.0,2026-09-14 08:11:00
C072283,camp_cluster,"9 PTCA, inclusive of diagnostic angiogram admissions from village VIL-BHO-08 referred by agent AG-BHO-74 in the week of 14 Sep 2026",P194,M021832,F194,MC011A,72200.0,72200.0,2026-09-14 08:15:00
C072293,camp_cluster,"9 PTCA, inclusive of diagnostic angiogram admissions from village VIL-BHO-08 referred by agent AG-BHO-74 in the week of 14 Sep 2026",P194,M008118,F194,MC011A,72200.0,72200.0,2026-09-14 08:49:00
C072300,camp_cluster,"9 PTCA, inclusive of diagnostic angiogram admissions from village VIL-BHO-08 referred by agent AG-BHO-74 in the week of 14 Sep 2026",P194,M025462,F194,MC011A,72200.0,72200.0,2026-09-14 09:22:00
C072309,camp_cluster,"9 PTCA, inclusive of diagnostic angiogram admissions from village VIL-BHO-08 referred by agent AG-BHO-74 in the week of 14 Sep 2026",P194,M021836,F194,MC011A,72200.0,72200.0,2026-09-14 09:41:00
C072325,camp_cluster,"9 PTCA, inclusive of diagnostic angiogram admissions from village VIL-BHO-08 referred by agent AG-BHO-74 in the week of 14 Sep 2026",P194,M005322,F194,MC011A,72200.0,72200.0,2026-09-14 10:32:00
C072330,camp_cluster,"9 PTCA, inclusive of diagnostic angiogram admissions from village VIL-BHO-08 referred by agent AG-BHO-74 in the week of 14 Sep 2026",P194,M021835,F194,MC011A,72200.0,72200.0,2026-09-14 10:41:00
C072344,camp_cluster,"9 PTCA, inclusive of diagnostic angiogram admissions from village VIL-BHO-08 referred by agent AG-BHO-74 in the week of 14 Sep 2026",P194,M018704,F194,MC011A,72200.0,72200.0,2026-09-14 11:56:00
C072715,camp_cluster,4 Hysterectomy - abdominal admissions from village VIL-KOC-25 referred by agent AG-KOC-86 in the week of 14 Sep 2026,P166,M010058,F166,SO010,20000.0,20000.0,2026-09-16 07:22:00
C072731,camp_cluster,4 Hysterectomy - abdominal admissions from village VIL-KOC-25 referred by agent AG-KOC-86 in the week of 14 Sep 2026,P166,M020634,F166,SO010,20000.0,20000.0,2026-09-16 08:49:00
C072745,camp_cluster,4 Hysterectomy - abdominal admissions from village VIL-KOC-25 referred by agent AG-KOC-86 in the week of 14 Sep 2026,P166,M022215,F166,SO010,20000.0,20000.0,2026-09-16 09:31:00
C072769,camp_cluster,4 Hysterectomy - abdominal admissions from village VIL-KOC-25 referred by agent AG-KOC-86 in the week of 14 Sep 2026,P166,M019678,F166,SO010,20000.0,20000.0,2026-09-16 11:13:00
C074679,camp_cluster,4 Hysterectomy - abdominal admissions from village VIL-RAN-30 referred by agent AG-RAN-80 in the week of 21 Sep 2026,P240,M008479,F240,SO010,22000.0,22000.0,2026-09-25 09:25:00
C074697,camp_cluster,4 Hysterectomy - abdominal admissions from village VIL-RAN-30 referred by agent AG-RAN-80 in the week of 21 Sep 2026,P240,M008477,F240,SO010,22000.0,22000.0,2026-09-25 10:12:00
C074710,camp_cluster,4 Hysterectomy - abdominal admissions from village VIL-RAN-30 referred by agent AG-RAN-80 in the week of 21 Sep 2026,P240,M013346,F240,SO010,22000.0,22000.0,2026-09-25 10:46:00
C074741,camp_cluster,4 Hysterectomy - abdominal admissions from village VIL-RAN-30 referred by agent AG-RAN-80 in the week of 21 Sep 2026,P240,M015300,F240,SO010,22000.0,22000.0,2026-09-25 12:10:00
C075520,camp_cluster,"8 PTCA, inclusive of diagnostic angiogram admissions from village VIL-BHO-15 referred by agent AG-BHO-74 in the week of 28 Sep 2026",P194,M007060,F194,MC011A,72200.0,72200.0,2026-09-29 06:40:00
C075528,camp_cluster,"8 PTCA, inclusive of diagnostic angiogram admissions from village VIL-BHO-15 referred by agent AG-BHO-74 in the week of 28 Sep 2026",P194,M012608,F194,MC011A,72200.0,72200.0,2026-09-29 08:25:00
C075544,camp_cluster,"8 PTCA, inclusive of diagnostic angiogram admissions from village VIL-BHO-15 referred by agent AG-BHO-74 in the week of 28 Sep 2026",P194,M013575,F194,MC011A,72200.0,72200.0,2026-09-29 09:12:00
C075551,camp_cluster,"8 PTCA, inclusive of diagnostic angiogram admissions from village VIL-BHO-15 referred by agent AG-BHO-74 in the week of 28 Sep 2026",P194,M012609,F194,MC011A,72200.0,72200.0,2026-09-29 09:45:00
C075554,camp_cluster,"8 PTCA, inclusive of diagnostic angiogram admissions from village VIL-BHO-15 referred by agent AG-BHO-74 in the week of 28 Sep 2026",P194,M000520,F194,MC011A,72200.0,72200.0,2026-09-29 09:53:00
C075555,camp_cluster,"8 PTCA, inclusive of diagnostic angiogram admissions from village VIL-BHO-15 referred by agent AG-BHO-74 in the week of 28 Sep 2026",P194,M021726,F194,MC011A,72200.0,72200.0,2026-09-29 09:58:00
C075562,camp_cluster,"8 PTCA, inclusive of diagnostic angiogram admissions from village VIL-BHO-15 referred by agent AG-BHO-74 in the week of 28 Sep 2026",P194,M007058,F194,MC011A,72200.0,72200.0,2026-09-29 10:29:00
C075569,camp_cluster,"8 PTCA, inclusive of diagnostic angiogram admissions from village VIL-BHO-15 referred by agent AG-BHO-74 in the week of 28 Sep 2026",P194,M000518,F194,MC011A,72200.0,72200.0,2026-09-29 10:46:00
