provider_id,name,specialty,facility_id,owner_id,city,lat,lon,sector,state,district,city_tier,beds,nabh_status,teaching,empanelled_specialties,empanelment_date,n_claims,n_members,total_paid,avg_paid,n_facilities,claims_per_member,growth,claims_per_bed,peak_per_bed,icu_share,short_stay_share,surgical_share,rejected_share,odd_hour_share,new_card_share,agent_share,mortality,log_paid,z_claims_per_member,z_avg_paid,z_total_paid,z_growth,z_claims_per_bed,z_peak_per_bed,z_icu_share,z_short_stay_share,z_surgical_share,z_rejected_share,z_odd_hour_share,z_new_card_share,z_agent_share,z_mortality,anomaly_raw,p_anomaly,cluster_id,cluster_score,in_referral_cycle,birank,p30,p60,p90,volume_velocity,flag_velocity,n_flagged,rule_score
P001,"Hridaya Nursing Home, Hisar",Nursing Home,F001,O002,Hisar,29.1405,75.695,private,Haryana,Hisar,Z,21,none,0,Emergency Room Packages|General Medicine|General Surgery|Obstetrics & Gynaecology,2019-12-08,33,30,287648.0,8716.60606060606,1,1.1,1.4545454545454546,1.5714285714285714,0.09523809523809523,0.0,0.0,0.2727272727272727,0.030303030303030304,0.15151515151515152,0.0,0.24242424242424243,0.0,12.569496265838325,0.21511412136142966,-0.839364660642623,-0.8163413314168592,1.079935814928327,-0.12043938892305403,0.003996747854481464,-1.3726143526313264,-0.35999995840248367,-0.5744473583239665,0.35158034124812426,-0.3610663377793004,0.0,0.49534116974433856,0.0,0.37296088556083334,0.04017857142857143,,0.0,0,0.0126,0.0084,0.0096,0.0136,1.5,1.0,0,0.0
P002,"Zentara Community Health Centre, Chennai",Community Health Centre,F002,GOV,Chennai,13.1145,80.2447,public,Tamil Nadu,Chennai,X,31,none,0,Emergency Room Packages|General Medicine|Obstetrics & Gynaecology,2024-02-10,56,56,558790.0,9978.392857142857,1,1.0,0.7916666666666666,1.8064516129032258,0.06451612903225806,0.15,0.05,0.10714285714285714,0.03571428571428571,0.10714285714285714,0.0,0.07142857142857142,0.0,13.23353080029394,-0.9432392228781316,2.525429046855845,0.5681576693712925,-0.6463537909138595,-0.30153700280799095,-0.46936216104682704,1.4523708395231218,-0.27485403683626364,0.06371500407261553,0.4573504141092705,-1.3974512401110664,0.0,-1.3052071654278143,0.0,0.42590798115206524,0.04017857142857143,,0.0,0,0.0359,0.0099,0.0099,0.0099,1.24,1.0,0,0.0
P003,"Niramay Eye Hospital, Madurai",Eye Hospital,F003,O019,Madurai,9.9,78.1234,private,Tamil Nadu,Madurai,Y,12,none,0,Ophthalmology,2020-01-19,220,211,1655899.0,7526.813636363637,1,1.042654028436019,1.0508474576271187,18.333333333333332,0.3333333333333333,0.0,0.0,0.05909090909090909,0.022727272727272728,0.21363636363636362,0.0,0.11818181818181818,0.0,14.319855225630576,-0.5474225050571352,-0.2468284909906411,-0.7294875128355146,0.03213512031792026,0.07121662525781443,0.019759753422996275,0.0,0.0,-0.7406875087677398,-0.29377820799076554,1.7557236695823302,0.0,-0.8270293847201872,0.0,0.3698399961932623,0.04017857142857143,,0.0,0,0.068,0.0096,0.0452,0.1419,1.05,1.0,0,0.0
P004,"Ketaya Multispecialty Hospital, Ludhiana",Multispecialty Hospital,F004,O018,Ludhiana,30.9234,75.8806,private,Punjab,Ludhiana,Y,130,none,0,Cardiology|ENT|Emergency Room Packages|General Medicine|General Surgery|Neo-natal Care|Obstetrics & Gynaecology|Orthopaedics,2020-02-05,164,126,1921672.0,11717.512195121952,1,1.3015873015873016,1.175,1.2615384615384615,0.03076923076923077,0.07272727272727272,0.05454545454545454,0.4024390243902439,0.018292682926829267,0.18292682926829268,0.0,0.14634146341463414,0.0,14.468706718761972,0.20165423041364683,-0.5695399314747157,-0.5100653507416093,0.756936945258867,-0.6352826633766837,-0.5062840929225524,-0.19820603949077573,0.0,-0.05267332115241396,-0.5753593967972706,0.3284604232847114,0.0,-0.02554092168812338,-0.6315359191344088,0.35989385395548584,0.04017857142857143,,0.0,0,0.2378,0.5633,0.7882,0.9824,0.53,0.08,41,1.0
P005,"Tavora Multispecialty Hospital, Ahmedabad",Multispecialty Hospital,F005,O022,Ahmedabad,23.0273,72.5902,private,Gujarat,Ahmedabad,X,159,none,0,Cardiology|ENT|Emergency Room Packages|General Medicine|General Surgery|Neo-natal Care|Obstetrics & Gynaecology|Orthopaedics,2020-07-09,230,188,2989246.0,12996.721739130435,1,1.2234042553191489,0.9827586206896551,1.4465408805031446,0.025157232704402517,0.031578947368421054,0.07368421052631578,0.3782608695652174,0.021739130434782608,0.17391304347826086,0.0,0.13478260869565217,0.008695652173913044,14.910532074185102,-0.0772507085008472,0.2573254442661838,0.37510461673894147,-0.15751891026970985,-0.43869242191459534,-0.8326992284502125,-0.6864742010495611,0.6301088309153742,-0.5162249086680296,-0.285155700264898,0.0,0.0,-0.11193969470898187,1.0983233376250587,0.37031727481178295,0.04017857142857143,,0.0,0,0.0745,0.0113,0.0365,0.0447,1.15,1.0,0,0.0
P006,"Udayam Community Health Centre, Gurugram",Community Health Centre,F006,GOV,Gurugram,28.4865,76.9928,public,Haryana,Gurugram,Y,27,entry,0,Emergency Room Packages|General Medicine|Obstetrics & Gynaecology,2021-11-11,40,38,438377.0,10959.425,1,1.0526315789473684,0.65,1.4814814814814814,0.07407407407407407,0.23333333333333334,0.06666666666666667,0.075,0.0,0.1,0.0,0.2,0.0,12.990836830875008,0.4372848713689609,3.70117337500472,-0.004045576555160912,-1.0858743687352836,-0.7145772151705558,0.0,3.1684806623427315,0.15480284833306804,-0.7166215931032165,-1.1914170451586041,-1.5322601782557634,0.0,1.044165732342252,0.0,0.4807153066747163,0.4,,0.0,0,0.0115,0.006,0.0072,0.0094,1.36,1.0,0,0.0
P007,"Rivaan District Hospital, Azamgarh",District Hospital,F007,GOV,Azamgarh,26.055,83.1752,public,Uttar Pradesh,Azamgarh,Z,263,entry,0,Burns Management|Emergency Room Packages|General Medicine|General Surgery|Neo-natal Care|Obstetrics & Gynaecology|Ophthalmology|Orthopaedics,2021-05-03,425,278,4712903.0,11089.183529411765,1,1.5287769784172662,0.972972972972973,1.6159695817490494,0.022813688212927757,0.08522727272727272,0.08522727272727272,0.3058823529411765,0.03764705882352941,0.15294117647058825,0.0,0.14823529411764705,0.011764705882352941,15.365814836506816,0.38281086932198394,-0.695557030901523,0.2752344830350623,-0.10980310019784746,-0.3263617250208337,-0.3090653785634624,0.005497674344378968,1.4233628422536024,-1.4813350529068898,0.7862539853218682,-1.0721232781566161,0.0,-0.00845502150172563,1.8678471483649755,0.3945532809395737,0.04017857142857143,,0.0,0,0.0767,0.0066,0.0098,0.0169,1.08,1.0,3,0.1002
P008,"Ishvara Nursing Home, Dumka",Nursing Home,F008,O048,Dumka,24.2822,87.2314,private,Jharkhand,Dumka,Z,11,none,0,Emergency Room Packages|General Medicine|General Surgery|Obstetrics & Gynaecology,2019-09-14,25,25,215705.0,8628.2,1,1.0,0.9166666666666666,2.272727272727273,0.09090909090909091,0.0,0.09090909090909091,0.44,0.04,0.2,0.0,0.32,0.0,12.281671648402062,-0.0782233168587014,-0.8881173391996436,-1.241028986947454,-0.41763142842931394,0.0,0.0,-1.3726143526313264,0.196363613674082,1.0110273506501812,0.7115986106862034,0.6271152182482584,0.0,0.9111029384477833,0.0,0.38129499412144285,0.04017857142857143,,0.0,0,0.0389,0.009,0.0094,0.016,1.0,1.0,0,0.0
P009,"Tejora Community Health Centre, Prayagraj",Community Health Centre,F009,GOV,Prayagraj,25.4161,81.8655,public,Uttar Pradesh,Prayagraj,Y,27,none,0,Emergency Room Packages|General Medicine|Obstetrics & Gynaecology,2023-07-04,29,29,237175.0,8178.448275862069,1,1.0,1.3636363636363635,1.0740740740740742,0.07407407407407407,0.09090909090909091,0.045454545454545456,0.13793103448275862,0.034482758620689655,0.20689655172413793,0.0,0.034482758620689655,0.0,12.376557760548174,-0.9432392228781316,0.36823710586624203,-1.4523406404467636,1.1281811623223723,-1.2323960108162713,0.0,0.2354929651601265,-0.3920331873369905,0.8111638519421867,0.4004963637896887,0.4852253098407406,0.0,-1.9803143199594424,0.0,0.4245601383137986,0.04017857142857143,,0.0,0,0.0633,0.0052,0.0092,0.0134,0.92,1.0,0,0.0
P010,"Charvi Nursing Home, Kalaburagi",Nursing Home,F010,O065,Kalaburagi,17.3188,76.8509,private,Karnataka,Kalaburagi,Y,23,none,0,Emergency Room Packages|General Medicine|General Surgery|Obstetrics & Gynaecology,2022-04-27,61,59,682961.0,11196.081967213115,1,1.0338983050847457,1.8571428571428572,2.652173913043478,0.08695652173913043,0.11538461538461539,0.038461538461538464,0.45901639344262296,0.04918032786885246,0.13114754098360656,0.0,0.22950819672131148,0.0,13.43419450010909,0.021213102876935893,0.5279747619716402,0.45952822110748975,2.200851337119559,0.06516527323372963,-0.003649204562787435,0.49625288133594125,-0.12461537021624433,1.1912719807865866,1.0524355788837292,-0.776183589799074,0.0,0.42611853919689,0.0,0.38027593055664227,0.04017857142857143,,0.0,0,0.0637,0.016,0.016,0.0298,0.75,1.33,2,0.1791
P011,"Devanta District Hospital, Azamgarh",District Hospital,F011,GOV,Azamgarh,26.0621,83.1618,public,Uttar Pradesh,Azamgarh,Z,274,entry,0,Burns Management|Emergency Room Packages|General Medicine|General Surgery|Neo-natal Care|Obstetrics & Gynaecology|Ophthalmology|Orthopaedics,2022-03-02,529,335,6370731.0,12042.969754253309,1,1.5791044776119403,1.0763358778625953,1.9306569343065694,0.021897810218978103,0.05687203791469194,0.05687203791469194,0.3516068052930057,0.030245746691871456,0.1833648393194707,0.001890359168241966,0.13610586011342155,0.003780718336483932,15.667224934604048,0.45687627879616916,0.49722998133522245,0.8559383563183084,0.7300648875750015,0.0,-0.41532070214257966,-1.284006595691967,-0.20243603705758134,0.6231076912141554,0.0,0.6317891857367363,5.551413521736472,-0.5958244290778221,-0.13270907108414653,0.49102021434969106,0.4,,0.0,0,0.08,0.0084,0.01,0.0668,0.93,2.0,3,0.0947
P012,"Prayana District Hospital, Ahmedabad",District Hospital,F012,GOV,Ahmedabad,23.0014,72.544,public,Gujarat,Ahmedabad,X,168,none,0,Burns Management|Emergency Room Packages|General Medicine|General Surgery|Neo-natal Care|Obstetrics & Gynaecology|Ophthalmology|Orthopaedics,2019-01-28,483,396,5846639.0,12104.84265010352,1,1.2196969696969697,1.0956521739130434,2.875,0.02976190476190476,0.11386138613861387,0.04455445544554455,0.32712215320910976,0.024844720496894408,0.18840579710144928,0.0,0.16356107660455488,0.0,15.58137769522638,-0.07205253085618504,0.574607054580193,0.690543020422148,0.8870180876852206,0.9793766080091724,0.49702997757183603,1.3076844400927226,-0.9086869958850399,-0.5037849399716553,-0.573760205634949,0.914113862990021,0.0,0.7336979739998943,-1.0800476708232851,0.3951719871594051,0.04017857142857143,,0.0,0,0.1129,0.0066,0.0072,0.0087,1.02,1.0,1,0.0323
P013,"Sorinda Community Health Centre, Lucknow",Community Health Centre,F013,GOV,Lucknow,26.8349,80.957,public,Uttar Pradesh,Lucknow,Y,24,none,0,Emergency Room Packages|General Medicine|Obstetrics & Gynaecology,2022-04-24,77,75,623091.0,8092.090909090909,1,1.0266666666666666,1.0,3.2083333333333335,0.08333333333333333,0.03571428571428571,0.017857142857142856,0.07792207792207792,0.025974025974025976,0.2077922077922078,0.0,0.18181818181818182,0.0,13.342449459419239,-0.2437736817929386,0.2647397995706942,0.8249568409480359,0.0,1.4802683618277614,0.4546945935141138,-0.9011512032009135,-1.1034780296628321,-0.6456819024508681,0.007686561581668474,0.5021292519278503,0.0,0.7119311811424445,0.0,0.3800684127892709,0.04017857142857143,,0.0,0,0.1887,0.0072,0.0083,0.0097,0.86,1.0,0,0.0
P014,"Ishvara Community Health Centre, Kozhikode",Community Health Centre,F014,GOV,Kozhikode,11.2229,75.7718,public,Kerala,Kozhikode,Y,37,none,0,Emergency Room Packages|General Medicine|Obstetrics & Gynaecology,2022-06-14,51,51,364243.0,7142.019607843137,1,1.0,1.75,1.3783783783783783,0.08108108108108109,0.125,0.125,0.11764705882352941,0.0,0.13725490196078433,0.0,0.1568627450980392,0.0,12.805579251718626,-0.9432392228781316,-0.8738986761532884,-0.4408301756103415,2.3268736472898937,-0.8456222666484642,0.34409320590257303,0.9375378926772393,1.6586019464257291,0.3187269639339987,-1.1914170451586041,-0.8291390498932246,0.0,0.255922973613297,0.0,0.43141736917208273,0.04017857142857143,,0.0,0,0.0227,0.0052,0.0095,0.0369,0.79,1.0,0,0.0
P015,"Tavora Dialysis Centre, Bhavnagar",Dialysis Centre,F015,O052,Bhavnagar,21.7558,72.1253,private,Gujarat,Bhavnagar,Y,12,entry,0,General Medicine,2021-10-24,654,26,1598402.0,2444.039755351682,1,25.153846153846153,1.0,54.5,0.5,0.15,0.05,0.0,0.0382262996941896,0.172782874617737,0.0,0.1636085626911315,0.0,14.284515563751542,0.6649447307853269,1.3174305787397387,0.22225733244201015,0.06001826526117871,1.440095107008703,1.643186285456766,0.7712795894356229,0.4627419648630951,0.0,0.8666374642535425,-0.5282489158189111,0.0,1.309009380735004,0.0,0.3968626015895553,0.04017857142857143,,0.0,0,0.007,0.0066,0.007,0.0081,0.94,1.0,0,0.0
P016,"Ketaya Community Health Centre, Lucknow",Community Health Centre,F016,GOV,Lucknow,26.893,80.9348,public,Uttar Pradesh,Lucknow,Y,24,none,0,Emergency Room Packages|General Medicine|Obstetrics & Gynaecology,2020-07-01,58,55,439884.0,7584.206896551724,1,1.0545454545454545,0.8,2.4166666666666665,0.08333333333333333,0.05405405405405406,0.08108108108108109,0.1206896551724138,0.017241379310344827,0.27586206896551724,0.0,0.1206896551724138,0.0,12.994268608096652,0.48748574752339974,-0.3439474401372048,0.004045576555165101,-0.6204996392773048,0.4740522930162002,0.4546945935141138,-0.523474524047563,0.5263979922633011,0.39259249713522704,-0.39546034068445773,1.7868288505481627,0.0,-0.40506429271897665,0.0,0.37021559864449405,0.04017857142857143,,0.0,0,0.1823,0.0052,0.0094,0.0151,0.83,1.0,1,0.093
P017,"Navira Eye Hospital, Dumka",Eye Hospital,F017,O020,Dumka,24.3547,87.2665,private,Jharkhand,Dumka,Z,25,none,0,Ophthalmology,2024-09-23,434,218,3302183.0,7608.716589861751,1,1.9908256880733946,0.9487179487179487,17.36,0.24,0.0,0.0,0.07603686635944701,0.04377880184331797,0.1774193548387097,0.0,0.14285714285714285,0.0,15.010094625713451,1.9915385262469663,-0.04424057908306824,0.07979120537197038,-0.4474955994148349,0.03768335219936403,-0.019759753422996254,0.0,0.0,0.1896219436522518,1.4661098297098754,-0.22929492913348867,0.0,0.001991533106813054,0.0,0.36165629010537953,0.04017857142857143,,0.0,0,0.1756,0.0071,0.0096,0.0147,1.07,1.0,0,0.0
P018,"Jivanta Nursing Home, Bhopal",Nursing Home,F018,O004,Bhopal,23.2345,77.3978,private,Madhya Pradesh,Bhopal,Y,12,none,0,Emergency Room Packages|General Medicine|General Surgery|Obstetrics & Gynaecology,2022-12-12,25,24,243660.0,9746.4,1,1.0416666666666667,1.2727272727272727,2.0833333333333335,0.08333333333333333,0.14285714285714285,0.07142857142857142,0.32,0.0,0.2,0.0,0.12,0.0,12.403533193979431,0.044000615733019985,-0.27147132207438995,-1.0612212465548239,0.5737159016806737,-0.03252606953940502,-0.006994308745342581,0.9412212703757666,0.07714284822910362,-0.1263784188312724,-0.7734767507458732,0.6271152182482584,0.0,-0.16078287149078527,0.0,0.3555553892847852,0.0,,0.0,0,0.0461,0.0052,0.0076,0.0204,1.0,1.0,0,0.0
P019,"Olvira Nursing Home, Ranchi",Nursing Home,F019,O020,Ranchi,23.3169,85.3048,private,Jharkhand,Ranchi,Y,27,none,0,Emergency Room Packages|General Medicine|General Surgery|Obstetrics & Gynaecology,2025-01-10,83,75,860931.0,10372.66265060241,1,1.1066666666666667,1.588235294117647,3.074074074074074,0.07407407407407407,0.11904761904761904,0.047619047619047616,0.3855421686746988,0.03614457831325301,0.21686746987951808,0.0,0.08433734939759036,0.0,13.66577080235831,0.23466995057610485,0.07388940871462882,0.801221012206028,1.4521563393751304,0.13762141422894916,-0.015542908322983506,0.5555819998745845,-0.06857142064809214,0.4948552544598029,0.5684588168132321,0.9708952475289302,0.0,-0.35191431711838544,0.0,0.36676181115776574,0.04017857142857143,,0.0,0,0.2382,0.4135,0.8277,0.9768,0.72,0.5,20,0.88
P020,"Lumora Nursing Home, Bengaluru",Nursing Home,F020,O002,Bengaluru,12.9796,77.5652,private,Karnataka,Bengaluru Urban,X,21,none,0,Emergency Room Packages|General Medicine|General Surgery|Obstetrics & Gynaecology,2022-12-28,55,55,649518.0,11809.418181818182,1,1.0,1.1764705882352942,2.619047619047619,0.09523809523809523,0.15384615384615385,0.0,0.4,0.01818181818181818,0.2727272727272727,0.0,0.18181818181818182,0.0,13.38398736793667,-0.0782233168587014,0.8662070405397811,0.3854471732695955,0.305717124078975,0.05947624144348342,0.003996747854481464,1.1192086259916971,-0.35999995840248367,0.6318920941563636,-0.09844249554947476,2.109387552289596,0.0,0.17052728794477232,0.0,0.3710059163487827,0.04017857142857143,,0.0,0,0.0275,0.0072,0.0082,0.0088,1.0,1.0,0,0.0
P021,"Navira Dialysis Centre, Barmer",Dialysis Centre,F021,O032,Barmer,25.7646,71.4063,private,Rajasthan,Barmer,Z,21,none,0,General Medicine,2021-11-26,983,45,2150994.0,2188.1932858596133,1,21.844444444444445,0.9011857707509882,46.80952380952381,0.38095238095238093,0.075,0.125,0.0,0.026449643947100712,0.19735503560528994,0.0,0.1617497456765005,0.0,14.581441083746933,-0.14941368846064693,-0.5885562216897962,0.8726276461590585,-1.1498360937586334,0.7093723271342821,0.04007771427943317,-0.18147755045544053,2.0156726266070413,0.0,-0.6780664088290393,1.7308037465578163,0.0,1.133404950847136,0.0,0.4100095685318257,0.04017857142857143,,0.0,0,0.0466,0.0071,0.0096,0.0147,1.04,1.0,0,0.0
P022,"Yantara Multispecialty Hospital, Lucknow",Multispecialty Hospital,F022,O071,Lucknow,26.7767,80.9766,private,Uttar Pradesh,Lucknow,Y,142,none,0,Cardiology|ENT|Emergency Room Packages|General Medicine|General Surgery|Neo-natal Care|Obstetrics & Gynaecology|Orthopaedics,2020-01-28,617,270,7370657.0,11945.959481361426,1,2.285185185185185,1.538860103626943,4.345070422535211,0.06338028169014084,0.1152073732718894,0.059907834101382486,0.4051863857374392,0.04376012965964344,0.1847649918962723,0.0,0.6823338735818476,0.0016207455429497568,15.813017541048605,3.7104751415405084,-0.421874404698331,2.1831788287546487,2.4877505897955277,2.6413895885906813,1.3904985650689825,0.3058650354525081,0.1765466217495611,0.0,1.569094324331049,0.3954426756830338,0.0,3.980832349090263,-0.3091148258972309,0.5101108307886633,0.5,N01,1.0,1,0.8026,0.7386,0.8227,0.9788,1.09,1.25,69,1.0
P023,"Niramay Community Health Centre, Prayagraj",Community Health Centre,F023,GOV,Prayagraj,25.3706,81.8563,public,Uttar Pradesh,Prayagraj,Y,27,none,0,Emergency Room Packages|General Medicine|Obstetrics & Gynaecology,2022-02-22,42,42,354934.0,8450.809523809523,1,1.0,0.7777777777777778,1.5555555555555556,0.07407407407407407,0.06666666666666667,0.06666666666666667,0.14285714285714285,0.0,0.2857142857142857,0.0,0.11904761904761904,0.0,12.77968995310141,-0.9432392228781316,0.6946557607628533,-0.501869766907143,-0.68944404364145,-0.6204283432349711,0.0,-0.26373898329648715,0.15480284833306804,0.9307556676013179,-1.1914170451586041,1.9727722135063657,0.0,-0.4350690551426048,0.0,0.39462743166608805,0.04017857142857143,,0.0,0,0.0715,0.0052,0.0074,0.0251,1.0,1.0,0,0.0
P024,"Olvira Nursing Home, Jagdalpur",Nursing Home,F024,O059,Jagdalpur,19.0874,82.0235,private,Chhattisgarh,Bastar,Z,16,none,0,Emergency Room Packages|General Medicine|General Surgery|Obstetrics & Gynaecology,2022-06-30,277,188,689886.0,2490.5631768953067,1,1.4734042553191489,1.595959595959596,17.3125,0.375,0.0037174721189591076,0.9368029739776952,0.018050541516245487,0.01444043321299639,0.24187725631768953,0.0,0.01444043321299639,0.0,13.444283095046037,1.3104485981195773,-4.272797451459354,0.4744140281990905,1.4736624141209462,2.582895182124152,0.26228657795034654,-1.3124030167166436,5.373233579873501,-2.988370553591465,-0.23734846142021374,1.4806258221457074,0.0,-0.7265218802020441,0.0,0.5600366653657173,1.0,,0.0,0,0.658,0.9615,0.9839,0.9949,1.1,1.12,252,1.0
P025,"Ketaya Eye Hospital, Amroha",Eye Hospital,F025,O019,Amroha,28.9397,78.4568,private,Uttar Pradesh,Amroha,Z,12,none,0,Ophthalmology,2018-10-18,537,329,3983986.0,7418.968342644321,1,1.6322188449848025,1.5818181818181818,44.75,7.75,0.0,0.0,0.027932960893854747,0.01675977653631285,0.18063314711359404,0.0,0.0633147113594041,0.0,15.197793634629093,1.0312811815915348,-0.5135850843796459,0.29986095700571885,2.52573244905153,0.9813234368613062,3.160149136720617,0.0,0.0,-2.4512154692948713,-0.7926552778512075,-0.05315013833376035,0.0,-2.6704085440597107,0.0,0.48793432737555326,0.4,,0.0,0,0.4483,0.1428,0.9624,0.9758,0.42,0.01,301,1.0
P026,"Charvi Multispecialty Hospital, Barmer",Multispecialty Hospital,F026,O062,Barmer,25.7923,71.3634,private,Rajasthan,Barmer,Z,126,entry,0,Cardiology|ENT|Emergency Room Packages|General Medicine|General Surgery|Neo-natal Care|Obstetrics & Gynaecology|Orthopaedics,2021-10-14,457,301,6245590.0,13666.498905908096,1,1.5182724252491695,1.182608695652174,3.626984126984127,0.05555555555555555,0.08609271523178808,0.059602649006622516,0.4288840262582057,0.02188183807439825,0.15098468271334792,0.0,0.16192560175054704,0.00437636761487965,15.647386332772706,0.9746421614711551,0.6902611984311117,1.8513468742419121,0.7931300703655741,1.8783251972004622,0.9353827556579459,-0.03961100595812847,0.16649895598359896,0.4543390082193185,-0.2731391863199454,-0.8355045546341184,0.0,0.0909455697113278,0.23907158426751138,0.4001994646384441,0.04017857142857143,,0.0,0,0.1132,0.0066,0.0091,0.0148,0.94,1.0,0,0.0
P027,"Velora Nursing Home, Chennai",Nursing Home,F027,O046,Chennai,13.0795,80.2661,private,Tamil Nadu,Chennai,X,20,none,0,Emergency Room Packages|General Medicine|General Surgery|Obstetrics & Gynaecology,2023-07-22,139,139,1703175.0,12253.057553956834,1,1.0,1.2941176470588236,6.95,0.2,0.10891089108910891,0.0,0.2302158273381295,0.007194244604316547,0.17266187050359713,0.8273381294964028,0.8633093525179856,0.0,14.348005301339533,-0.0782233168587014,1.1108577755328488,1.8078637812477922,0.6332711855921624,0.8032638133451463,0.10071804593293308,0.3913989441166555,-0.35999995840248367,-0.9773870521123601,-0.5063768655962191,0.06993011426509356,6.180698073711052,3.8229308653024843,0.0,0.5260242900633839,0.6666666666666666,,0.0,0,0.6084,0.9794,0.9794,0.9843,1.03,1.15,115,1.0
P028,"Kelvane Cancer Centre, Balaghat",Cancer Centre,F028,O046,Balaghat,21.8514,80.1792,private,Madhya Pradesh,Balaghat,Z,102,entry,0,General Medicine|Medical Oncology,2019-12-26,834,209,7455441.0,8939.377697841726,1,3.9904306220095696,1.0579710144927537,8.176470588235293,0.0784313725490196,0.1320754716981132,0.04716981132075472,0.0,0.027577937649880094,0.18225419664268586,0.0,0.1630695443645084,0.001199040767386091,15.824454793491189,0.3924476305197121,0.4247179177691631,0.05705123966982569,0.25247926329601883,0.10809524565270184,0.08671937914373784,0.5720807888621082,0.37807209811340625,0.0,-0.30688066489093674,-0.011529864795834876,0.0,1.1705600538392145,1.9782957083836274,0.37160181161941913,0.04017857142857143,,0.0,0,0.02,0.0066,0.0096,0.0154,1.08,1.0,0,0.0
P029,"Tavora Multispecialty Hospital, Madurai",Multispecialty Hospital,F029,O020,Madurai,9.9246,78.1489,private,Tamil Nadu,Madurai,Y,128,none,0,Cardiology|ENT|Emergency Room Packages|General Medicine|General Surgery|Neo-natal Care|Obstetrics & Gynaecology|Orthopaedics,2023-02-27,238,190,2828624.0,11884.974789915967,1,1.2526315789473683,1.1129032258064515,1.859375,0.03125,0.08791208791208792,0.054945054945054944,0.3739495798319328,0.046218487394957986,0.19327731092436976,0.0,0.1722689075630252,0.008403361344537815,14.855301285824043,0.027012879326162316,-0.46129416203416124,0.26445312393209586,0.46155434358154657,0.0,-0.4783207273250859,-0.0180222354297262,0.013156118447683697,-0.5988823825144299,1.7760971875810676,0.7056297575854457,0.0,0.16825850017926386,1.040176807986085,0.3734902675955303,0.04017857142857143,,0.0,0,0.0684,0.0078,0.013,0.0169,1.03,1.0,0,0.0
P030,"Sorinda Nursing Home, Jaipur",Nursing Home,F030,O063,Jaipur,26.8679,75.763,private,Rajasthan,Jaipur,Y,34,none,0,Emergency Room Packages|General Medicine|General Surgery|Obstetrics & Gynaecology,2024-08-25,65,60,681439.0,10483.676923076922,1,1.0833333333333333,1.1818181818181819,1.911764705882353,0.058823529411764705,0.0,0.029411764705882353,0.35384615384615387,0.0,0.16923076923076924,0.0,0.12307692307692308,0.0,13.43196348515704,0.1662245483247407,0.13510968144353785,0.45623633969067595,0.32060594505684725,-0.06199086194568957,-0.02962295468615679,-1.3726143526313264,-0.17999997920124183,0.19442833666349674,-0.7734767507458732,0.0,0.0,-0.1442923205686534,0.0,0.3571410564427039,0.0,,0.0,0,0.0147,0.0082,0.0126,0.0151,1.12,1.0,0,0.0
P031,"Ekanta Nursing Home, Madurai",Nursing Home,F031,O049,Madurai,9.9257,78.1412,private,Tamil Nadu,Madurai,Y,31,none,0,Emergency Room Packages|General Medicine|General Surgery|Obstetrics & Gynaecology,2019-03-26,64,64,563790.0,8809.21875,1,1.0,1.263157894736842,2.064516129032258,0.0967741935483871,0.10526315789473684,0.07894736842105263,0.265625,0.0,0.28125,0.0,0.1875,0.0,13.242438894427252,-0.0782233168587014,-0.7882921816137988,0.17659120433232622,0.5470727483518496,-0.03575769193235239,0.005414948706071666,0.33231715905811055,0.12315788050611282,-0.6417654081275562,-0.7734767507458732,2.2830913414350658,0.0,0.20097858936348162,0.0,0.3748691439108961,0.04017857142857143,,0.0,0,0.0391,0.0084,0.0088,0.0099,1.36,1.0,0,0.0
P032,"Zentara Community Health Centre, Nagpur",Community Health Centre,F032,GOV,Nagpur,21.1807,79.1248,public,Maharashtra,Nagpur,Y,38,none,0,Emergency Room Packages|General Medicine|Obstetrics & Gynaecology,2024-06-08,145,125,1154199.0,7959.993103448276,1,1.16,0.9761904761904762,3.8157894736842106,0.10526315789473684,0.09183673469387756,0.07142857142857142,0.12413793103448276,0.027586206896551724,0.18620689655172415,0.0,0.14482758620689656,0.0,13.958918021259002,3.253554023633032,0.10642363544083572,2.278414102127137,-0.07386900467586972,2.2523510517468814,1.531602841310699,0.25459622849392555,0.2775619583814485,0.4763067680966188,0.08211368200003012,0.0947442476285142,0.0,0.036005714908353866,0.0,0.42708988019267924,0.04017857142857143,,0.0,0,0.0315,0.0079,0.0129,0.0129,1.08,1.0,1,0.0516
P033,"Varenya Community Health Centre, Ranchi",Community Health Centre,F033,GOV,Ranchi,23.3436,85.3283,public,Jharkhand,Ranchi,Y,38,none,0,Emergency Room Packages|General Medicine|Obstetrics & Gynaecology,2019-07-27,80,76,563903.0,7048.7875,1,1.0526315789473684,1.1153846153846154,2.1052631578947367,0.05263157894736842,0.07142857142857142,0.017857142857142856,0.0375,0.0375,0.1125,0.0,0.2125,0.0125,13.242639303226401,0.4372848713689609,-0.9856352005842671,0.589632924631914,0.3579805611215222,0.07825539060278847,-1.0529769534011055,-0.1656755648496524,-1.1034780296628321,-1.6270142898083542,0.5397887870726643,-1.2963445365025434,0.0,1.272576986292119,1.8479674185513237,0.42063323886021686,0.04017857142857143,,0.0,0,0.1113,0.0099,0.011,0.0116,1.22,1.0,0,0.0
P034,"Udayam Cancer Centre, Kochi",Cancer Centre,F034,O009,Kochi,9.9128,76.2909,private,Kerala,Ernakulam,Y,111,none,0,General Medicine|Medical Oncology,2021-02-28,620,162,5182311.0,8358.566129032259,1,3.8271604938271606,0.9930555555555556,5.585585585585585,0.06306306306306306,0.056338028169014086,0.028169014084507043,0.0,0.03064516129032258,0.1774193548387097,0.0,0.14677419354838708,0.0,15.460761846705479,-0.1447138702403003,-0.5308876827725029,-0.5450903389869257,-0.4840121820169848,-1.5914950057264987,-0.6900719707152295,-1.5593227052793963,-0.37807209811340636,0.0,-0.004451519835262137,-0.7251727059896786,0.0,-0.39363627090274644,0.0,0.3965829575843417,0.04017857142857143,,0.0,0,0.0478,0.0066,0.0096,0.0154,0.96,1.0,0,0.0
P035,"Ondira Multispecialty Hospital, Kozhikode",Multispecialty Hospital,F035,O059,Kozhikode,11.2614,75.7711,private,Kerala,Kozhikode,Y,159,none,0,Cardiology|ENT|Emergency Room Packages|General Medicine|General Surgery|Neo-natal Care|Obstetrics & Gynaecology|Orthopaedics,2019-02-09,243,192,2756064.0,11341.827160493827,1,1.265625,1.11864406779661,1.528301886792453,0.025157232704402517,0.06097560975609756,0.04878048780487805,0.41975308641975306,0.01646090534979424,0.16872427983539096,0.0,0.1728395061728395,0.00823045267489712,14.829314495743228,0.07336473536084741,-0.8123781347800195,0.21239018583129546,0.48886244234986587,-0.35181022838140225,-0.8326992284502125,-0.337651881433401,-0.18980107467816748,0.2792776072044189,-0.7296018806459101,-0.18907743562600862,0.0,0.17252354381671034,1.005779426769614,0.3638925073486135,0.04017857142857143,,0.0,0,0.0679,0.0278,0.1958,0.1958,0.84,2.0,2,0.0809
P036,"Varenya District Hospital, Chennai",District Hospital,F036,GOV,Chennai,13.0898,80.2823,public,Tamil Nadu,Chennai,X,183,none,0,Burns Management|Emergency Room Packages|General Medicine|General Surgery|Neo-natal Care|Obstetrics & Gynaecology|Ophthalmology|Orthopaedics,2023-12-03,462,365,5700780.0,12339.35064935065,1,1.2657534246575342,0.9032258064516129,2.5245901639344264,0.0273224043715847,0.09090909090909091,0.10227272727272728,0.3333333333333333,0.05411255411255411,0.170995670995671,0.0,0.14502164502164502,0.004329004329004329,15.556113740962592,-0.0042726838507020914,0.8678783227976312,0.6418688844590618,-0.6765287786383523,0.6159671553152487,0.214012037347049,0.2638883685301999,2.4006949320959388,-0.21791879456055094,2.5354115753550426,-0.06096040788069776,0.0,-0.16407639386078118,0.004675531042525057,0.4181478762657607,0.04017857142857143,,0.0,0,0.1158,0.0066,0.0091,0.0154,0.87,1.0,2,0.0653
P037,"Mirava Orthopaedic Hospital, Bengaluru",Orthopaedic Hospital,F037,O067,Bengaluru,12.9739,77.6026,private,Karnataka,Bengaluru Urban,X,29,none,0,General Medicine|Orthopaedics,2021-06-15,70,70,1278029.0,18257.557142857142,1,1.0,0.8076923076923077,2.413793103448276,0.06896551724137931,0.0,0.0,0.9142857142857143,0.04285714285714286,0.17142857142857143,0.0,0.1,0.0,14.060830387822506,-1.2196637230018206,0.00801823833494677,-0.04794598487211256,-0.8353710073060989,-0.013777889030150984,0.27865908920324317,-1.476750922776636,0.0,0.6185091420193004,1.5456069484963995,-0.06092623531349147,0.0,-1.0664522361126205,0.0,0.40511320016663116,0.04017857142857143,,0.0,0,0.0253,0.0053,0.0097,0.0138,0.79,1.0,0,0.0
P038,"Sorinda Multispecialty Hospital, Kochi",Multispecialty Hospital,F038,O059,Kochi,9.9388,76.2206,private,Kerala,Ernakulam,Y,111,full,0,Cardiology|ENT|Emergency Room Packages|General Medicine|General Surgery|Neo-natal Care|Obstetrics & Gynaecology|Orthopaedics,2021-11-12,315,253,3907383.0,12404.390476190476,1,1.2450592885375493,0.898876404494382,2.8378378378378377,0.036036036036036036,0.05785123966942149,0.0743801652892562,0.35873015873015873,0.025396825396825397,0.15555555555555556,0.0031746031746031746,0.19365079365079366,0.0031746031746031746,15.178378654336797,0.0,-0.1255502265634599,0.9117187918480049,-0.5565307361818109,1.0397498942375536,-0.1999466824133692,-0.3747258188280956,0.6530218793122972,-0.8906741616577033,0.02283581747129023,-0.6689429274216734,1.9921338422582302,0.32808131721157824,0.0,0.4056500358012035,0.04017857142857143,,0.0,0,0.036,0.0078,0.0165,0.0295,0.85,1.0,0,0.0
P039,"Udayam District Hospital, Kozhikode",District Hospital,F039,GOV,Kozhikode,11.2711,75.7692,public,Kerala,Kozhikode,Y,284,entry,0,Burns Management|Emergency Room Packages|General Medicine|General Surgery|Neo-natal Care|Obstetrics & Gynaecology|Ophthalmology|Orthopaedics,2022-04-28,902,588,10724116.0,11889.263858093127,1,1.534013605442177,0.979253112033195,3.176056338028169,0.02464788732394366,0.09577464788732394,0.05352112676056338,0.3458980044345898,0.03325942350332594,0.18070953436807094,0.0,0.16186252771618626,0.004434589800443459,16.188005688386642,0.3905174498409826,0.3050082948933439,1.859286959308255,-0.05877427354988579,1.2916016307462055,-0.09627129317545013,0.485158146086508,-0.3945666131244884,0.36036327490744513,0.32014801717967784,0.4830757574884351,0.0,0.6514455247963654,0.031132194502666768,0.3783017774414757,0.04017857142857143,,0.0,0,0.1363,0.0066,0.0091,0.0131,0.97,0.5,6,0.1706
P040,"Tejora Nursing Home, Kalaburagi",Nursing Home,F040,O032,Kalaburagi,17.3618,76.7928,private,Karnataka,Kalaburagi,Y,14,none,0,Emergency Room Packages|General Medicine|General Surgery|Obstetrics & Gynaecology,2022-05-03,32,32,385136.0,12035.5,1,1.0,1.0,2.2857142857142856,0.14285714285714285,0.15,0.05,0.3125,0.0625,0.1875,0.0,0.1875,0.0,12.861354394128249,-0.0782233168587014,0.9908828165425121,-0.3857021965331198,-0.18561396819080614,0.002230359054130573,0.04796097425377765,1.0569130515261214,-0.053999993760372525,-0.19746627942386333,1.5469535014917466,0.3723496608349033,0.0,0.20097858936348162,0.0,0.3608196171648862,0.04017857142857143,,0.0,0,0.0207,0.0071,0.0087,0.0267,1.2,1.0,0,0.0
P041,"Mirava Community Health Centre, Jagdalpur",Community Health Centre,F041,GOV,Jagdalpur,19.0837,81.9632,public,Chhattisgarh,Bastar,Z,39,none,0,Emergency Room Packages|General Medicine|Obstetrics & Gynaecology,2019-03-31,106,99,885901.0,8357.556603773584,1,1.0707070707070707,1.0,2.717948717948718,0.10256410256410256,0.06578947368421052,0.02631578947368421,0.10377358490566038,0.03773584905660377,0.1509433962264151,0.0,0.12264150943396226,0.0,13.694361613988725,0.911404257272005,0.5828942934002683,1.6546654554956048,0.0,0.8569847240618957,1.3990602877357348,-0.28180329722090414,-0.8854190841821562,-0.01808128493952594,0.5506768740678295,-0.5707926571483001,0.0,-0.3693982543663624,0.0,0.37965381359765565,0.04017857142857143,,0.0,0,0.1419,0.0162,0.0162,0.0255,1.14,0.5,1,0.0617
P042,"Zentara Nursing Home, Ludhiana",Nursing Home,F042,O038,Ludhiana,30.8952,75.8485,private,Punjab,Ludhiana,Y,17,none,0,Emergency Room Packages|General Medicine|General Surgery|Obstetrics & Gynaecology,2019-08-23,54,50,511160.0,9465.925925925925,1,1.08,1.0666666666666667,3.176470588235294,0.17647058823529413,0.0,0.04,0.3888888888888889,0.0,0.2777777777777778,0.0,0.12962962962962962,0.0,13.144439888055338,0.15644663371740344,-0.42614241909162437,0.03199284220775078,0.0,0.15520675064920786,0.07899454582975145,-1.3726143526313264,-0.11519998668879476,0.526576745130303,-0.7734767507458732,2.2123231310424676,0.0,-0.10917355471596532,0.0,0.38607814473126517,0.04017857142857143,,0.0,0,0.0422,0.0052,0.0092,0.0112,0.43,1.0,0,0.0
P043,"Niramay Nursing Home, Chennai",Nursing Home,F043,O043,Chennai,13.0905,80.2824,private,Tamil Nadu,Chennai,X,16,none,0,Emergency Room Packages|General Medicine|General Surgery|Obstetrics & Gynaecology,2024-09-24,76,74,695585.0,9152.434210526315,1,1.027027027027027,0.90625,4.75,0.1875,0.034482758620689655,0.034482758620689655,0.19736842105263158,0.013157894736842105,0.11842105263157894,0.0,0.07894736842105263,0.0,13.452509934750235,0.001057071849441902,-0.5990215263201465,0.48655279971044557,-0.4466336109591273,0.42544098957541754,0.08917743650311782,-0.8141023056985798,-0.14896550002861392,-1.2887272972925827,-0.284965118695848,-1.035565261712585,0.0,-0.3808015377413336,0.0,0.3642696373950712,0.04017857142857143,,0.0,0,0.2376,0.9384,0.9384,0.9842,1.11,1.32,34,1.0
P044,"Ambara Community Health Centre, Dumka",Community Health Centre,F044,GOV,Dumka,24.2875,87.2293,public,Jharkhand,Dumka,Z,27,none,0,Emergency Room Packages|General Medicine|Obstetrics & Gynaecology,2022-05-19,44,40,337015.0,7659.431818181818,1,1.1,0.9411764705882353,1.6296296296296295,0.07407407407407407,0.12,0.12,0.1590909090909091,0.0,0.22727272727272727,0.0,0.13636363636363635,0.0,12.727885685952273,1.6797565561913492,-0.2537921118067381,-0.6240094718472738,-0.18249989390508972,-0.5262794712993866,0.0,0.8345713033080626,1.5297048808749296,1.3248650601143646,-1.1914170451586041,0.8697899923224788,0.0,-0.11865519685707408,0.0,0.40124117838336476,0.04017857142857143,,0.0,0,0.0555,0.0052,0.0092,0.0134,0.86,1.0,0,0.0
P045,"Sorinda Nursing Home, Kozhikode",Nursing Home,F045,O055,Kozhikode,11.2076,75.7948,private,Kerala,Kozhikode,Y,10,entry,0,Emergency Room Packages|General Medicine|General Surgery|Obstetrics & Gynaecology,2019-01-30,24,23,267446.0,11143.583333333334,1,1.0434782608695652,0.8888888888888888,2.4,0.1,0.0,0.0,0.2916666666666667,0.041666666666666664,0.16666666666666666,0.0,0.041666666666666664,0.0,12.496676694846569,0.04931469975874669,0.49902370358630327,-0.9237872238380692,-0.49497058184214987,0.02185751873048012,0.008393170494411092,-1.3726143526313264,-0.35999995840248367,-0.39493255884772666,0.7734767507458732,-0.052259601520688585,0.0,-0.5806048137167247,0.0,0.36630813810777446,0.04017857142857143,,0.0,0,0.0177,0.0193,0.0242,0.0265,1.0,1.0,0,0.0
P046,"Udayam Dialysis Centre, Raipur",Dialysis Centre,F046,O053,Raipur,21.2842,81.6465,private,Chhattisgarh,Raipur,Y,14,entry,0,General Medicine,2019-10-17,286,14,732739.0,2562.0244755244757,1,20.428571428571427,0.9746835443037974,20.428571428571427,0.2857142857142857,0.08333333333333333,0.0,0.0,0.024475524475524476,0.17132867132867133,0.0,0.16433566433566432,0.0,13.504546211260635,-0.49782352573840405,2.196384741164438,-1.4861472279914243,-0.2499494844421254,-1.797255660794072,-1.2424091426624326,-0.07561564602310018,-0.5725451429662024,0.0,-0.937004944450695,-0.6619417486741447,0.0,1.377699450146739,0.0,0.44089593036078994,0.04017857142857143,,0.0,0,0.0429,0.007,0.0112,0.015,0.88,1.0,0,0.0
P047,"Yantara Heart Institute, Jaipur",Heart Institute,F047,O026,Jaipur,26.9607,75.7923,private,Rajasthan,Jaipur,Y,55,none,0,Cardiology|General Medicine,2019-09-24,52,51,2107501.0,40528.86538461538,1,1.0196078431372548,0.7894736842105263,0.9454545454545454,0.03636363636363636,0.07692307692307693,0.0,0.75,0.038461538461538464,0.11538461538461539,0.0,0.11538461538461539,0.0,14.561013917849394,-1.0624737242446705,0.2958591169519109,-0.689375709374487,-1.3188248182443236,-0.32223396279462346,0.02728837645661424,0.13567903631151446,-1.2667826358608525,0.2608487539614758,1.6069322996145377,-1.6927265217563883,0.0,-0.1076944957104787,0.0,0.41666479801377043,0.04017857142857143,,0.0,0,0.0123,0.0057,0.0187,0.0316,0.92,1.0,0,0.0
P048,"Velora Nursing Home, Kozhikode",Nursing Home,F048,O059,Kozhikode,11.2606,75.7647,private,Kerala,Kozhikode,Y,30,none,0,Emergency Room Packages|General Medicine|General Surgery|Obstetrics & Gynaecology,2020-01-08,78,77,738604.0,9469.28205128205,1,1.0129870129870129,0.8928571428571429,2.6,0.1,0.07407407407407407,0.1111111111111111,0.19230769230769232,0.05128205128205128,0.15384615384615385,0.0,0.11538461538461539,0.0,13.512518550941726,-0.04012754566128213,-0.42429163986266,0.575096020054143,-0.48392213135460166,0.056205048164091845,0.008393170494411092,-0.1728477332943152,0.3199999630244299,-1.3366948145615374,1.1304660203208916,-0.3135576091241292,0.0,-0.18551869787398295,0.0,0.3563298012611278,0.0,,0.0,0,0.0482,0.0072,0.0075,0.0097,0.78,1.0,1,0.0753
P049,"Olvira Community Health Centre, Patna",Community Health Centre,F049,GOV,Patna,25.6082,85.1597,public,Bihar,Patna,Y,35,none,0,Emergency Room Packages|General Medicine|Obstetrics & Gynaecology,2023-09-19,40,38,315120.0,7878.0,1,1.0526315789473684,0.8125,1.1428571428571428,0.05714285714285714,0.13333333333333333,0.03333333333333333,0.075,0.025,0.175,0.0,0.225,0.0,12.660711971034015,0.4372848713689609,0.00815679777548437,-0.7823859564760149,-0.5817184118224734,-1.144972058304657,-0.831441542425808,1.1091488749592002,-0.7045109220055955,-0.7166215931032165,-0.03727982367109176,-0.11676632773644231,0.0,1.5009882402419867,0.0,0.3914735909438156,0.04017857142857143,,0.0,0,0.0231,0.0052,0.0074,0.0086,1.09,1.0,0,0.0
P050,"Zentara Orthopaedic Hospital, Bhopal",Orthopaedic Hospital,F050,O017,Bhopal,23.2377,77.4625,private,Madhya Pradesh,Bhopal,Y,43,none,0,General Medicine|Orthopaedics,2019-09-08,106,104,1981387.0,18692.330188679247,1,1.0192307692307692,1.1176470588235294,2.4651162790697674,0.046511627906976744,0.14285714285714285,0.2857142857142857,0.9339622641509434,0.02830188679245283,0.18867924528301888,0.0,0.14150943396226415,0.009433962264150943,14.499308167178915,-0.14426130057011047,0.19457208165090092,0.907555411686495,0.173471336068192,0.05634154021256571,-0.6075039419027982,-0.11359622482897212,3.5098142712037657,1.0849535139905246,0.3365423338628932,0.41670442343560316,0.0,0.054118471683326425,1.1232551795498515,0.4139324943172914,0.04017857142857143,,0.0,0,0.0879,0.0085,0.0351,0.0355,1.0,1.0,0,0.0
P051,"Mirava Community Health Centre, Ranchi",Community Health Centre,F051,GOV,Ranchi,23.36,85.2482,public,Jharkhand,Ranchi,Y,36,none,0,Emergency Room Packages|General Medicine|Obstetrics & Gynaecology,2022-11-13,42,41,309259.0,7363.309523809524,1,1.024390243902439,1.2727272727272727,1.1666666666666667,0.05555555555555555,0.041666666666666664,0.08333333333333333,0.16666666666666666,0.0,0.047619047619047616,0.0,0.09523809523809523,0.0,12.64193762602942,-0.3034841548124045,-0.6086878311586738,-0.8266505139246103,0.8461358717417794,-1.1147099208967903,-0.9093891870282276,-0.7785719301423699,0.5844597335023998,1.5087827766204527,-1.1914170451586041,-2.520859057983544,0.0,-0.8701381102852096,0.0,0.44127588821448954,0.04017857142857143,,0.0,0,0.083,0.0052,0.0076,0.0106,0.75,1.0,0,0.0
P052,"Ekanta Multispecialty Hospital, Raipur",Multispecialty Hospital,F052,O032,Raipur,21.2243,81.6516,private,Chhattisgarh,Raipur,Y,59,none,0,Cardiology|ENT|Emergency Room Packages|General Medicine|General Surgery|Neo-natal Care|Obstetrics & Gynaecology|Orthopaedics,2023-01-20,165,138,2047242.0,12407.527272727273,1,1.1956521739130435,1.0,2.7966101694915255,0.05084745762711865,0.109375,0.046875,0.3939393939393939,0.030303030303030304,0.15151515151515152,0.0,0.14545454545454545,0.012121212121212121,14.532004567905682,-0.17625161648251536,-0.1235226397156523,-0.3832519970478895,-0.07550493219539789,0.9959398872091176,0.6615418872835092,0.23665779189751768,-0.25253580489030225,-0.21563104961849677,0.4359565153609973,-0.8161743851317068,0.0,-0.03217035214510334,1.7797830448333336,0.36835295068450646,0.04017857142857143,,0.0,0,0.4195,0.6908,0.9272,0.9841,1.0,1.78,23,0.952
P053,"Hridaya Multispecialty Hospital, Chennai",Multispecialty Hospital,F053,O035,Chennai,13.0852,80.2351,private,Tamil Nadu,Chennai,X,71,entry,0,Cardiology|ENT|Emergency Room Packages|General Medicine|General Surgery|Neo-natal Care|Obstetrics & Gynaecology|Orthopaedics,2024-02-05,180,155,2478840.0,13771.333333333334,1,1.1612903225806452,0.8360655737704918,2.535211267605634,0.04225352112676056,0.07894736842105263,0.07894736842105263,0.4166666666666667,0.016666666666666666,0.16666666666666666,0.0,0.18333333333333332,0.011111111111111112,14.723301670194717,-0.2988317729780968,0.7580248878356807,0.0,-0.8553099696232803,0.7181679881860987,0.1616858796591841,-0.12439806158072675,0.8033887594171022,0.22010374606254934,-0.712276012597159,-0.26405641871908186,0.0,0.2509615736217496,1.5788397978360218,0.37982988303628523,0.04017857142857143,,0.0,0,0.0845,0.0113,0.0269,0.035,1.16,1.0,2,0.0924
P054,"Rivaan Dialysis Centre, Bhavnagar",Dialysis Centre,F054,O058,Bhavnagar,21.7771,72.1751,private,Gujarat,Bhavnagar,Y,22,none,0,General Medicine,2023-01-24,723,38,1658010.0,2293.2365145228214,1,19.026315789473685,0.9890710382513661,32.86363636363637,0.3181818181818182,0.18181818181818182,0.030303030303030304,0.0,0.016597510373443983,0.17427385892116182,0.0,0.14246196403872752,0.0,14.321129249154765,-0.8428824777508619,0.19398733931401405,0.302454056733008,-0.0737929490916138,-0.6157182641212464,-0.8051977141595238,1.1754795881772864,0.054901589051553644,0.0,-1.9703372551698126,-0.3911746038802945,0.0,-0.6887323933040711,0.0,0.3956525779327069,0.04017857142857143,,0.0,0,0.0066,0.0075,0.2059,0.2059,1.14,1.0,0,0.0
P055,"Zentara Eye Hospital, Madurai",Eye Hospital,F055,O029,Madurai,9.9063,78.1496,private,Tamil Nadu,Madurai,Y,28,none,0,Ophthalmology,2024-06-18,377,336,2881972.0,7644.488063660478,1,1.1220238095238095,0.8490566037735849,13.464285714285714,0.17857142857142858,0.0,0.0,0.08222811671087533,0.023872679045092837,0.15384615384615385,0.0,0.15649867374005305,0.0,14.873985687003618,-0.3348905450509623,0.04424057908306824,-0.0797912053719683,-0.9155350829661713,-0.09653176858888592,-0.04577004109204235,0.0,0.0,0.529512965030315,-0.19802331693622752,-1.5213188691260342,0.0,0.46030827673307634,0.0,0.3592340359081412,0.0,,0.0,0,0.0935,0.0071,0.0169,0.0255,1.06,1.0,0,0.0
P056,"Shubhra Community Health Centre, Chennai",Community Health Centre,F056,GOV,Chennai,13.0466,80.2577,public,Tamil Nadu,Chennai,X,25,none,0,Emergency Room Packages|General Medicine|Obstetrics & Gynaecology,2019-11-16,33,33,278814.0,8448.90909090909,1,1.0,0.8461538461538461,1.32,0.08,0.05,0.05,0.15151515151515152,0.0,0.12121212121212122,0.0,0.09090909090909091,0.0,12.538303758429839,-0.9432392228781316,0.6923781358960432,-1.070989652512894,-0.47730741482869615,-0.9198217559901302,0.29100453984903313,-0.6069609478604089,-0.27485403683626364,1.1409473436082762,-1.1914170451586041,-1.1319184831593898,0.0,-0.9492415748565921,0.0,0.40392848211610377,0.04017857142857143,,0.0,0,0.0247,0.009,0.0094,0.016,1.0,1.0,0,0.0
P057,"Sukhada Heart Institute, Azamgarh",Heart Institute,F057,O020,Azamgarh,26.0595,83.1769,private,Uttar Pradesh,Azamgarh,Z,66,full,0,Cardiology|General Medicine,2024-12-09,53,52,2310618.0,43596.56603773585,1,1.0192307692307692,1.1176470588235294,0.803030303030303,0.030303030303030304,0.11764705882352941,0.058823529411764705,0.6792452830188679,0.018867924528301886,0.18867924528301888,0.0,0.11320754716981132,0.0,14.653026011969635,-1.0696270452483299,1.009007174875649,-0.5896623257184525,0.23049836399992227,-0.49698602981828444,-0.148570049597122,1.2131302070205976,-0.025335652717217043,-1.237140717361058,-0.5221491974931282,0.1279386324583317,0.0,-0.12700721709853255,0.0,0.38030264101239186,0.04017857142857143,,0.0,0,0.0211,0.0057,0.0152,0.0166,0.53,1.0,0,0.0
P058,"Zentara Multispecialty Hospital, Gurugram",Multispecialty Hospital,F058,O061,Gurugram,28.4429,77.0293,private,Haryana,Gurugram,Y,53,full,0,Cardiology|ENT|Emergency Room Packages|General Medicine|General Surgery|Neo-natal Care|Obstetrics & Gynaecology|Orthopaedics,2021-07-22,93,77,1608789.0,17298.8064516129,1,1.2077922077922079,0.8928571428571429,1.7547169811320755,0.05660377358490566,0.1935483870967742,0.06451612903225806,0.5161290322580645,0.043010752688172046,0.13978494623655913,0.0,0.0967741935483871,0.0,14.290992901608233,-0.13294407643252548,3.038140291151351,-0.8661040701586263,-0.5851632245143352,-0.11121338475102206,0.9963510999375379,1.2354635661664535,0.3282663748155902,2.127029142215081,1.505993996612326,-1.243620552676966,0.0,-0.39604054319514914,-0.6315359191344088,0.45867139103975785,0.07692307692307693,,0.0,0,0.0162,0.0085,0.0108,0.0108,1.17,1.0,0,0.0
P059,"Olvira Nursing Home, Lucknow",Nursing Home,F059,O071,Lucknow,26.8502,80.9538,private,Uttar Pradesh,Lucknow,Y,28,none,0,Emergency Room Packages|General Medicine|General Surgery|Obstetrics & Gynaecology,2022-07-30,445,152,4823697.0,10839.768539325843,1,2.9276315789473686,1.605263157894737,15.892857142857142,0.35714285714285715,0.0970464135021097,0.07172995780590717,0.3303370786516854,0.02247191011235955,0.15056179775280898,0.0,0.8696629213483146,0.0,15.389051411781043,5.576241775147768,0.33148106124285076,3.343936115437743,1.4995654798573028,2.3390890580194976,0.2457999930506105,0.19923178789247942,0.07898733264527068,-0.02839964468118483,0.060835250058664206,-0.38049687399332577,0.0,3.8569823666609726,0.0,0.5241992430254152,0.6666666666666666,N01,1.0,1,0.7157,0.2528,0.334,0.9939,1.13,1.13,445,1.0
P060,"Shubhra Community Health Centre, Hisar",Community Health Centre,F060,GOV,Hisar,29.1169,75.7139,public,Haryana,Hisar,Z,33,none,0,Emergency Room Packages|General Medicine|Obstetrics & Gynaecology,2021-03-08,47,44,366058.0,7788.468085106383,1,1.0681818181818181,1.3571428571428572,1.4242424242424243,0.030303030303030304,0.058823529411764705,0.058823529411764705,0.10638297872340426,0.02127659574468085,0.2127659574468085,0.0,0.2553191489361702,0.0,12.81054980157762,0.845166990123784,-0.09914513100525972,-0.4291110349569281,1.1080350701380448,-0.7873286162116893,-2.1494653511576285,-0.4252552019148033,-0.04738862704073513,0.04526733038051565,-0.20917260133944476,0.5960000792626489,0.0,2.0550070264182607,0.0,0.41168544517862177,0.04017857142857143,,0.0,0,0.022,0.0072,0.0083,0.0097,1.06,1.0,0,0.0
P061,"Tavora Dialysis Centre, Kochi",Dialysis Centre,F061,O009,Kochi,9.9623,76.3041,private,Kerala,Ernakulam,Y,11,none,0,General Medicine,2022-05-14,392,17,868320.0,2215.1020408163267,1,23.058823529411764,0.9901960784313726,35.63636363636363,0.45454545454545453,0.23076923076923078,0.07692307692307693,0.0,0.04081632653061224,0.17857142857142858,0.0,0.14285714285714285,0.0,13.67431674094573,0.14941368846064693,-0.3880932961496858,-1.1142906336073544,-0.06001826526117871,-0.3522631892495518,1.0310902855526933,1.7973257400875375,1.0202042536942553,0.0,1.2063624737579477,0.003924393114815658,0.0,-0.6513994280012109,0.0,0.38929025029619685,0.04017857142857143,,0.0,0,0.0095,0.0064,0.0066,0.0081,0.94,1.0,0,0.0
P062,"Ishvara Nursing Home, Hisar",Nursing Home,F062,O054,Hisar,29.1417,75.6729,private,Haryana,Hisar,Z,25,none,0,Emergency Room Packages|General Medicine|General Surgery|Obstetrics & Gynaecology,2022-06-18,57,55,610133.0,10704.087719298246,1,1.0363636363636364,1.9230769230769231,2.28,0.08,0.1388888888888889,0.027777777777777776,0.2982456140350877,0.017543859649122806,0.2982456140350877,0.0,0.15789473684210525,0.017543859649122806,13.321433884156251,0.02844484249407347,0.25665809820376445,0.29314897929089484,2.3844255913742027,0.0012490010703130844,-0.010071804593293309,0.8769480586255698,-0.18999997804575527,-0.3325747863980859,-0.1221279080125063,2.6294831080935746,0.0,0.04231128197125927,2.0509106590823367,0.42786746110055324,0.04017857142857143,,0.0,0,0.0466,0.0072,0.0074,0.0088,0.91,1.0,1,0.0942
P063,"Ketaya Dialysis Centre, Kozhikode",Dialysis Centre,F063,O007,Kozhikode,11.2731,75.7649,private,Kerala,Kozhikode,Y,20,none,0,General Medicine,2018-11-04,648,37,1487707.0,2295.8441358024693,1,17.513513513513512,0.9447852760736196,32.4,0.35,0.03225806451612903,0.0,0.0,0.030864197530864196,0.17901234567901234,0.0,0.14660493827160495,0.0,14.212747238559121,-1.2151441063657087,0.21341341054100882,0.0650597019686625,-0.6160156919138184,-0.6597714077883172,-0.3767305142266733,-0.7244466731890573,-0.5725451429662024,0.0,-0.09902443246357577,0.04446030553534281,0.0,-0.2973411899321831,0.0,0.37440850919824353,0.04017857142857143,,0.0,0,0.0179,0.0066,0.007,0.0081,1.09,1.0,0,0.0
P064,"Udayam Nursing Home, Azamgarh",Nursing Home,F064,O018,Azamgarh,26.0211,83.2095,private,Uttar Pradesh,Azamgarh,Z,17,entry,0,Emergency Room Packages|General Medicine|General Surgery|Obstetrics & Gynaecology,2019-09-28,43,41,438955.0,10208.255813953489,1,1.048780487804878,0.7647058823529411,2.5294117647058822,0.11764705882352941,0.05555555555555555,0.0,0.4418604651162791,0.046511627906976744,0.20930232558139536,0.0,0.09302325581395349,0.0,12.992154459243736,0.06486811641941131,-0.016774891954052445,-0.19270559501953863,-0.840722091217181,0.04408239071693474,0.024685795571797318,-0.47278938812856797,-0.35999995840248367,1.028661548626638,0.9533550648728205,0.8167081912070343,0.0,-0.30536281794761544,0.0,0.3555553678800895,0.0,,0.0,0,0.0181,0.0052,0.0092,0.0134,0.82,1.0,0,0.0
P065,"Niramay District Hospital, Chennai",District Hospital,F065,GOV,Chennai,13.0622,80.2614,public,Tamil Nadu,Chennai,X,111,none,0,Burns Management|Emergency Room Packages|General Medicine|General Surgery|Neo-natal Care|Obstetrics & Gynaecology|Ophthalmology|Orthopaedics,2021-09-24,193,170,2231080.0,11560.0,1,1.1352941176470588,1.1785714285714286,1.7387387387387387,0.036036036036036036,0.08571428571428572,0.02857142857142857,0.38341968911917096,0.031088082901554404,0.17098445595854922,0.0,0.15025906735751296,0.0051813471502590676,14.617996779344574,-0.19626557338557182,-0.1067628581212557,-1.1655295956958929,1.5607726385265492,-0.19903803841927284,1.2249215232959103,0.027645448131735337,-1.8251028658890174,2.0872781534955034,0.08948280927260067,-0.06158851902003551,0.0,0.08954645890983291,0.21824797493320275,0.4261762291710153,0.04017857142857143,,0.0,0,0.068,0.0141,0.018,0.0312,1.08,1.0,0,0.0
P066,"Niramay Government Medical College, Jaipur",Government Medical College,F066,GOV,Jaipur,26.9577,75.7825,public,Rajasthan,Jaipur,Y,560,full,1,Burns Management|Cardiology|ENT|Emergency Room Packages|General Medicine|General Surgery|Medical Oncology|Neo-natal Care|Obstetrics & Gynaecology|Ophthalmology|Orthopaedics,2024-06-13,1164,709,19294237.0,16575.80498281787,1,1.6417489421720732,1.0465949820788532,2.0785714285714287,0.019642857142857142,0.10802469135802469,0.043209876543209874,0.40463917525773196,0.024054982817869417,0.18127147766323023,0.0,0.15034364261168384,0.00429553264604811,16.775317060077626,-0.12317220000236072,1.4265585009026518,-0.3417347491970191,0.6756768668457552,-0.15823890163019366,0.5783405950770404,1.3841175108852781,-1.3964226400105781,1.7837964021758577,-1.0473431545642693,0.0,0.0,0.6708305707371002,0.41185431659022786,0.41281542336546845,0.04017857142857143,,0.0,0,0.0834,0.0066,0.0096,0.0154,0.81,1.0,4,0.1097
P067,"Prayana Nursing Home, Bathinda",Nursing Home,F067,O008,Bathinda,30.1835,74.9409,private,Punjab,Bathinda,Z,24,none,0,Emergency Room Packages|General Medicine|General Surgery|Obstetrics & Gynaecology,2020-07-09,25,25,193122.0,7724.88,1,1.0,1.0909090909090908,1.0416666666666667,0.041666666666666664,0.0,0.06666666666666667,0.24,0.08,0.24,0.0,0.2,0.0,12.171082570593468,-0.0782233168587014,-1.386264969489024,-1.4042041058798114,0.06749598843302024,-0.2114194520061326,-0.04546300684472674,-1.3726143526313264,0.047999994453664485,-0.8846489318189084,2.19667397211828,1.4423650019709942,0.0,0.2679714524846422,0.0,0.416897765018273,0.04017857142857143,,0.0,0,0.0065,0.0052,0.0092,0.0139,0.9,1.0,0,0.0
P068,"Prayana Multispecialty Hospital, Jagdalpur",Multispecialty Hospital,F068,O037,Jagdalpur,19.0883,82.0485,private,Chhattisgarh,Bastar,Z,102,full,0,Cardiology|ENT|Emergency Room Packages|General Medicine|General Surgery|Neo-natal Care|Obstetrics & Gynaecology|Orthopaedics,2019-08-29,274,204,3452023.0,12598.62408759124,1,1.3431372549019607,1.0,2.6862745098039214,0.0392156862745098,0.0891089108910891,0.09900990099009901,0.4306569343065693,0.032846715328467155,0.17518248175182483,0.0,0.12773722627737227,0.0036496350364963502,15.054471283652596,0.3498767382880367,0.0,0.6634779837257635,-0.07550493219539789,0.878693236590967,-0.015006140465100643,-0.003820671925696251,1.4639112591514118,0.4883297881727784,0.6501442537473525,0.04625805875370822,0.0,-0.16460169377386188,0.0944999003084334,0.3629423736146265,0.04017857142857143,,0.0,0,0.2149,0.0096,0.0429,0.0634,0.93,1.0,0,0.0
P069,"Rivaan Community Health Centre, Patna",Community Health Centre,F069,GOV,Patna,25.6525,85.1608,public,Bihar,Patna,Y,26,none,0,Emergency Room Packages|General Medicine|Obstetrics & Gynaecology,2019-02-20,37,34,256449.0,6931.054054054054,1,1.088235294117647,1.5454545454545454,1.4230769230769231,0.07692307692307693,0.06896551724137931,0.06896551724137931,0.05405405405405406,0.02702702702702703,0.2702702702702703,0.0,0.02702702702702703,0.0,12.454688992817415,1.3711688174772882,-1.1267360119208083,-1.268129451269988,1.6922717434835588,-0.7888099795813052,0.1399060287735739,-0.2163980226669807,0.2140658669771138,-1.225129225497077,0.056298869963030865,1.6812934283286423,0.0,-2.1165521601532125,0.0,0.4426242557692265,0.04017857142857143,,0.0,0,0.0208,0.0084,0.0098,0.0145,1.6,1.0,0,0.0
P070,"Ekanta Nursing Home, Chennai",Nursing Home,F070,O040,Chennai,13.0797,80.2302,private,Tamil Nadu,Chennai,X,23,none,0,Emergency Room Packages|General Medicine|General Surgery|Obstetrics & Gynaecology,2024-11-15,57,55,627793.0,11013.912280701754,1,1.0363636363636364,1.3333333333333333,2.4782608695652173,0.13043478260869565,0.0625,0.0625,0.3157894736842105,0.017543859649122806,0.15789473684210525,0.0,0.12280701754385964,0.0,13.349967366160504,0.02844484249407347,0.42751490539125486,0.33525037313429673,0.7424558727632246,0.035297856334936865,0.036492045627874295,-0.3603112675657231,0.022499997400155233,-0.16628739319904295,-0.1221279080125063,-0.2310424488283061,0.0,-0.14573886012322643,0.0,0.344738817459187,0.0,,0.0,0,0.0626,0.0082,0.0103,0.0151,1.17,1.0,1,0.0942
P071,"Zentara Orthopaedic Hospital, Bhavnagar",Orthopaedic Hospital,F071,O013,Bhavnagar,21.8049,72.1159,private,Gujarat,Bhavnagar,Y,44,none,0,General Medicine|Orthopaedics,2022-08-27,72,71,1108973.0,15402.402777777777,1,1.0140845070422535,1.2272727272727273,1.6363636363636365,0.045454545454545456,0.0,0.0,0.8055555555555556,0.013888888888888888,0.1388888888888889,0.0,0.125,0.0,13.918945821513041,-0.4320450474180311,-1.2170807533900772,-0.35713132479468357,0.530281534487898,-1.0759278797181206,-0.6492226560295435,-1.476750922776636,0.0,-1.9590042406923058,-0.8607052912242982,-0.9618736497768438,0.0,-0.3915630598264252,0.0,0.41073254425495775,0.04017857142857143,,0.0,0,0.0132,0.0087,0.0127,0.0154,1.32,1.0,0,0.0
P072,"Daruna Multispecialty Hospital, Bathinda",Multispecialty Hospital,F072,O017,Bathinda,30.1829,74.9376,private,Punjab,Bathinda,Z,154,entry,0,Cardiology|ENT|Emergency Room Packages|General Medicine|General Surgery|Neo-natal Care|Obstetrics & Gynaecology|Orthopaedics,2023-03-29,207,142,2801255.0,13532.632850241545,1,1.4577464788732395,0.7619047619047619,1.344155844155844,0.01948051948051948,0.09090909090909091,0.045454545454545456,0.45893719806763283,0.057971014492753624,0.18840579710144928,0.0,0.1497584541062802,0.01932367149758454,14.845578445995917,0.7587259727002267,0.6037318202411842,0.2449740114075599,-1.2080789151263704,-0.5474904534768903,-1.1628784435747546,0.017540357477059815,-0.29930169468480267,1.030528366049034,2.765703673536966,0.5281128374381637,0.0,0.0,3.212595762553297,0.45531312698383697,0.04017857142857143,,0.0,0,0.0391,0.0137,0.0311,0.0368,1.24,1.0,1,0.0433
P073,"Prayana Community Health Centre, Jagdalpur",Community Health Centre,F073,GOV,Jagdalpur,19.0654,82.0159,public,Chhattisgarh,Bastar,Z,37,none,0,Emergency Room Packages|General Medicine|Obstetrics & Gynaecology,2019-01-13,109,100,850152.0,7799.559633027523,1,1.09,1.52,2.945945945945946,0.10810810810810811,0.09333333333333334,0.09333333333333334,0.13761467889908258,0.045871559633027525,0.1743119266055046,0.0,0.23853211009174313,0.0,13.653171612268443,1.417456978284401,-0.08585216741214874,1.5575511648500975,1.6132990621209928,1.1467714286370165,1.6713098572410674,0.2854161600057879,0.842253864603999,0.803483643597105,0.9262659300478406,-0.12975250985129808,0.0,1.7482591390134032,0.0,0.4127246459253193,0.04017857142857143,,0.0,0,0.1539,0.0152,0.0161,0.0161,0.92,0.5,1,0.0607
P074,"Sukhada District Hospital, Chennai",District Hospital,F074,GOV,Chennai,13.078,80.2972,public,Tamil Nadu,Chennai,X,250,none,0,Burns Management|Emergency Room Packages|General Medicine|General Surgery|Neo-natal Care|Obstetrics & Gynaecology|Ophthalmology|Orthopaedics,2021-09-12,295,249,3968514.0,13452.589830508474,1,1.1847389558232932,1.4067796610169492,1.18,0.02,0.08108108108108109,0.04504504504504504,0.3864406779661017,0.023728813559322035,0.1694915254237288,0.0,0.15593220338983052,0.003389830508474576,15.193902527271579,-0.12349914857789569,2.260074186203735,-0.055975866147615363,3.415062523102551,-0.7785050463201029,-0.635494612031672,-0.18305769708851663,-0.880558150317669,2.2263175018528316,-0.6923048989686781,-0.14520182221245215,0.0,0.36426880368207304,-0.23065424834531173,0.4584888712909749,0.07692307692307693,,0.0,0,0.082,0.0092,0.0172,0.029,1.11,1.0,1,0.0376
P075,"Navira District Hospital, Ludhiana",District Hospital,F075,GOV,Ludhiana,30.8836,75.8465,public,Punjab,Ludhiana,Y,170,full,0,Burns Management|Emergency Room Packages|General Medicine|General Surgery|Neo-natal Care|Obstetrics & Gynaecology|Ophthalmology|Orthopaedics,2022-09-19,287,216,3692410.0,12865.54006968641,1,1.3287037037037037,0.958904109589041,1.688235294117647,0.023529411764705882,0.06504065040650407,0.08130081300813008,0.31010452961672474,0.03484320557491289,0.1672473867595819,0.0,0.21254355400696864,0.010452961672473868,15.121790190185886,0.08836927668132802,1.525920859171175,-0.19490921218189577,-0.22411865656821028,-0.25141507604750385,-0.22603091536010236,-0.9125245480881699,1.1982321440514385,-1.287011696098021,0.4883958823575537,-0.2708874064742222,0.0,3.105680765896242,1.5391620117307445,0.42229718141886285,0.04017857142857143,,0.0,0,0.1222,0.0078,0.0157,0.025,0.88,1.0,4,0.1517
P076,"Shubhra Community Health Centre, Amroha",Community Health Centre,F076,GOV,Amroha,28.91,78.5096,public,Uttar Pradesh,Amroha,Z,27,none,0,Emergency Room Packages|General Medicine|Obstetrics & Gynaecology,2024-11-15,50,47,378996.0,7579.92,1,1.0638297872340425,1.1666666666666667,1.8518518518518519,0.07407407407407407,0.07894736842105263,0.05263157894736842,0.1,0.0,0.24,0.0,0.18,0.0,12.845283568465954,0.7310134020598329,-0.3490851864819584,-0.34721870691786655,0.5170830327310877,-0.24383285549263253,0.0,-0.010838588354650083,-0.2070134760200535,-0.10969312863312466,-1.1914170451586041,1.109995009380303,0.0,0.6787077260224635,0.0,0.3654009062050123,0.04017857142857143,,0.0,0,0.0783,0.0072,0.0082,0.0088,0.95,1.0,0,0.0
P077,"Hridaya Nursing Home, Azamgarh",Nursing Home,F077,O029,Azamgarh,26.0165,83.246,private,Uttar Pradesh,Azamgarh,Z,33,entry,0,Emergency Room Packages|General Medicine|General Surgery|Obstetrics & Gynaecology,2024-10-24,66,66,720964.0,10923.69696969697,1,1.0,1.05,2.0,0.09090909090909091,0.05263157894736842,0.05263157894736842,0.2878787878787879,0.045454545454545456,0.15151515151515152,0.0,0.13636363636363635,0.015151515151515152,13.488345871399483,-0.0782233168587014,0.37776449203513246,0.5394290270980562,-0.04640349204770138,-0.04683754013674325,0.0,-0.5201485967866079,-0.037894732463419345,-0.43083551874297454,0.914108887245123,-0.3610663377793004,0.0,-0.07308312340490243,1.7712410237529272,0.3605209567582559,0.04017857142857143,,0.0,0,0.0221,0.0072,0.0083,0.0097,0.95,1.0,0,0.0
P078,"Sukhada District Hospital, Kochi",District Hospital,F078,GOV,Kochi,9.8979,76.244,public,Kerala,Ernakulam,Y,172,none,0,Burns Management|Emergency Room Packages|General Medicine|General Surgery|Neo-natal Care|Obstetrics & Gynaecology|Ophthalmology|Orthopaedics,2024-07-23,371,310,4066476.0,10960.851752021563,1,1.196774193548387,0.8842105263157894,2.1569767441860463,0.029069767441860465,0.13157894736842105,0.05921052631578947,0.33692722371967654,0.026954177897574125,0.1967654986522911,0.0,0.1509433962264151,0.008086253369272238,15.218287580603464,-0.10578726492597423,-0.8560463243527052,-0.008995041651562063,-0.8310360951816055,0.23471589486632569,0.416731864298757,2.1134217584918624,-0.06835455803206764,-0.05251196828494188,-0.3496689555096008,1.3823086276263634,0.0,0.12268517273392691,0.9461334043600208,0.39475565975834587,0.04017857142857143,,0.0,0,0.051,0.0071,0.0118,0.0156,1.1,0.5,2,0.0696
P079,"Yantara Nursing Home, Chennai",Nursing Home,F079,O061,Chennai,13.119,80.2752,private,Tamil Nadu,Chennai,X,21,none,0,Emergency Room Packages|General Medicine|General Surgery|Obstetrics & Gynaecology,2021-05-16,41,41,384711.0,9383.19512195122,1,1.0,1.1538461538461537,1.9523809523809523,0.09523809523809523,0.125,0.041666666666666664,0.2682926829268293,0.07317073170731707,0.1951219512195122,0.0,0.21951219512195122,0.0,12.8602502813914,-0.0782233168587014,-0.4717654031415014,-0.3873313242075714,0.24272595840336167,-0.055015523335222236,0.003996747854481464,0.6519918174998801,-0.10499998786739108,-0.6164800918598662,1.943124520166462,0.5276945129162174,0.0,0.3725456778445025,0.0,0.3659306526246808,0.04017857142857143,,0.0,0,0.033,0.0084,0.0084,0.0085,1.62,1.0,0,0.0
P080,"Devanta Nursing Home, Raipur",Nursing Home,F080,O005,Raipur,21.2533,81.661,private,Chhattisgarh,Raipur,Y,34,none,0,Emergency Room Packages|General Medicine|General Surgery|Obstetrics & Gynaecology,2021-06-18,37,37,424884.0,11483.351351351352,1,1.0,1.0,1.088235294117647,0.058823529411764705,0.1111111111111111,0.0,0.43243243243243246,0.02702702702702703,0.21621621621621623,0.0,0.16216216216216217,0.0,12.959573823055658,-0.0782233168587014,0.6863932216129106,-0.24077859906504556,-0.18561396819080614,-0.2034218654958554,-0.02962295468615679,0.4270355763741904,-0.35999995840248367,0.9392990588810809,0.22995254751904348,0.9576218873250434,0.0,0.06518224519896708,0.0,0.35303628488852956,0.0,,0.0,0,0.1156,0.0052,0.0074,0.0074,0.6,1.0,1,0.1321
P081,"Hridaya Nursing Home, Bathinda",Nursing Home,F081,O019,Bathinda,30.2243,74.9571,private,Punjab,Bathinda,Z,19,none,0,Emergency Room Packages|General Medicine|General Surgery|Obstetrics & Gynaecology,2022-11-16,37,36,393025.0,10622.297297297297,1,1.0277777777777777,1.1538461538461537,1.9473684210526316,0.10526315789473684,0.1,0.0,0.32432432432432434,0.0,0.16216216216216217,0.0,0.13513513513513514,0.02702702702702703,12.881631046423884,0.0032593048691124224,0.21155370009441077,-0.35578382470604947,0.24272595840336167,-0.05587636367190421,0.013252374464859608,0.2470705834736389,-0.35999995840248367,-0.08539082353464333,-0.7734767507458732,-0.1440670095975729,0.0,-0.07966718857651515,3.1595110153430594,0.37904328868823006,0.04017857142857143,,0.0,0,0.0095,0.0084,0.0096,0.0133,1.38,1.0,0,0.0
P082,"Devanta Community Health Centre, Kozhikode",Community Health Centre,F082,GOV,Kozhikode,11.3102,75.7905,public,Kerala,Kozhikode,Y,35,none,0,Emergency Room Packages|General Medicine|Obstetrics & Gynaecology,2025-01-07,72,70,540939.0,7513.041666666667,1,1.0285714285714285,0.7142857142857143,2.057142857142857,0.05714285714285714,0.04081632653061224,0.08163265306122448,0.08333333333333333,0.013888888888888888,0.18055555555555555,0.0,0.1527777777777778,0.0,13.201063645947993,-0.19381185742971177,-0.4292373218276059,0.49160936803844363,-0.8864280561104356,0.017094018157416083,-0.831441542425808,-0.7960832548650191,0.5406171941994067,-0.5143121049465194,-0.550229699887764,-0.011914931401677606,0.0,0.18127877297608572,0.0,0.3624063413738403,0.04017857142857143,,0.0,0,0.0275,0.0052,0.0092,0.0138,0.83,1.0,0,0.0
P083,"Charvi Eye Hospital, Kozhikode",Eye Hospital,F083,O068,Kozhikode,11.2074,75.7664,private,Kerala,Kozhikode,Y,12,none,0,Ophthalmology,2018-10-22,173,157,1326097.0,7665.300578034682,1,1.1019108280254777,1.3333333333333333,14.416666666666666,0.3333333333333333,0.0,0.0,0.08670520231213873,0.011560693641618497,0.16184971098265896,0.0,0.13872832369942195,0.0,14.097751353482666,-0.3887479618262485,0.09572057642789536,-0.9898956218759408,1.3587732812808577,-0.06372034680958022,0.019759753422996275,0.0,0.0,0.775298729041517,-1.2272937187430253,-1.0826517814985077,0.0,-0.1367250792463512,0.0,0.36980543759563833,0.04017857142857143,,0.0,0,0.0425,0.009,0.0223,0.0223,0.72,1.0,0,0.0
P084,"Niramay Nursing Home, Madurai",Nursing Home,F084,O021,Madurai,9.8402,78.1036,private,Tamil Nadu,Madurai,Y,19,none,0,Emergency Room Packages|General Medicine|General Surgery|Obstetrics & Gynaecology,2021-04-17,47,46,453589.0,9650.829787234043,1,1.0217391304347827,1.1764705882352942,2.473684210526316,0.10526315789473684,0.1111111111111111,0.14814814814814814,0.3404255319148936,0.0,0.23404255319148937,0.0,0.19148936170212766,0.02127659574468085,13.024948985297288,-0.014454308549977028,-0.3241747660539468,-0.14431699466986878,0.305717124078975,0.03451187167970552,0.013252374464859608,0.4270355763741904,0.5466666035000677,0.06722256320812384,-0.7734767507458732,1.3209448214165442,0.0,0.2223592903595967,2.487274629099855,0.38596829252739157,0.04017857142857143,,0.0,0,0.0337,0.0084,0.0084,0.0096,1.41,1.0,0,0.0
P085,"Jivanta Nursing Home, Ranchi",Nursing Home,F085,O032,Ranchi,23.3928,85.3163,private,Jharkhand,Ranchi,Y,11,none,0,Emergency Room Packages|General Medicine|General Surgery|Obstetrics & Gynaecology,2020-12-27,33,32,256011.0,7757.909090909091,1,1.03125,1.4,3.0,0.18181818181818182,0.14285714285714285,0.14285714285714285,0.2727272727272727,0.0,0.18181818181818182,0.0,0.12121212121212122,0.0,12.4529795973631,0.013444632585089475,-1.3680506452551133,-0.988262660473907,0.9280698409540307,0.12490010703131521,0.0839317049441109,0.9412212703757666,0.5142856548606909,-0.5744473583239665,-0.7734767507458732,0.25654713473792384,0.0,-0.1542865938547939,0.0,0.36838700601813656,0.04017857142857143,,0.0,0,0.091,0.0052,0.0094,0.0147,1.0,1.0,1,0.1452
P086,"Zentara Cancer Centre, Gurugram",Cancer Centre,F086,O019,Gurugram,28.4186,77.0601,private,Haryana,Gurugram,Y,105,none,0,General Medicine|Medical Oncology,2024-07-12,911,196,7673440.0,8423.095499451152,1,4.6479591836734695,1.0327868852459017,8.676190476190476,0.06666666666666667,0.10891089108910891,0.04950495049504951,0.0,0.030735455543358946,0.19538968166849616,0.0,0.1602634467618002,0.0,15.853275703768613,2.5557277902642506,-0.4247179177691631,0.10476805289413685,-0.033244600505167754,0.43590564600637716,-0.5079277921276094,-0.07981694823783296,0.4709998796201979,0.0,0.004451519835262137,1.927322580504288,0.0,0.9012017806389238,0.0,0.39106251596799324,0.04017857142857143,,0.0,0,0.0454,0.0066,0.0098,0.0163,1.01,1.0,0,0.0
P087,"Ondira Dialysis Centre, Balaghat",Dialysis Centre,F087,O047,Balaghat,21.812,80.1587,private,Madhya Pradesh,Balaghat,Z,9,none,0,General Medicine,2019-06-11,284,12,599836.0,2112.0985915492956,1,23.666666666666668,1.0634920634920635,31.555555555555557,0.4444444444444444,0.0,0.0,0.0,0.045774647887323945,0.17253521126760563,0.0,0.14788732394366197,0.0035211267605633804,13.304413230623544,0.29898820973987406,-1.15544105393362,-1.9245081657918996,0.83739770102502,-0.7400076345980573,0.8950689522406771,-1.134234690346504,-0.5725451429662024,0.0,1.856728619137882,-0.5510179572056592,0.0,-0.1761928450088145,3.6586786139268495,0.4682637614146976,0.07692307692307693,,0.0,0,0.0031,0.0087,0.0132,0.015,0.92,1.0,0,0.0
P088,"Niramay Cancer Centre, Barmer",Cancer Centre,F088,O057,Barmer,25.7008,71.386,private,Rajasthan,Barmer,Z,104,full,0,General Medicine|Medical Oncology,2020-03-07,712,184,6958934.0,9773.783707865168,1,3.869565217391304,1.2327044025157232,6.846153846153846,0.08653846153846154,0.11458333333333333,0.052083333333333336,0.0,0.0351123595505618,0.17696629213483145,0.0014044943820224719,0.14887640449438203,0.0014044943820224719,15.75553700336089,-0.005201607938524219,1.7975608484608512,-0.05705123966982275,2.234898360324578,-0.7645769739849279,0.4964922696031598,0.07981694823783296,0.5736076383672803,0.0,0.4360155308306113,-0.7920466531307678,2.822742572525476,-0.19184431977123373,2.317273343808912,0.48788713832917285,0.4,,0.0,0,0.0993,0.0093,0.0105,0.0162,1.22,1.0,0,0.0
P089,"Udayam Orthopaedic Hospital, Kalaburagi",Orthopaedic Hospital,F089,O023,Kalaburagi,17.2528,76.8843,private,Karnataka,Kalaburagi,Y,53,entry,0,General Medicine|Orthopaedics,2020-05-07,129,122,2400882.0,18611.488372093023,1,1.0573770491803278,0.8333333333333334,2.4339622641509435,0.05660377358490566,0.16666666666666666,0.05555555555555555,0.8604651162790697,0.031007751937984496,0.13178294573643412,0.0,0.14728682170542637,0.015503875968992248,14.6913471443201,1.9889139963846019,0.1598842100596746,1.3260338830959624,-0.7519144630853546,0.013777889030150378,-0.2092082938248132,0.11359622482897186,0.6824638860673988,-0.6573402933884482,0.5613110211942728,-1.1586205326857435,0.0,0.21008232988607495,1.845969752438516,0.40273800819375366,0.04017857142857143,,0.0,0,0.0374,0.0114,0.0211,0.0252,1.18,1.0,0,0.0
P090,"Mirava District Hospital, Bhavnagar",District Hospital,F090,GOV,Bhavnagar,21.7571,72.1444,public,Gujarat,Bhavnagar,Y,135,full,0,Burns Management|Emergency Room Packages|General Medicine|General Surgery|Neo-natal Care|Obstetrics & Gynaecology|Ophthalmology|Orthopaedics,2019-06-26,232,183,2762268.0,11906.327586206897,1,1.2677595628415301,1.1016949152542372,1.7185185185185186,0.02962962962962963,0.07608695652173914,0.043478260869565216,0.28879310344827586,0.021551724137931036,0.17672413793103448,0.0,0.125,0.004310344827586207,14.831563001402303,-0.0013203129116115106,0.3263478705176667,-0.754067826052775,0.9361179559240228,-0.2200083948627082,0.4816841159240923,-0.41017431195454923,-0.9703925662008136,-2.2678583516680675,-0.9235808137688432,0.2598690155404637,0.0,-1.1336271388473733,0.0,0.40690825373140604,0.04017857142857143,,0.0,0,0.021,0.0096,0.0324,0.0612,0.86,1.0,0,0.0
P091,"Olvira District Hospital, Lucknow",District Hospital,F091,GOV,Lucknow,26.8634,80.9553,public,Uttar Pradesh,Lucknow,Y,101,entry,0,Burns Management|Emergency Room Packages|General Medicine|General Surgery|Neo-natal Care|Obstetrics & Gynaecology|Ophthalmology|Orthopaedics,2018-11-27,352,289,4085506.0,11606.551136363636,1,1.217993079584775,1.12987012987013,3.485148514851485,0.04950495049504951,0.07142857142857142,0.047619047619047616,0.3380681818181818,0.03977272727272727,0.20170454545454544,0.0,0.1534090909090909,0.002840909090909091,15.222956391182008,-0.07456009274338618,-0.04854688748419664,0.0,1.1650536735278125,1.6121606084066231,2.787513782915807,-0.6220225829640422,-0.7329730385096459,0.0,1.0120673627236922,1.6589256624625524,0.0,0.2420867560660344,-0.36819806959884716,0.42187547143339144,0.04017857142857143,,0.0,0,0.4007,0.0078,0.0165,0.0267,0.95,1.0,1,0.0354
P092,"Udayam Nursing Home, Lucknow",Nursing Home,F092,O034,Lucknow,26.8246,80.9743,private,Uttar Pradesh,Lucknow,Y,34,none,0,Emergency Room Packages|General Medicine|General Surgery|Obstetrics & Gynaecology,2021-09-09,57,57,526269.0,9232.78947368421,1,1.0,1.4666666666666666,1.6764705882352942,0.058823529411764705,0.06060606060606061,0.12121212121212122,0.3157894736842105,0.017543859649122806,0.08771929824561403,0.0,0.21052631578947367,0.0,13.17356966800716,-0.0782233168587014,-0.5547085653280451,0.07497407871230627,1.113683809144837,-0.10239972010287982,-0.02962295468615679,-0.39098711862831714,0.38181813769960393,-0.16628739319904295,-0.1221279080125063,-1.6613052272892463,0.0,0.32438649511298784,0.0,0.3654068932624118,0.04017857142857143,,0.0,0,0.179,0.0138,0.0138,0.0138,1.05,0.5,1,0.0942
P093,"Prayana District Hospital, Lucknow",District Hospital,F093,GOV,Lucknow,26.7732,80.9675,public,Uttar Pradesh,Lucknow,Y,242,none,0,Burns Management|Emergency Room Packages|General Medicine|General Surgery|Neo-natal Care|Obstetrics & Gynaecology|Ophthalmology|Orthopaedics,2021-11-04,282,242,2949310.0,10458.54609929078,1,1.165289256198347,0.8732394366197183,1.165289256198347,0.01652892561983471,0.11666666666666667,0.075,0.3049645390070922,0.02127659574468085,0.19858156028368795,0.0,0.14184397163120568,0.0035460992907801418,14.897082141714742,-0.15212266434805735,-1.4842202727130072,-0.6278370899433692,-0.9201809101087242,-0.7937615340194916,-1.0381903137169348,1.4352595155059198,0.8369635883482012,-1.5235769338850362,-0.9528081712725055,1.4840192620199228,0.0,-0.3179556380334659,-0.19149781397575977,0.42346682730138513,0.04017857142857143,,0.0,0,0.3685,0.1141,0.676,0.676,0.9,2.0,1,0.0382
P094,"Charvi Community Health Centre, Dibrugarh",Community Health Centre,F094,GOV,Dibrugarh,27.4785,94.9057,public,Assam,Dibrugarh,Z,31,none,0,Emergency Room Packages|General Medicine|Obstetrics & Gynaecology,2018-11-13,36,31,313212.0,8700.333333333334,1,1.1612903225806452,0.8461538461538461,1.1612903225806452,0.06451612903225806,0.08,0.08,0.1111111111111111,0.1111111111111111,0.1388888888888889,0.0,0.16666666666666666,0.0,12.654638749261657,3.2873991304597387,0.9937042740269517,-0.7967048833932947,-0.47730741482869615,-1.121543306763083,-0.46936216104682704,0.010838588354650368,0.49852835646853355,0.16005285557580468,3.9380817170081173,-0.7983004039124116,0.0,0.4350690551426048,0.0,0.46703166733565155,0.07692307692307693,,0.0,0,0.0029,0.0052,0.0074,0.0078,0.33,1.0,0,0.0
P095,"Tejora Community Health Centre, Prayagraj",Community Health Centre,F095,GOV,Prayagraj,25.4962,81.8438,public,Uttar Pradesh,Prayagraj,Y,32,none,0,Emergency Room Packages|General Medicine|Obstetrics & Gynaecology,2023-08-23,67,65,526914.0,7864.388059701492,1,1.0307692307692307,0.6923076923076923,2.09375,0.09375,0.06382978723404255,0.06382978723404255,0.13432835820895522,0.07462686567164178,0.19402985074626866,0.0,0.13432835820895522,0.014925373134328358,13.174794524192237,-0.1361635985490641,-0.00815679777548437,0.42967426197763087,-0.9546148296573923,0.06362205442201108,0.9662260112174921,-0.32215974322226115,0.08166976149573488,0.7237011807884935,2.2537686906250145,0.2423888283654754,0.0,-0.15584563169287324,2.206528260956804,0.4033507556003261,0.04017857142857143,,0.0,0,0.0897,0.0084,0.0084,0.0088,1.31,1.0,0,0.0
P096,"Ekanta Community Health Centre, Bathinda",Community Health Centre,F096,GOV,Bathinda,30.1574,74.9961,public,Punjab,Bathinda,Z,35,none,0,Emergency Room Packages|General Medicine|Obstetrics & Gynaecology,2020-08-26,54,48,362434.0,6711.740740740741,1,1.125,1.7857142857142858,1.542857142857143,0.05714285714285714,0.027777777777777776,0.05555555555555555,0.07407407407407407,0.018518518518518517,0.1111111111111111,0.0,0.12962962962962962,0.0,12.800600426854016,2.3355055009587167,-1.389577944362174,-0.45256882636977347,2.437677154303698,-0.6365681498524999,-0.831441542425808,-1.0645902339456381,-0.13163507511315317,-0.7391004251206273,-0.33650058479748396,-1.3225573855862347,0.0,-0.24170503063478044,0.0,0.4367176141679004,0.04017857142857143,,0.0,0,0.0117,0.0082,0.0128,0.0165,1.17,1.0,0,0.0
P097,"Lumora Orthopaedic Hospital, Madurai",Orthopaedic Hospital,F097,O039,Madurai,9.9521,78.092,private,Tamil Nadu,Madurai,Y,41,none,0,General Medicine|Orthopaedics,2023-05-10,80,79,1536010.0,19200.125,1,1.0126582278481013,1.0454545454545454,1.951219512195122,0.07317073170731707,0.1111111111111111,0.0,0.8875,0.025,0.1875,0.0,0.1375,0.0,14.244699354122444,-0.5118039006417012,0.4124583434099778,0.35272894634389823,-0.061501233622834155,-0.6457613118922889,0.44462167778146505,-0.4165194910395641,0.0,-0.016462220510019332,0.06226378702473669,0.38405389012267643,0.0,-0.054118471683327174,0.0,0.3541731815359501,0.0,,0.0,0,0.0436,0.0053,0.0097,0.0112,0.57,1.0,0,0.0
P098,"Ketaya District Hospital, Ranchi",District Hospital,F098,GOV,Ranchi,23.3475,85.2698,public,Jharkhand,Ranchi,Y,267,none,0,Burns Management|Emergency Room Packages|General Medicine|General Surgery|Neo-natal Care|Obstetrics & Gynaecology|Ophthalmology|Orthopaedics,2024-05-29,223,176,2515276.0,11279.264573991031,1,1.2670454545454546,0.9117647058823529,0.8352059925093633,0.0149812734082397,0.08860759493670886,0.06329113924050633,0.3632286995515695,0.04484304932735426,0.17040358744394618,0.0,0.10762331838565023,0.008968609865470852,14.737893494616115,-0.00237124379838494,-0.4578452718706038,-0.9345337286308757,-0.6071465540351582,-1.1360903326271594,-1.217740742504728,0.15922378354353833,0.16561479414426808,1.157998975579603,1.550696304646563,-0.09412073273905824,0.0,-1.9750951893683988,1.167226406584806,0.43138927129965826,0.04017857142857143,,0.0,0,0.2088,0.7069,0.7069,0.7069,1.1,2.0,4,0.1677
P099,"Daruna Nursing Home, Sidhi",Nursing Home,F099,O040,Sidhi,24.3637,81.9138,private,Madhya Pradesh,Sidhi,Z,21,none,0,Emergency Room Packages|General Medicine|General Surgery|Obstetrics & Gynaecology,2024-12-11,45,44,481878.0,10708.4,1,1.0227272727272727,1.0714285714285714,2.142857142857143,0.09523809523809523,0.14285714285714285,0.03571428571428571,0.26666666666666666,0.0,0.1111111111111111,0.0,0.08888888888888889,0.0,13.085448324173191,-0.011555717263217186,0.25903616180550154,-0.055049708858056455,0.013258140585057537,-0.022303590541306338,0.003996747854481464,0.9412212703757666,-0.14142855508669003,-0.631892094156363,-0.7734767507458732,-1.1845509678022663,0.0,-0.3275206641478959,0.0,0.3565892794122338,0.0,,0.0,0,0.0467,0.0052,0.0074,0.0245,0.92,1.0,0,0.0
P100,"Udayam Cancer Centre, Kochi",Cancer Centre,F100,O025,Kochi,9.9595,76.3083,private,Kerala,Ernakulam,Y,32,none,0,General Medicine|Medical Oncology,2023-03-04,307,81,2585836.0,8422.918566775244,1,3.7901234567901234,0.9746835443037974,9.59375,0.125,0.17142857142857143,0.0,0.0,0.04560260586319218,0.18241042345276873,0.0,0.13355048859934854,0.0,14.765559804618155,-0.2665663525038781,-0.4250090239817387,-1.6960888909453897,-0.6924498845556729,1.0378139592398583,2.4405310987594877,1.6795559076726765,-1.4990690883237858,0.0,1.4703568752050205,0.011529864795834876,0.0,-1.6629842532913552,0.0,0.4620646710956211,0.07692307692307693,,0.0,0,0.0327,0.0078,0.015,0.0205,0.72,1.0,0,0.0
P101,"Sorinda Community Health Centre, Jaipur",Community Health Centre,F101,GOV,Jaipur,26.9147,75.7615,public,Rajasthan,Jaipur,Y,21,none,0,Emergency Room Packages|General Medicine|Obstetrics & Gynaecology,2024-06-04,28,28,245765.0,8777.32142857143,1,1.0,0.7857142857142857,1.3333333333333333,0.09523809523809523,0.15384615384615385,0.0,0.03571428571428571,0.0,0.10714285714285714,0.0,0.14285714285714285,0.03571428571428571,12.412135142705926,-0.9432392228781316,1.085972725137587,-1.368459307915211,-0.6648210420828268,-0.9028749590417251,1.0393019280322602,1.5315759082686426,-1.563824692344259,-1.6703663229847892,-1.1914170451586041,-1.3974512401110664,0.0,0.0,5.2799069101466385,0.5297011068731454,0.6666666666666666,,0.0,0,0.0108,0.0052,0.0074,0.0078,0.67,1.0,0,0.0
P102,"Ishvara Nursing Home, Bhavnagar",Nursing Home,F102,O053,Bhavnagar,21.755,72.177,private,Gujarat,Bhavnagar,Y,28,none,0,Emergency Room Packages|General Medicine|General Surgery|Obstetrics & Gynaecology,2021-09-21,77,75,806610.0,10475.454545454546,1,1.0266666666666666,1.0,2.75,0.10714285714285714,0.15,0.0,0.33766233766233766,0.025974025974025976,0.19480519480519481,0.0,0.14285714285714285,0.0,13.600596798819117,0.0,0.13057534374711663,0.705056219176357,-0.18561396819080614,0.0819656952393006,0.01498780445430551,1.0569130515261214,-0.35999995840248367,0.0410319541659978,0.1908578995346961,0.5212386229595914,0.0,-0.038281636069234605,0.0,0.3485501225740275,0.0,,0.0,0,0.0127,0.0072,0.0074,0.0088,1.04,1.0,0,0.0
P103,"Sukhada Community Health Centre, Prayagraj",Community Health Centre,F103,GOV,Prayagraj,25.4775,81.8616,public,Uttar Pradesh,Prayagraj,Y,23,none,0,Emergency Room Packages|General Medicine|Obstetrics & Gynaecology,2023-03-14,24,24,182718.0,7613.25,1,1.0,1.2727272727272727,1.0434782608695652,0.043478260869565216,0.05555555555555555,0.0,0.08333333333333333,0.0,0.125,0.0,0.08333333333333333,0.0,12.115704732580165,-0.9432392228781316,-0.30913995253368765,-2.067357773630607,0.8461358717417794,-1.2712835883548823,-1.5024690916118542,-0.49255362633910177,-1.563824692344259,-0.5143121049465194,-1.1914170451586041,-1.0604288947493232,0.0,-1.087672637856512,0.0,0.45114801090826073,0.04017857142857143,,0.0,0,0.3151,0.0313,0.0797,0.1342,1.25,1.0,0,0.0
P104,"Ekanta Multispecialty Hospital, Sidhi",Multispecialty Hospital,F104,O056,Sidhi,24.4202,81.8774,private,Madhya Pradesh,Sidhi,Z,52,none,0,Cardiology|ENT|Emergency Room Packages|General Medicine|General Surgery|Neo-natal Care|Obstetrics & Gynaecology|Orthopaedics,2023-10-25,84,72,1073477.0,12779.488095238095,1,1.1666666666666667,1.0416666666666667,1.6153846153846154,0.057692307692307696,0.21739130434782608,0.0,0.4880952380952381,0.011904761904761904,0.09523809523809523,0.0,0.13095238095238096,0.011904761904761904,13.886414402378817,-0.27965256481892414,0.11690827850791081,-1.6766522485520199,0.12269551481752262,-0.2592729808312561,1.0596643805355754,1.5183848581228714,-1.7958101681088168,1.5895559610601202,-1.113246101725404,-2.8668982603786017,0.0,-0.14056943229584123,1.7367237776196243,0.47836277692618395,0.4,,0.0,0,0.0825,0.0072,0.0082,0.0088,1.04,1.0,1,0.0716
P105,"Charvi Community Health Centre, Barmer",Community Health Centre,F105,GOV,Barmer,25.7876,71.3941,public,Rajasthan,Barmer,Z,33,none,0,Emergency Room Packages|General Medicine|Obstetrics & Gynaecology,2023-07-15,112,104,878548.0,7844.178571428572,1,1.0769230769230769,0.6511627906976745,3.393939393939394,0.06060606060606061,0.16666666666666666,0.08333333333333333,0.125,0.026785714285714284,0.20535714285714285,0.0,0.14285714285714285,0.008928571428571428,13.686026961946245,1.0744498379445429,-0.032377401947001096,1.6350147201938872,-1.0822668126929735,1.7161754784390844,-0.6613739542023471,1.7955928040870437,0.5844597335023998,0.4972353358369669,0.04515854929230185,0.4561716593785212,0.0,0.0,1.3199767275366596,0.4245571287252569,0.04017857142857143,,0.0,0,0.0581,0.0072,0.0083,0.0097,0.92,1.0,0,0.0
P106,"Velora Nursing Home, Bhavnagar",Nursing Home,F106,O004,Bhavnagar,21.8379,72.2064,private,Gujarat,Bhavnagar,Y,13,none,0,Emergency Room Packages|General Medicine|General Surgery|Obstetrics & Gynaecology,2022-02-18,40,38,426051.0,10651.275,1,1.0526315789473684,0.6666666666666666,3.076923076923077,0.15384615384615385,0.05555555555555555,0.1111111111111111,0.475,0.05,0.15,0.0,0.2,0.0,12.962316683529792,0.07616480852031464,0.22753383330587698,-0.2367314852546171,-1.1136838091448371,0.13811069527501205,0.058106564961307554,-0.47278938812856797,0.3199999630244299,1.3427707000822717,1.0828674510442227,-0.39194701140516186,0.0,0.2679714524846422,0.0,0.36761763100225964,0.04017857142857143,,0.0,0,0.0522,0.006,0.0089,0.0145,1.5,1.0,1,0.124
P107,"Hridaya Cancer Centre, Bengaluru",Cancer Centre,F107,O044,Bengaluru,12.9758,77.6134,private,Karnataka,Bengaluru Urban,X,110,none,0,General Medicine|Medical Oncology,2022-06-02,870,224,7966913.0,9157.371264367815,1,3.8839285714285716,1.038647342995169,7.909090909090909,0.08181818181818182,0.10784313725490197,0.00980392156862745,0.0,0.035632183908045977,0.19195402298850575,0.0,0.1528735632183908,0.0,15.890807773776816,0.0420540713244092,0.7833813539699666,0.16690733847756223,0.03324460050517027,-0.06730269583290666,0.2579056860248833,-0.10986568169207582,-1.108918175064291,0.0,0.487270364009445,1.42020501158109,0.0,0.19184431977123106,0.0,0.36582182022860743,0.04017857142857143,,0.0,0,0.0691,0.0066,0.0096,0.0154,1.03,1.0,0,0.0
P108,"Hridaya Community Health Centre, Balaghat",Community Health Centre,F108,GOV,Balaghat,21.8226,80.2088,public,Madhya Pradesh,Balaghat,Z,26,none,0,Emergency Room Packages|General Medicine|Obstetrics & Gynaecology,2023-06-25,109,97,915730.0,8401.19266055046,1,1.1237113402061856,1.09375,4.1923076923076925,0.07692307692307693,0.1,0.0625,0.10091743119266056,0.0,0.1651376146788991,0.0,0.11926605504587157,0.0,13.727477932405069,2.3017040089603986,0.6351910979766952,1.7327443007851477,0.2908592059112367,2.7309093866259366,0.1399060287735739,0.42270494583135665,0.04738862704073513,-0.08742052443238735,-1.1914170451586041,-0.3029016047160469,0.0,-0.4310775959211127,0.0,0.42743074970849876,0.04017857142857143,,0.0,0,0.0081,0.0072,0.0104,0.0106,0.82,1.0,0,0.0
P109,"Niramay Community Health Centre, Hisar",Community Health Centre,F109,GOV,Hisar,29.1324,75.7369,public,Haryana,Hisar,Z,29,none,0,Emergency Room Packages|General Medicine|Obstetrics & Gynaecology,2018-11-10,47,44,401447.0,8541.425531914894,1,1.0681818181818181,0.8333333333333334,1.6206896551724137,0.06896551724137931,0.058823529411764705,0.08823529411764706,0.14893617021276595,0.06382978723404255,0.19148936170212766,0.0,0.2553191489361702,0.02127659574468085,12.902833289659954,0.845166990123784,0.8032569501786188,-0.2115328579937579,-0.5170830327310874,-0.537642266188164,-0.2508659826284764,-0.4252552019148033,0.710829405611027,1.0783370571381183,1.755316286298874,0.1944415401082314,0.0,2.0550070264182607,3.1454764571086358,0.43477872119066974,0.04017857142857143,,0.0,0,0.0116,0.0052,0.0094,0.0147,0.92,1.0,0,0.0
P110,"Yantara Nursing Home, Sidhi",Nursing Home,F110,O016,Sidhi,24.4656,81.8634,private,Madhya Pradesh,Sidhi,Z,20,none,0,Emergency Room Packages|General Medicine|General Surgery|Obstetrics & Gynaecology,2025-01-15,44,43,434527.0,9875.613636363636,1,1.0232558139534884,1.1666666666666667,2.2,0.1,0.08,0.0,0.3181818181818182,0.045454545454545456,0.1590909090909091,0.0,0.20454545454545456,0.0,12.98201566349852,-0.010005307970298766,-0.20021477206374128,-0.20766547382800243,0.2784209522862095,-0.01249001070313153,0.008393170494411092,-0.07686640374735419,-0.35999995840248367,-0.14361183958099152,0.914108887245123,-0.2066629696499945,0.0,0.2923324936196097,0.0,0.3426052524840707,0.0,,0.0,0,0.0816,0.006,0.0087,0.0133,1.25,1.0,1,0.1149
P111,"Ondira Community Health Centre, Azamgarh",Community Health Centre,F111,GOV,Azamgarh,26.0328,83.1818,public,Uttar Pradesh,Azamgarh,Z,27,none,0,Emergency Room Packages|General Medicine|Obstetrics & Gynaecology,2023-07-26,52,50,432884.0,8324.692307692309,1,1.04,0.5,1.9259259259259258,0.07407407407407407,0.05128205128205128,0.02564102564102564,0.057692307692307696,0.057692307692307696,0.21153846153846154,0.0,0.1346153846153846,0.0,12.978227382795096,0.10595908874966078,0.5435071948250566,-0.033775063191939236,-1.5512490981932623,-0.149683983557048,0.0,-0.5805592582785689,-0.9028140997760563,-1.1368028377363568,1.4719765428895015,0.5728332404652786,0.0,-0.1506008267801324,0.0,0.38147055600188423,0.04017857142857143,,0.0,0,0.039,0.0052,0.0092,0.015,0.75,1.0,1,0.1009
P112,"Prayana Nursing Home, Jagdalpur",Nursing Home,F112,O061,Jagdalpur,19.0644,82.017,private,Chhattisgarh,Bastar,Z,25,none,0,Emergency Room Packages|General Medicine|General Surgery|Obstetrics & Gynaecology,2024-09-06,80,77,765319.0,9566.4875,1,1.0389610389610389,1.125,3.2,0.12,0.029411764705882353,0.058823529411764705,0.4375,0.025,0.175,0.0,0.1875,0.0,13.548049325998939,0.03606399673355706,-0.3706864236269275,0.6275219789336821,0.16241222216695544,0.15924763646492693,0.02685814558211548,-0.8962364302475131,0.0,0.9873313971193177,0.15469535014917474,0.11758410342154804,0.0,0.20097858936348162,0.0,0.35216499453777955,0.0,,0.0,0,0.1288,0.0052,0.0094,0.0122,0.24,1.0,1,0.074
P113,"Prayana Community Health Centre, Madurai",Community Health Centre,F113,GOV,Madurai,9.9281,78.0949,public,Tamil Nadu,Madurai,Y,36,none,0,Emergency Room Packages|General Medicine|Obstetrics & Gynaecology,2022-08-13,115,112,727726.0,6328.052173913044,1,1.0267857142857142,1.1724137931034482,3.1944444444444446,0.08333333333333333,0.013513513513513514,0.0945945945945946,0.08695652173913043,0.008695652173913044,0.1391304347826087,0.0,0.2,0.017391304347826087,13.49768125684874,-0.240651067770238,-1.849419815505562,1.1909491998551178,0.5349134821356074,1.4626154483398395,0.4546945935141138,-1.3583387621760217,0.8747684396978944,-0.42635145792186835,-0.7899780115977304,-0.7937416475500306,0.0,1.044165732342252,2.5710851040714067,0.4484173965920277,0.04017857142857143,,0.0,0,0.0487,0.0072,0.0103,0.0164,0.75,1.0,0,0.0
P114,"Ekanta Nursing Home, Jagdalpur",Nursing Home,F114,O069,Jagdalpur,19.0745,82.0372,private,Chhattisgarh,Bastar,Z,16,none,0,Emergency Room Packages|General Medicine|General Surgery|Obstetrics & Gynaecology,2022-08-29,24,24,260867.0,10869.458333333334,1,1.0,1.375,1.5,0.125,0.2,0.0,0.4583333333333333,0.0,0.125,0.0,0.25,0.0,12.47176981124518,-0.0782233168587014,0.3478538865191772,-0.9605375410884333,0.8584646028824786,-0.1327063637207725,0.031474389354041586,1.866755519578604,-0.35999995840248367,1.1847976765431811,-0.7734767507458732,-0.9014781262318717,0.0,0.5359429049692843,0.0,0.3791355868218555,0.04017857142857143,,0.0,0,0.0615,0.006,0.0071,0.009,1.67,1.0,0,0.0
P115,"Ketaya Nursing Home, Ahmedabad",Nursing Home,F115,O041,Ahmedabad,22.9986,72.6059,private,Gujarat,Ahmedabad,X,11,none,0,Emergency Room Packages|General Medicine|General Surgery|Obstetrics & Gynaecology,2024-08-16,25,25,267384.0,10695.36,1,1.0,0.9090909090909091,2.272727272727273,0.18181818181818182,0.0,0.13333333333333333,0.32,0.04,0.04,0.0,0.16,0.0,12.49644484633983,-0.0782233168587014,0.25184508322983284,-0.9241293182691915,-0.4387239248146328,0.0,0.0839317049441109,-1.3726143526313264,0.45599994730981264,-0.1263784188312724,0.7115986106862034,-2.6338839166426857,0.0,0.05359429049692847,0.0,0.4014771951826259,0.04017857142857143,,0.0,0,0.0276,0.0219,0.0242,0.0299,1.12,1.0,0,0.0
P116,"Samvedra Nursing Home, Kalaburagi",Nursing Home,F116,O011,Kalaburagi,17.3563,76.8285,private,Karnataka,Kalaburagi,Y,28,none,0,Emergency Room Packages|General Medicine|General Surgery|Obstetrics & Gynaecology,2021-07-04,51,50,547469.0,10734.686274509804,1,1.02,1.3333333333333333,1.8214285714285714,0.07142857142857142,0.22580645161290322,0.06451612903225806,0.2549019607843137,0.0196078431372549,0.17647058823529413,0.0,0.19607843137254902,0.0,13.21306294465097,-0.019555829214675188,0.2735320717335395,0.13324674217131405,0.7424558727632246,-0.07750497713103942,-0.017985365345166628,2.284738728896014,0.03483870565185325,-0.7434024637133685,-0.045498632396816036,0.14755652194076674,0.0,0.24695408366231728,0.0,0.3695978403093996,0.04017857142857143,,0.0,0,0.065,0.0082,0.0082,0.0088,1.17,1.0,2,0.2049
P117,"Varenya Nursing Home, Bhavnagar",Nursing Home,F117,O008,Bhavnagar,21.7507,72.1268,private,Gujarat,Bhavnagar,Y,24,none,0,Emergency Room Packages|General Medicine|General Surgery|Obstetrics & Gynaecology,2019-12-03,48,46,480129.0,10002.6875,1,1.0434782608695652,1.0625,2.0,0.08333333333333333,0.0,0.10526315789473684,0.5,0.020833333333333332,0.14583333333333334,0.0,0.16666666666666666,0.0,13.081812179548681,0.04931469975874669,-0.13013822771382041,-0.060414870981811364,-0.011600873011925346,-0.04683754013674325,-0.006994308745342581,-1.3726143526313264,0.284210493475645,1.5797302353909082,0.0,-0.47686886387627986,0.0,0.08932381749488069,0.0,0.3617599308760813,0.04017857142857143,,0.0,0,0.0096,0.0052,0.0092,0.0138,1.0,1.0,0,0.0
P118,"Sorinda Orthopaedic Hospital, Raipur",Orthopaedic Hospital,F118,O033,Raipur,21.1854,81.6077,private,Chhattisgarh,Raipur,Y,35,none,0,General Medicine|Orthopaedics,2021-08-17,81,79,1736146.0,21433.9012345679,1,1.0253164556962024,1.0476190476190477,2.3142857142857145,0.05714285714285714,0.1,0.1,0.8765432098765432,0.024691358024691357,0.1728395061728395,0.0,0.14814814814814814,0.0,14.367178848036858,0.19605592171840552,1.3709343705484915,0.6196280527405494,-0.05445620066913466,-0.14972819313779284,-0.18793287411381537,-0.5225426342132712,1.228434994921318,-0.27619947744587964,0.03662575707337439,-0.021860764767655364,0.0,0.23333432562375556,0.0,0.3644366988779824,0.04017857142857143,,0.0,0,0.1373,0.0099,0.0118,0.0146,1.2,1.0,0,0.0
P119,"Mirava Nursing Home, Patna",Nursing Home,F119,O033,Patna,25.6248,85.1892,private,Bihar,Patna,Y,34,none,0,Emergency Room Packages|General Medicine|General Surgery|Obstetrics & Gynaecology,2024-08-13,83,74,830847.0,10010.204819277109,1,1.1216216216216217,1.0454545454545454,2.4411764705882355,0.058823529411764705,0.022222222222222223,0.08888888888888889,0.3493975903614458,0.012048192771084338,0.1686746987951807,0.0,0.12048192771084337,0.0,13.630202144953087,0.27853843232794445,-0.12599270366473425,0.7487391576018428,-0.059058989878892944,0.02892906890798846,-0.02962295468615679,-1.0126843668302228,0.18399997873904722,0.1522631552184011,-0.326164894892838,-0.011333407558703903,0.0,-0.1582000141174393,0.0,0.34901546296295605,0.0,,0.0,0,0.0335,0.0072,0.0101,0.0138,1.0,1.0,0,0.0
P120,"Ishvara Dialysis Centre, Chennai",Dialysis Centre,F120,O032,Chennai,13.1319,80.2538,private,Tamil Nadu,Chennai,X,13,none,0,General Medicine,2020-04-13,380,18,932057.0,2452.7815789473684,1,21.11111111111111,0.8155339805825242,29.23076923076923,0.46153846153846156,0.0,0.0,0.0,0.02631578947368421,0.18421052631578946,0.0,0.15263157894736842,0.0,13.74515032349107,-0.3298681109071982,1.3825547933444613,-0.959140415120141,-2.198533153693477,-0.9609008905924843,1.125258900922551,-1.134234690346504,-0.5725451429662024,0.0,-0.6956236447673501,0.5223573782826253,0.0,0.27200199537138253,0.0,0.42213802663760774,0.04017857142857143,,0.0,0,0.016,0.007,0.0112,0.015,1.02,1.0,0,0.0
P121,"Tavora Community Health Centre, Nagpur",Community Health Centre,F121,GOV,Nagpur,21.1333,79.0547,public,Maharashtra,Nagpur,Y,28,none,0,Emergency Room Packages|General Medicine|Obstetrics & Gynaecology,2019-10-10,62,60,502962.0,8112.290322580645,1,1.0333333333333334,0.9090909090909091,2.2142857142857144,0.10714285714285714,0.07894736842105263,0.05263157894736842,0.14516129032258066,0.03225806451612903,0.06451612903225806,0.0,0.16129032258064516,0.016129032258064516,13.128271887728195,-0.06890729652163599,0.28894832934763265,0.3199871376641721,-0.28204529058059324,0.21682412504933535,1.6239092625504064,-0.010838588354650083,-0.2070134760200535,0.9866937749257507,0.2977922728897988,-2.2019561935552274,0.0,0.33682765559427474,2.3844740884533207,0.40848642792571715,0.04017857142857143,,0.0,0,0.0105,0.0072,0.0101,0.0138,1.0,1.0,0,0.0
P122,"Shubhra District Hospital, Bhopal",District Hospital,F122,GOV,Bhopal,23.3007,77.3667,public,Madhya Pradesh,Bhopal,Y,289,entry,0,Burns Management|Emergency Room Packages|General Medicine|General Surgery|Neo-natal Care|Obstetrics & Gynaecology|Ophthalmology|Orthopaedics,2022-05-01,748,544,8614696.0,11516.973262032085,1,1.375,0.9738219895287958,2.588235294117647,0.02422145328719723,0.10355987055016182,0.04854368932038835,0.32219251336898397,0.03342245989304813,0.1590909090909091,0.0,0.15240641711229946,0.004010695187165776,15.968980256112644,0.1565020906933992,-0.1605712827874531,1.4373073452476208,-0.10290447610164781,0.6819734129768902,-0.14574391601273573,0.8392048656170755,-0.6799570274718122,-0.7306688994089022,0.33746765035975373,-0.7277003822868929,0.0,0.19353214801026686,-0.07508352791819617,0.3664006182161467,0.04017857142857143,,0.0,0,0.2573,0.0066,0.0078,0.0094,0.91,1.0,3,0.088
P123,"Jivanta Multispecialty Hospital, Madurai",Multispecialty Hospital,F123,O069,Madurai,9.914,78.1072,private,Tamil Nadu,Madurai,Y,76,full,0,Cardiology|ENT|Emergency Room Packages|General Medicine|General Surgery|Neo-natal Care|Obstetrics & Gynaecology|Orthopaedics,2019-02-25,113,95,1396367.0,12357.230088495575,1,1.1894736842105262,1.1612903225806452,1.486842105263158,0.039473684210526314,0.12121212121212122,0.09090909090909091,0.4690265486725664,0.04424778761061947,0.1592920353982301,0.008849557522123894,0.12389380530973451,0.0,14.149385137880547,-0.19829234494369752,-0.1560341233371165,-1.1498065287777932,0.6917226046288095,-0.39586688724793023,0.0,0.3771176857567856,1.1972067787392113,1.2239647355224208,1.6101569372651097,-0.5327864023712444,5.553293454082677,-0.19333004652850136,-0.6315359191344088,0.5147730296928487,0.6666666666666666,,0.0,0,0.0603,0.0075,0.0136,0.017,0.88,1.0,1,0.0594
P124,"Rivaan Nursing Home, Lucknow",Nursing Home,F124,O025,Lucknow,26.8202,80.9878,private,Uttar Pradesh,Lucknow,Y,34,none,0,Emergency Room Packages|General Medicine|General Surgery|Obstetrics & Gynaecology,2022-08-23,36,35,306130.0,8503.611111111111,1,1.0285714285714285,1.0769230769230769,1.0588235294117647,0.058823529411764705,0.06666666666666667,0.06666666666666667,0.3055555555555556,0.0,0.16666666666666666,0.0,0.25,0.027777777777777776,12.631768393899062,0.005587379775621389,-0.9568235117192238,-0.7244582801803824,0.028555995106277772,-0.20847297276550417,-0.02962295468615679,-0.29282439522801623,0.047999994453664485,-0.2632883725651509,-0.7734767507458732,-0.052259601520688585,0.0,0.5359429049692843,3.2472752102137,0.39038708505148073,0.04017857142857143,,0.0,0,0.1263,0.0052,0.0092,0.0138,1.0,1.0,0,0.0
P125,"Kelvane Nursing Home, Prayagraj",Nursing Home,F125,O030,Prayagraj,25.4123,81.8889,private,Uttar Pradesh,Prayagraj,Y,19,none,0,Emergency Room Packages|General Medicine|General Surgery|Obstetrics & Gynaecology,2022-09-25,417,254,1063623.0,2550.654676258993,1,1.641732283464567,1.3884892086330936,21.94736842105263,0.42105263157894735,0.005,0.945,0.02877697841726619,0.03117505995203837,0.18705035971223022,0.0,0.026378896882494004,0.0,13.877192502970432,1.8042177236878072,-4.239659208080976,1.1131755182556604,0.8960213860146112,3.3788765796892646,0.3048046126917711,-1.291630105826078,5.423399373333416,-2.886701293448134,0.3839560849026278,0.3631854321509697,0.0,-0.6625385312030361,0.0,0.5644032419565903,1.0,,0.0,0,0.5334,0.8181,0.8181,0.9851,1.08,1.11,378,1.0
P126,"Tejora Nursing Home, Kalaburagi",Nursing Home,F126,O050,Kalaburagi,17.3791,76.8491,private,Karnataka,Kalaburagi,Y,28,none,0,Emergency Room Packages|General Medicine|General Surgery|Obstetrics & Gynaecology,2020-12-29,47,46,513428.0,10924.0,1,1.0217391304347827,0.6956521739130435,1.6785714285714286,0.07142857142857142,0.09090909090909091,0.09090909090909091,0.40425531914893614,0.0425531914893617,0.14893617021276595,0.0,0.0851063829787234,0.0,13.14886703199452,-0.014454308549977028,0.3779316020596645,0.03852513050530779,-1.0329820838444865,-0.10203892672647633,-0.017985365345166628,0.09982649837318748,0.196363613674082,0.6722256320812374,0.8063906550329316,-0.4136291865041708,0.0,-0.3477927362034717,0.0,0.3537887602486715,0.0,,0.0,0,0.046,0.0052,0.0076,0.0097,0.86,1.0,1,0.1091
P127,"Niramay Community Health Centre, Mumbai",Community Health Centre,F127,GOV,Mumbai,19.121,72.8592,public,Maharashtra,Mumbai Suburban,X,31,none,0,Emergency Room Packages|General Medicine|Obstetrics & Gynaecology,2020-10-15,41,40,372354.0,9081.80487804878,1,1.025,0.4782608695652174,1.3225806451612903,0.06451612903225806,0.15625,0.0625,0.0975609756097561,0.04878048780487805,0.1951219512195122,0.0,0.14634146341463414,0.0,12.827602979274765,-0.2874902781107642,1.450889095457098,-0.38890449972645014,-1.6186947111581869,-0.91654173077431,-0.46936216104682704,1.5810790762345928,0.04738862704073513,-0.16890566175215804,1.0605580211584933,0.263000315085815,0.0,0.06366864221599093,0.0,0.4000203785686202,0.04017857142857143,,0.0,0,0.0623,0.0052,0.0076,0.0197,0.67,1.0,0,0.0
P128,"Yantara Community Health Centre, Ahmedabad",Community Health Centre,F128,GOV,Ahmedabad,23.0409,72.5962,public,Gujarat,Ahmedabad,X,35,none,0,Emergency Room Packages|General Medicine|Obstetrics & Gynaecology,2019-12-28,111,104,964564.0,8689.765765765766,1,1.0673076923076923,1.0,3.1714285714285713,0.08571428571428572,0.14666666666666667,0.13333333333333333,0.12612612612612611,0.04504504504504504,0.18018018018018017,0.0,0.07207207207207207,0.0,13.779432501488465,0.8222387053417093,0.9810392887659053,1.8552383748711527,0.0,1.433362048845568,0.5716160604177434,1.3837264466103376,1.873430389010395,0.5245744558581419,0.8881094800441207,-0.01899948520808072,0.0,-1.293448542315852,0.0,0.42093066550356506,0.04017857142857143,,0.0,0,0.0484,0.0072,0.0083,0.0083,0.68,1.0,0,0.0
P129,"Ishvara Eye Hospital, Jaipur",Eye Hospital,F129,O009,Jaipur,26.8796,75.7856,private,Rajasthan,Jaipur,Y,27,none,0,Ophthalmology,2022-02-07,374,328,2828593.0,7563.082887700535,1,1.1402439024390243,0.9560439560439561,13.851851851851851,0.18518518518518517,0.0,0.0,0.06684491978609626,0.05080213903743316,0.20053475935828877,0.0,0.09893048128342247,0.0,14.855290326375592,-0.2861017994390525,-0.15711607427098845,-0.10171078498979243,-0.4130904778777737,-0.08317934278147401,-0.042969622523023616,0.0,0.0,-0.31500312106476525,2.0532542145441544,1.0376376368485059,0.0,-1.4738196983189613,0.0,0.37863746037312207,0.04017857142857143,,0.0,0,0.0344,0.01,0.0151,0.031,1.24,1.0,0,0.0
P130,"Hridaya Orthopaedic Hospital, Bhavnagar",Orthopaedic Hospital,F130,O025,Bhavnagar,21.784,72.1698,private,Gujarat,Bhavnagar,Y,21,none,0,General Medicine|Orthopaedics,2018-11-07,76,74,1335524.0,17572.684210526317,1,1.027027027027027,1.4,3.619047619047619,0.09523809523809523,0.1,0.0,0.868421052631579,0.02631578947368421,0.17105263157894737,0.0,0.13157894736842105,0.013157894736842105,14.104835030937625,0.2917126544697743,-0.28584928389792974,0.04794598487211256,1.0924751641930932,1.632880909897397,1.3155301187967063,-0.5225426342132712,0.0,-0.4687400682063397,0.1715627568173853,-0.07133512713655965,0.0,-0.2139606450142687,1.5666453820037405,0.3872892907073478,0.04017857142857143,,0.0,0,0.0156,0.008,0.0255,0.0346,1.04,1.0,0,0.0
P131,"Charvi District Hospital, Mumbai",District Hospital,F131,GOV,Mumbai,19.0474,72.9469,public,Maharashtra,Mumbai Suburban,X,260,entry,0,Burns Management|Emergency Room Packages|General Medicine|General Surgery|Neo-natal Care|Obstetrics & Gynaecology|Ophthalmology|Orthopaedics,2021-02-14,542,335,7301315.0,13471.060885608857,1,1.617910447761194,1.03125,2.0846153846153848,0.023076923076923078,0.07692307692307693,0.06787330316742081,0.3210332103321033,0.023985239852398525,0.15682656826568267,0.0,0.14391143911439114,0.0018450184501845018,15.803565163843823,0.5139858136456904,2.2831737383383928,1.1186146890081377,0.36372276940537024,0.1596700503403138,-0.2785262610872265,-0.37215026331181983,0.4283414838168354,-0.7840251833820532,-0.6650642973988128,-0.8545174119709954,0.0,-0.2178382582481901,-0.617739442721805,0.39287606092680544,0.04017857142857143,,0.0,0,0.262,0.0079,0.0119,0.0421,1.11,1.33,5,0.1569
P132,"Sorinda Community Health Centre, Bhopal",Community Health Centre,F132,GOV,Bhopal,23.2788,77.4048,public,Madhya Pradesh,Bhopal,Y,28,none,0,Emergency Room Packages|General Medicine|Obstetrics & Gynaecology,2019-05-11,60,59,415474.0,6924.566666666667,1,1.0169491525423728,0.782608695652174,2.142857142857143,0.07142857142857142,0.06666666666666667,0.08888888888888889,0.016666666666666666,0.016666666666666666,0.18333333333333332,0.0,0.23333333333333334,0.0,12.937177722995724,-0.49866366710364485,-1.1345109956262467,-0.1305584675658299,-0.6744561296492444,0.12603771282573564,-0.12991274100403252,-0.26373898329648715,0.7276786952255105,-2.132788010200097,-0.421992230833596,0.04051076676570449,0.0,1.6532624095418984,0.0,0.3923964536635751,0.04017857142857143,,0.0,0,0.0644,0.0052,0.0092,0.0112,0.56,1.0,0,0.0
P133,"Mirava Community Health Centre, Bhopal",Community Health Centre,F133,GOV,Bhopal,23.2436,77.3708,public,Madhya Pradesh,Bhopal,Y,26,none,0,Emergency Room Packages|General Medicine|Obstetrics & Gynaecology,2019-11-20,30,30,257614.0,8587.133333333333,1,1.0,0.7058823529411765,1.1538461538461537,0.07692307692307693,0.043478260869565216,0.0,0.13333333333333333,0.0,0.16666666666666666,0.0,0.23333333333333334,0.0,12.45922150133071,-0.9432392228781316,0.8580366927804984,-1.2574430873289884,-0.9124994695254484,-1.131004917962565,0.1399060287735739,-0.7412651948636828,-1.563824692344259,0.699544823993664,-1.1914170451586041,-0.27404342223858913,0.0,1.6532624095418984,0.0,0.42658839210030275,0.04017857142857143,,0.0,0,0.0436,0.0084,0.0096,0.0116,1.8,1.0,0,0.0
P134,"Samvedra District Hospital, Bhopal",District Hospital,F134,GOV,Bhopal,23.2429,77.469,public,Madhya Pradesh,Bhopal,Y,268,entry,0,Burns Management|Emergency Room Packages|General Medicine|General Surgery|Neo-natal Care|Obstetrics & Gynaecology|Ophthalmology|Orthopaedics,2020-04-16,860,632,11076641.0,12879.81511627907,1,1.360759493670886,1.0234741784037558,3.208955223880597,0.029850746268656716,0.10619469026548672,0.05604719764011799,0.3430232558139535,0.03604651162790698,0.18023255813953487,0.0,0.15813953488372093,0.005813953488372093,16.220349124756787,0.13554478207955947,1.543772962432182,1.921600594100193,0.30054087988424866,1.3257210100310766,0.5073368995740523,0.9590279351893984,-0.24972975205859627,0.22805455244708678,0.6162251324822333,0.456362151542289,0.0,0.47115911624231316,0.37676081540347156,0.39298617741126424,0.04017857142857143,,0.0,0,0.2679,0.0066,0.0096,0.0154,1.03,1.0,3,0.086
P135,"Sukhada Nursing Home, Mumbai",Nursing Home,F135,O041,Mumbai,19.0643,72.877,private,Maharashtra,Mumbai Suburban,X,19,none,0,Emergency Room Packages|General Medicine|General Surgery|Obstetrics & Gynaecology,2024-02-22,141,140,1643448.0,11655.659574468085,1,1.0071428571428571,1.0615384615384615,7.421052631578948,0.21052631578947367,0.12087912087912088,0.03296703296703297,0.3120567375886525,0.03546099290780142,0.1276595744680851,0.723404255319149,0.7801418439716312,0.0,14.312307640269365,-0.0572706427001207,0.7814148452069577,1.755191580645727,-0.014277997553138886,0.884161283984837,0.11043645387383012,0.5852465591439062,-0.15824173995713567,-0.201667689624371,0.5430794207364643,-0.8472726884843496,5.404251451685187,3.377200504008575,0.0,0.5045892460048453,0.5,,0.0,0,0.4833,0.9772,0.9822,0.9822,1.12,1.09,102,1.0
P136,"Ketaya Community Health Centre, Dumka",Community Health Centre,F136,GOV,Dumka,24.2078,87.2464,public,Jharkhand,Dumka,Z,23,none,0,Emergency Room Packages|General Medicine|Obstetrics & Gynaecology,2021-07-14,53,46,403351.0,7610.396226415094,1,1.1521739130434783,0.75,2.3043478260869565,0.08695652173913043,0.11764705882352941,0.029411764705882353,0.09433962264150944,0.018867924528301886,0.24528301886792453,0.0,0.20754716981132076,0.0,12.907564908825618,3.048276093097162,-0.31256013415638373,-0.2003770478532624,-0.7756245490966311,0.33129394915735194,0.6326185648892019,0.7861164377225679,-0.8056066596924971,-0.24711089417352275,-0.3203700855453874,1.2097027523099662,0.0,1.1820744139723605,0.0,0.41253861621508064,0.04017857142857143,,0.0,0,0.2591,0.0269,0.0302,0.0302,0.6,1.0,0,0.0
P137,"Jivanta Community Health Centre, Bengaluru",Community Health Centre,F137,GOV,Bengaluru,12.9173,77.5427,public,Karnataka,Bengaluru Urban,X,32,none,0,Emergency Room Packages|General Medicine|Obstetrics & Gynaecology,2023-10-20,49,48,441732.0,9014.938775510203,1,1.0208333333333333,2.2,1.53125,0.0625,0.10714285714285714,0.03571428571428571,0.20408163265306123,0.04081632653061224,0.20408163265306123,0.0,0.10204081632653061,0.0,12.998460906136405,-0.39678176890532546,1.37075161843602,0.013929821112131152,3.7229978356638305,-0.6513209418388348,-0.5683682418926421,0.5698000735016087,-0.6431313669814053,2.4171110907933793,0.6928886225761097,0.4320986347098255,0.0,-0.7458326659587509,0.0,0.4565100037375827,0.04017857142857143,,0.0,0,0.0206,0.0072,0.0082,0.0088,1.05,1.0,0,0.0
P138,"Ishvara Community Health Centre, Ahmedabad",Community Health Centre,F138,GOV,Ahmedabad,23.0155,72.5944,public,Gujarat,Ahmedabad,X,38,entry,0,Emergency Room Packages|General Medicine|Obstetrics & Gynaecology,2024-01-14,84,81,695801.0,8283.345238095239,1,1.037037037037037,1.1666666666666667,2.210526315789474,0.07894736842105263,0.20833333333333334,0.020833333333333332,0.07142857142857142,0.011904761904761904,0.16666666666666666,0.0,0.17857142857142858,0.0,13.45282041608504,0.02824069529574787,0.4939536884305053,1.0851801164228505,0.5170830327310877,0.21204589282704076,0.23931294395479674,2.6536477154968487,-1.0267535858825942,-0.8033256594560868,-0.6418278920693127,-0.27404342223858913,0.0,0.6526035827139074,0.0,0.40600306289481214,0.04017857142857143,,0.0,0,0.0432,0.0084,0.0097,0.0099,1.27,1.0,0,0.0
P139,"Niramay Multispecialty Hospital, Ranchi",Multispecialty Hospital,F139,O031,Ranchi,23.3078,85.3436,private,Jharkhand,Ranchi,Y,115,entry,0,Cardiology|ENT|Emergency Room Packages|General Medicine|General Surgery|Neo-natal Care|Obstetrics & Gynaecology|Orthopaedics,2020-07-20,223,151,2899139.0,13000.62331838565,1,1.4768211920529801,1.4222222222222223,1.9391304347826086,0.043478260869565216,0.3125,0.046875,0.4484304932735426,0.017937219730941704,0.17040358744394618,0.0,0.12556053811659193,0.004484304932735426,14.879924699252406,0.826771821105268,0.2598473772926813,0.3137846206334816,1.9329262642021934,0.08475100093053387,0.232921397653955,2.6469495705225548,-0.25253580489030225,0.8290903439127398,-0.6052907197580084,-0.12788382610610247,0.0,-0.18087174741781098,0.2605439666384108,0.41685710204428733,0.04017857142857143,,0.0,0,0.3169,0.7719,0.9823,0.9953,1.26,1.23,21,0.8807
P140,"Hridaya Community Health Centre, Nagpur",Community Health Centre,F140,GOV,Nagpur,21.1747,79.0997,public,Maharashtra,Nagpur,Y,26,none,0,Emergency Room Packages|General Medicine|Obstetrics & Gynaecology,2019-08-28,39,37,275430.0,7062.307692307692,1,1.054054054054054,1.3636363636363635,1.5,0.038461538461538464,0.06896551724137931,0.10344827586206896,0.05128205128205128,0.02564102564102564,0.15384615384615385,0.0,0.10256410256410256,0.0,12.526092422485828,0.4745963333756378,-0.9694315628778054,-1.0997805041397015,1.1281811623223723,-0.6910399971866596,-1.7488253596696681,-0.2163980226669807,1.1030111466378003,-1.2924255209338162,-0.007686561581668474,-0.5160081830111224,0.0,-0.7362707087028696,0.0,0.4090018770675885,0.04017857142857143,,0.0,0,0.0089,0.0084,0.0084,0.0094,1.38,1.0,0,0.0
P141,"Olvira Cancer Centre, Prayagraj",Cancer Centre,F141,O050,Prayagraj,25.4752,81.885,private,Uttar Pradesh,Prayagraj,Y,40,none,0,General Medicine|Medical Oncology,2020-11-07,207,57,1623520.0,7843.091787439614,1,3.6315789473684212,1.1132075471698113,5.175,0.075,0.07692307692307693,0.0,0.0,0.00966183574879227,0.18357487922705315,0.0,0.15942028985507245,0.0,14.30010780545832,-0.7881804871058574,-1.3789943566308729,-2.46670598440302,0.8791594786321201,-1.8608343464940014,-0.08671937914373853,-0.9800181658460643,-1.4990690883237858,0.0,-2.073413534954064,0.18340839999868158,0.0,0.8202668594109876,0.0,0.4724912448089428,0.07692307692307693,,0.0,0,0.1173,0.0096,0.0422,0.0466,0.95,1.0,0,0.0
P142,"Niramay Multispecialty Hospital, Raipur",Multispecialty Hospital,F142,O016,Raipur,21.2032,81.6203,private,Chhattisgarh,Raipur,Y,71,none,0,Cardiology|ENT|Emergency Room Packages|General Medicine|General Surgery|Neo-natal Care|Obstetrics & Gynaecology|Orthopaedics,2022-11-24,303,240,3573323.0,11793.145214521452,1,1.2625,1.0789473684210527,4.267605633802817,0.056338028169014086,0.09803921568627451,0.08823529411764706,0.45544554455445546,0.019801980198019802,0.20462046204620463,0.0,0.1782178217821782,0.0,15.08900681299511,0.06221682061832814,-0.5206516744279316,0.7326677959667586,0.3000327568817141,2.559072710752353,0.9808943365990499,0.10214678766052465,1.109176868537799,0.9635852291222868,-0.44827095391371047,1.1189717545719506,0.0,0.2127247472112558,-0.6315359191344088,0.41579407571296473,0.04017857142857143,,0.0,0,0.249,0.0083,0.0153,0.0241,1.12,1.0,1,0.0372
P143,"Shubhra Nursing Home, Raipur",Nursing Home,F143,O007,Raipur,21.2048,81.6728,private,Chhattisgarh,Raipur,Y,24,none,0,Emergency Room Packages|General Medicine|General Surgery|Obstetrics & Gynaecology,2023-07-28,56,55,595208.0,10628.714285714286,1,1.018181818181818,1.2105263157894737,2.3333333333333335,0.08333333333333333,0.15625,0.0625,0.32142857142857145,0.017857142857142856,0.17857142857142858,0.0,0.08928571428571429,0.0,13.29666788335444,-0.024889237182314287,0.2150924322973043,0.2566065358019556,0.4005354050433186,0.010408342252609594,-0.006994308745342581,1.1581433600326816,0.022499997400155233,-0.11283787395649303,-0.11049667867798188,0.19037426268250693,0.0,-0.325393906588494,0.0,0.3488092494214125,0.0,,0.0,0,0.1117,0.0072,0.0101,0.0138,0.86,1.0,0,0.0
P144,"Tejora Multispecialty Hospital, Ranchi",Multispecialty Hospital,F144,O016,Ranchi,23.3349,85.3356,private,Jharkhand,Ranchi,Y,72,none,0,Cardiology|ENT|Emergency Room Packages|General Medicine|General Surgery|Neo-natal Care|Obstetrics & Gynaecology|Orthopaedics,2023-10-20,109,93,1272291.0,11672.394495412844,1,1.1720430107526882,1.2258064516129032,1.5138888888888888,0.041666666666666664,0.05,0.025,0.42201834862385323,0.01834862385321101,0.1743119266055046,0.0,0.1834862385321101,0.0,14.056330556285825,-0.2604733566597515,-0.5987034597623762,-1.3362356686021288,0.9986136193584921,-0.36712599967731785,0.12755219395335626,-0.46788903570056994,-0.972730507725609,0.32270796400579255,-0.5706489627674577,0.01453521570930778,0.0,0.25210449148723063,-0.6315359191344088,0.37678815299056856,0.04017857142857143,,0.0,0,0.1333,0.0085,0.0278,0.0332,0.83,1.0,0,0.0
P145,"Tejora District Hospital, Kozhikode",District Hospital,F145,GOV,Kozhikode,11.3183,75.8353,public,Kerala,Kozhikode,Y,264,entry,0,Burns Management|Emergency Room Packages|General Medicine|General Surgery|Neo-natal Care|Obstetrics & Gynaecology|Ophthalmology|Orthopaedics,2021-08-14,337,270,3952416.0,11728.237388724036,1,1.2481481481481482,0.9210526315789473,1.2765151515151516,0.022727272727272728,0.1323529411764706,0.0661764705882353,0.3353115727002967,0.026706231454005934,0.1632047477744807,0.0,0.142433234421365,0.008902077151335312,15.189837848477785,-0.03018181969967576,0.1036316380626167,-0.06380697311486465,-0.5316781693790523,-0.6784093447193386,-0.3190908464218226,2.148620490826773,0.33105050654746293,-0.12687141689252326,-0.37600872823287385,-0.4973000836048493,0.0,-0.2894205113456143,1.150555233903737,0.3846236461892223,0.04017857142857143,,0.0,0,0.0834,0.0078,0.0134,0.0134,0.57,1.0,3,0.1076
P146,"Rivaan Nursing Home, Chennai",Nursing Home,F146,O067,Chennai,13.0563,80.2223,private,Tamil Nadu,Chennai,X,19,none,0,Emergency Room Packages|General Medicine|General Surgery|Obstetrics & Gynaecology,2021-05-19,30,28,323766.0,10792.2,1,1.0714285714285714,0.9,1.5789473684210527,0.10526315789473684,0.13333333333333333,0.2,0.4,0.03333333333333333,0.16666666666666666,0.0,0.1,0.0,12.687779400269811,0.1313034247271062,0.305248767989634,-0.6418135669123444,-0.46403492047701533,-0.11914812841803102,0.013252374464859608,0.7869655621752938,0.8639999001659607,0.6318920941563636,0.46408605044752393,-0.052259601520688585,0.0,-0.2679714524846421,0.0,0.3541176877753269,0.0,,0.0,0,0.0217,0.0112,0.0165,0.0265,0.86,1.0,0,0.0
P147,"Hridaya Nursing Home, Chennai",Nursing Home,F147,O009,Chennai,13.0948,80.2349,private,Tamil Nadu,Chennai,X,13,none,0,Emergency Room Packages|General Medicine|General Surgery|Obstetrics & Gynaecology,2023-02-27,28,28,300094.0,10717.642857142857,1,1.0,1.0833333333333333,2.1538461538461537,0.07692307692307693,0.08333333333333333,0.08333333333333333,0.39285714285714285,0.0,0.14285714285714285,0.0,0.21428571428571427,0.0,12.611854370176697,-0.0782233168587014,0.26413325628233986,-0.7538415904828948,0.04640349204770138,-0.02041636364934966,-0.012912569991401675,-0.022876905877188786,0.1499999826677015,0.5641893697824673,-0.7734767507458732,-0.5375273299270791,0.0,0.3445347246231113,0.0,0.3476040719464769,0.0,,0.0,0,0.0232,0.006,0.0087,0.0133,1.36,1.0,0,0.0
P148,"Jivanta Multispecialty Hospital, Lucknow",Multispecialty Hospital,F148,O071,Lucknow,26.823,81.023,private,Uttar Pradesh,Lucknow,Y,117,none,0,Cardiology|ENT|Emergency Room Packages|General Medicine|General Surgery|Neo-natal Care|Obstetrics & Gynaecology|Orthopaedics,2023-03-27,549,229,6826398.0,12434.24043715847,1,2.3973799126637556,1.627906976744186,4.6923076923076925,0.07692307692307693,0.09042553191489362,0.06382978723404255,0.4371584699453552,0.023679417122040074,0.17304189435336975,0.0018214936247723133,0.7249544626593807,0.0,15.736307859714405,4.110711063617714,-0.10625557753019058,2.0294956928761976,2.9113297111620966,3.010376432607245,2.1781990044342385,0.01180242138748976,0.30566981584830916,0.6129793815126716,-0.12177634582086364,-0.03174448749628329,1.14302761441046,4.299407734909229,-0.6315359191344088,0.5682175350934134,1.0,N01,1.0,1,0.7699,0.9917,0.9917,0.9917,1.1,1.46,76,1.0
P149,"Navira Nursing Home, Kalaburagi",Nursing Home,F149,O013,Kalaburagi,17.3025,76.8438,private,Karnataka,Kalaburagi,Y,29,none,0,Emergency Room Packages|General Medicine|General Surgery|Obstetrics & Gynaecology,2024-07-10,40,40,373590.0,9339.75,1,1.0,0.7857142857142857,1.3793103448275863,0.06896551724137931,0.0,0.047619047619047616,0.325,0.025,0.125,0.0,0.075,0.0,12.830916895110898,-0.0782233168587014,-0.4957237839452399,-0.4306129835708411,-0.7822302945183974,-0.1534333211376071,-0.020259377055475047,-1.3726143526313264,-0.06857142064809214,-0.07898651176954512,0.15469535014917474,-0.9014781262318717,0.0,-0.4019571787269632,0.0,0.3634698170687502,0.04017857142857143,,0.0,0,0.0191,0.006,0.0087,0.014,1.33,1.0,0,0.0
P150,"Charvi Nursing Home, Kalaburagi",Nursing Home,F150,O053,Kalaburagi,17.3442,76.805,private,Karnataka,Kalaburagi,Y,32,none,0,Emergency Room Packages|General Medicine|General Surgery|Obstetrics & Gynaecology,2023-04-27,57,57,574044.0,10070.947368421053,1,1.0,1.0,1.78125,0.09375,0.0,0.0,0.43859649122807015,0.017543859649122806,0.12280701754385964,0.0,0.2631578947368421,0.0,13.260463069441347,-0.0782233168587014,-0.09249543036867956,0.20318602689403414,-0.18561396819080614,-0.08440515045475604,0.0026228657795034633,-1.3726143526313264,-0.35999995840248367,0.9977243591942576,-0.1221279080125063,-0.9461738380587762,0.0,0.6064617082547163,0.0,0.362357723145576,0.04017857142857143,,0.0,0,0.0242,0.0084,0.0096,0.0136,1.4,1.0,0,0.0
P151,"Sukhada District Hospital, Mumbai",District Hospital,F151,GOV,Mumbai,19.0723,72.8854,public,Maharashtra,Mumbai Suburban,X,132,none,0,Burns Management|Emergency Room Packages|General Medicine|General Surgery|Neo-natal Care|Obstetrics & Gynaecology|Ophthalmology|Orthopaedics,2024-01-07,283,213,3409503.0,12047.713780918728,1,1.3286384976525822,1.1304347826086956,2.143939393939394,0.030303030303030304,0.05714285714285714,0.0761904761904762,0.35335689045936397,0.024734982332155476,0.1872791519434629,0.0,0.14840989399293286,0.0,15.042077384134707,0.08827331497145197,0.503162771351305,-0.3484858027354841,1.1696417194988113,0.22119488081343167,0.5598085024944255,-1.2716906140598196,0.9052217025594125,0.7036543974184826,-0.5854178776575673,0.8510147964307618,0.0,0.0,-1.0800476708232851,0.39761335657783436,0.04017857142857143,,0.0,0,0.1698,0.01,0.0153,0.026,1.18,1.0,0,0.0
P152,"Lumora Nursing Home, Lucknow",Nursing Home,F152,O071,Lucknow,26.8025,80.9394,private,Uttar Pradesh,Lucknow,Y,30,none,0,Emergency Room Packages|General Medicine|General Surgery|Obstetrics & Gynaecology,2021-10-23,475,173,4577989.0,9637.871578947368,1,2.745664739884393,1.61875,15.833333333333334,0.3,0.056451612903225805,0.06451612903225806,0.3452631578947368,0.037894736842105266,0.18736842105263157,0.0,0.8231578947368421,0.0,15.33677059513228,5.042464911030287,-0.3313207395193889,3.266795328629594,1.5371156740801135,2.328866579021399,0.19304292137145507,-0.4582760822494912,0.03483870565185325,0.11307542737534924,0.6334367495581995,0.3696679181252889,0.0,3.6077419760827083,0.0,0.5127014811572623,0.6666666666666666,N01,1.0,1,0.7316,0.8104,0.8968,0.9939,1.12,1.3,107,1.0
P153,"Devanta Heart Institute, Ranchi",Heart Institute,F153,O046,Ranchi,23.3432,85.3469,private,Jharkhand,Ranchi,Y,49,entry,0,Cardiology|General Medicine,2022-07-06,55,51,1906242.0,34658.94545454546,1,1.0784313725490196,1.3571428571428572,1.1224489795918366,0.04081632653061224,0.06666666666666667,0.13333333333333333,0.7272727272727273,0.03636363636363636,0.23636363636363636,0.0,0.09090909090909091,0.0,14.46064484719997,0.0534443523261906,-1.0687205704563392,-0.7981455373471787,1.3611702011768216,-0.1050648721208425,0.15649048539405314,-0.1356790363115141,1.5471638592647212,-0.22032362167545863,1.3789700383080599,1.3124361783326783,0.0,-0.32481630283071994,0.0,0.39592627458422863,0.04017857142857143,,0.0,0,0.0932,0.0114,0.0171,0.0257,1.24,1.0,0,0.0
P154,"Rivaan Nursing Home, Ahmedabad",Nursing Home,F154,O030,Ahmedabad,23.019,72.5808,private,Gujarat,Ahmedabad,X,33,none,0,Emergency Room Packages|General Medicine|General Surgery|Obstetrics & Gynaecology,2020-02-27,55,55,626718.0,11394.872727272726,1,1.0,0.9047619047619048,1.6666666666666667,0.06060606060606061,0.15151515151515152,0.12121212121212122,0.38181818181818183,0.01818181818181818,0.23636363636363636,0.0,0.23636363636363636,0.0,13.348253553289501,-0.0782233168587014,0.637600526979744,0.33272162775911834,-0.4507767798919578,-0.10408342252609606,-0.0279772349813703,1.0814537323761966,0.38181813769960393,0.4595578866591736,-0.09844249554947476,1.3682513852689273,0.0,0.4628597815643819,0.0,0.3639454290452439,0.04017857142857143,,0.0,0,0.0385,0.0072,0.0083,0.0204,1.06,1.0,0,0.0
P155,"Udayam Community Health Centre, Lucknow",Community Health Centre,F155,GOV,Lucknow,26.8483,80.9557,public,Uttar Pradesh,Lucknow,Y,31,none,0,Emergency Room Packages|General Medicine|Obstetrics & Gynaecology,2023-09-17,69,66,453404.0,6571.072463768116,1,1.0454545454545454,1.0526315789473684,2.225806451612903,0.06451612903225806,0.05263157894736842,0.02631578947368421,0.13043478260869565,0.028985507246376812,0.14492753623188406,0.0,0.10144927536231885,0.0,13.02454104478479,0.24903158578981216,-1.5581656201128988,0.07541935883961473,0.16328937875718533,0.23146709476281874,-0.46936216104682704,-0.5527680060871583,-0.8854190841821562,0.6291763063739432,0.1467130667109754,-0.6843314948528849,0.0,-0.7566418350306168,0.0,0.37432665576508206,0.04017857142857143,,0.0,0,0.1848,0.0186,0.0186,0.0186,1.17,0.5,1,0.082
P156,"Prayana Nursing Home, Raipur",Nursing Home,F156,O051,Raipur,21.2905,81.6471,private,Chhattisgarh,Raipur,Y,14,none,0,Emergency Room Packages|General Medicine|General Surgery|Obstetrics & Gynaecology,2022-11-18,276,200,671870.0,2434.3115942028985,1,1.38,1.5392156862745099,19.714285714285715,0.35714285714285715,0.0,0.9548872180451128,0.03260869565217391,0.03985507246376811,0.17028985507246377,0.0,0.007246376811594203,0.0,13.41782163679207,1.0364589483777953,-4.303818122559574,0.43536992291060966,1.3156754804113029,2.9953722096974356,0.2457999930506105,-1.3726143526313264,5.483909140777683,-2.850382816031421,0.7062179028549276,0.02158548758463203,0.0,-0.7650779150648478,0.0,0.5638033520099504,1.0,,0.0,0,0.5224,0.9993,0.9993,0.9993,1.1,1.12,254,1.0
P157,"Samvedra Community Health Centre, Amroha",Community Health Centre,F157,GOV,Amroha,28.8974,78.4715,public,Uttar Pradesh,Amroha,Z,35,none,0,Emergency Room Packages|General Medicine|Obstetrics & Gynaecology,2019-12-01,105,97,785629.0,7482.1809523809525,1,1.0824742268041236,0.9696969696969697,3.0,0.08571428571428572,0.15584415584415584,0.03896103896103896,0.047619047619047616,0.009523809523809525,0.13333333333333333,0.0,0.10476190476190476,0.0,13.574241222665982,1.22005626501422,-0.46622317397142854,1.3714557903300735,-0.09401509686019764,1.2154746595089294,0.5716160604177434,1.5727213985260555,-0.5594319737666004,-1.3813527684752216,-0.7517457226871709,-0.9031518002471763,0.0,-0.6961104882281675,0.0,0.3996806441838944,0.04017857142857143,,0.0,0,0.1165,0.0072,0.0102,0.0102,0.9,1.0,0,0.0
P158,"Devanta Multispecialty Hospital, Mumbai",Multispecialty Hospital,F158,O063,Mumbai,19.1051,72.9403,private,Maharashtra,Mumbai Suburban,X,137,entry,0,Cardiology|ENT|Emergency Room Packages|General Medicine|General Surgery|Neo-natal Care|Obstetrics & Gynaecology|Orthopaedics,2021-06-05,230,161,4158589.0,18080.821739130435,1,1.4285714285714286,0.9344262295081968,1.6788321167883211,0.021897810218978103,0.37037037037037035,0.06172839506172839,0.4043478260869565,0.030434782608695653,0.15217391304347827,0.0,0.11304347826086956,0.013043478260869565,15.240686632475827,0.6546488612207726,3.543625391365726,1.0365489997709623,-0.38742694716655074,-0.19185137796290752,-1.0222796274509867,3.333642384945642,0.23648528962749849,-0.016077143190655417,0.4470505494475496,-0.7921692561572447,0.0,-0.27443279993169745,1.9632529660047922,0.47703340162530544,0.4,,0.0,0,0.3656,0.5652,0.9686,0.9936,1.04,1.0,30,1.0
P159,"Shubhra Nursing Home, Bengaluru",Nursing Home,F159,O043,Bengaluru,12.9613,77.5801,private,Karnataka,Bengaluru Urban,X,25,none,0,Emergency Room Packages|General Medicine|General Surgery|Obstetrics & Gynaecology,2024-01-21,31,31,371485.0,11983.387096774193,1,1.0,0.875,1.24,0.08,0.0,0.058823529411764705,0.3548387096774194,0.06451612903225806,0.16129032258064516,0.0,0.16129032258064516,0.03225806451612903,12.825266457369286,-0.0782233168587014,0.9621444743720349,-0.4389502522123527,-0.5336401585485677,-0.1773581519844677,-0.010071804593293309,-1.3726143526313264,0.0,0.2038361594052788,1.6218060902736053,-0.16183618535438957,0.0,0.060509682819112745,3.7710292763771998,0.420787637646955,0.04017857142857143,,0.0,0,0.0173,0.0052,0.0092,0.0112,0.25,1.0,0,0.0
P160,"Ishvara Community Health Centre, Jaipur",Community Health Centre,F160,GOV,Jaipur,26.912,75.7935,public,Rajasthan,Jaipur,Y,28,none,0,Emergency Room Packages|General Medicine|Obstetrics & Gynaecology,2023-03-01,46,46,305276.0,6636.434782608696,1,1.0,0.6470588235294118,1.6428571428571428,0.07142857142857142,0.06451612903225806,0.0,0.06521739130434782,0.0,0.15217391304347827,0.0,0.15217391304347827,0.0,12.628974840149748,-0.9432392228781316,-1.479830393065541,-0.8572130704411857,-1.094999363430538,-0.5094671727394607,-0.12991274100403252,-0.30802568840150935,-1.563824692344259,-0.954115340069774,-1.1914170451586041,-0.5475688039814528,0.0,0.17024441288188916,0.0,0.41042668316258474,0.04017857142857143,,0.0,0,0.0122,0.009,0.0092,0.0146,1.0,1.0,0,0.0
P161,"Velora Orthopaedic Hospital, Kochi",Orthopaedic Hospital,F161,O024,Kochi,9.897,76.2672,private,Kerala,Ernakulam,Y,42,none,0,General Medicine|Orthopaedics,2020-04-25,60,60,1093211.0,18220.183333333334,1,1.0,0.8636363636363636,1.4285714285714286,0.047619047619047616,0.0,0.0,0.9333333333333333,0.016666666666666666,0.2,0.0,0.16666666666666666,0.0,13.904630709924213,-1.2196637230018206,-0.00801823833494677,-0.388325856784639,-0.653284001733566,-1.3598205039573017,-0.5637986223414458,-1.476750922776636,0.0,1.070044333151262,-0.6299630216620394,0.7301495432396963,0.0,0.7332522339839004,0.0,0.4144621918596334,0.04017857142857143,,0.0,0,0.0161,0.0099,0.0108,0.0136,1.24,1.0,0,0.0
P162,"Ekanta Multispecialty Hospital, Jaipur",Multispecialty Hospital,F162,O016,Jaipur,26.8462,75.8395,private,Rajasthan,Jaipur,Y,131,none,0,Cardiology|ENT|Emergency Room Packages|General Medicine|General Surgery|Neo-natal Care|Obstetrics & Gynaecology|Orthopaedics,2023-12-24,208,164,2258476.0,10858.057692307691,1,1.2682926829268293,0.8405797101449275,1.5877862595419847,0.022900763358778626,0.0641025641025641,0.038461538461538464,0.3557692307692308,0.009615384615384616,0.1778846153846154,0.0,0.16346153846153846,0.004807692307692308,14.630201250274665,0.08288124794592475,-1.1250807916334393,-0.18652097409424487,-0.83383707728831,-0.28859998892889155,-0.963944061174219,-0.3005472790780823,-0.5295337675192663,-0.9474420526212777,-1.3060201830370601,0.14472322949026636,0.0,0.1024262094886776,0.3248766507085661,0.37730406480278955,0.04017857142857143,,0.0,0,0.0363,0.0096,0.0422,0.0422,0.6,1.0,1,0.0432
P163,"Prayana Nursing Home, Nagpur",Nursing Home,F163,O060,Nagpur,21.1363,79.0769,private,Maharashtra,Nagpur,Y,12,none,0,Emergency Room Packages|General Medicine|General Surgery|Obstetrics & Gynaecology,2021-05-30,27,26,252742.0,9360.814814814816,1,1.0384615384615385,0.9230769230769231,2.25,0.08333333333333333,0.0,0.0,0.3333333333333333,0.0,0.2222222222222222,0.0,0.07407407407407407,0.037037037037037035,12.440128441148056,0.034598774764426084,-0.4841073162676892,-1.0072246500786808,-0.39978393148789004,-0.0039031283447286363,-0.006994308745342581,-1.3726143526313264,-0.35999995840248367,0.0,-0.7734767507458732,1.080031764760889,0.0,-0.40691961303223434,4.329700280284933,0.44179642993870816,0.04017857142857143,,0.0,0,0.0064,0.0071,0.0108,0.0143,1.2,1.0,0,0.0
P164,"Udayam Community Health Centre, Ludhiana",Community Health Centre,F164,GOV,Ludhiana,30.9019,75.8794,public,Punjab,Ludhiana,Y,20,none,0,Emergency Room Packages|General Medicine|Obstetrics & Gynaecology,2022-10-24,54,51,415650.0,7697.222222222223,1,1.0588235294117647,0.4583333333333333,2.7,0.15,0.05555555555555555,0.027777777777777776,0.12962962962962962,0.0,0.18518518518518517,0.0,0.2037037037037037,0.0,12.937601244826663,0.5996994706921502,-0.20850118680242843,-0.12955992373318248,-1.6805198563760344,0.8341717281698119,3.7284956668157334,-0.49255362633910177,-0.8477298837287061,0.6096294959240207,-1.1914170451586041,0.07546123221062606,0.0,1.11184314091999,0.0,0.43630335203635723,0.04017857142857143,,0.0,0,0.0432,0.0052,0.0074,0.0094,1.0,1.0,0,0.0
P165,"Jivanta Multispecialty Hospital, Jaipur",Multispecialty Hospital,F165,O037,Jaipur,26.8946,75.7912,private,Rajasthan,Jaipur,Y,109,none,0,Cardiology|ENT|Emergency Room Packages|General Medicine|General Surgery|Neo-natal Care|Obstetrics & Gynaecology|Orthopaedics,2022-08-01,211,174,2293313.0,10868.781990521327,1,1.2126436781609196,1.1372549019607843,1.9357798165137614,0.027522935779816515,0.0945945945945946,0.04054054054054054,0.38388625592417064,0.018957345971563982,0.22274881516587677,0.0,0.13270142180094788,0.0,14.645508490973324,-0.11563726745772365,-1.1181487366675356,-0.15585385735878066,0.5773906579648095,0.08119051313688129,-0.695100946865079,0.061272735240810276,-0.4610863945144258,-0.4083731393352302,-0.5193922967368894,1.7795650588556124,0.0,-0.12749590667817068,-0.6315359191344088,0.37302113884722043,0.04017857142857143,,0.0,0,0.036,0.0096,0.0293,0.0295,0.91,1.0,1,0.043
P166,"Kelvane Nursing Home, Kochi",Nursing Home,F166,O056,Kochi,9.9452,76.2592,private,Kerala,Ernakulam,Y,30,none,0,Emergency Room Packages|General Medicine|General Surgery|Obstetrics & Gynaecology,2019-11-14,87,66,1329991.0,15287.252873563219,1,1.3181818181818181,0.7428571428571429,2.9,0.3,0.0,0.0,0.6896551724137931,0.034482758620689655,0.1724137931034483,0.0,0.632183908045977,0.0,14.100683485142252,0.8551230774780783,2.7841044747059525,1.4429383512482141,-0.9015535597839156,0.10772634231450935,0.19304292137145507,-1.3726143526313264,-0.35999995840248367,3.3773542963529763,0.5067606297990204,0.06487398809464746,0.0,2.5842304440760318,0.0,0.47756780110061,0.4,,0.0,0,0.1953,0.3291,0.8904,0.9823,1.12,1.33,48,1.0
P167,"Yantara District Hospital, Lucknow",District Hospital,F167,GOV,Lucknow,26.8249,80.8902,public,Uttar Pradesh,Lucknow,Y,213,none,0,Burns Management|Emergency Room Packages|General Medicine|General Surgery|Neo-natal Care|Obstetrics & Gynaecology|Ophthalmology|Orthopaedics,2020-10-16,327,279,3401022.0,10400.678899082568,1,1.1720430107526882,0.9767441860465116,1.5352112676056338,0.018779342723004695,0.05405405405405406,0.06306306306306306,0.345565749235474,0.021406727828746176,0.1559633027522936,0.0,0.18042813455657492,0.0030581039755351682,15.039586826683314,-0.14218337460468056,-1.5565878987544977,-0.3532841700356799,-0.07916037456123957,-0.4101160370369226,-0.7771088169838111,-1.4121593775399874,0.1525376323384933,0.34507141230413657,-0.9389840184878988,-0.9028655965804296,0.0,1.5504874328797027,-0.31377531721165774,0.4062491878118601,0.04017857142857143,,0.0,0,0.3879,0.0086,0.0142,0.2609,1.35,0.5,1,0.0362
P168,"Lumora Nursing Home, Dibrugarh",Nursing Home,F168,O042,Dibrugarh,27.427,94.9109,private,Assam,Dibrugarh,Z,10,none,0,Emergency Room Packages|General Medicine|General Surgery|Obstetrics & Gynaecology,2024-06-29,23,21,267800.0,11643.478260869566,1,1.0952380952380953,0.75,2.3,0.1,0.0,0.0,0.43478260869565216,0.0,0.043478260869565216,0.0,0.13043478260869565,0.0,12.497999446362185,0.20114567192237587,0.7746973004798241,-0.9218354927977563,-0.8816663489063293,0.004683754013674256,0.008393170494411092,-1.3726143526313264,-0.35999995840248367,0.961574925890118,-0.7734767507458732,-2.562992631101578,0.0,-0.10485839445051214,0.0,0.40691217713678424,0.04017857142857143,,0.0,0,0.0031,0.013,0.0157,0.0254,1.29,1.0,0,0.0
P169,"Mirava Nursing Home, Chennai",Nursing Home,F169,O056,Chennai,13.0346,80.3231,private,Tamil Nadu,Chennai,X,10,none,0,Emergency Room Packages|General Medicine|General Surgery|Obstetrics & Gynaecology,2023-12-15,24,23,215038.0,8959.916666666666,1,1.0434782608695652,1.3333333333333333,2.4,0.2,0.0,0.15384615384615385,0.2916666666666667,0.0,0.125,0.0,0.2916666666666667,0.0,12.27857468600849,0.04931469975874669,-0.7051878441951142,-1.2455985811326484,0.7424558727632246,0.02185751873048012,0.10071804593293308,-1.3726143526313264,0.5815383943424737,-0.39493255884772666,-0.7734767507458732,-0.9014781262318717,0.0,0.7592524487064862,0.0,0.38872803928226285,0.04017857142857143,,0.0,0,0.0193,0.006,0.0089,0.0145,1.5,1.0,0,0.0
P170,"Charvi Eye Hospital, Kochi",Eye Hospital,F170,O005,Kochi,9.9484,76.2518,private,Kerala,Ernakulam,Y,21,none,0,Ophthalmology,2019-05-14,2112,1056,16009715.0,7580.357481060606,1,2.0,1.0095602294455066,100.57142857142857,0.6666666666666666,0.0,0.0,0.06912878787878787,0.029829545454545456,0.1846590909090909,0.0004734848484848485,0.14441287878787878,0.0,16.58870634590238,2.0161049855309194,-0.1143871658690498,1.9306517463790747,-0.16176205181211303,2.9044828959008613,0.16090084930154103,0.0,0.0,-0.1896219436522518,0.29996511318622315,0.16750787779603976,0.8924268643830778,0.05425984755314273,0.0,0.4268852087188019,0.04017857142857143,,0.0,0,0.0966,0.0066,0.0096,0.0154,0.97,1.0,1,0.0259
P171,"Avanta Nursing Home, Raipur",Nursing Home,F171,O050,Raipur,21.2238,81.5449,private,Chhattisgarh,Raipur,Y,29,none,0,Emergency Room Packages|General Medicine|General Surgery|Obstetrics & Gynaecology,2022-06-29,50,49,510571.0,10211.42,1,1.0204081632653061,1.0,1.7241379310344827,0.06896551724137931,0.03125,0.0625,0.34,0.04,0.18,0.0,0.12,0.0,13.143286944839751,-0.018358533548470557,-0.015029960168124488,0.03029166474923861,-0.18561396819080614,-0.09421344280379389,-0.020259377055475047,-0.8664628100985248,0.022499997400155233,0.06318920941563673,0.7115986106862034,0.21949032638689012,0.0,-0.16078287149078527,0.0,0.34843605453996823,0.0,,0.0,0,0.1025,0.0084,0.0084,0.0088,1.31,1.0,0,0.0
P172,"Ekanta Nursing Home, Bhavnagar",Nursing Home,F172,O035,Bhavnagar,21.7588,72.1614,private,Gujarat,Bhavnagar,Y,23,none,0,Emergency Room Packages|General Medicine|General Surgery|Obstetrics & Gynaecology,2023-07-03,65,64,629906.0,9690.861538461539,1,1.015625,1.6,2.8260869565217392,0.08695652173913043,0.0,0.0,0.38461538461538464,0.046153846153846156,0.18461538461538463,0.0,0.2,0.0,13.353327468423332,-0.032389342136805964,-0.3020987331859586,0.3402082324204628,1.4849117455264498,0.09503269013252245,-0.003649204562787435,-1.3726143526313264,-0.35999995840248367,0.4860708416587413,0.9400717432142153,0.3135576091241292,0.0,0.2679714524846422,0.0,0.3706201523470889,0.04017857142857143,,0.0,0,0.057,0.0072,0.0101,0.0138,1.09,1.0,2,0.1711
P173,"Shubhra Orthopaedic Hospital, Prayagraj",Orthopaedic Hospital,F173,O036,Prayagraj,25.3961,81.8165,private,Uttar Pradesh,Prayagraj,Y,24,none,0,General Medicine|Orthopaedics,2024-09-23,29,29,605487.0,20878.862068965518,1,1.0,1.3076923076923077,1.2083333333333333,0.08333333333333333,0.3333333333333333,0.0,0.896551724137931,0.0,0.27586206896551724,0.0,0.1724137931034483,0.0,13.313790023446941,-1.2196637230018206,1.1327763464276221,-1.6758462914605199,0.7920316049984142,-1.6607171135024754,0.8456979335121683,1.7039433724345796,0.0,0.19811430889644174,-2.0144166390355913,2.8305921276740214,0.0,0.8883991710611873,0.0,0.4881273789573233,0.4,,0.0,0,0.1168,0.0105,0.0116,0.0243,0.4,0.5,1,0.1619
P174,"Zentara District Hospital, Bengaluru",District Hospital,F174,GOV,Bengaluru,12.9424,77.5389,public,Karnataka,Bengaluru Urban,X,157,none,0,Burns Management|Emergency Room Packages|General Medicine|General Surgery|Neo-natal Care|Obstetrics & Gynaecology|Ophthalmology|Orthopaedics,2022-01-21,211,195,2572057.0,12189.843601895735,1,1.082051282051282,0.7014925373134329,1.3439490445859872,0.025477707006369428,0.09782608695652174,0.06521739130434782,0.33175355450236965,0.02843601895734597,0.11374407582938388,0.0,0.15639810426540285,0.0,14.76021691462971,-0.2746213924322145,0.6809076371267276,-0.8915248959850569,-2.315698217605355,-0.608473767427761,0.0,0.5784509527564163,0.2760599541778173,-0.29062724544710394,-0.19225045752791908,-3.2674022839349606,0.0,0.3868301137299096,-1.0800476708232851,0.44408847399963663,0.04017857142857143,,0.0,0,0.0398,0.0096,0.0293,0.032,1.0,1.0,0,0.0
P175,"Devanta District Hospital, Jaipur",District Hospital,F175,GOV,Jaipur,26.9076,75.7764,public,Rajasthan,Jaipur,Y,201,none,0,Burns Management|Emergency Room Packages|General Medicine|General Surgery|Neo-natal Care|Obstetrics & Gynaecology|Ophthalmology|Orthopaedics,2020-07-03,213,189,2383688.0,11191.023474178404,1,1.126984126984127,1.06,1.0597014925373134,0.014925373134328358,0.0851063829787234,0.02127659574468085,0.3286384976525822,0.018779342723004695,0.17370892018779344,0.0,0.14553990610328638,0.004694835680751174,14.684159845637508,-0.2084951272284108,-0.5681979222451401,-1.038058256456926,0.5973288650762916,-0.9032664264450881,-1.2242259967982574,0.0,-2.2433653529704793,-0.4339960218431223,-1.218095610272882,0.09099825466002252,0.0,-0.1389795340742997,0.09634228049597383,0.4117061512794388,0.04017857142857143,,0.0,0,0.0342,0.0421,0.0528,0.0618,0.76,0.5,1,0.0428
P176,"Kelvane Nursing Home, Bhavnagar",Nursing Home,F176,O013,Bhavnagar,21.7905,72.1118,private,Gujarat,Bhavnagar,Y,13,none,0,Emergency Room Packages|General Medicine|General Surgery|Obstetrics & Gynaecology,2024-01-25,25,25,244390.0,9775.6,1,1.0,0.7142857142857143,1.9230769230769231,0.07692307692307693,0.1111111111111111,0.0,0.4,0.08,0.28,0.0,0.04,0.0,12.406524680724274,-0.0782233168587014,-0.2553686001104677,-1.0568072825807393,-0.9811024032942611,-0.06004812838044005,-0.012912569991401675,0.4270355763741904,-0.35999995840248367,0.6318920941563636,2.19667397211828,2.2576147856937308,0.0,-0.5895371954662126,0.0,0.40637061109921846,0.04017857142857143,,0.0,0,0.0075,0.013,0.0157,0.0261,1.5,1.0,0,0.0
P177,"Prayana Community Health Centre, Kalaburagi",Community Health Centre,F177,GOV,Kalaburagi,17.296,76.8633,public,Karnataka,Kalaburagi,Y,29,none,0,Emergency Room Packages|General Medicine|Obstetrics & Gynaecology,2023-02-27,84,81,610417.0,7266.869047619048,1,1.037037037037037,1.0416666666666667,2.896551724137931,0.10344827586206896,0.15789473684210525,0.14035087719298245,0.05952380952380952,0.023809523809523808,0.14285714285714285,0.0,0.011904761904761904,0.0,13.32189924737736,0.02824069529574787,-0.7242695108319774,0.7765052949001723,0.1292707581827721,1.0839908900816475,1.4424794001137404,1.6149496648428743,2.0543385511869556,-1.0923392139656543,-0.09223873898002105,-0.7234065493875801,0.0,-2.392879803284326,0.0,0.45020018984211535,0.04017857142857143,,0.0,0,0.0323,0.0082,0.0102,0.0102,1.17,1.0,0,0.0
P178,"Daruna Nursing Home, Kochi",Nursing Home,F178,O029,Kochi,9.8845,76.278,private,Kerala,Ernakulam,Y,13,none,0,Emergency Room Packages|General Medicine|General Surgery|Obstetrics & Gynaecology,2024-07-28,24,24,218346.0,9097.75,1,1.0,1.1111111111111112,1.8461538461538463,0.07692307692307693,0.23076923076923078,0.0,0.2916666666666667,0.0,0.20833333333333334,0.0,0.08333333333333333,0.0,12.293840819410114,-0.0782233168587014,-0.6291778495366471,-1.2230732722792845,0.12374264546053763,-0.07325871662413684,-0.012912569991401675,2.365120115303209,-0.35999995840248367,-0.39493255884772666,-0.7734767507458732,0.7969589231904951,0.0,-0.3572952699795228,0.0,0.3847071382293752,0.04017857142857143,,0.0,0,0.0094,0.0193,0.0242,0.0242,0.38,1.0,0,0.0
P179,"Ekanta Community Health Centre, Madurai",Community Health Centre,F179,GOV,Madurai,9.9275,78.1401,public,Tamil Nadu,Madurai,Y,33,none,0,Emergency Room Packages|General Medicine|Obstetrics & Gynaecology,2019-09-20,89,86,696870.0,7830.0,1,1.0348837209302326,0.8076923076923077,2.696969696969697,0.09090909090909091,0.037037037037037035,0.09259259259259259,0.1348314606741573,0.033707865168539325,0.16853932584269662,0.0,0.19101123595505617,0.0,13.454355593703834,-0.028240695295753696,-0.04937009179898308,1.088799627936265,-0.5966342685358701,0.8303201834088102,0.8267174427529346,-0.8739113647434593,0.8231580030409174,0.7359150690555422,0.3647230287571428,-0.23870025493473582,0.0,0.8799149429850435,0.0,0.3779200092685711,0.04017857142857143,,0.0,0,0.0555,0.0098,0.0116,0.0155,0.63,0.5,1,0.0689
P180,"Prayana Nursing Home, Bengaluru",Nursing Home,F180,O011,Bengaluru,12.9725,77.5724,private,Karnataka,Bengaluru Urban,X,28,none,0,Emergency Room Packages|General Medicine|General Surgery|Obstetrics & Gynaecology,2021-08-09,51,51,623589.0,12227.235294117647,1,1.0,0.7647058823529411,1.8214285714285714,0.07142857142857142,0.09090909090909091,0.0,0.4117647058823529,0.0,0.13725490196078433,0.0,0.13725490196078433,0.0,13.34324838011672,-0.0782233168587014,1.096617752564678,0.3253364524422643,-0.840722091217181,-0.07750497713103942,-0.017985365345166628,0.09982649837318748,-0.35999995840248367,0.7434024637133685,-0.7734767507458732,-0.6517079719050528,0.0,-0.06830644867255574,0.0,0.35562733129272833,0.0,,0.0,0,0.047,0.0084,0.0096,0.0133,1.64,1.0,1,0.1024
P181,"Navira Community Health Centre, Lucknow",Community Health Centre,F181,GOV,Lucknow,26.8348,80.9482,public,Uttar Pradesh,Lucknow,Y,37,none,0,Emergency Room Packages|General Medicine|Obstetrics & Gynaecology,2019-10-30,110,103,810409.0,7367.354545454546,1,1.0679611650485437,0.90625,2.972972972972973,0.08108108108108109,0.0821917808219178,0.0273972602739726,0.10909090909090909,0.06363636363636363,0.18181818181818182,0.0,0.19090909090909092,0.00909090909090909,13.605295571425868,0.8393792677516103,-0.6038399662941009,1.4446730985437186,-0.2908592059112367,1.1811230440729727,0.34409320590257303,0.055974627530179684,-0.8575394016549466,0.11100813117418114,1.7463867913550635,0.01191493140167813,0.0,0.8780484567423482,1.3439763044009625,0.4104582680077955,0.04017857142857143,,0.0,0,0.2227,0.0072,0.0103,0.0151,0.89,1.0,0,0.0
P182,"Kelvane Community Health Centre, Gurugram",Community Health Centre,F182,GOV,Gurugram,28.4943,77.0143,public,Haryana,Gurugram,Y,24,none,0,Emergency Room Packages|General Medicine|Obstetrics & Gynaecology,2019-03-03,38,36,375760.0,9888.421052631578,1,1.0555555555555556,1.0833333333333333,1.5833333333333333,0.08333333333333333,0.0967741935483871,0.0,0.10526315789473684,0.02631578947368421,0.23684210526315788,0.0,0.15789473684210525,0.0,12.83670858197049,0.5139806543826905,2.4175999205446805,-0.3674360823978912,0.2585415163655435,-0.5851225162591269,0.4546945935141138,0.35627488817382325,-1.563824692344259,0.01808128493952594,0.023464240617724546,1.0503952683058053,0.0,0.27478045587953986,0.0,0.40373001617122667,0.04017857142857143,,0.0,0,0.0101,0.0052,0.0074,0.0074,0.55,1.0,0,0.0
P183,"Tavora Community Health Centre, Madurai",Community Health Centre,F183,GOV,Madurai,9.8762,78.1288,public,Tamil Nadu,Madurai,Y,35,none,0,Emergency Room Packages|General Medicine|Obstetrics & Gynaecology,2021-12-29,100,97,764309.0,7643.09,1,1.0309278350515463,1.125,2.857142857142857,0.08571428571428572,0.14925373134328357,0.11940298507462686,0.1,0.04,0.26,0.0,0.14,0.01,13.546728745012974,-0.1320034149185019,-0.27337740284822687,1.3065892052467178,0.38781227454831557,1.0339018350617306,0.5716160604177434,1.4370026918560805,1.5143141864808043,-0.10969312863312466,0.6552025092214157,1.4874600361854557,0.0,-0.05220828661711219,1.478373934841059,0.4226656247211796,0.04017857142857143,,0.0,0,0.0536,0.0072,0.0104,0.0106,1.08,1.0,0,0.0
P184,"Ondira Government Medical College, Ranchi",Government Medical College,F184,GOV,Ranchi,23.313,85.2435,public,Jharkhand,Ranchi,Y,861,entry,1,Burns Management|Cardiology|ENT|Emergency Room Packages|General Medicine|General Surgery|Medical Oncology|Neo-natal Care|Obstetrics & Gynaecology|Ophthalmology|Orthopaedics,2023-01-27,4871,582,74688405.0,15333.27961404229,1,8.369415807560138,0.9670781893004116,5.657375145180024,0.027874564459930314,0.0852233676975945,0.056357388316151204,0.3625538903715869,0.028946828166700883,0.17799219872716074,0.0,0.15068774378977623,0.003695339765961815,18.128835430560464,2.3381372213021097,0.0,2.132234199582965,-0.7268524540917989,2.2469377639916965,2.111676194159762,0.0,0.1952584846425871,-1.0565927654937828,0.11852741535552255,-0.4808219256692339,0.0,0.7607694528467976,-0.6735778922237206,0.448946650992905,0.04017857142857143,,0.0,0,0.9484,0.6483,0.9743,0.9743,0.95,1.36,37,0.6304
P185,"Sorinda Nursing Home, Ranchi",Nursing Home,F185,O046,Ranchi,23.3377,85.3092,private,Jharkhand,Ranchi,Y,15,none,0,Emergency Room Packages|General Medicine|General Surgery|Obstetrics & Gynaecology,2024-06-03,20,20,152220.0,7611.0,1,1.0,1.0,1.3333333333333333,0.06666666666666667,0.18181818181818182,0.09090909090909091,0.3,0.0,0.2,0.0,0.1,0.0,11.933088691238774,-0.0782233168587014,-1.4490655851483192,-1.755366086234595,-0.18561396819080614,-0.16132930491544892,-0.022381787985096244,1.5722673493777013,0.196363613674082,-0.3159460470781815,-0.7734767507458732,0.6271152182482584,0.0,-0.2679714524846421,0.0,0.388391632233036,0.04017857142857143,,0.0,0,0.0559,0.006,0.0087,0.014,1.33,1.0,0,0.0
P186,"Navira Community Health Centre, Barmer",Community Health Centre,F186,GOV,Barmer,25.7213,71.4211,public,Rajasthan,Barmer,Z,37,none,0,Emergency Room Packages|General Medicine|Obstetrics & Gynaecology,2021-09-06,50,48,402762.0,8055.24,1,1.0416666666666667,1.1176470588235294,1.3513513513513513,0.05405405405405406,0.13793103448275862,0.06896551724137931,0.16,0.06,0.2,0.0,0.1,0.02,12.906103578606439,0.14967568506748644,0.22057483752920518,-0.20382244823460144,0.36499978781017944,-0.8799738820844207,-0.9831234454359215,1.203830796218213,0.2140658669771138,1.3469351860950953,1.5785122864114254,0.35506495576999864,0.0,-0.7831242992566884,2.956747869682118,0.43022966392389805,0.04017857142857143,,0.0,0,0.0541,0.0072,0.0103,0.0147,1.06,1.0,1,0.104
P187,"Prayana Community Health Centre, Kalaburagi",Community Health Centre,F187,GOV,Kalaburagi,17.3377,76.8812,public,Karnataka,Kalaburagi,Y,24,none,0,Emergency Room Packages|General Medicine|Obstetrics & Gynaecology,2021-09-21,89,88,657317.0,7385.5842696629215,1,1.0113636363636365,0.6666666666666666,3.7083333333333335,0.08333333333333333,0.0847457627118644,0.06779661016949153,0.11235955056179775,0.0449438202247191,0.21348314606741572,0.0,0.19101123595505617,0.0,13.39592319863253,-0.6451715207111427,-0.581992063554346,0.9510326854485355,-1.034166065462175,2.115773247392958,0.4546945935141138,0.10856958843386867,0.18393212868353123,0.19036139312736988,0.8834363867290584,0.6095357603577415,0.0,0.8799149429850435,0.0,0.39670429080151864,0.04017857142857143,,0.0,0,0.0303,0.0052,0.0092,0.0134,0.94,1.0,0,0.0
P188,"Shubhra Nursing Home, Dibrugarh",Nursing Home,F188,O010,Dibrugarh,27.4677,94.935,private,Assam,Dibrugarh,Z,17,none,0,Emergency Room Packages|General Medicine|General Surgery|Obstetrics & Gynaecology,2022-03-19,25,25,240688.0,9627.52,1,1.0,0.8181818181818182,1.4705882352941178,0.058823529411764705,0.1,0.1,0.48,0.12,0.16,0.0,0.16,0.0,12.391260922685339,-0.0782233168587014,-0.3370292531384659,-1.0793290865663812,-0.6918338814384591,-0.13775747099042124,-0.02962295468615679,0.2470705834736389,0.2519999708817386,1.390162607143999,3.6817493335503566,-0.18813456547447766,0.0,0.05359429049692847,0.0,0.41586209012340164,0.04017857142857143,,0.0,0,0.0016,0.0112,0.0165,0.0265,0.86,1.0,0,0.0
P189,"Varenya Community Health Centre, Azamgarh",Community Health Centre,F189,GOV,Azamgarh,26.0601,83.1944,public,Uttar Pradesh,Azamgarh,Z,28,entry,0,Emergency Room Packages|General Medicine|Obstetrics & Gynaecology,2022-04-06,44,43,397940.0,9044.09090909091,1,1.0232558139534884,0.9411764705882353,1.5714285714285714,0.07142857142857142,0.03125,0.0,0.09090909090909091,0.045454545454545456,0.22727272727272727,0.0,0.25,0.0,12.89405903207173,-0.3332402044898796,1.4056897761309664,-0.2322200579460145,-0.18249989390508972,-0.6002535849630601,-0.12991274100403252,-0.9930856579948211,-1.563824692344259,-0.3303943884404308,0.9070142666368729,0.8697899923224788,0.0,1.9578107481417217,0.0,0.4098925466324589,0.04017857142857143,,0.0,0,0.0176,0.0084,0.0096,0.0116,1.71,1.0,0,0.0
P190,"Hridaya Nursing Home, Bengaluru",Nursing Home,F190,O034,Bengaluru,13.0399,77.5389,private,Karnataka,Bengaluru Urban,X,30,none,0,Emergency Room Packages|General Medicine|General Surgery|Obstetrics & Gynaecology,2020-09-15,51,51,535770.0,10505.29411764706,1,1.0,1.4666666666666666,1.7,0.06666666666666667,0.0,0.07142857142857142,0.37254901960784315,0.0196078431372549,0.1568627450980392,0.0,0.29411764705882354,0.0196078431372549,13.191462109954466,-0.0782233168587014,0.14703076616281593,0.1013745280206486,1.113683809144837,-0.0983588342871608,-0.022381787985096244,-1.3726143526313264,0.07714284822910362,0.3717012318566845,-0.045498632396816036,-0.2520757249821433,0.0,0.7723883042204391,2.2921942660331998,0.3875510956421401,0.04017857142857143,,0.0,0,0.0186,0.0072,0.0103,0.0151,0.9,1.0,0,0.0
P191,"Lumora Nursing Home, Gurugram",Nursing Home,F191,O038,Gurugram,28.4278,77.0345,private,Haryana,Gurugram,Y,19,none,0,Emergency Room Packages|General Medicine|General Surgery|Obstetrics & Gynaecology,2024-09-25,48,46,523738.0,10911.208333333334,1,1.0434782608695652,1.0588235294117647,2.526315789473684,0.10526315789473684,0.14285714285714285,0.14285714285714285,0.5833333333333334,0.041666666666666664,0.10416666666666667,0.0,0.10416666666666667,0.0,13.168748747611296,0.04931469975874669,0.3708774701490998,0.0678607699249781,-0.021836937434212413,0.043550695214866444,0.013252374464859608,0.9412212703757666,0.5142856548606909,2.3695953530863627,0.7734767507458732,-1.3260873885874633,0.0,-0.2456404981109219,0.0,0.3839419640412174,0.04017857142857143,,0.0,0,0.0532,0.0156,0.0156,0.0218,1.12,0.5,2,0.2147
P192,"Yantara Orthopaedic Hospital, Jaipur",Orthopaedic Hospital,F192,O033,Jaipur,26.8997,75.731,private,Rajasthan,Jaipur,Y,51,none,0,General Medicine|Orthopaedics,2023-12-10,136,132,2684548.0,19739.323529411766,1,1.0303030303030303,1.0810810810810811,2.6666666666666665,0.0392156862745098,0.18181818181818182,0.0,0.9191176470588235,0.007352941176470588,0.19852941176470587,0.0,0.11029411764705882,0.0,14.803023301611686,0.4749097911329998,0.6438194154421052,1.569391082201998,0.05445620066913394,0.3317063821344843,-0.8954448707775903,0.25817323824766364,0.0,0.73305299565204,-1.4036282784296126,0.6894324075788698,0.0,-0.7885566929359521,0.0,0.3918248628077309,0.04017857142857143,,0.0,0,0.022,0.01,0.0278,0.0332,1.11,1.0,0,0.0
P193,"Tavora Eye Hospital, Chennai",Eye Hospital,F193,O019,Chennai,13.0923,80.243,private,Tamil Nadu,Chennai,X,23,none,0,Ophthalmology,2020-01-12,1205,890,10024928.0,8319.442323651452,1,1.353932584269663,1.037162162162162,52.391304347826086,0.43478260869565216,0.0,0.0,0.06887966804979254,0.036514522821576766,0.1825726141078838,0.0016597510373443983,0.14273858921161825,0.0,16.120585448837563,0.2861017994390531,1.7137478230170773,1.381798291335408,-0.03213512031792026,1.2445815997568985,0.06271573912516207,0.0,0.0,-0.20329827530038475,0.8588229346625225,0.05315013833376035,3.128307946185992,-0.001991533106813054,0.0,0.44332660008866404,0.04017857142857143,,0.0,0,0.163,0.0077,0.0096,0.0154,1.15,1.0,0,0.0
P194,"Niramay Heart Institute, Bhopal",Heart Institute,F194,O042,Bhopal,23.235,77.4036,private,Madhya Pradesh,Bhopal,Y,104,none,0,Cardiology|General Medicine,2024-10-29,280,261,12930632.0,46180.828571428574,1,1.0727969348659003,0.8554216867469879,2.6923076923076925,0.11538461538461539,0.061224489795918366,0.061224489795918366,0.825,0.025,0.20714285714285716,0.0,0.39285714285714285,0.007142857142857143,16.375109705466212,-0.0534443523261906,1.6097704224869773,1.2765574757027531,-1.0074809462043344,1.8211244500946,2.320211700772638,-0.2796649523972026,0.025335652717217043,1.8487175935633597,0.14417445623130815,0.5865814386332138,0.0,2.353757827866949,2.1486348307351664,0.47463418450355516,0.4,,0.0,0,0.5542,0.9335,0.987,0.9911,1.22,2.08,86,1.0
P195,"Ambara Community Health Centre, Mumbai",Community Health Centre,F195,GOV,Mumbai,19.0816,72.8716,public,Maharashtra,Mumbai Suburban,X,30,none,0,Emergency Room Packages|General Medicine|Obstetrics & Gynaecology,2024-01-18,61,56,559754.0,9176.295081967213,1,1.0892857142857142,1.15,2.033333333333333,0.06666666666666667,0.125,0.1,0.16393442622950818,0.0,0.29508196721311475,0.0,0.18032786885245902,0.0,13.235254466980285,1.398721294148186,1.5641334189296936,0.5722215844128716,0.4653747294579784,-0.013168119250450304,-0.3637556748112909,0.9375378926772393,1.0141166186717319,1.4424517968969452,-1.1914170451586041,2.1495708209092474,0.0,0.6846988408801652,0.0,0.4227602175866693,0.04017857142857143,,0.0,0,0.079,0.0072,0.0101,0.0138,1.0,1.0,0,0.0
P196,"Avanta Dialysis Centre, Bhopal",Dialysis Centre,F196,O003,Bhopal,23.2832,77.4364,private,Madhya Pradesh,Bhopal,Y,16,none,0,General Medicine,2022-10-27,635,30,1423135.0,2241.1574803149606,1,21.166666666666668,0.9418604651162791,39.6875,0.375,0.12,0.08,0.0,0.03307086614173228,0.1763779527559055,0.0,0.14015748031496064,0.0,14.168373445238869,-0.31619732132791367,-0.19398733931401405,-0.032134361656976716,-0.6518262762086178,0.032661950880609754,-0.04007771427943317,0.3901767334791975,1.0839142295606736,0.0,0.190416782684476,-0.19773379166699487,0.0,-0.9064394334875217,0.0,0.35937084277671794,0.0,,0.0,0,0.0455,0.0066,0.007,0.0081,0.94,1.0,0,0.0
P197,"Daruna District Hospital, Amroha",District Hospital,F197,GOV,Amroha,28.9041,78.4613,public,Uttar Pradesh,Amroha,Z,199,none,0,Burns Management|Emergency Room Packages|General Medicine|General Surgery|Neo-natal Care|Obstetrics & Gynaecology|Ophthalmology|Orthopaedics,2023-07-25,692,373,7515734.0,10860.887283236994,1,1.8552278820375334,0.9606741573033708,3.477386934673367,0.04020100502512563,0.07913669064748201,0.050359712230215826,0.3222543352601156,0.030346820809248554,0.16618497109826588,0.0,0.13728323699421965,0.001445086705202312,15.832509380777893,0.8632384732513204,-0.9810599982199159,1.1743793066797819,-0.20973625880487767,1.604111086634517,1.7081192096211817,-0.27148227841596106,-0.5758320561529017,-0.7278235809080105,0.010737275524526637,-0.3303892257043268,0.0,-0.5388098016246976,-0.7179507638420681,0.3933870376668522,0.04017857142857143,,0.0,0,0.2938,0.0066,0.0072,0.0103,0.82,1.0,1,0.0298
P198,"Devanta Nursing Home, Lucknow",Nursing Home,F198,O031,Lucknow,26.8699,80.9119,private,Uttar Pradesh,Lucknow,Y,17,none,0,Emergency Room Packages|General Medicine|General Surgery|Obstetrics & Gynaecology,2023-03-27,772,619,5647771.0,7315.765544041451,1,1.247172859450727,0.3855855855855856,45.411764705882355,10.647058823529411,0.08827404479578392,0.10540184453227931,0.007772020725388601,0.03626943005181347,0.12953367875647667,0.0,0.0051813471502590676,0.0,15.54677168906844,0.6468272170295055,-1.6118764878356564,3.5766537175228126,-1.8962724317871547,7.408596789864854,9.745952091745583,0.057147053416534775,0.2850592555993316,-3.0857942940019294,0.5730941728324345,-0.8090761105897225,0.0,-0.7761452950202847,0.0,0.639431223067404,1.0,,0.0,0,1.0,0.8585,0.8585,0.991,1.02,1.01,748,1.0
P199,"Kelvane Nursing Home, Madurai",Nursing Home,F199,O006,Madurai,9.9163,78.1051,private,Tamil Nadu,Madurai,Y,25,none,0,Emergency Room Packages|General Medicine|General Surgery|Obstetrics & Gynaecology,2022-12-12,70,70,678413.0,9691.614285714286,1,1.0,1.173913043478261,2.8,0.08,0.05555555555555555,0.05555555555555555,0.3142857142857143,0.04285714285714286,0.15714285714285714,0.0,0.12857142857142856,0.0,13.427513000039347,-0.0782233168587014,-0.3016836208667773,0.44966961128696326,0.2985963836112972,0.09055257759770349,-0.010071804593293309,-0.47278938812856797,-0.019999997689026883,-0.18054059833038938,0.817675422217066,-0.24636669288324464,0.0,-0.11484490820770381,0.0,0.3440419047523519,0.0,,0.0,0,0.0407,0.0099,0.011,0.0116,1.2,1.0,0,0.0
P200,"Yantara Multispecialty Hospital, Lucknow",Multispecialty Hospital,F200,O056,Lucknow,26.8397,80.9269,private,Uttar Pradesh,Lucknow,Y,46,none,0,Cardiology|ENT|Emergency Room Packages|General Medicine|General Surgery|Neo-natal Care|Obstetrics & Gynaecology|Orthopaedics,2022-03-12,115,100,1462129.0,12714.165217391304,1,1.15,0.7941176470588235,2.5,0.043478260869565216,0.044444444444444446,0.022222222222222223,0.4,0.017391304347826087,0.12173913043478261,0.0,0.12173913043478261,0.0,14.195404834627421,-0.33910811011236,0.0746843706358589,-1.0576088923748659,-1.0548483174357095,0.6807512255323128,0.232921397653955,-0.5338115458851864,-1.0641838033237432,-0.09943510410355058,-0.6512588251211217,-1.901206214777388,0.0,-0.20943555784261117,-0.6315359191344088,0.40934969059953014,0.04017857142857143,,0.0,0,0.2814,0.025,0.025,0.025,0.96,0.5,4,0.2351
P201,"Yantara Community Health Centre, Madurai",Community Health Centre,F201,GOV,Madurai,9.9853,78.1522,public,Tamil Nadu,Madurai,Y,27,none,0,Emergency Room Packages|General Medicine|Obstetrics & Gynaecology,2021-02-19,59,58,482709.0,8181.5084745762715,1,1.0172413793103448,1.0526315789473684,2.185185185185185,0.07407407407407407,0.175,0.125,0.1016949152542373,0.05084745762711865,0.1864406779661017,0.0,0.13559322033898305,0.0,13.08717133823532,-0.49099857131443037,0.37190468323098924,0.22308374988947344,0.16328937875718533,0.17983706821749829,0.0,1.9672037863690046,1.6586019464257291,-0.06854543612667774,1.1559806934600652,0.09915646302074259,0.0,-0.13273293207740472,0.0,0.3838017433622264,0.04017857142857143,,0.0,0,0.0324,0.0052,0.0076,0.0095,0.83,1.0,0,0.0
P202,"Ketaya Community Health Centre, Ahmedabad",Community Health Centre,F202,GOV,Ahmedabad,23.0318,72.5255,public,Gujarat,Ahmedabad,X,28,none,0,Emergency Room Packages|General Medicine|Obstetrics & Gynaecology,2019-03-27,45,44,403563.0,8968.066666666668,1,1.0227272727272727,1.0833333333333333,1.6071428571428572,0.07142857142857142,0.05714285714285714,0.08571428571428572,0.13333333333333333,0.022222222222222223,0.2,0.0,0.1111111111111111,0.0,12.908090366258307,-0.34710381854415967,1.3145764803200928,-0.1991381689091315,0.2585415163655435,-0.5548603788512603,-0.12991274100403252,-0.4598658201901568,0.6458392885265901,0.699544823993664,-0.16551729272525983,0.35506495576999864,0.0,-0.580092073523473,0.0,0.3651699282834191,0.04017857142857143,,0.0,0,0.034,0.0052,0.0094,0.0147,1.09,1.0,0,0.0
P203,"Velora Nursing Home, Lucknow",Nursing Home,F203,O071,Lucknow,26.8387,80.9823,private,Uttar Pradesh,Lucknow,Y,31,none,0,Emergency Room Packages|General Medicine|General Surgery|Obstetrics & Gynaecology,2024-03-14,438,144,4990980.0,11394.931506849314,1,3.0416666666666665,1.75,14.129032258064516,0.2903225806451613,0.07009345794392523,0.04672897196261682,0.3995433789954338,0.0228310502283105,0.19406392694063926,0.0,0.8835616438356164,0.0,15.423143041592166,5.910749380135634,0.6376329417461464,3.3942386033439718,1.9025431739557632,2.03617392228874,0.18410825600643682,-0.2373211731185004,-0.07401868303602469,0.6275640661141966,0.07416900349617962,0.5061306613031031,0.0,3.931471583713037,0.0,0.5395525594162965,1.0,N01,1.0,1,0.712,0.3099,0.3507,0.9942,1.1,1.1,438,1.0
P204,"Ondira Community Health Centre, Raipur",Community Health Centre,F204,GOV,Raipur,21.228,81.6571,public,Chhattisgarh,Raipur,Y,37,none,0,Emergency Room Packages|General Medicine|Obstetrics & Gynaecology,2021-04-23,76,73,539664.0,7100.8421052631575,1,1.0410958904109588,1.0833333333333333,2.054054054054054,0.05405405405405406,0.05660377358490566,0.05660377358490566,0.13157894736842105,0.02631578947368421,0.17105263157894737,0.0,0.18421052631578946,0.0,13.198703855660767,0.13470424797233754,-0.9232489604005977,0.4860456547525742,0.2585415163655435,0.01316811925044974,-0.9831234454359215,-0.4709673392596097,-0.104612629505019,0.6569533528027802,0.023464240617724546,-0.1912660040795642,0.0,0.7556462536687346,0.0,0.36089378029113817,0.04017857142857143,,0.0,0,0.1311,0.0052,0.0068,0.0079,0.5,1.0,0,0.0
P205,"Zentara Community Health Centre, Balaghat",Community Health Centre,F205,GOV,Balaghat,21.8011,80.1639,public,Madhya Pradesh,Balaghat,Z,34,none,0,Emergency Room Packages|General Medicine|Obstetrics & Gynaecology,2024-11-08,58,55,431993.0,7448.1551724137935,1,1.0545454545454545,1.3636363636363635,1.7058823529411764,0.058823529411764705,0.0,0.0,0.1206896551724138,0.017241379310344827,0.22413793103448276,0.0,0.13793103448275862,0.0,12.976166978240906,0.48748574752339974,-0.5070022841142594,-0.038632910202524545,1.1281811623223723,-0.42936151489510826,-0.7489087422585402,-1.6366268415521745,-1.563824692344259,0.39259249713522704,-0.39546034068445773,0.8106261950175963,0.0,-0.09001428727088365,0.0,0.41001494563773183,0.04017857142857143,,0.0,0,0.0052,0.0052,0.0092,0.0112,0.69,1.0,0,0.0
P206,"Ketaya Community Health Centre, Bengaluru",Community Health Centre,F206,GOV,Bengaluru,13.0026,77.6011,public,Karnataka,Bengaluru Urban,X,23,none,0,Emergency Room Packages|General Medicine|Obstetrics & Gynaecology,2024-08-17,71,70,596516.0,8401.633802816901,1,1.0142857142857142,1.1904761904761905,3.0869565217391304,0.08695652173913043,0.15555555555555556,0.022222222222222223,0.08450704225352113,0.028169014084507043,0.22535211267605634,0.0,0.19718309859154928,0.0,13.298863019694892,-0.5685255401539216,0.6357197967776997,0.7221924321398475,0.5909520374069571,1.3259972483028766,0.6326185648892019,1.5667781610444294,-0.9909488454518167,-0.4858178108399422,0.10901926074281823,0.833541750311741,0.0,0.9926927737056616,0.0,0.3958656863371611,0.04017857142857143,,0.0,0,0.0244,0.0052,0.0067,0.0072,0.52,1.0,0,0.0
P207,"Varenya Nursing Home, Sidhi",Nursing Home,F207,O039,Sidhi,24.4204,81.8805,private,Madhya Pradesh,Sidhi,Z,29,none,0,Emergency Room Packages|General Medicine|General Surgery|Obstetrics & Gynaecology,2021-03-05,47,43,483585.0,10289.04255319149,1,1.0930232558139534,0.6190476190476191,1.6206896551724137,0.06896551724137931,0.0,0.16666666666666666,0.425531914893617,0.0425531914893617,0.1702127659574468,0.0,0.10638297872340426,0.02127659574468085,13.08898444775865,0.19464871869490846,0.027776012166543126,-0.04983212862273322,-1.2462652149954128,-0.11197940630393786,-0.020259377055475047,-1.3726143526313264,0.6599999237378866,0.873893321705609,0.8063906550329316,0.020014315476007974,0.0,-0.233762330890858,2.487274629099855,0.4033305653335465,0.04017857142857143,,0.0,0,0.0491,0.006,0.0089,0.0145,1.36,1.0,0,0.0
P208,"Rivaan Nursing Home, Azamgarh",Nursing Home,F208,O041,Azamgarh,26.0304,83.1794,private,Uttar Pradesh,Azamgarh,Z,29,none,0,Emergency Room Packages|General Medicine|General Surgery|Obstetrics & Gynaecology,2023-10-30,110,100,1006570.0,9150.636363636364,1,1.1,0.625,3.793103448275862,0.10344827586206896,0.0847457627118644,0.03389830508474576,0.3,0.01818181818181818,0.16363636363636364,0.0,0.11818181818181818,0.01818181818181818,13.822060063054428,0.21511412136142966,-0.6000129725051664,1.031827137216661,-1.229692539264091,0.2611058271990857,0.011576786888842878,0.0,-0.1525423552552897,-0.3159460470781815,-0.09844249554947476,-0.11402094877241084,0.0,-0.17052728794477226,2.1254892285035125,0.3800332703809553,0.04017857142857143,,0.0,0,0.0285,0.0072,0.0075,0.0097,1.04,1.0,0,0.0
P209,"Prayana District Hospital, Jaipur",District Hospital,F209,GOV,Jaipur,26.8807,75.7369,public,Rajasthan,Jaipur,Y,318,entry,0,Burns Management|Emergency Room Packages|General Medicine|General Surgery|Neo-natal Care|Obstetrics & Gynaecology|Ophthalmology|Orthopaedics,2021-05-17,368,302,4383844.0,11912.619565217392,1,1.218543046357616,1.0919540229885059,1.1572327044025157,0.012578616352201259,0.08053691275167785,0.06040268456375839,0.32608695652173914,0.03260869565217391,0.17391304347826086,0.0,0.14945652173913043,0.008152173913043478,15.29343675114554,-0.07375072381229571,0.334216500457496,0.13578914004406628,0.8569690233832027,-0.8021169703611113,-1.4964843138379285,-0.20780471078888224,0.0,-0.551429297540174,0.2510200899652899,0.10243041588682728,0.0,0.05068308373025571,0.9626511848642323,0.3794603783097622,0.04017857142857143,,0.0,0,0.041,0.0066,0.0126,0.0126,1.0,1.0,1,0.0349
P210,"Udayam Community Health Centre, Jaipur",Community Health Centre,F210,GOV,Jaipur,26.9057,75.7905,public,Rajasthan,Jaipur,Y,32,none,0,Emergency Room Packages|General Medicine|Obstetrics & Gynaecology,2021-09-25,31,31,218933.0,7062.354838709677,1,1.0,0.8888888888888888,0.96875,0.0625,0.18181818181818182,0.09090909090909091,0.03225806451612903,0.06451612903225806,0.22580645161290322,0.0,0.06451612903225806,0.0,12.296525593514602,-0.9432392228781316,-0.9693750590057052,-1.641033692296307,-0.34472202182072514,-1.3662639380996808,-0.5683682418926421,2.1076127718724273,0.779758317670278,-1.7542734839714376,1.787001590938202,0.8421166032605175,0.0,-1.4315175362756674,0.0,0.47107198809607936,0.07692307692307693,,0.0,0,0.0094,0.0094,0.0196,0.0229,0.5,1.0,0,0.0
P211,"Yantara Nursing Home, Ranchi",Nursing Home,F211,O019,Ranchi,23.3848,85.294,private,Jharkhand,Ranchi,Y,27,entry,0,Emergency Room Packages|General Medicine|General Surgery|Obstetrics & Gynaecology,2023-05-20,34,32,373638.0,10989.35294117647,1,1.0625,1.1818181818181819,1.2592592592592593,0.07407407407407407,0.1,0.0,0.5,0.029411764705882353,0.14705882352941177,0.0,0.17647058823529413,0.029411764705882353,12.831045369610225,0.10511258202888035,0.41397133635039196,-0.4304234183613025,0.32060594505684725,-0.17405061211308284,-0.015542908322983506,0.2470705834736389,-0.35999995840248367,1.5797302353909082,0.31849042677771255,-0.4518918484435981,0.0,0.141867239550693,3.4382913990498,0.39428836358916375,0.04017857142857143,,0.0,0,0.0903,0.0273,0.0273,0.0273,0.82,2.0,1,0.1416
P212,"Lumora Orthopaedic Hospital, Kochi",Orthopaedic Hospital,F212,O011,Kochi,9.9438,76.2781,private,Kerala,Ernakulam,Y,29,none,0,General Medicine|Orthopaedics,2024-08-09,82,82,1357403.0,16553.69512195122,1,1.0,1.6111111111111112,2.8275862068965516,0.10344827586206896,0.1875,0.0,0.8048780487804879,0.012195121951219513,0.13414634146341464,0.0,0.12195121951219512,0.024390243902439025,14.121084610057531,-1.2196637230018206,-0.723080461399414,0.08335597888674495,1.7796007116105548,0.5515600092392523,1.6395523155446639,0.31238961827967293,0.0,-1.9750649436289096,-1.0014017970549436,-1.09318365366948,0.0,-0.47386661791010765,2.904025586153275,0.4733117843420059,0.07692307692307693,,0.0,0,0.0177,0.0057,0.0152,0.0166,0.56,1.0,0,0.0
P213,"Daruna Nursing Home, Lucknow",Nursing Home,F213,O048,Lucknow,26.8249,80.9059,private,Uttar Pradesh,Lucknow,Y,26,none,0,Emergency Room Packages|General Medicine|General Surgery|Obstetrics & Gynaecology,2022-01-19,38,38,366006.0,9631.736842105263,1,1.0,0.9333333333333333,1.4615384615384615,0.07692307692307693,0.16666666666666666,0.0,0.23684210526315788,0.02631578947368421,0.21052631578947367,0.0,0.15789473684210525,0.02631578947368421,12.81040773788367,-0.0782233168587014,-0.33470382039919166,-0.4608744183894536,-0.3712279363816123,-0.1393116578426209,-0.012912569991401675,1.3268605408769487,-0.35999995840248367,-0.9145806625947361,0.20354651335417714,0.8416546350173991,0.0,0.04231128197125927,3.076365988623505,0.395359761788312,0.04017857142857143,,0.0,0,0.1316,0.0084,0.0084,0.0249,1.5,1.0,0,0.0
P214,"Hridaya Multispecialty Hospital, Balaghat",Multispecialty Hospital,F214,O015,Balaghat,21.8073,80.2054,private,Madhya Pradesh,Balaghat,Z,100,none,0,Cardiology|ENT|Emergency Room Packages|General Medicine|General Surgery|Neo-natal Care|Obstetrics & Gynaecology|Orthopaedics,2024-02-05,139,113,1792820.0,12897.98561151079,1,1.2300884955752212,1.2352941176470589,1.39,0.03,0.12,0.1,0.4748201438848921,0.02158273381294964,0.14388489208633093,0.0,0.18705035971223022,0.0,14.399300914921001,-0.05340579954302066,0.19350362113657368,-0.6491156165871194,1.0437446509363868,-0.4987748003656264,-0.5510254778784991,0.3627345926255965,1.4965084734240142,1.3350414606708834,-0.29832487741799946,-1.094219404188425,0.0,0.2787451669128279,-0.6315359191344088,0.394385361828181,0.04017857142857143,,0.0,0,0.0243,0.0085,0.0357,0.0388,0.9,1.0,1,0.0528
P215,"Shubhra Nursing Home, Chennai",Nursing Home,F215,O042,Chennai,13.0798,80.2894,private,Tamil Nadu,Chennai,X,29,none,0,Emergency Room Packages|General Medicine|General Surgery|Obstetrics & Gynaecology,2020-01-19,76,71,835671.0,10995.671052631578,1,1.0704225352112675,0.8518518518518519,2.6206896551724137,0.06896551724137931,0.1282051282051282,0.02564102564102564,0.2894736842105263,0.013157894736842105,0.19736842105263158,0.0,0.09210526315789473,0.0,13.635991470581992,0.1283523438597003,0.41745554155925063,0.7572813564948455,-0.5980894530592643,0.059758240864120606,-0.020259377055475047,0.7039047962211928,-0.20307689961165745,-0.4157184829976071,-0.284965118695848,0.573480364055973,0.0,-0.31028273445590143,0.0,0.3528438071261973,0.0,,0.0,0,0.0537,0.0052,0.0074,0.0074,0.71,1.0,1,0.0766
P216,"Prayana Nursing Home, Guwahati",Nursing Home,F216,O064,Guwahati,26.0877,91.7818,private,Assam,Kamrup Metropolitan,Y,11,none,0,Emergency Room Packages|General Medicine|General Surgery|Obstetrics & Gynaecology,2020-11-29,43,36,422348.0,9822.046511627907,1,1.1944444444444444,0.7647058823529411,3.909090909090909,0.18181818181818182,0.19230769230769232,0.038461538461538464,0.3023255813953488,0.0,0.13953488372093023,0.0,0.11627906976744186,0.0,12.953587265448329,0.4921550352359973,-0.22975506370847326,-0.2496118154090871,-0.840722091217181,0.28102524082045927,0.0839317049441109,1.742164370647453,-0.12461537021624433,-0.2939032996076108,-0.7734767507458732,-0.6052391059837845,0.0,-0.1807249330710377,0.0,0.3671314450067335,0.04017857142857143,,0.0,0,0.0617,0.0123,0.0123,0.0177,1.36,0.5,2,0.234
P217,"Mirava Nursing Home, Bengaluru",Nursing Home,F217,O021,Bengaluru,12.9669,77.5752,private,Karnataka,Bengaluru Urban,X,25,none,0,Emergency Room Packages|General Medicine|General Surgery|Obstetrics & Gynaecology,2024-05-09,30,30,320301.0,10676.7,1,1.0,0.7272727272727273,1.2,0.04,0.2,0.06666666666666667,0.3,0.0,0.13333333333333333,0.0,0.2,0.0,12.677019579723869,-0.0782233168587014,0.24155478213918968,-0.6576897730627727,-0.9449438380622859,-0.18422765787119003,-0.0470017547687021,1.866755519578604,0.047999994453664485,-0.3159460470781815,-0.7734767507458732,-0.7316344212896351,0.0,0.2679714524846422,0.0,0.3708593792080128,0.04017857142857143,,0.0,0,0.0111,0.0102,0.0134,0.0229,0.5,1.0,0,0.0
P218,"Charvi District Hospital, Ludhiana",District Hospital,F218,GOV,Ludhiana,30.8874,75.8288,public,Punjab,Ludhiana,Y,229,none,0,Burns Management|Emergency Room Packages|General Medicine|General Surgery|Neo-natal Care|Obstetrics & Gynaecology|Ophthalmology|Orthopaedics,2024-09-14,692,360,7577451.0,10950.073699421966,1,1.9222222222222223,1.0457142857142858,3.021834061135371,0.034934497816593885,0.07011070110701106,0.05904059040590406,0.3627167630057804,0.02601156069364162,0.2023121387283237,0.0,0.13005780346820808,0.005780346820809248,15.840687553350977,0.9618319523160808,-0.8695251530704708,1.1901355687278987,0.4812513020099959,1.131657966298572,1.0971268817445332,-0.6819550581573798,-0.07809814201832506,1.134437377926193,-0.449804785486936,1.6929546272624494,0.0,-0.8887023529321543,0.36833995710158274,0.41118146496836333,0.04017857142857143,,0.0,0,0.1761,0.1655,0.8517,0.8517,1.04,1.75,5,0.1489
P219,"Shubhra Heart Institute, Bhopal",Heart Institute,F219,O021,Bhopal,23.2534,77.4368,private,Madhya Pradesh,Bhopal,Y,145,none,0,Cardiology|General Medicine,2023-01-01,358,319,13598097.0,37983.51117318436,1,1.1222570532915361,1.02,2.4689655172413794,0.034482758620689655,0.043010752688172046,0.08602150537634409,0.7402234636871509,0.0223463687150838,0.17597765363128492,0.0,0.13966480446927373,0.00558659217877095,16.42544048798477,0.8848441314223519,-0.2958591169519109,1.3311008775779782,-0.23049836399992227,1.5470874878326524,-0.02728837645661424,-0.7615533005872085,0.5486667158330661,0.053863989022683086,-0.14417445623130778,-0.187573504725955,0.0,0.1076944957104787,1.6804965156587894,0.3901949233316693,0.04017857142857143,,0.0,0,0.161,0.0066,0.0169,0.0242,0.9,1.0,0,0.0
P220,"Devanta Nursing Home, Guwahati",Nursing Home,F220,O051,Guwahati,26.1111,91.7083,private,Assam,Kamrup Metropolitan,Y,34,none,0,Emergency Room Packages|General Medicine|General Surgery|Obstetrics & Gynaecology,2020-05-06,66,56,696333.0,10550.5,1,1.1785714285714286,2.0,1.9411764705882353,0.058823529411764705,0.12903225806451613,0.03225806451612903,0.3939393939393939,0.0,0.12121212121212122,0.0,0.16666666666666666,0.0,13.453584709266018,0.44559353710581795,0.1719601413225133,0.48813863859176587,2.5985955546712867,-0.05693975467604081,-0.02962295468615679,0.7173016939557254,-0.1625806263753152,0.5744473583239665,-0.7734767507458732,-0.9786798102965246,0.0,0.08932381749488069,0.0,0.3850519919784778,0.04017857142857143,,0.0,0,0.0432,0.0138,0.0138,0.0138,0.95,0.5,1,0.0846
P221,"Hridaya Multispecialty Hospital, Raipur",Multispecialty Hospital,F221,O034,Raipur,21.2592,81.604,private,Chhattisgarh,Raipur,Y,88,none,0,Cardiology|ENT|Emergency Room Packages|General Medicine|General Surgery|Neo-natal Care|Obstetrics & Gynaecology|Orthopaedics,2021-07-11,140,122,1647660.0,11769.0,1,1.1475409836065573,0.9347826086956522,1.5909090909090908,0.03409090909090909,0.16666666666666666,0.05555555555555555,0.2785714285714286,0.03571428571428571,0.2,0.0,0.1357142857142857,0.0,14.314867264408113,-0.34788023974581755,-0.5362588452555223,-0.8182732503928616,-0.38573171882431617,-0.28528155571088065,-0.3130826578855109,0.9164836781763741,0.03325574385386696,-2.427503869599422,0.8916043439158209,0.9506031073886948,0.0,-0.10497570448515127,-0.6315359191344088,0.40680528276921224,0.04017857142857143,,0.0,0,0.4121,0.6689,0.9603,0.9855,1.1,0.87,43,1.0
P222,"Avanta Dialysis Centre, Bhopal",Dialysis Centre,F222,O019,Bhopal,23.2456,77.4005,private,Madhya Pradesh,Bhopal,Y,16,none,0,General Medicine,2022-02-07,287,10,609323.0,2123.076655052265,1,28.7,1.025974025974026,17.9375,0.25,0.0,0.0,0.0,0.020905923344947737,0.1986062717770035,0.0,0.1602787456445993,0.0,13.32010542492416,1.5375617456230195,-1.0736574585903775,-1.890136794377415,0.3780371253463866,-2.0339487593834256,-1.7233417140156322,-1.134234690346504,-0.5725451429662024,0.0,-1.4052173818504103,1.8458367062719978,0.0,0.9944380057773305,0.0,0.4851313930186383,0.4,,0.0,0,0.0372,0.007,0.0112,0.015,0.78,1.0,0,0.0
P223,"Shubhra Community Health Centre, Madurai",Community Health Centre,F223,GOV,Madurai,9.9048,78.0857,public,Tamil Nadu,Madurai,Y,27,entry,0,Emergency Room Packages|General Medicine|Obstetrics & Gynaecology,2021-05-05,51,50,442370.0,8673.921568627451,1,1.02,1.4,1.8888888888888888,0.07407407407407407,0.05263157894736842,0.0,0.11764705882352941,0.0392156862745098,0.13725490196078433,0.0,0.1568627450980392,0.0,12.999904175504597,-0.41864006706423534,0.9620503850331571,0.017332639151668182,1.2409992785546096,-0.19675841952484027,0.0,-0.5527680060871583,-1.563824692344259,0.3187269639339987,0.6189942826649446,-0.8291390498932246,0.0,0.255922973613297,0.0,0.37678087613853073,0.04017857142857143,,0.0,0,0.0332,0.0072,0.0082,0.0088,0.95,1.0,0,0.0
P224,"Lumora Orthopaedic Hospital, Kalaburagi",Orthopaedic Hospital,F224,O012,Kalaburagi,17.3836,76.8729,private,Karnataka,Kalaburagi,Y,17,none,0,General Medicine|Orthopaedics,2022-03-24,52,52,855753.0,16456.78846153846,1,1.0,0.7777777777777778,3.0588235294117645,0.11764705882352941,0.125,0.0,0.8461538461538461,0.019230769230769232,0.15384615384615385,0.0,0.19230769230769232,0.019230769230769232,13.65973823064385,-1.2196637230018206,-0.764661488826563,-0.9219791386055354,-0.9327369755636339,0.8674841288603894,2.1999201146264253,-0.28399056207243,0.0,-0.9965975031834807,-0.41697015745072363,-0.5477420990385298,0.0,1.4254462609441014,2.2897124813900827,0.4429965131525768,0.04017857142857143,,0.0,0,0.0295,0.0052,0.0092,0.0112,0.5,1.0,0,0.0
P225,"Sorinda Multispecialty Hospital, Bengaluru",Multispecialty Hospital,F225,O051,Bengaluru,12.9568,77.6186,private,Karnataka,Bengaluru Urban,X,50,none,0,Cardiology|ENT|Emergency Room Packages|General Medicine|General Surgery|Neo-natal Care|Obstetrics & Gynaecology|Orthopaedics,2022-09-20,66,55,943684.0,14298.242424242424,1,1.2,0.7916666666666666,1.32,0.06,0.19230769230769232,0.038461538461538464,0.36363636363636365,0.0,0.10606060606060606,0.0,0.15151515151515152,0.0,13.75754770300125,-0.16074147423205407,1.098612468249286,-1.9348287671633695,-1.0665071672599988,-0.5731593245213521,1.1938885354034148,1.2207414174899884,-0.5295337675192663,-0.7966107771932235,-2.1156713245460166,-2.472528284369583,0.0,0.013130755977593219,-0.6315359191344088,0.45661397760716277,0.07692307692307693,,0.0,0,0.2723,0.2783,0.8362,0.971,0.71,1.67,23,0.952
P226,"Ketaya Nursing Home, Prayagraj",Nursing Home,F226,O030,Prayagraj,25.397,81.7846,private,Uttar Pradesh,Prayagraj,Y,12,none,0,Emergency Room Packages|General Medicine|General Surgery|Obstetrics & Gynaecology,2019-10-26,25,25,302385.0,12095.4,1,1.0,1.0909090909090908,2.0833333333333335,0.08333333333333333,0.16666666666666666,0.08333333333333333,0.44,0.08,0.12,0.0,0.04,0.0,12.619459625919513,-0.0782233168587014,1.02391545509179,-0.7426199713597771,0.06749598843302024,-0.03252606953940502,-0.006994308745342581,1.3268605408769487,0.1499999826677015,1.0110273506501812,2.19667397211828,-1.0033843491972139,0.0,-0.5895371954662126,0.0,0.3928274668013408,0.04017857142857143,,0.0,0,0.057,0.0071,0.0108,0.0146,1.2,1.0,0,0.0
P227,"Navira Heart Institute, Barmer",Heart Institute,F227,O065,Barmer,25.7846,71.3255,private,Rajasthan,Barmer,Z,143,none,0,Cardiology|General Medicine,2020-09-10,185,161,6860331.0,37082.87027027027,1,1.1490683229813665,1.1875,1.2937062937062938,0.02097902097902098,0.14285714285714285,0.02040816326530612,0.7351351351351352,0.016216216216216217,0.1783783783783784,0.0,0.1945945945945946,0.0,15.741266395032453,1.3934701999682202,-0.505231015786474,0.5896623257184525,0.5602776498431844,0.10506487212084224,-0.4191214742951779,1.8801237888881253,-0.8360765396681628,-0.05386398902268074,-0.8102891558604516,-0.1279386324583317,0.0,0.5949753835489274,0.0,0.38274763334156686,0.04017857142857143,,0.0,0,0.0762,0.0105,0.0471,0.0471,1.15,1.0,0,0.0
P228,"Ondira Government Medical College, Ahmedabad",Government Medical College,F228,GOV,Ahmedabad,23.0603,72.5504,public,Gujarat,Ahmedabad,X,656,none,1,Burns Management|Cardiology|ENT|Emergency Room Packages|General Medicine|General Surgery|Medical Oncology|Neo-natal Care|Obstetrics & Gynaecology|Ophthalmology|Orthopaedics,2023-07-20,1518,858,24253735.0,15977.427536231884,1,1.7692307692307692,1.0082872928176796,2.3140243902439024,0.01676829268292683,0.07568807339449542,0.05963302752293578,0.3932806324110672,0.026350461133069828,0.1857707509881423,0.0,0.14163372859025034,0.003952569169960474,17.004081225337128,-0.07653311571610624,0.7395540705489736,0.07640175621567682,0.0,0.0,0.04289006841323296,-0.5788246337324735,0.5918181673152628,1.01719396264243,-0.500263183563038,0.6597027292802975,0.0,-1.6057089479651154,-0.20838563583771333,0.38125459258913463,0.04017857142857143,,0.0,0,0.2275,0.0079,0.0097,0.0525,1.13,1.33,6,0.1598
P229,"Ondira Orthopaedic Hospital, Kochi",Orthopaedic Hospital,F229,O064,Kochi,9.899,76.2849,private,Kerala,Ernakulam,Y,18,none,0,General Medicine|Orthopaedics,2022-08-25,54,52,741352.0,13728.74074074074,1,1.0384615384615385,0.75,3.0,0.1111111111111111,0.16666666666666666,0.0,0.8888888888888888,0.037037037037037035,0.2037037037037037,0.0,0.12962962962962962,0.0,13.516232174109597,0.9311411218616119,-1.9352211450762298,-1.234697921377972,-1.0231482318027736,0.7871174668515039,1.9419730325094238,0.11359622482897186,0.0,0.016462220510019332,1.0621469551278573,0.8326964034225163,0.0,-0.2665835827363892,0.0,0.4078743707769755,0.04017857142857143,,0.0,0,0.013,0.0059,0.0092,0.0138,1.15,1.0,0,0.0
P230,"Ondira District Hospital, Raipur",District Hospital,F230,GOV,Raipur,21.235,81.6504,public,Chhattisgarh,Raipur,Y,160,none,0,Burns Management|Emergency Room Packages|General Medicine|General Surgery|Neo-natal Care|Obstetrics & Gynaecology|Ophthalmology|Orthopaedics,2019-05-28,483,374,5624714.0,11645.370600414079,1,1.2914438502673797,0.9769230769230769,3.01875,0.0375,0.11940298507462686,0.04477611940298507,0.33954451345755693,0.031055900621118012,0.16770186335403728,0.0,0.15113871635610765,0.002070393374741201,15.542680838104493,0.03353511353257559,0.0,0.6159887338988126,-0.07770680937078496,1.1284594916727906,1.394762883964861,1.5596984169844639,-0.8959774903573133,0.06794735085055599,0.0860640308452422,-0.2454339185859689,0.0,0.13214357523030387,-0.5612670090613758,0.38418036169213343,0.04017857142857143,,0.0,0,0.3469,0.0093,0.0107,0.0151,1.22,1.0,3,0.0968
P231,"Shubhra Nursing Home, Patna",Nursing Home,F231,O042,Patna,25.5826,85.1822,private,Bihar,Patna,Y,32,none,0,Emergency Room Packages|General Medicine|General Surgery|Obstetrics & Gynaecology,2019-06-26,83,75,849810.0,10238.674698795181,1,1.1066666666666667,0.9310344827586207,2.59375,0.09375,0.07692307692307693,0.1282051282051282,0.39759036144578314,0.012048192771084338,0.1566265060240964,0.0,0.14457831325301204,0.0,13.652769250801242,0.23466995057610485,0.0,0.7820371130030562,-0.37762841804336433,0.055131687869291464,0.0026228657795034633,-0.12670286331981462,0.4246153355516473,0.6090526208736033,-0.326164894892838,-0.256890571330612,0.0,-0.029057145450141923,0.0,0.34589907010745347,0.0,,0.0,0,0.0655,0.0109,0.0188,0.0305,0.48,2.0,3,0.2166
P232,"Ambara Nursing Home, Raipur",Nursing Home,F232,O058,Raipur,21.2358,81.6385,private,Chhattisgarh,Raipur,Y,28,none,0,Emergency Room Packages|General Medicine|General Surgery|Obstetrics & Gynaecology,2022-02-01,39,39,340775.0,8737.820512820514,1,1.0,0.8666666666666667,1.3928571428571428,0.07142857142857142,0.05263157894736842,0.0,0.3333333333333333,0.02564102564102564,0.1794871794871795,0.0,0.07692307692307693,0.0,12.738980648922304,-0.0782233168587014,-0.8276656734636418,-0.5662656918064858,-0.5568419045724184,-0.1511068259173502,-0.017985365345166628,-0.5201485967866079,-0.35999995840248367,0.0,0.1784946347875092,0.20903840608275265,0.0,-0.3916505844006308,0.0,0.3492952179863263,0.0,,0.0,0,0.3316,0.0269,0.0798,0.1354,1.09,1.0,0,0.0
P233,"Navira Community Health Centre, Kalaburagi",Community Health Centre,F233,GOV,Kalaburagi,17.2863,76.7979,public,Karnataka,Kalaburagi,Y,27,none,0,Emergency Room Packages|General Medicine|Obstetrics & Gynaecology,2021-03-19,98,96,707962.0,7224.102040816327,1,1.0208333333333333,1.0,3.6296296296296298,0.1111111111111111,0.07575757575757576,0.030303030303030304,0.10204081632653061,0.05102040816326531,0.20408163265306123,0.0,0.08163265306122448,0.01020408163265306,13.470147111423255,-0.39678176890532546,-0.7755247791188655,1.12603152833656,0.0,2.015740070961399,1.8187783740564551,-0.076527002625257,-0.7826303556727466,-0.060147947860056034,1.1639650395097885,0.4320986347098255,0.0,-1.1187489989381265,1.5085448314704681,0.4202647625863327,0.04017857142857143,,0.0,0,0.0316,0.0072,0.0101,0.0138,0.88,1.0,0,0.0
P234,"Ekanta Orthopaedic Hospital, Balaghat",Orthopaedic Hospital,F234,O026,Balaghat,21.7755,80.2025,private,Madhya Pradesh,Balaghat,Z,30,none,0,General Medicine|Orthopaedics,2020-11-03,49,47,635802.0,12975.551020408164,1,1.0425531914893618,1.7692307692307692,1.6333333333333333,0.06666666666666667,0.25,0.0,0.8367346938775511,0.04081632653061224,0.20408163265306123,0.0,0.22448979591836735,0.0,13.362644045912633,1.1599501479109113,-2.2584022585889643,-1.5693868791683157,2.2942494009718106,-1.0800679804882756,0.18793287411381512,0.9087697986317759,0.0,-1.2198841361608226,1.3760820157567806,0.8431603687472943,0.0,2.29422039682272,0.0,0.47801799370994763,0.4,,0.0,0,0.0051,0.0072,0.0082,0.0088,0.86,1.0,0,0.0
P235,"Ekanta Eye Hospital, Mumbai",Eye Hospital,F235,O001,Mumbai,19.142,72.8452,private,Maharashtra,Mumbai Suburban,X,29,none,0,Ophthalmology,2023-11-01,440,302,3716107.0,8445.697727272727,1,1.4569536423841059,1.074766355140187,15.172413793103448,0.1724137931034483,0.0,0.0,0.09090909090909091,0.02727272727272727,0.175,0.0,0.14545454545454545,0.0,15.12818744200268,0.5619658260608998,2.0260420382344897,0.21825041674788484,0.1444654169377724,-0.03768335219936391,-0.04837732734595635,0.0,0.0,1.0060863580134307,0.08621751756250703,-0.3618973861327247,0.0,0.08925689287807628,0.0,0.3616474551155045,0.04017857142857143,,0.0,0,0.2143,0.0071,0.0159,0.0159,0.8,1.0,0,0.0
P236,"Navira Multispecialty Hospital, Bhopal",Multispecialty Hospital,F236,O042,Bhopal,23.2395,77.3848,private,Madhya Pradesh,Bhopal,Y,90,entry,0,Cardiology|ENT|Emergency Room Packages|General Medicine|General Surgery|Neo-natal Care|Obstetrics & Gynaecology|Orthopaedics,2023-01-15,149,131,2034252.0,13652.697986577181,1,1.1374045801526718,1.3055555555555556,1.6555555555555554,0.03333333333333333,0.08,0.0,0.46308724832214765,0.026845637583892617,0.21476510067114093,0.0,0.16778523489932887,0.0,14.525639233302808,-0.3840401634257191,0.6813404532712777,-0.3960045540351019,1.3779650125660168,-0.21658589126692024,-0.35714614306939746,-0.11190748070364147,-1.7958101681088168,1.1100945032365859,0.1448311913447607,1.488640212912944,0.0,0.1347444690586576,-0.6315359191344088,0.4031843934014333,0.04017857142857143,,0.0,0,0.1061,0.0096,0.0264,0.032,1.0,1.0,1,0.0508
P237,"Avanta Nursing Home, Hisar",Nursing Home,F237,O039,Hisar,29.1318,75.6717,private,Haryana,Hisar,Z,13,none,0,Emergency Room Packages|General Medicine|General Surgery|Obstetrics & Gynaecology,2019-08-16,25,24,203268.0,8130.72,1,1.0416666666666667,2.142857142857143,1.9230769230769231,0.07692307692307693,0.07142857142857142,0.07142857142857142,0.24,0.04,0.12,0.0,0.16,0.0,12.222285503975796,0.044000615733019985,-1.1624591927137482,-1.3286537449408433,2.996339772223014,-0.06004812838044005,-0.012912569991401675,-0.21569654112777986,0.07714284822910362,-0.8846489318189084,0.7115986106862034,-1.0033843491972139,0.0,0.05359429049692847,0.0,0.40718773559767807,0.04017857142857143,,0.0,0,0.0135,0.0059,0.0092,0.0134,1.15,1.0,0,0.0
P238,"Yantara Community Health Centre, Bengaluru",Community Health Centre,F238,GOV,Bengaluru,12.991,77.5629,public,Karnataka,Bengaluru Urban,X,33,none,0,Emergency Room Packages|General Medicine|Obstetrics & Gynaecology,2018-12-07,59,59,485095.0,8221.949152542373,1,1.0,0.8888888888888888,1.7878787878787878,0.06060606060606061,0.08888888888888889,0.022222222222222223,0.03389830508474576,0.01694915254237288,0.23728813559322035,0.0,0.23728813559322035,0.0,13.09210208847678,-0.9432392228781316,0.42037190022416643,0.23470905438208658,-0.34472202182072514,-0.3251432448915466,-0.6613739542023471,0.19389030278874206,-0.9909488454518167,-1.7144531363845534,-0.40895113228571445,1.0588133108304523,0.0,1.7255281170062633,0.0,0.40697980047613347,0.04017857142857143,,0.0,0,0.017,0.0052,0.0074,0.0086,1.07,1.0,0,0.0
P239,"Charvi Multispecialty Hospital, Kalaburagi",Multispecialty Hospital,F239,O018,Kalaburagi,17.3133,76.8112,private,Karnataka,Kalaburagi,Y,69,none,0,Cardiology|ENT|Emergency Room Packages|General Medicine|General Surgery|Neo-natal Care|Obstetrics & Gynaecology|Orthopaedics,2023-02-28,176,149,2141709.0,12168.801136363636,1,1.1812080536912752,1.2272727272727273,2.550724637681159,0.043478260869565216,0.10144927536231885,0.014492753623188406,0.3977272727272727,0.03409090909090909,0.17045454545454544,0.0,0.14204545454545456,0.005681818181818182,14.57711513333579,-0.22777859912666523,-0.2778322892707552,-0.2928757494091444,1.0055884151478032,0.7346530546306648,0.232921397653955,0.14261073253087753,-1.31866253890116,-0.14300858367165595,0.7549099953493738,-0.12602692711592564,0.0,-0.05765222546411995,0.4987698452254706,0.3731456989818552,0.04017857142857143,,0.0,0,0.0397,0.0096,0.392,0.5366,1.04,1.0,0,0.0
P240,"Ambara Multispecialty Hospital, Ranchi",Multispecialty Hospital,F240,O004,Ranchi,23.3176,85.2927,private,Jharkhand,Ranchi,Y,116,entry,0,Cardiology|ENT|Emergency Room Packages|General Medicine|General Surgery|Neo-natal Care|Obstetrics & Gynaecology|Orthopaedics,2023-10-25,403,239,5755455.0,14281.526054590571,1,1.6861924686192469,1.1160714285714286,3.4741379310344827,0.10344827586206896,0.08943089430894309,0.032520325203252036,0.46153846153846156,0.034739454094292806,0.13895781637717122,0.0,0.2903225806451613,0.007444168734491315,15.565658832446594,1.57366882612707,1.0878072117235331,1.6876108461530546,0.47662488448345125,1.7159053178472174,3.721005382225497,0.0,-0.7251374391550505,1.0804006503558956,0.8095198963895676,-1.273760987567977,0.0,1.05067226459419,0.8493609632031006,0.4778821701150229,0.4,,0.0,0,0.5557,0.9156,0.9799,0.9905,0.93,0.56,70,1.0
P241,"Avanta Community Health Centre, Bhopal",Community Health Centre,F241,GOV,Bhopal,23.2263,77.4631,public,Madhya Pradesh,Bhopal,Y,35,none,0,Emergency Room Packages|General Medicine|Obstetrics & Gynaecology,2023-03-31,85,84,637636.0,7501.6,1,1.0119047619047619,0.96,2.4285714285714284,0.05714285714285714,0.078125,0.09375,0.058823529411764705,0.03529411764705882,0.18823529411764706,0.0,0.1411764705882353,0.011764705882352941,13.365524434887384,-0.6309778206079566,-0.4429498946376308,0.8793610599492673,-0.1240999278554611,0.4891833617201334,-0.831441542425808,-0.027773882658790872,0.8529952867332322,-1.1093400112897465,0.4379531498825897,0.133026704708144,0.0,-0.030710756833595525,1.7392634527541868,0.38464865680099547,0.04017857142857143,,0.0,0,0.0852,0.0072,0.0083,0.0097,1.09,1.0,0,0.0
P242,"Ekanta District Hospital, Nagpur",District Hospital,F242,GOV,Nagpur,21.1636,79.0929,public,Maharashtra,Nagpur,Y,224,none,0,Burns Management|Emergency Room Packages|General Medicine|General Surgery|Neo-natal Care|Obstetrics & Gynaecology|Ophthalmology|Orthopaedics,2023-05-29,178,131,2209500.0,12412.921348314607,1,1.3587786259541985,1.0566037735849056,0.7946428571428571,0.013392857142857142,0.11392405063291139,0.08860759493670886,0.30337078651685395,0.06179775280898876,0.20224719101123595,0.0,0.1404494382022472,0.0056179775280898875,14.608277256143912,0.13262960089833004,0.9598844473565865,-1.1842554605714286,0.5697330670643037,-1.178158292215865,-1.4020204013364856,1.3105342183968145,1.6171797545852051,-1.5969285147459613,3.3518233136488846,1.6893171551672275,0.0,-0.3854860993663736,0.3276549113733561,0.48847388054555224,0.4,,0.0,0,0.021,0.0096,0.0429,0.0536,0.94,1.0,0,0.0
P243,"Zentara Government Medical College, Ludhiana",Government Medical College,F243,GOV,Ludhiana,30.9038,75.8604,public,Punjab,Ludhiana,Y,644,none,1,Burns Management|Cardiology|ENT|Emergency Room Packages|General Medicine|General Surgery|Medical Oncology|Neo-natal Care|Obstetrics & Gynaecology|Ophthalmology|Orthopaedics,2023-06-01,1597,469,23260832.0,14565.32999373826,1,3.405117270788913,1.018181818181818,2.479813664596273,0.015527950310559006,0.09032258064516129,0.04086021505376344,0.37820914214151535,0.03005635566687539,0.17908578584846588,0.0,0.14777708202880402,0.004383218534752661,16.962281516967277,0.5219541368535284,-0.8816923071673305,0.0,0.1745211477358145,0.11142061025369124,-0.18815083736067637,0.3095394827761046,-1.6808804071276515,0.0,0.38296043944512,-0.32047549713904805,0.0,0.0,0.570431818950319,0.37717637635187273,0.04017857142857143,,0.0,0,0.2389,0.0067,0.0096,0.0563,1.0,1.33,3,0.0795
P244,"Tavora Eye Hospital, Jaipur",Eye Hospital,F244,O042,Jaipur,26.9413,75.7947,private,Rajasthan,Jaipur,Y,21,entry,0,Ophthalmology,2021-11-25,119,114,1002027.0,8420.394957983193,1,1.043859649122807,1.103448275862069,5.666666666666667,0.14285714285714285,0.0,0.0,0.08403361344537816,0.025210084033613446,0.20168067226890757,0.0,0.15966386554621848,0.0,13.817536504348293,-0.5441941614221238,1.9634553429211916,-1.3184365801332367,0.2791642951179152,-0.36517528440695124,-0.06089230136474358,0.0,0.0,0.6286322211339463,-0.08621751756250733,1.1004439953966543,0.0,0.5666497433914572,0.0,0.37727040366512976,0.04017857142857143,,0.0,0,0.0207,0.0099,0.0148,0.0165,1.2,1.0,0,0.0
P245,"Prayana Nursing Home, Kalaburagi",Nursing Home,F245,O009,Kalaburagi,17.3148,76.8775,private,Karnataka,Kalaburagi,Y,21,none,0,Emergency Room Packages|General Medicine|General Surgery|Obstetrics & Gynaecology,2018-12-14,66,63,749485.0,11355.833333333334,1,1.0476190476190477,0.8333333333333334,3.142857142857143,0.14285714285714285,0.13793103448275862,0.06896551724137931,0.5,0.0,0.10606060606060606,0.0,0.10606060606060606,0.015151515151515152,13.52714291723092,0.06146117753183723,0.6160717425192627,0.5966743961093247,-0.6496488886678214,0.14943405662675213,0.04796097425377765,0.86143383509966,0.062068958345255804,1.5797302353909082,-0.7734767507458732,-1.2874865465551368,0.0,-0.23549006430468547,1.7712410237529272,0.38227537048872373,0.04017857142857143,,0.0,0,0.0245,0.0082,0.0103,0.0151,1.17,1.0,0,0.0
P246,"Ekanta Nursing Home, Kochi",Nursing Home,F246,O019,Kochi,9.9667,76.2415,private,Kerala,Ernakulam,Y,25,none,0,Emergency Room Packages|General Medicine|General Surgery|Obstetrics & Gynaecology,2020-11-29,64,63,560294.0,8754.59375,1,1.0158730158730158,1.2352941176470589,2.56,0.08,0.08823529411764706,0.058823529411764705,0.265625,0.03125,0.171875,0.0,0.125,0.0,13.236218709722733,-0.03166181872852207,-0.8184158524110328,0.16741326923191924,0.4694941548355687,0.0493355422773695,-0.010071804593293309,0.056519414520113595,0.0,-0.6417654081275562,0.38673837537293665,0.053892714068209516,0.0,-0.13398572624232105,0.0,0.3429322036744985,0.0,,0.0,0,0.0159,0.0072,0.0103,0.0151,0.95,1.0,0,0.0
P247,"Yantara Dialysis Centre, Chennai",Dialysis Centre,F247,O043,Chennai,13.0822,80.2925,private,Tamil Nadu,Chennai,X,11,none,0,General Medicine,2023-12-14,556,26,1345418.0,2419.81654676259,1,21.384615384615383,1.0597014925373134,50.54545454545455,0.45454545454545453,0.19047619047619047,0.047619047619047616,0.0,0.03237410071942446,0.1618705035971223,0.0,0.1474820143884892,0.0017985611510791368,14.112216046668069,-0.2625657622091841,1.1369742451951723,-0.15513862523995064,0.7909869884421035,1.0643477051425148,1.0310902855526933,1.2854659823927046,0.4134425787759856,0.0,0.09902443246357667,-1.5314826492886542,0.0,-0.2144828718398563,1.8688214502791822,0.40463333136817964,0.04017857142857143,,0.0,0,0.0225,0.0066,0.007,0.0081,1.01,1.0,0,0.0
P248,"Yantara Nursing Home, Sidhi",Nursing Home,F248,O059,Sidhi,24.4017,81.8544,private,Madhya Pradesh,Sidhi,Z,29,none,0,Emergency Room Packages|General Medicine|General Surgery|Obstetrics & Gynaecology,2021-08-09,72,67,724010.0,10055.694444444445,1,1.0746268656716418,1.8125,2.4827586206896552,0.06896551724137931,0.08571428571428572,0.08571428571428572,0.3888888888888889,0.05555555555555555,0.1527777777777778,0.0,0.16666666666666666,0.0,13.492561864622601,0.1406852191264708,-0.10090685481841101,0.5456497607295547,2.076556269134644,0.03607028953059533,-0.020259377055475047,0.015687021172929517,0.1645714095554211,0.526576745130303,1.2891279179097888,-0.33533244309108257,0.0,0.08932381749488069,0.0,0.3701985134396144,0.04017857142857143,,0.0,0,0.1408,0.0167,0.0167,0.0171,1.33,0.5,3,0.2387
P249,"Ketaya Nursing Home, Kalaburagi",Nursing Home,F249,O053,Kalaburagi,17.3414,76.8258,private,Karnataka,Kalaburagi,Y,13,none,0,Emergency Room Packages|General Medicine|General Surgery|Obstetrics & Gynaecology,2020-05-21,23,23,272346.0,11841.130434782608,1,1.0,1.6666666666666667,1.7692307692307692,0.07692307692307693,0.2,0.06666666666666667,0.34782608695652173,0.0,0.17391304347826086,0.0,0.17391304347826086,0.0,12.514832267513407,-0.0782233168587014,0.8836951772636066,-0.8969985229292512,1.6705257137172558,-0.08646930486783368,-0.012912569991401675,1.866755519578604,0.047999994453664485,0.13736784655573123,-0.7734767507458732,0.09543057668995208,0.0,0.1281602598839593,0.0,0.3796202449158531,0.04017857142857143,,0.0,0,0.0152,0.0059,0.0074,0.0251,1.15,1.0,0,0.0
P250,"Rivaan Nursing Home, Madurai",Nursing Home,F250,O066,Madurai,9.9381,78.1349,private,Tamil Nadu,Madurai,Y,17,none,0,Emergency Room Packages|General Medicine|General Surgery|Obstetrics & Gynaecology,2022-10-24,30,30,286435.0,9547.833333333334,1,1.0,0.7857142857142857,1.7647058823529411,0.11764705882352941,0.0625,0.0625,0.3333333333333333,0.0,0.26666666666666666,0.0,0.1,0.0,12.565270404493278,-0.0782233168587014,-0.38097350784959777,-0.8225766255456621,-0.7822302945183974,-0.08724639829393349,0.024685795571797318,-0.3603112675657231,0.022499997400155233,0.0,-0.7734767507458732,1.9858648577861515,0.0,-0.2679714524846421,0.0,0.3707227771657979,0.04017857142857143,,0.0,0,0.0259,0.006,0.0087,0.014,1.33,1.0,0,0.0
P251,"Tavora Government Medical College, Guwahati",Government Medical College,F251,GOV,Guwahati,26.1459,91.6995,public,Assam,Kamrup Metropolitan,Y,879,entry,1,Burns Management|Cardiology|ENT|Emergency Room Packages|General Medicine|General Surgery|Medical Oncology|Neo-natal Care|Obstetrics & Gynaecology|Ophthalmology|Orthopaedics,2019-11-04,1475,199,21987766.0,14906.96,1,7.4120603015075375,1.1507246376811595,1.6780432309442548,0.012514220705346985,0.06236559139784946,0.043010752688172046,0.3552542372881356,0.02305084745762712,0.1871186440677966,0.0,0.15254237288135594,0.004067796610169492,16.905996811217438,1.987889776871156,-0.48946273838487236,-0.10287752080279942,2.512331616846682,-0.42741853570338306,-0.7495239172923074,-1.3875443771398452,-1.4205292304442279,-1.5492555953183524,-1.2866581331136118,0.8573365868418061,0.0,1.245520095519745,0.0,0.46359948042106536,0.07692307692307693,,0.0,0,0.1705,0.0066,0.0096,0.054,0.91,0.5,6,0.1603
P252,"Navira Nursing Home, Lucknow",Nursing Home,F252,O037,Lucknow,26.825,80.9384,private,Uttar Pradesh,Lucknow,Y,23,none,0,Emergency Room Packages|General Medicine|General Surgery|Obstetrics & Gynaecology,2019-09-14,53,51,500196.0,9437.66037735849,1,1.0392156862745099,0.7777777777777778,2.3043478260869565,0.08695652173913043,0.05263157894736842,0.05263157894736842,0.4528301886792453,0.0,0.18867924528301888,0.0,0.1509433962264151,0.0,13.122757299806711,0.03681097263938935,-0.44172982558953994,0.0,-0.8043271954934933,0.00543043943614411,-0.003649204562787435,-0.5201485967866079,-0.037894732463419345,1.1326367725444249,-0.7734767507458732,0.3963841473833333,0.0,0.005056065141219662,0.0,0.35137956607073334,0.0,,0.0,0,0.1538,0.0052,0.0092,0.0134,1.0,1.0,0,0.0
P253,"Olvira Nursing Home, Bengaluru",Nursing Home,F253,O040,Bengaluru,12.9647,77.5902,private,Karnataka,Bengaluru Urban,X,24,none,0,Emergency Room Packages|General Medicine|General Surgery|Obstetrics & Gynaecology,2019-05-27,60,57,674588.0,11243.133333333333,1,1.0526315789473684,1.0,2.5,0.08333333333333333,0.07692307692307693,0.038461538461538464,0.4,0.08333333333333333,0.21666666666666667,0.0,0.15,0.0,13.421858895517657,0.07616480852031464,0.5539218532954954,0.44132693228045505,-0.18561396819080614,0.03903128344728598,-0.006994308745342581,-0.12670286331981462,-0.12461537021624433,0.6318920941563636,2.3204302522376197,0.9668026281327318,0.0,0.0,0.0,0.37062381421704194,0.04017857142857143,,0.0,0,0.05,0.0072,0.0082,0.0088,1.0,1.0,1,0.0907
P254,"Ishvara District Hospital, Gurugram",District Hospital,F254,GOV,Gurugram,28.4518,77.0451,public,Haryana,Gurugram,Y,251,none,0,Burns Management|Emergency Room Packages|General Medicine|General Surgery|Neo-natal Care|Obstetrics & Gynaecology|Ophthalmology|Orthopaedics,2024-04-02,523,284,5867325.0,11218.594646271511,1,1.841549295774648,1.1472868217054264,2.0836653386454183,0.02390438247011952,0.08411214953271028,0.07476635514018691,0.3403441682600382,0.036328871892925434,0.17208413001912046,0.0,0.1147227533460803,0.0019120458891013384,15.584909551389032,0.8431081248572999,-0.5337179359250761,0.6973475786187018,1.3065717736720635,0.15868475925985742,-0.18252879619180812,-0.04521451797246424,0.8235671360263747,0.10475102285376961,0.6462207440330148,0.0,0.0,-1.631304134865761,-0.6009443063280612,0.39265709809476196,0.04017857142857143,,0.0,0,0.0492,0.0066,0.0072,0.0103,0.92,1.0,2,0.0633
P255,"Ishvara Community Health Centre, Kochi",Community Health Centre,F255,GOV,Kochi,9.9496,76.2633,public,Kerala,Ernakulam,Y,35,none,0,Emergency Room Packages|General Medicine|Obstetrics & Gynaecology,2022-07-04,28,27,212784.0,7599.428571428572,1,1.037037037037037,1.4444444444444444,0.8,0.05714285714285714,0.05263157894736842,0.0,0.03571428571428571,0.0,0.32142857142857145,0.0,0.14285714285714285,0.0,12.268037545243375,0.02824069529574787,-0.32570461493347835,-1.708200394995734,1.3788880872829,-1.5807468369779345,-0.831441542425808,-0.5527680060871583,-1.563824692344259,-1.6703663229847892,-1.1914170451586041,2.6468169042298526,0.0,0.0,0.0,0.4585655925621213,0.07692307692307693,,0.0,0,0.0095,0.0052,0.0092,0.0134,1.09,1.0,0,0.0
P256,"Shubhra Community Health Centre, Prayagraj",Community Health Centre,F256,GOV,Prayagraj,25.4762,81.9346,public,Uttar Pradesh,Prayagraj,Y,21,none,0,Emergency Room Packages|General Medicine|Obstetrics & Gynaecology,2020-03-05,41,40,330466.0,8060.1463414634145,1,1.025,1.8,1.9523809523809523,0.09523809523809523,0.15384615384615385,0.07692307692307693,0.0975609756097561,0.024390243902439025,0.21951219512195122,0.0,0.14634146341463414,0.0,12.708262084574594,-0.2874902781107642,0.22645497427046538,-0.6702763339038761,2.48199855710922,-0.1160593864371963,1.0393019280322602,1.5315759082686426,0.4192070853603493,-0.16890566175215804,-0.0654295120000555,0.7233235185067325,0.0,0.06366864221599093,0.0,0.3975227417825784,0.04017857142857143,,0.0,0,0.0697,0.0052,0.0074,0.0086,0.94,1.0,0,0.0
P257,"Zentara Multispecialty Hospital, Ahmedabad",Multispecialty Hospital,F257,O031,Ahmedabad,23.0426,72.6265,private,Gujarat,Ahmedabad,X,83,entry,0,Cardiology|ENT|Emergency Room Packages|General Medicine|General Surgery|Neo-natal Care|Obstetrics & Gynaecology|Orthopaedics,2023-04-08,110,91,1458501.0,13259.1,1,1.2087912087912087,0.8857142857142857,1.3253012048192772,0.03614457831325301,0.06521739130434782,0.15217391304347827,0.2818181818181818,0.01818181818181818,0.18181818181818182,0.0,0.14545454545454545,0.00909090909090909,14.192920439560828,-0.12938030748386856,0.42692353730442517,-1.0625862253262521,-0.6191404440022648,-0.5675260731222954,-0.19363345106172153,-0.2873186817166208,3.2142399385715783,-2.3652560416449875,-0.5846946206018083,0.28806154769354403,0.0,-0.03217035214510334,1.1769533038413982,0.446126370997754,0.04017857142857143,,0.0,0,0.0519,0.0072,0.0095,0.0113,0.72,1.0,0,0.0
P258,"Daruna District Hospital, Purnia",District Hospital,F258,GOV,Purnia,25.8001,87.4039,public,Bihar,Purnia,Z,261,none,0,Burns Management|Emergency Room Packages|General Medicine|General Surgery|Neo-natal Care|Obstetrics & Gynaecology|Ophthalmology|Orthopaedics,2019-03-20,1283,260,13968465.0,10887.346063912704,1,4.934615384615385,0.9548192771084337,4.915708812260537,0.0421455938697318,0.07186858316221766,0.043121149897330596,0.34294621979734996,0.02338269680436477,0.1730319563522993,0.0,0.1465315666406859,0.003117692907248636,16.45231291847524,5.395076930510756,-0.9479711475659336,2.368507563455705,-0.2573096745600168,3.0957922911365365,1.9337201283864915,-0.6020122739980532,-0.9908681722850621,0.2245090121980783,-0.7290734709638792,0.05308411123051433,0.0,-0.0909582445264086,-0.29884405544993464,0.508018871077615,0.5,,0.0,0,0.3625,0.0066,0.0098,0.0163,1.06,1.0,6,0.1627
P259,"Yantara Government Medical College, Patna",Government Medical College,F259,GOV,Patna,25.6209,85.1435,public,Bihar,Patna,Y,693,none,1,Burns Management|Cardiology|ENT|Emergency Room Packages|General Medicine|General Surgery|Medical Oncology|Neo-natal Care|Obstetrics & Gynaecology|Ophthalmology|Orthopaedics,2022-10-06,3151,557,46725475.0,14828.776578863854,1,5.657091561938959,1.005148005148005,4.546897546897547,0.023088023088023088,0.0768361581920904,0.04971751412429379,0.3840050777530943,0.030466518565534752,0.17962551570929863,0.0,0.14566804189146304,0.004125674389082831,17.659800098519927,1.34583642030297,-0.5792260759023419,1.2749286227587222,-0.05537123480123521,1.5006283772293822,1.220078133231965,-0.5091320011468433,-0.6085865777366014,0.39117503355808847,0.4807143172397587,-0.24133799280163323,0.0,-0.5512469132727064,0.10467036096482696,0.38086855145924425,0.04017857142857143,,0.0,0,0.2503,0.2378,0.7343,0.9212,1.01,1.11,12,0.3032
P260,"Zentara Orthopaedic Hospital, Raipur",Orthopaedic Hospital,F260,O003,Raipur,21.2847,81.6466,private,Chhattisgarh,Raipur,Y,35,entry,0,General Medicine|Orthopaedics,2021-10-12,86,83,1658840.0,19288.837209302324,1,1.036144578313253,1.1923076923076923,2.4571428571428573,0.05714285714285714,0.3333333333333333,0.16666666666666666,0.9302325581395349,0.011627906976744186,0.1744186046511628,0.0,0.22093023255813954,0.011627906976744186,14.32162972371156,0.8015745649421239,0.45052326890025196,0.5203704530311068,0.41647715600506485,0.04544798602664395,-0.18793287411381537,1.7039433724345796,2.0473916582021965,0.9965386043623374,-1.0485187664493925,0.021860764767656134,0.0,2.198127965457813,1.3844773143288869,0.4262597653344001,0.04017857142857143,,0.0,0,0.1262,0.008,0.0205,0.0257,0.72,1.0,0,0.0
P261,"Ambara Government Medical College, Kalaburagi",Government Medical College,F261,GOV,Kalaburagi,17.3161,76.8403,public,Karnataka,Kalaburagi,Y,907,entry,1,Burns Management|Cardiology|ENT|Emergency Room Packages|General Medicine|General Surgery|Medical Oncology|Neo-natal Care|Obstetrics & Gynaecology|Ophthalmology|Orthopaedics,2024-07-24,2109,1066,33534656.0,15900.737790422001,1,1.9784240150093808,0.9715370018975332,2.325248070562293,0.016538037486218304,0.09419152276295134,0.061224489795918366,0.37743006164058795,0.02844950213371266,0.18492176386913228,0.000474158368895211,0.14366998577524892,0.005215742057847321,17.328089999343792,0.0,0.6515056398557957,0.668626925452803,-0.6482072373329519,0.007543004909409897,0.0,0.5443973626775277,0.7844858373847683,-0.052581129522193834,0.0,0.5352206009255653,1.288316541480231,-1.073485559710858,2.076027564158562,0.4224670012279823,0.04017857142857143,,0.0,0,0.1969,0.0066,0.0091,0.0574,1.05,0.5,9,0.2331
P262,"Ishvara Dialysis Centre, Patna",Dialysis Centre,F262,O020,Patna,25.5528,85.1817,private,Bihar,Patna,Y,24,none,0,General Medicine,2022-02-07,979,45,2165293.0,2211.739530132789,1,21.755555555555556,1.032258064516129,40.791666666666664,0.3333333333333333,0.075,0.025,0.0,0.03472931562819203,0.17568947906026558,0.0,0.1481103166496425,0.0,14.588066706965925,-0.1712869517875015,-0.4131430886750633,0.8871400688419389,0.4549771721411945,0.13757609613347724,-0.6011657141914998,-0.18147755045544053,-0.054901589051553644,0.0,0.40794996018942714,-0.2610289302549101,0.0,-0.1551264857627769,0.0,0.351074894001244,0.0,,0.0,0,0.0616,0.0071,0.0096,0.0147,0.94,1.0,0,0.0
P263,"Sorinda Multispecialty Hospital, Purnia",Multispecialty Hospital,F263,O067,Purnia,25.7826,87.3842,private,Bihar,Purnia,Z,148,none,0,Cardiology|ENT|Emergency Room Packages|General Medicine|General Surgery|Neo-natal Care|Obstetrics & Gynaecology|Orthopaedics,2021-03-07,195,131,2162467.0,11089.57435897436,1,1.4885496183206106,0.890625,1.3175675675675675,0.02702702702702703,0.0821917808219178,0.0684931506849315,0.38974358974358975,0.02564102564102564,0.17435897435897435,0.0,0.17435897435897435,0.0,14.586760719990822,0.8686110198558172,-0.9754312549564789,-0.27355140887284907,-0.5957811056043133,-0.57574411493603,-0.72394488460013,-0.0858996958636833,0.4592026000643549,-0.2960743965134586,0.04339838614453349,0.016249625767327962,0.0,0.1838810865939106,-0.6315359191344088,0.3707124500554851,0.04017857142857143,,0.0,0,0.288,0.9003,0.9874,0.9874,0.93,1.39,63,1.0
P264,"Devanta Community Health Centre, Sidhi",Community Health Centre,F264,GOV,Sidhi,24.4631,81.8478,public,Madhya Pradesh,Sidhi,Z,21,none,0,Emergency Room Packages|General Medicine|Obstetrics & Gynaecology,2022-08-09,48,45,362532.0,7552.75,1,1.0666666666666667,1.0,2.2857142857142856,0.09523809523809523,0.1,0.1,0.125,0.041666666666666664,0.16666666666666666,0.0,0.10416666666666667,0.0,12.800870783616238,0.8054246298348537,-0.38164780293483935,-0.4519314021384587,0.0,0.3076105372729345,1.0393019280322602,0.42270494583135665,1.0141166186717319,0.4972353358369669,0.7321449906539164,-0.27404342223858913,0.0,-0.7069872146067325,0.0,0.3718953915117406,0.04017857142857143,,0.0,0,0.0784,0.0172,0.0172,0.03,1.5,0.5,1,0.1073
P265,"Varenya Community Health Centre, Madurai",Community Health Centre,F265,GOV,Madurai,9.8902,78.1663,public,Tamil Nadu,Madurai,Y,31,none,0,Emergency Room Packages|General Medicine|Obstetrics & Gynaecology,2019-05-27,87,85,696541.0,8006.218390804598,1,1.0235294117647058,1.105263157894737,2.806451612903226,0.06451612903225806,0.09836065573770492,0.04918032786885246,0.10344827586206896,0.034482758620689655,0.1724137931034483,0.0,0.12643678160919541,0.011494252873563218,13.453883371891472,-0.32606374545002115,0.16182357296781832,1.0876862634201294,0.3265787575143714,0.969472768322402,-0.46936216104682704,0.38894540833326585,-0.2959847033200013,-0.025978857671732875,0.4004963637896887,-0.16557646051297023,0.0,-0.3000476242362788,1.6992803848747804,0.37420028879655626,0.04017857142857143,,0.0,0,0.0561,0.0072,0.0082,0.0088,0.95,1.0,1,0.07
P266,"Olvira Nursing Home, Madurai",Nursing Home,F266,O043,Madurai,9.8991,78.1564,private,Tamil Nadu,Madurai,Y,13,none,0,Emergency Room Packages|General Medicine|General Surgery|Obstetrics & Gynaecology,2022-01-23,29,29,301457.0,10395.068965517241,1,1.0,2.125,2.230769230769231,0.15384615384615385,0.0,0.0,0.4482758620689655,0.13793103448275862,0.06896551724137931,0.0,0.1724137931034483,0.0,12.616385981963159,-0.0782233168587014,0.08624566417043726,-0.7471551589937837,2.946621745029048,-0.007205775405652826,0.058106564961307554,-1.3726143526313264,-0.35999995840248367,1.0894691278557989,4.347472771433702,-2.0435306249813943,0.0,0.12012513387242588,0.0,0.4844013741898347,0.4,,0.0,0,0.0242,0.0052,0.0092,0.0138,1.0,1.0,0,0.0
P267,"Samvedra Dialysis Centre, Bengaluru",Dialysis Centre,F267,O014,Bengaluru,12.9697,77.6586,private,Karnataka,Bengaluru Urban,X,19,none,0,General Medicine,2020-08-01,741,28,1757194.0,2371.3819163292846,1,26.464285714285715,0.9319371727748691,39.0,0.3684210526315789,0.09523809523809523,0.0,0.0,0.02834008097165992,0.18353576248313092,0.0,0.13900134952766532,0.0,14.379229345643793,0.987410113553827,0.7761493861582787,0.42971350543632747,-0.7733243497788556,-0.032661950880609754,-0.12867055637081234,0.07561564602310036,-0.5725451429662024,0.0,-0.43010421511567004,0.46032266210870115,0.0,-1.0156603445189973,0.0,0.3683113985268678,0.04017857142857143,,0.0,0,0.0126,0.0071,0.0096,0.0147,1.02,1.0,0,0.0
P268,"Velora Nursing Home, Kozhikode",Nursing Home,F268,O062,Kozhikode,11.2412,75.8296,private,Kerala,Kozhikode,Y,16,entry,0,Emergency Room Packages|General Medicine|General Surgery|Obstetrics & Gynaecology,2020-05-09,43,43,490073.0,11397.046511627907,1,1.0,1.1538461538461537,2.6875,0.125,0.08695652173913043,0.08695652173913043,0.3953488372093023,0.0,0.18604651162790697,0.0,0.16279069767441862,0.0,13.102311679092539,-0.0782233168587014,0.638799288797586,-0.030167686156630878,0.24272595840336167,0.07123209229129694,0.031474389354041586,0.03580733093820854,0.1721738931490139,0.5878065992152216,-0.7734767507458732,0.3427257588100945,0.0,0.06855083668211785,0.0,0.3454350856621922,0.0,,0.0,0,0.0486,0.0084,0.0096,0.0136,1.62,1.0,1,0.117
P269,"Ekanta Community Health Centre, Chennai",Community Health Centre,F269,GOV,Chennai,13.1076,80.2315,public,Tamil Nadu,Chennai,X,21,entry,0,Emergency Room Packages|General Medicine|Obstetrics & Gynaecology,2019-12-29,46,44,384608.0,8361.04347826087,1,1.0454545454545454,0.6521739130434783,2.1904761904761907,0.09523809523809523,0.03333333333333333,0.1,0.08695652173913043,0.021739130434782608,0.13043478260869565,0.0,0.10869565217391304,0.0,12.859982512799057,0.24903158578981216,0.5870732318083955,-0.3125627833313372,-1.0791298074387912,0.18656198764146897,1.0393019280322602,-0.9501829124243308,1.0141166186717319,-0.42635145792186835,-0.18781946125641957,-0.9578568765957491,0.0,-0.6242295139002589,0.0,0.3843296875581631,0.04017857142857143,,0.0,0,0.2576,0.0269,0.0798,0.2959,0.92,1.0,1,0.111
P270,"Zentara Orthopaedic Hospital, Barmer",Orthopaedic Hospital,F270,O017,Barmer,25.7502,71.421,private,Rajasthan,Barmer,Z,44,full,0,General Medicine|Orthopaedics,2021-08-28,42,41,746585.0,17775.833333333332,1,1.024390243902439,0.7777777777777778,0.9545454545454546,0.045454545454545456,0.25,0.0,0.9047619047619048,0.023809523809523808,0.14285714285714285,0.0,0.11904761904761904,0.0,13.523266093612548,0.14426130057011047,-0.19868139253462702,-1.2193700753050964,-0.9327369755636339,-2.007450553002933,-0.6492226560295435,0.9087697986317759,0.0,0.392741546453321,-0.03662575707337439,-0.8520020138666792,0.0,-0.5522509589421862,0.0,0.40831300947532145,0.04017857142857143,,0.0,0,0.0313,0.006,0.0087,0.0136,1.25,1.0,0,0.0
P271,"Rivaan Nursing Home, Barmer",Nursing Home,F271,O017,Barmer,25.7731,71.3815,private,Rajasthan,Barmer,Z,18,none,0,Emergency Room Packages|General Medicine|General Surgery|Obstetrics & Gynaecology,2023-04-16,45,44,450014.0,10000.31111111111,1,1.0227272727272727,0.7333333333333333,2.5,0.1111111111111111,0.0,0.0,0.35555555555555557,0.0,0.13333333333333333,0.0,0.2222222222222222,0.0,13.017036194524293,-0.011555717263217186,-0.1314487184520377,-0.15599238432909915,-0.928069840954031,0.03903128344728598,0.01865148998758019,-1.3726143526313264,-0.35999995840248367,0.21063069805212137,-0.7734767507458732,-0.7316344212896351,0.0,0.3870698758111497,0.0,0.3644354224893234,0.04017857142857143,,0.0,0,0.0386,0.0052,0.0092,0.0122,0.67,1.0,0,0.0
P272,"Ekanta District Hospital, Madurai",District Hospital,F272,GOV,Madurai,9.9368,78.1263,public,Tamil Nadu,Madurai,Y,304,none,0,Burns Management|Emergency Room Packages|General Medicine|General Surgery|Neo-natal Care|Obstetrics & Gynaecology|Ophthalmology|Orthopaedics,2019-12-30,1036,695,11309268.0,10916.281853281853,1,1.4906474820143885,1.1191489361702127,3.4078947368421053,0.029605263157894735,0.07571801566579635,0.06266318537859007,0.34555984555984554,0.033783783783783786,0.166988416988417,0.0,0.14575289575289574,0.005791505791505791,16.241133212935416,0.32669687976729384,-0.9117845966917348,1.9616437133725184,1.0779393708784444,1.532040844931511,0.4788572466731918,-0.42695254751752915,0.12960991914638523,0.3447996988838339,0.37585170227235337,-0.28539130835649357,0.0,-0.12866548279479978,0.3711360722134068,0.38527285228575076,0.04017857142857143,,0.0,0,0.1758,0.0067,0.0119,0.0291,1.0,1.33,4,0.1114
P273,"Sorinda Government Medical College, Kochi",Government Medical College,F273,GOV,Kochi,9.9401,76.2717,public,Kerala,Ernakulam,Y,733,none,1,Burns Management|Cardiology|ENT|Emergency Room Packages|General Medicine|General Surgery|Medical Oncology|Neo-natal Care|Obstetrics & Gynaecology|Ophthalmology|Orthopaedics,2023-08-15,1002,631,13685956.0,13658.63872255489,1,1.5879556259904912,1.0685483870967742,1.3669849931787177,0.01227830832196453,0.07508532423208192,0.06143344709897611,0.38023952095808383,0.036926147704590816,0.18463073852295409,0.0,0.15169660678642716,0.003992015968063872,16.431880828592817,-0.14285242474745158,-1.922675592583442,-0.9694695410612307,1.062894373440158,-0.6364688425562299,-0.7934677605038498,-0.6154135477267858,0.8097828974581385,0.13703283730759763,2.020233858187791,0.49254921794901485,0.0,1.0244593670273945,-0.13704719345257066,0.42201098448549,0.04017857142857143,,0.0,0,0.0662,0.0077,0.013,0.0396,1.12,2.0,1,0.028
P274,"Olvira Community Health Centre, Bhavnagar",Community Health Centre,F274,GOV,Bhavnagar,21.7226,72.136,public,Gujarat,Bhavnagar,Y,22,none,0,Emergency Room Packages|General Medicine|Obstetrics & Gynaecology,2022-07-24,66,63,577491.0,8749.863636363636,1,1.0476190476190477,0.9090909090909091,3.0,0.09090909090909091,0.09523809523809523,0.07142857142857142,0.10606060606060606,0.030303030303030304,0.13636363636363635,0.0,0.19696969696969696,0.0,13.266449868468282,0.3058063862025739,1.0530651963814122,0.6457714547790296,-0.28204529058059324,1.2154746595089294,0.8267174427529346,0.3246415273845216,0.2775619583814485,0.037441044571745984,0.2075371627050472,-0.8459601295191231,0.0,0.9887933071422836,0.0,0.3730434175848176,0.04017857142857143,,0.0,0,0.0093,0.0052,0.0094,0.0122,0.67,1.0,0,0.0
P275,"Prayana Multispecialty Hospital, Ahmedabad",Multispecialty Hospital,F275,O013,Ahmedabad,22.9985,72.5549,private,Gujarat,Ahmedabad,X,93,none,0,Cardiology|ENT|Emergency Room Packages|General Medicine|General Surgery|Neo-natal Care|Obstetrics & Gynaecology|Orthopaedics,2021-10-09,244,201,2697649.0,11055.938524590163,1,1.2139303482587065,1.0588235294117647,2.6236559139784945,0.053763440860215055,0.08620689655172414,0.02586206896551724,0.3237704918032787,0.03278688524590164,0.19672131147540983,0.0,0.11885245901639344,0.0,14.80789158161197,-0.11104728712112286,-0.997173046179593,0.1694706929317922,0.20430746358754828,0.8121524586799084,0.8311465541476766,-0.038256124497380355,-0.9443484504710157,-1.5609324679780079,0.6451063383041952,0.8311283999026835,0.0,-0.23101251115907023,-0.6315359191344088,0.3809960258165559,0.04017857142857143,,0.0,0,0.2857,0.9176,0.9657,0.9842,1.24,1.27,42,1.0
P276,"Ambara Cancer Centre, Chennai",Cancer Centre,F276,O005,Chennai,13.019,80.2932,private,Tamil Nadu,Chennai,X,105,none,0,General Medicine|Medical Oncology,2024-04-29,852,220,7781356.0,9133.046948356807,1,3.8727272727272726,0.9627906976744186,8.114285714285714,0.06666666666666667,0.13541666666666666,0.0625,0.0,0.029342723004694836,0.1784037558685446,0.0,0.1396713615023474,0.0,15.867241302538726,0.005201607938524219,0.7433607106878241,0.12788994119206304,-0.8273789129621563,0.06730269583290607,-0.5079277921276094,0.6661087134757335,0.9881429837054935,0.0,-0.13287231446416395,-0.5798710029995653,0.0,-1.0754395598925797,0.0,0.3742089810624665,0.04017857142857143,,0.0,0,0.105,0.0066,0.0096,0.0149,0.95,1.0,0,0.0
P277,"Tejora Nursing Home, Jagdalpur",Nursing Home,F277,O047,Jagdalpur,19.0548,82.0037,private,Chhattisgarh,Bastar,Z,17,none,0,Emergency Room Packages|General Medicine|General Surgery|Obstetrics & Gynaecology,2020-05-26,43,42,401574.0,9338.93023255814,1,1.0238095238095237,0.7222222222222222,2.5294117647058822,0.11764705882352941,0.09090909090909091,0.18181818181818182,0.3023255813953488,0.023255813953488372,0.09302325581395349,0.0,0.13953488372093023,0.0,12.903149594425967,-0.00838106966343241,-0.49617585542439596,-0.32403302526843364,-0.9590055023191653,0.04408239071693474,0.024685795571797318,0.09982649837318748,0.7527271857506477,-0.2939032996076108,0.08993915706347366,-1.5532039707776635,0.0,-0.05608704819445996,0.0,0.3627572255053003,0.04017857142857143,,0.0,0,0.0787,0.006,0.0089,0.0145,1.36,1.0,0,0.0
P278,"Varenya Nursing Home, Barmer",Nursing Home,F278,O070,Barmer,25.7315,71.3965,private,Rajasthan,Barmer,Z,26,none,0,Emergency Room Packages|General Medicine|General Surgery|Obstetrics & Gynaecology,2019-03-12,42,40,429119.0,10217.119047619048,1,1.05,1.5384615384615385,1.6153846153846154,0.07692307692307693,0.09090909090909091,0.0,0.40476190476190477,0.0,0.21428571428571427,0.0,0.07142857142857142,0.0,12.96949187907545,0.06844540225136413,-0.011887145809608224,-0.22614442358698933,1.3135757748887824,-0.11289048135522728,-0.012912569991401675,0.09982649837318748,-0.35999995840248367,0.6770272437389608,-0.7734767507458732,0.9182758552920923,0.0,-0.4210979967615805,0.0,0.35654322893335605,0.0,,0.0,0,0.03,0.0072,0.0101,0.0138,1.0,1.0,0,0.0
P279,"Daruna Nursing Home, Bengaluru",Nursing Home,F279,O065,Bengaluru,12.9782,77.6046,private,Karnataka,Bengaluru Urban,X,27,none,0,Emergency Room Packages|General Medicine|General Surgery|Obstetrics & Gynaecology,2021-08-14,61,60,645764.0,10586.295081967213,1,1.0166666666666666,0.4444444444444444,2.259259259259259,0.07407407407407407,0.08695652173913043,0.043478260869565216,0.39344262295081966,0.01639344262295082,0.18032786885245902,0.0,0.19672131147540983,0.0,13.378190939492018,-0.029333743822013106,0.19169980750723345,0.3768944941119297,-1.7323970364475243,-0.0023129649450244223,-0.015542908322983506,0.03580733093820854,-0.09391303262673487,0.5697387734196718,-0.1648393075360057,0.22617270166330625,0.0,0.25039955396105906,0.0,0.3613437966726869,0.04017857142857143,,0.0,0,0.0251,0.0052,0.0094,0.0127,0.6,1.0,0,0.0
P280,"Hridaya Multispecialty Hospital, Chennai",Multispecialty Hospital,F280,O065,Chennai,13.0434,80.254,private,Tamil Nadu,Chennai,X,75,full,0,Cardiology|ENT|Emergency Room Packages|General Medicine|General Surgery|Neo-natal Care|Obstetrics & Gynaecology|Orthopaedics,2019-03-18,216,176,2853039.0,13208.513888888889,1,1.2272727272727273,0.7627118644067796,2.88,0.05333333333333334,0.07142857142857142,0.03571428571428571,0.38425925925925924,0.032407407407407406,0.16203703703703703,0.0,0.12962962962962962,0.0,14.86389565042683,-0.06345058193370524,0.3942252948881828,0.28167140564134685,-1.2042396812859264,1.0845529280919677,0.806129865785212,-0.2136164964170497,-0.6199820818470915,-0.4012217959270902,0.6131528931323175,-0.4327591306784949,0.0,-0.1504565789099219,-0.6315359191344088,0.37606715026808823,0.04017857142857143,,0.0,0,0.0871,0.1724,0.1792,0.3073,0.98,0.5,2,0.085
P281,"Jivanta Community Health Centre, Bengaluru",Community Health Centre,F281,GOV,Bengaluru,13.0212,77.5814,public,Karnataka,Bengaluru Urban,X,24,none,0,Emergency Room Packages|General Medicine|Obstetrics & Gynaecology,2022-12-18,67,66,654816.0,9773.373134328358,1,1.0151515151515151,1.2352941176470589,2.7916666666666665,0.125,0.0625,0.041666666666666664,0.11940298507462686,0.014925373134328358,0.16417910447761194,0.0,0.08955223880597014,0.0,13.392111086267947,-0.545815619988817,2.279717651961312,0.9420448104136777,0.7299995756203589,0.9506809571900975,2.500820264327626,-0.3495444744374676,-0.48968247942092963,0.3613558288660508,-0.5023798980018804,-0.3209918086571402,0.0,-0.9740351980804585,0.0,0.4145113385728199,0.04017857142857143,,0.0,0,0.0253,0.0052,0.0076,0.0079,0.32,1.0,0,0.0
P282,"Samvedra Nursing Home, Chennai",Nursing Home,F282,O068,Chennai,13.1145,80.3045,private,Tamil Nadu,Chennai,X,28,none,0,Emergency Room Packages|General Medicine|General Surgery|Obstetrics & Gynaecology,2019-09-26,78,75,923245.0,11836.47435897436,1,1.04,1.1578947368421053,2.7857142857142856,0.07142857142857142,0.08163265306122448,0.061224489795918366,0.2948717948717949,0.0,0.24358974358974358,0.0,0.1282051282051282,0.0,13.735651000184438,0.03911165842935102,0.881127523353224,0.9043298346797155,0.25399806173478756,0.0880991826381598,-0.017985365345166628,-0.050422568055844684,0.014693875853162595,-0.3645531312440555,-0.7734767507458732,1.5155284440999577,0.0,-0.11680806903176712,0.0,0.36162675875581046,0.04017857142857143,,0.0,0,0.0601,0.0072,0.0103,0.0151,0.9,1.0,1,0.0753
P283,"Navira Nursing Home, Azamgarh",Nursing Home,F283,O038,Azamgarh,26.0374,83.139,private,Uttar Pradesh,Azamgarh,Z,32,none,0,Emergency Room Packages|General Medicine|General Surgery|Obstetrics & Gynaecology,2019-10-26,54,52,499273.0,9245.796296296296,1,1.0384615384615385,0.9130434782608695,1.6875,0.0625,0.10714285714285714,0.10714285714285714,0.2962962962962963,0.0,0.16666666666666666,0.0,0.1111111111111111,0.0,13.120910322230797,0.034598774764426084,-0.5475357828569333,-0.0027252310226945804,-0.4277191440918578,-0.10050555487676152,-0.02622865779503466,0.36276236462399336,0.2957142515448973,-0.35105116342020176,-0.7734767507458732,-0.052259601520688585,0.0,-0.20842224082138833,0.0,0.3476364404187436,0.0,,0.0,0,0.0213,0.0052,0.0094,0.0151,0.79,1.0,0,0.0
P284,"Tavora Community Health Centre, Balaghat",Community Health Centre,F284,GOV,Balaghat,21.7528,80.1698,public,Madhya Pradesh,Balaghat,Z,28,none,0,Emergency Room Packages|General Medicine|Obstetrics & Gynaecology,2024-08-07,63,62,448447.0,7118.206349206349,1,1.0161290322580645,0.6956521739130435,2.25,0.07142857142857142,0.09090909090909091,0.09090909090909091,0.09523809523809523,0.031746031746031744,0.23809523809523808,0.0,0.09523809523809523,0.0,13.013548011730206,-0.520175387544345,-0.9024383157367625,0.049500918379515396,-0.9442385815089424,0.26221733116113494,-0.12991274100403252,0.2354929651601265,0.779758317670278,-0.2252985504369519,0.27415402974617337,1.0740459592083837,0.0,-0.8701381102852096,0.0,0.3738527785942351,0.04017857142857143,,0.0,0,0.0068,0.0052,0.0092,0.0134,0.86,1.0,0,0.0
P285,"Ekanta District Hospital, Jaipur",District Hospital,F285,GOV,Jaipur,26.8599,75.7498,public,Rajasthan,Jaipur,Y,145,entry,0,Burns Management|Emergency Room Packages|General Medicine|General Surgery|Neo-natal Care|Obstetrics & Gynaecology|Ophthalmology|Orthopaedics,2022-01-17,267,228,3139054.0,11756.756554307116,1,1.1710526315789473,0.9864864864864865,1.8413793103448275,0.027586206896551724,0.047619047619047616,0.06666666666666667,0.3445692883895131,0.026217228464419477,0.1760299625468165,0.0,0.19101123595505617,0.018726591760299626,14.959432357174254,-0.14364088471767236,0.13929716711025933,-0.5077116799257412,0.0,-0.09258967392593143,0.24461701184859844,-1.7048026347903378,0.3591567888697261,0.29920985050897986,-0.42795634813558064,0.2209909193962835,0.0,2.062975484389623,3.612294269832186,0.4342284940795313,0.04017857142857143,,0.0,0,0.0386,0.0078,0.0162,0.0261,0.89,1.0,1,0.039
P286,"Ondira Community Health Centre, Kalaburagi",Community Health Centre,F286,GOV,Kalaburagi,17.3372,76.8365,public,Karnataka,Kalaburagi,Y,30,none,0,Emergency Room Packages|General Medicine|Obstetrics & Gynaecology,2022-06-08,68,67,569523.0,8375.338235294117,1,1.0149253731343284,0.8947368421052632,2.2666666666666666,0.06666666666666667,0.022222222222222223,0.0,0.11764705882352941,0.014705882352941176,0.22058823529411764,0.0,0.17647058823529413,0.014705882352941176,13.25255620321144,-0.5517473155543277,0.604205167419759,0.6130141498620006,-0.326578757514371,0.2834008273466414,-0.3637556748112909,-1.1789975554669452,-1.563824692344259,0.3187269639339987,-0.5125127972247734,0.7436318951282435,0.0,0.614215136671913,2.1740793159427336,0.41714415837035995,0.04017857142857143,,0.0,0,0.0246,0.0052,0.0092,0.0112,0.4,1.0,0,0.0
P287,"Avanta Community Health Centre, Ahmedabad",Community Health Centre,F287,GOV,Ahmedabad,22.9809,72.6511,public,Gujarat,Ahmedabad,X,34,none,0,Emergency Room Packages|General Medicine|Obstetrics & Gynaecology,2020-03-28,104,100,786832.0,7565.692307692308,1,1.04,0.8387096774193549,3.0588235294117645,0.058823529411764705,0.125,0.027777777777777776,0.038461538461538464,0.038461538461538464,0.08653846153846154,0.0,0.14423076923076922,0.009615384615384616,13.575771306661219,0.10595908874966078,-0.366136746571211,1.3750632925301098,-0.5004029349010523,1.2902399401636582,-0.7489087422585402,0.9375378926772393,-0.8477298837287061,-1.6036708873287349,0.5841786802067995,-1.786323177066924,0.0,0.02510013779668865,1.4215133988856337,0.4205154716839855,0.04017857142857143,,0.0,0,0.0466,0.0072,0.0074,0.0088,0.88,1.0,0,0.0
P288,"Ekanta Government Medical College, Bengaluru",Government Medical College,F288,GOV,Bengaluru,12.9593,77.5531,public,Karnataka,Bengaluru Urban,X,747,none,1,Burns Management|Cardiology|ENT|Emergency Room Packages|General Medicine|General Surgery|Medical Oncology|Neo-natal Care|Obstetrics & Gynaecology|Ophthalmology|Orthopaedics,2022-06-08,948,636,14680291.0,15485.539029535865,1,1.490566037735849,1.0,1.2690763052208835,0.012048192771084338,0.11313868613138686,0.05474452554744526,0.37341772151898733,0.02531645569620253,0.16455696202531644,0.0010548523206751054,0.14556962025316456,0.0031645569620253164,16.502016471960996,-0.17848229702030935,0.1748108883514138,-0.841275193884632,-0.14617253490563412,-0.7022695151510919,-0.8363318168260788,1.6945543005121146,0.0,-0.3233790449748842,-0.7466970795709331,-2.4507538859390015,2.86609660968545,-0.5769717078608669,-1.6334838997631955,0.476866080859271,0.4,,0.0,0,0.1052,0.0084,0.01,0.1964,1.09,2.0,2,0.0564
P289,"Tejora Dialysis Centre, Prayagraj",Dialysis Centre,F289,O028,Prayagraj,25.4548,81.8868,private,Uttar Pradesh,Prayagraj,Y,16,entry,0,General Medicine,2023-07-29,636,19,1465511.0,2304.262578616352,1,33.473684210526315,1.1748251748251748,39.75,0.375,0.15384615384615385,0.15384615384615385,0.0,0.025157232704402517,0.20125786163522014,0.0,0.1761006289308176,0.0,14.197715227431187,2.7122423281040375,0.2761285260369801,0.032134361656976716,2.200529823527,0.03860048740435698,-0.04007771427943317,0.8201389299428571,2.6129536503547133,0.0,-0.8475875950711412,2.0896118114314395,0.0,2.489148228655453,0.0,0.4636705923826048,0.07692307692307693,,0.0,0,0.0457,0.0066,0.007,0.0081,0.96,1.0,0,0.0
P290,"Hridaya Community Health Centre, Prayagraj",Community Health Centre,F290,GOV,Prayagraj,25.4497,81.8926,public,Uttar Pradesh,Prayagraj,Y,23,none,0,Emergency Room Packages|General Medicine|Obstetrics & Gynaecology,2022-05-13,40,38,322593.0,8064.825,1,1.0526315789473684,1.3571428571428572,1.7391304347826086,0.08695652173913043,0.03125,0.0625,0.025,0.025,0.15,0.0,0.175,0.0,12.684149845616217,0.4372848713689609,0.23206223829110667,-0.7271261247395171,1.1080350701380448,-0.3871028780033049,0.6326185648892019,-0.9930856579948211,0.04738862704073513,-1.9304785220433995,-0.03727982367109176,-0.5885976112428827,0.0,0.5873432244425164,0.0,0.39081838812939623,0.04017857142857143,,0.0,0,0.0705,0.0052,0.0094,0.0122,0.71,1.0,0,0.0
P291,"Varenya Multispecialty Hospital, Jagdalpur",Multispecialty Hospital,F291,O048,Jagdalpur,19.1001,81.9559,private,Chhattisgarh,Bastar,Z,127,none,0,Cardiology|ENT|Emergency Room Packages|General Medicine|General Surgery|Neo-natal Care|Obstetrics & Gynaecology|Orthopaedics,2022-01-22,199,155,2221879.0,11165.221105527638,1,1.2838709677419355,0.8596491228070176,1.5669291338582678,0.031496062992125984,0.09859154929577464,0.056338028169014086,0.38190954773869346,0.02512562814070352,0.18090452261306533,0.0,0.18090452261306533,0.0,14.613864242322828,0.13845417305103982,-0.926534124845684,-0.21925116628434116,-0.7431274905547078,-0.3107635227751694,-0.46400876855472906,0.10870080690008878,0.05901723557165139,-0.446271242977308,0.0,0.2547680019802199,0.0,0.23280698380875955,-0.6315359191344088,0.35778456851764456,0.0,,0.0,0,0.1779,0.0096,0.0429,0.0536,0.96,1.0,0,0.0
P292,"Prayana Multispecialty Hospital, Madurai",Multispecialty Hospital,F292,O027,Madurai,9.8894,78.0797,private,Tamil Nadu,Madurai,Y,107,none,0,Cardiology|ENT|Emergency Room Packages|General Medicine|General Surgery|Neo-natal Care|Obstetrics & Gynaecology|Orthopaedics,2020-10-15,294,234,3748774.0,12750.931972789116,1,1.2564102564102564,1.0126582278481013,2.7476635514018692,0.04672897196261682,0.37142857142857144,0.0380952380952381,0.41496598639455784,0.02040816326530612,0.1870748299319728,0.0,0.1564625850340136,0.003401360544217687,15.136939677912748,0.04049267906880379,0.09844995084058548,0.8286983473138203,-0.015292138166155999,0.9439274458429586,0.42199510896717873,3.346199053552236,-0.5415935427629763,0.1874977409435595,-0.39722808542496657,0.4796126788979246,0.0,0.05011125240428424,0.0451097085096006,0.4027592510507484,0.04017857142857143,,0.0,0,0.3035,0.3631,0.9671,0.9962,0.77,1.0,39,1.0
P293,"Ekanta District Hospital, Prayagraj",District Hospital,F293,GOV,Prayagraj,25.4578,81.8494,public,Uttar Pradesh,Prayagraj,Y,189,none,0,Burns Management|Emergency Room Packages|General Medicine|General Surgery|Neo-natal Care|Obstetrics & Gynaecology|Ophthalmology|Orthopaedics,2021-10-23,340,268,3617780.0,10640.529411764706,1,1.2686567164179106,0.9425287356321839,1.7989417989417988,0.026455026455026454,0.09448818897637795,0.07874015748031496,0.35,0.026470588235294117,0.1588235294117647,0.0,0.18235294117647058,0.0,15.101371412425388,0.0,-1.256635384287109,-0.23424851570252786,-0.35717560179299934,-0.13660154575529632,0.11338343637823571,0.4266541601433151,1.0514123093739736,0.5491553622925844,-0.4010415084386636,-0.7426752908029682,0.0,1.6436964419425173,-1.0800476708232851,0.39051116876093167,0.04017857142857143,,0.0,0,0.2326,0.0078,0.0134,0.0171,0.94,0.5,2,0.0715
P294,"Yantara Multispecialty Hospital, Jagdalpur",Multispecialty Hospital,F294,O055,Jagdalpur,19.0988,81.9904,private,Chhattisgarh,Bastar,Z,119,none,0,Cardiology|ENT|Emergency Room Packages|General Medicine|General Surgery|Neo-natal Care|Obstetrics & Gynaecology|Orthopaedics,2019-10-15,246,193,3118605.0,12677.256097560976,1,1.2746113989637307,1.0158730158730158,2.0672268907563027,0.03361344537815126,0.04081632653061224,0.02040816326530612,0.4146341463414634,0.04065040650406504,0.17886178861788618,0.0,0.14634146341463414,0.0040650406504065045,14.9528966650713,0.10542221039762546,0.050826767806272655,0.4599794730068653,0.0,0.22087091412536428,-0.34085376199300244,-0.5768629811077931,-1.123908404530688,0.1811355936032681,1.307244070451197,0.18033121278376335,0.0,-0.02554092168812338,0.17713812365965134,0.3625448693249057,0.04017857142857143,,0.0,0,0.2119,0.017,0.0478,0.0775,1.26,1.0,1,0.0403
P295,"Sorinda Community Health Centre, Ahmedabad",Community Health Centre,F295,GOV,Ahmedabad,23.0465,72.5783,public,Gujarat,Ahmedabad,X,27,none,0,Emergency Room Packages|General Medicine|Obstetrics & Gynaecology,2021-12-29,23,23,188792.0,8208.347826086956,1,1.0,1.0833333333333333,0.8518518518518519,0.037037037037037035,0.13333333333333333,0.0,0.13043478260869565,0.0,0.17391304347826086,0.0,0.08695652173913043,0.0,12.148406455735008,-0.9432392228781316,0.4040710251186031,-1.9902564258658024,0.2585415163655435,-1.5148426266230253,-1.8187783740564551,1.1091488749592002,-1.563824692344259,0.6291763063739432,-1.1914170451586041,-0.137280731367157,0.0,-1.0214664772913329,0.0,0.46850370397678714,0.07692307692307693,,0.0,0,0.0297,0.0052,0.0074,0.0086,0.82,1.0,0,0.0
P296,"Ondira Dialysis Centre, Kochi",Dialysis Centre,F296,O043,Kochi,9.9529,76.311,private,Kerala,Ernakulam,Y,10,none,0,General Medicine,2021-01-19,445,16,967000.0,2173.0337078651687,1,27.8125,1.0642201834862386,44.5,0.5,0.23076923076923078,0.0,0.0,0.033707865168539325,0.18876404494382024,0.0,0.16179775280898875,0.0,13.78195480856106,1.3191708820939552,-0.7014909657761872,-0.8785257730996899,0.8463126028113033,0.4899292632091463,1.643186285456766,1.7973257400875375,-0.5725451429662024,0.0,0.27396977811799755,0.9409871595642004,0.0,1.137940235958471,0.0,0.4060008774471149,0.04017857142857143,,0.0,0,0.0091,0.0072,0.0072,0.0081,1.11,1.0,0,0.0
P297,"Prayana Nursing Home, Jagdalpur",Nursing Home,F297,O053,Jagdalpur,19.0399,82.0411,private,Chhattisgarh,Bastar,Z,26,none,0,Emergency Room Packages|General Medicine|General Surgery|Obstetrics & Gynaecology,2020-11-30,38,37,392119.0,10318.921052631578,1,1.027027027027027,1.0714285714285714,1.4615384615384615,0.038461538461538464,0.05263157894736842,0.0,0.3157894736842105,0.05263157894736842,0.23684210526315788,0.0,0.05263157894736842,0.0,12.879323194375662,0.001057071849441902,0.04425290152212326,-0.3591890799076412,0.013258140585057537,-0.1393116578426209,-0.04842213746775629,-0.5201485967866079,-0.35999995840248367,-0.16628739319904295,1.1805697774542276,1.3780031769402517,0.0,-0.5218391443121978,0.0,0.35968223644507524,0.0,,0.0,0,0.0765,0.0084,0.0096,0.0136,1.38,1.0,0,0.0
P298,"Ishvara Nursing Home, Barmer",Nursing Home,F298,O062,Barmer,25.6749,71.3841,private,Rajasthan,Barmer,Z,16,none,0,Emergency Room Packages|General Medicine|General Surgery|Obstetrics & Gynaecology,2021-03-15,118,118,1282538.0,10868.966101694916,1,1.0,0.7924528301886793,7.375,0.25,0.08641975308641975,0.04938271604938271,0.2796610169491525,0.00847457627118644,0.2033898305084746,0.7288135593220338,0.8050847457627118,0.00847457627118644,14.064352264921432,-0.0782233168587014,0.34758243894331103,1.3893313287649391,-0.763468774822561,0.876252313391571,0.14688048365219408,0.02711336992852001,-0.057777771101633194,-0.5087266859733434,-0.4588421402729756,0.6962041829705243,5.444662105611047,3.510880216451328,0.9906941319296034,0.5129235911394033,0.6666666666666666,,0.0,0,0.9493,0.9729,0.9729,0.9943,1.2,1.25,87,1.0
P299,"Ishvara Dialysis Centre, Jagdalpur",Dialysis Centre,F299,O040,Jagdalpur,19.0891,82.037,private,Chhattisgarh,Bastar,Z,24,none,0,General Medicine,2024-02-17,1255,49,2674355.0,2130.96015936255,1,25.612244897959183,1.0248447204968945,52.291666666666664,0.4166666666666667,0.05263157894736842,0.05263157894736842,0.0,0.03745019920318725,0.17848605577689244,0.0,0.15139442231075698,0.0,14.799219161664322,0.7777448407205193,-1.0149274898463756,1.3496374931335686,0.3642102183861607,1.2302668165029673,0.5210102856326334,-0.46563318866856473,0.5172307600120054,0.0,0.764839002950216,-0.003924393114815658,0.0,0.1551264857627769,0.0,0.3688091823059215,0.04017857142857143,,0.0,0,0.116,0.0071,0.0096,0.0147,1.05,1.0,0,0.0
P300,"Shubhra Community Health Centre, Kochi",Community Health Centre,F300,GOV,Kochi,9.976,76.2806,public,Kerala,Ernakulam,Y,26,none,0,Emergency Room Packages|General Medicine|Obstetrics & Gynaecology,2023-11-27,26,26,191722.0,7373.923076923077,1,1.0,0.7692307692307693,1.0,0.038461538461538464,0.13333333333333333,0.13333333333333333,0.23076923076923078,0.0,0.11538461538461539,0.0,0.07692307692307693,0.0,12.16380690097088,-0.9432392228781316,-0.5959677332845879,-1.9539465629805546,-0.7159611222430441,-1.326544882751856,-1.7488253596696681,1.1091488749592002,1.873430389010395,3.0650096085950476,-1.1914170451586041,-1.2419024653287232,0.0,-1.2048066142410592,0.0,0.5126279391574852,0.5,,0.0,0,0.0108,0.0127,0.0165,0.0273,1.12,1.0,0,0.0
