referral_id,from_provider_id,to_provider_id,member_id,referral_date
R00001,P212,P217,M01003,2025-10-01
R00002,P059,P233,M02691,2025-10-01
R00003,P066,P198,M00689,2025-10-01
R00004,P155,P251,M00401,2025-10-01
R00005,P133,P238,M02931,2025-10-01
R00006,P240,P072,M02501,2025-10-01
R00007,P142,P144,M04140,2025-10-01
R00008,P294,P149,M04129,2025-10-01
R00009,P243,P278,M01755,2025-10-01
R00010,P247,P195,M01838,2025-10-01
R00011,P134,P027,M01777,2025-10-01
R00012,P165,P195,M02247,2025-10-01
R00013,P031,P046,M01832,2025-10-01
R00014,P219,P069,M01936,2025-10-01
R00015,P163,P071,M03490,2025-10-01
R00016,P270,P100,M03727,2025-10-01
R00017,P003,P069,M00274,2025-10-01
R00018,P216,P227,M02621,2025-10-01
R00019,P240,P151,M00894,2025-10-01
R00020,P172,P279,M03458,2025-10-01
R00021,P079,P255,M03818,2025-10-01
R00022,P113,P021,M01845,2025-10-01
R00023,P137,P297,M04104,2025-10-02
R00024,P300,P116,M00778,2025-10-02
R00025,P096,P166,M01168,2025-10-02
R00026,P240,P151,M00134,2025-10-02
R00027,P229,P244,M01294,2025-10-02
R00028,P270,P077,M02460,2025-10-02
R00029,P174,P071,M01066,2025-10-02
R00030,P136,P012,M01414,2025-10-02
R00031,P136,P244,M04887,2025-10-02
R00032,P169,P254,M00671,2025-10-02
R00033,P235,P191,M00985,2025-10-02
R00034,P270,P200,M04552,2025-10-02
R00035,P261,P246,M00628,2025-10-02
R00036,P008,P055,M01191,2025-10-02
R00037,P040,P011,M04236,2025-10-02
R00038,P066,P256,M01231,2025-10-02
R00039,P247,P195,M02234,2025-10-02
R00040,P253,P191,M00699,2025-10-02
R00041,P222,P138,M01760,2025-10-02
R00042,P075,P251,M01718,2025-10-02
R00043,P148,P209,M02270,2025-10-02
R00044,P219,P166,M00484,2025-10-02
R00045,P120,P279,M03694,2025-10-02
R00046,P189,P087,M03287,2025-10-02
R00047,P108,P119,M04886,2025-10-02
R00048,P079,P255,M00292,2025-10-02
R00049,P108,P100,M01462,2025-10-02
R00050,P300,P161,M04503,2025-10-02
R00051,P079,P255,M04085,2025-10-02
R00052,P161,P136,M03983,2025-10-02
R00053,P134,P026,M02581,2025-10-02
R00054,P131,P218,M04282,2025-10-02
R00055,P296,P063,M02252,2025-10-03
R00056,P219,P055,M00057,2025-10-03
R00057,P289,P030,M04585,2025-10-03
R00058,P096,P068,M03813,2025-10-03
R00059,P148,P209,M01789,2025-10-03
R00060,P041,P272,M03424,2025-10-03
R00061,P269,P107,M01360,2025-10-03
R00062,P264,P202,M01751,2025-10-03
R00063,P196,P279,M02813,2025-10-03
R00064,P131,P290,M03398,2025-10-03
R00065,P196,P020,M00499,2025-10-03
R00066,P248,P233,M02376,2025-10-03
R00067,P241,P064,M01446,2025-10-03
R00068,P018,P008,M04613,2025-10-03
R00069,P134,P026,M00065,2025-10-03
R00070,P265,P238,M01622,2025-10-03
R00071,P300,P116,M01866,2025-10-03
R00072,P240,P210,M01090,2025-10-03
R00073,P219,P166,M04260,2025-10-03
R00074,P136,P161,M02560,2025-10-03
R00075,P236,P007,M01506,2025-10-03
R00076,P235,P278,M03246,2025-10-03
R00077,P275,P185,M02884,2025-10-03
R00078,P207,P218,M03099,2025-10-03
R00079,P285,P251,M04254,2025-10-06
R00080,P025,P187,M03992,2025-10-06
R00081,P027,P086,M02663,2025-10-06
R00082,P092,P187,M01575,2025-10-06
R00083,P150,P285,M03523,2025-10-06
R00084,P188,P237,M03027,2025-10-06
R00085,P152,P201,M00320,2025-10-06
R00086,P174,P100,M00147,2025-10-06
R00087,P091,P267,M03700,2025-10-06
R00088,P208,P198,M01269,2025-10-06
R00089,P061,P182,M01183,2025-10-06
R00090,P204,P019,M00227,2025-10-06
R00091,P268,P046,M04492,2025-10-06
R00092,P174,P071,M02189,2025-10-06
R00093,P079,P045,M03588,2025-10-06
R00094,P073,P011,M03539,2025-10-06
R00095,P219,P069,M00626,2025-10-06
R00096,P129,P271,M03349,2025-10-06
R00097,P131,P029,M03168,2025-10-06
R00098,P134,P139,M01798,2025-10-06
R00099,P280,P272,M02251,2025-10-06
R00100,P134,P139,M02472,2025-10-06
R00101,P134,P038,M03337,2025-10-06
R00102,P024,P278,M04069,2025-10-06
R00103,P234,P135,M02596,2025-10-06
R00104,P114,P057,M04534,2025-10-06
R00105,P136,P161,M01609,2025-10-06
R00106,P136,P161,M02783,2025-10-06
R00107,P136,P116,M00615,2025-10-06
R00108,P223,P118,M01310,2025-10-06
R00109,P055,P008,M00915,2025-10-06
R00110,P136,P211,M01866,2025-10-06
R00111,P275,P207,M03106,2025-10-06
R00112,P191,P078,M03265,2025-10-06
R00113,P106,P038,M03181,2025-10-06
R00114,P298,P185,M03593,2025-10-06
R00115,P298,P297,M04522,2025-10-06
R00116,P143,P136,M02260,2025-10-07
R00117,P003,P231,M04646,2025-10-07
R00118,P003,P139,M04292,2025-10-07
R00119,P219,P166,M02083,2025-10-07
R00120,P205,P029,M03816,2025-10-07
R00121,P240,P009,M00064,2025-10-07
R00122,P193,P280,M00136,2025-10-07
R00123,P105,P224,M03951,2025-10-07
R00124,P253,P278,M02096,2025-10-07
R00125,P188,P082,M01374,2025-10-07
R00126,P013,P080,M04939,2025-10-07
R00127,P014,P012,M00207,2025-10-07
R00128,P158,P157,M00017,2025-10-07
R00129,P120,P279,M01468,2025-10-07
R00130,P124,P171,M00633,2025-10-07
R00131,P008,P149,M04737,2025-10-07
R00132,P247,P195,M02792,2025-10-07
R00133,P288,P072,M02771,2025-10-07
R00134,P131,P029,M02507,2025-10-07
R00135,P248,P002,M00452,2025-10-07
R00136,P050,P256,M04437,2025-10-07
R00137,P270,P135,M00595,2025-10-07
R00138,P229,P136,M04921,2025-10-07
R00139,P037,P141,M01524,2025-10-07
R00140,P137,P131,M01208,2025-10-07
R00141,P059,P080,M00908,2025-10-07
R00142,P111,P103,M02265,2025-10-07
R00143,P055,P173,M02705,2025-10-07
R00144,P155,P251,M04441,2025-10-07
R00145,P287,P087,M01898,2025-10-07
R00146,P172,P297,M00318,2025-10-07
R00147,P141,P263,M04627,2025-10-07
R00148,P275,P185,M00220,2025-10-07
R00149,P142,P082,M00221,2025-10-07
R00150,P212,P078,M02607,2025-10-07
R00151,P136,P012,M01646,2025-10-07
R00152,P104,P256,M02618,2025-10-07
R00153,P142,P162,M00273,2025-10-07
R00154,P152,P237,M01085,2025-10-07
R00155,P055,P027,M01134,2025-10-08
R00156,P055,P173,M03501,2025-10-08
R00157,P066,P057,M01918,2025-10-08
R00158,P254,P033,M03406,2025-10-08
R00159,P035,P256,M02259,2025-10-08
R00160,P226,P107,M03815,2025-10-08
R00161,P219,P055,M03728,2025-10-08
R00162,P222,P260,M01664,2025-10-08
R00163,P222,P089,M02686,2025-10-08
R00164,P058,P080,M00249,2025-10-08
R00165,P229,P211,M01577,2025-10-08
R00166,P066,P125,M03493,2025-10-08
R00167,P128,P167,M04272,2025-10-08
R00168,P031,P043,M03164,2025-10-08
R00169,P106,P038,M03691,2025-10-08
R00170,P108,P100,M04273,2025-10-08
R00171,P137,P207,M04783,2025-10-08
R00172,P299,P252,M04164,2025-10-08
R00173,P275,P207,M02813,2025-10-08
R00174,P136,P116,M03575,2025-10-08
R00175,P136,P244,M02436,2025-10-08
R00176,P024,P050,M01347,2025-10-08
R00177,P276,P057,M00773,2025-10-08
R00178,P023,P290,M02002,2025-10-08
R00179,P277,P138,M03320,2025-10-08
R00180,P134,P139,M04917,2025-10-08
R00181,P127,P016,M04435,2025-10-08
R00182,P281,P157,M01744,2025-10-08
R00183,P282,P067,M04617,2025-10-08
R00184,P283,P011,M01160,2025-10-08
R00185,P131,P029,M00986,2025-10-08
R00186,P027,P096,M01251,2025-10-08
R00187,P151,P034,M01408,2025-10-08
R00188,P136,P211,M03059,2025-10-08
R00189,P269,P107,M00498,2025-10-08
R00190,P008,P224,M01470,2025-10-08
R00191,P092,P134,M03069,2025-10-09
R00192,P300,P136,M04452,2025-10-09
R00193,P031,P030,M04245,2025-10-09
R00194,P224,P042,M04521,2025-10-09
R00195,P224,P177,M00099,2025-10-09
R00196,P008,P224,M04404,2025-10-09
R00197,P176,P267,M03616,2025-10-09
R00198,P275,P297,M00680,2025-10-09
R00199,P293,P009,M04529,2025-10-09
R00200,P119,P272,M01483,2025-10-09
R00201,P134,P026,M04306,2025-10-09
R00202,P172,P098,M03172,2025-10-09
R00203,P238,P297,M04661,2025-10-09
R00204,P257,P173,M03813,2025-10-09
R00205,P050,P225,M01360,2025-10-09
R00206,P118,P244,M01411,2025-10-09
R00207,P134,P102,M02901,2025-10-09
R00208,P226,P126,M03620,2025-10-09
R00209,P265,P098,M00625,2025-10-09
R00210,P300,P116,M04503,2025-10-09
R00211,P247,P251,M00919,2025-10-09
R00212,P174,P272,M00538,2025-10-09
R00213,P137,P131,M02365,2025-10-09
R00214,P241,P074,M02428,2025-10-09
R00215,P066,P198,M02702,2025-10-09
R00216,P041,P083,M04720,2025-10-09
R00217,P143,P012,M00263,2025-10-09
R00218,P128,P167,M03474,2025-10-09
R00219,P188,P160,M02351,2025-10-09
R00220,P129,P271,M02848,2025-10-09
R00221,P213,P026,M03286,2025-10-09
R00222,P155,P049,M03619,2025-10-09
R00223,P131,P279,M04448,2025-10-09
R00224,P031,P057,M04480,2025-10-10
R00225,P043,P107,M00861,2025-10-10
R00226,P288,P009,M04463,2025-10-10
R00227,P276,P057,M00885,2025-10-10
R00228,P008,P149,M04566,2025-10-10
R00229,P131,P029,M01982,2025-10-10
R00230,P183,P280,M02459,2025-10-10
R00231,P131,P022,M02813,2025-10-10
R00232,P287,P089,M03366,2025-10-10
R00233,P170,P012,M01722,2025-10-10
R00234,P134,P139,M02227,2025-10-10
R00235,P168,P103,M02258,2025-10-10
R00236,P216,P209,M01221,2025-10-10
R00237,P258,P171,M01286,2025-10-10
R00238,P164,P182,M02503,2025-10-10
R00239,P101,P260,M03174,2025-10-10
R00240,P172,P297,M00486,2025-10-10
R00241,P146,P118,M03923,2025-10-10
R00242,P104,P256,M01058,2025-10-10
R00243,P108,P100,M04477,2025-10-10
R00244,P108,P100,M04158,2025-10-10
R00245,P235,P278,M00371,2025-10-10
R00246,P115,P255,M00117,2025-10-10
R00247,P062,P096,M01341,2025-10-10
R00248,P264,P202,M03942,2025-10-10
R00249,P224,P153,M03936,2025-10-10
R00250,P054,P157,M00608,2025-10-10
R00251,P275,P207,M01706,2025-10-10
R00252,P226,P046,M02093,2025-10-10
R00253,P226,P260,M04152,2025-10-10
R00254,P115,P167,M02459,2025-10-10
R00255,P050,P217,M00304,2025-10-10
R00256,P176,P049,M03004,2025-10-10
R00257,P299,P252,M03992,2025-10-10
R00258,P283,P011,M02050,2025-10-13
R00259,P024,P278,M00552,2025-10-13
R00260,P258,P198,M02249,2025-10-13
R00261,P268,P046,M01487,2025-10-13
R00262,P188,P262,M03466,2025-10-13
R00263,P181,P034,M03448,2025-10-13
R00264,P080,P145,M04513,2025-10-13
R00265,P300,P116,M00231,2025-10-13
R00266,P079,P083,M00872,2025-10-13
R00267,P008,P055,M03143,2025-10-13
R00268,P283,P015,M04348,2025-10-13
R00269,P093,P122,M01232,2025-10-13
R00270,P193,P280,M04854,2025-10-13
R00271,P133,P131,M00393,2025-10-13
R00272,P061,P135,M03790,2025-10-13
R00273,P098,P110,M00069,2025-10-13
R00274,P101,P198,M02985,2025-10-13
R00275,P161,P012,M00974,2025-10-13
R00276,P146,P244,M02918,2025-10-13
R00277,P216,P186,M00496,2025-10-13
R00278,P146,P244,M00826,2025-10-13
R00279,P106,P095,M03070,2025-10-13
R00280,P235,P268,M04790,2025-10-13
R00281,P141,P042,M04627,2025-10-13
R00282,P136,P118,M02733,2025-10-13
R00283,P288,P053,M04551,2025-10-13
R00284,P091,P049,M02373,2025-10-13
R00285,P134,P139,M02623,2025-10-14
R00286,P092,P134,M04126,2025-10-14
R00287,P136,P211,M02800,2025-10-14
R00288,P003,P069,M02441,2025-10-14
R00289,P247,P157,M03993,2025-10-14
R00290,P114,P046,M04345,2025-10-14
R00291,P147,P252,M02025,2025-10-14
R00292,P044,P145,M02031,2025-10-14
R00293,P119,P209,M00477,2025-10-14
R00294,P288,P072,M01586,2025-10-14
R00295,P236,P009,M04671,2025-10-14
R00296,P257,P197,M02523,2025-10-14
R00297,P131,P279,M02631,2025-10-14
R00298,P282,P097,M02623,2025-10-14
R00299,P060,P106,M00095,2025-10-14
R00300,P119,P209,M03528,2025-10-14
R00301,P258,P126,M00821,2025-10-14
R00302,P261,P125,M00592,2025-10-14
R00303,P280,P047,M00159,2025-10-14
R00304,P181,P156,M03359,2025-10-14
R00305,P134,P102,M03333,2025-10-14
R00306,P258,P171,M00391,2025-10-14
R00307,P115,P255,M00517,2025-10-14
R00308,P127,P009,M02410,2025-10-15
R00309,P127,P009,M03906,2025-10-15
R00310,P131,P029,M02539,2025-10-15
R00311,P269,P260,M00272,2025-10-15
R00312,P275,P207,M00569,2025-10-15
R00313,P158,P202,M02905,2025-10-15
R00314,P172,P297,M01916,2025-10-15
R00315,P268,P050,M01175,2025-10-15
R00316,P175,P042,M01176,2025-10-15
R00317,P030,P256,M04958,2025-10-15
R00318,P189,P074,M02413,2025-10-15
R00319,P207,P297,M04527,2025-10-15
R00320,P213,P252,M00191,2025-10-15
R00321,P214,P141,M01488,2025-10-15
R00322,P222,P089,M00332,2025-10-15
R00323,P224,P067,M03009,2025-10-15
R00324,P037,P122,M03844,2025-10-15
R00325,P134,P102,M01207,2025-10-15
R00326,P283,P015,M03130,2025-10-15
R00327,P001,P149,M02834,2025-10-15
R00328,P010,P217,M01250,2025-10-15
R00329,P293,P007,M02848,2025-10-15
R00330,P294,P166,M02664,2025-10-15
R00331,P284,P271,M02255,2025-10-15
R00332,P283,P217,M00557,2025-10-15
R00333,P289,P043,M02060,2025-10-15
R00334,P155,P103,M00401,2025-10-16
R00335,P045,P234,M01512,2025-10-16
R00336,P204,P262,M01652,2025-10-16
R00337,P234,P209,M00748,2025-10-16
R00338,P213,P106,M04162,2025-10-16
R00339,P219,P093,M00959,2025-10-16
R00340,P275,P297,M01193,2025-10-16
R00341,P134,P102,M04120,2025-10-16
R00342,P150,P103,M04537,2025-10-16
R00343,P219,P069,M01662,2025-10-16
R00344,P005,P149,M00200,2025-10-16
R00345,P175,P096,M04444,2025-10-16
R00346,P133,P131,M00220,2025-10-16
R00347,P188,P262,M00026,2025-10-16
R00348,P273,P074,M00552,2025-10-16
R00349,P226,P107,M03287,2025-10-16
R00350,P226,P126,M00779,2025-10-16
R00351,P196,P207,M00471,2025-10-16
R00352,P270,P200,M02460,2025-10-16
R00353,P180,P011,M01410,2025-10-16
R00354,P247,P094,M04959,2025-10-16
R00355,P247,P233,M02592,2025-10-16
R00356,P059,P233,M02130,2025-10-16
R00357,P164,P182,M04730,2025-10-16
R00358,P291,P285,M00881,2025-10-16
R00359,P222,P138,M03392,2025-10-16
R00360,P136,P211,M04893,2025-10-16
R00361,P136,P211,M03307,2025-10-16
R00362,P226,P126,M03815,2025-10-17
R00363,P270,P100,M03998,2025-10-17
R00364,P261,P125,M04013,2025-10-17
R00365,P236,P179,M00086,2025-10-17
R00366,P270,P182,M01221,2025-10-17
R00367,P136,P244,M00075,2025-10-17
R00368,P270,P272,M04139,2025-10-17
R00369,P236,P053,M00945,2025-10-17
R00370,P293,P034,M04738,2025-10-17
R00371,P108,P100,M01956,2025-10-17
R00372,P236,P007,M03771,2025-10-17
R00373,P261,P180,M00834,2025-10-17
R00374,P265,P290,M04783,2025-10-17
R00375,P133,P131,M01262,2025-10-17
R00376,P208,P198,M02228,2025-10-17
R00377,P282,P197,M01575,2025-10-17
R00378,P214,P252,M00847,2025-10-17
R00379,P247,P094,M02487,2025-10-17
R00380,P240,P072,M04808,2025-10-17
R00381,P150,P285,M04699,2025-10-17
R00382,P039,P206,M03955,2025-10-17
R00383,P134,P026,M00412,2025-10-17
R00384,P096,P173,M01856,2025-10-17
R00385,P010,P278,M02797,2025-10-17
R00386,P128,P209,M03317,2025-10-17
R00387,P134,P139,M02595,2025-10-17
R00388,P066,P057,M03679,2025-10-20
R00389,P172,P098,M01676,2025-10-20
R00390,P193,P100,M00538,2025-10-20
R00391,P112,P162,M01323,2025-10-20
R00392,P027,P052,M04434,2025-10-20
R00393,P164,P254,M03199,2025-10-20
R00394,P010,P057,M02969,2025-10-20
R00395,P187,P004,M00262,2025-10-20
R00396,P273,P099,M02169,2025-10-20
R00397,P111,P002,M04119,2025-10-20
R00398,P104,P256,M00966,2025-10-20
R00399,P035,P256,M00770,2025-10-20
R00400,P214,P141,M01469,2025-10-20
R00401,P172,P098,M02923,2025-10-20
R00402,P060,P106,M02392,2025-10-20
R00403,P113,P242,M01233,2025-10-20
R00404,P146,P012,M01027,2025-10-20
R00405,P024,P198,M04968,2025-10-20
R00406,P296,P231,M01533,2025-10-20
R00407,P226,P126,M03620,2025-10-20
R00408,P092,P141,M03160,2025-10-20
R00409,P259,P050,M01614,2025-10-20
R00410,P248,P233,M04183,2025-10-20
R00411,P043,P138,M01347,2025-10-20
R00412,P044,P195,M04939,2025-10-20
R00413,P120,P279,M00173,2025-10-20
R00414,P133,P238,M00003,2025-10-20
R00415,P037,P141,M03844,2025-10-20
R00416,P287,P089,M00628,2025-10-20
R00417,P018,P224,M00262,2025-10-20
R00418,P080,P285,M03993,2025-10-20
R00419,P177,P242,M04018,2025-10-20
R00420,P236,P009,M01890,2025-10-20
R00421,P114,P171,M04692,2025-10-20
R00422,P134,P038,M03030,2025-10-20
R00423,P190,P029,M02168,2025-10-20
R00424,P299,P197,M00629,2025-10-20
R00425,P228,P074,M00348,2025-10-20
R00426,P012,P161,M03760,2025-10-20
R00427,P003,P038,M02899,2025-10-21
R00428,P150,P285,M00178,2025-10-21
R00429,P075,P145,M02554,2025-10-21
R00430,P137,P207,M03687,2025-10-21
R00431,P013,P080,M00034,2025-10-21
R00432,P212,P217,M04834,2025-10-21
R00433,P208,P292,M03541,2025-10-21
R00434,P101,P198,M02138,2025-10-21
R00435,P120,P098,M01998,2025-10-21
R00436,P188,P160,M00529,2025-10-21
R00437,P273,P015,M01136,2025-10-21
R00438,P241,P107,M02894,2025-10-21
R00439,P172,P297,M01022,2025-10-21
R00440,P155,P251,M00190,2025-10-21
R00441,P031,P030,M00734,2025-10-21
R00442,P286,P245,M03365,2025-10-21
R00443,P090,P030,M03564,2025-10-21
R00444,P163,P209,M00229,2025-10-21
R00445,P283,P015,M03265,2025-10-21
R00446,P247,P195,M00291,2025-10-21
R00447,P265,P131,M02504,2025-10-21
R00448,P172,P098,M00514,2025-10-21
R00449,P091,P195,M03779,2025-10-21
R00450,P165,P195,M00309,2025-10-21
R00451,P127,P016,M02805,2025-10-21
R00452,P134,P177,M04051,2025-10-21
R00453,P137,P297,M02804,2025-10-21
R00454,P115,P227,M02524,2025-10-21
R00455,P049,P267,M03350,2025-10-21
R00456,P177,P242,M04929,2025-10-21
R00457,P235,P107,M02201,2025-10-21
R00458,P258,P011,M02020,2025-10-21
R00459,P238,P185,M00486,2025-10-21
R00460,P092,P021,M03378,2025-10-21
R00461,P045,P071,M00102,2025-10-21
R00462,P143,P136,M00497,2025-10-21
R00463,P261,P260,M01949,2025-10-21
R00464,P136,P012,M01458,2025-10-21
R00465,P036,P179,M00862,2025-10-21
R00466,P234,P077,M00964,2025-10-21
R00467,P137,P207,M01820,2025-10-21
R00468,P134,P038,M03497,2025-10-21
R00469,P270,P200,M00174,2025-10-21
R00470,P014,P012,M02162,2025-10-22
R00471,P131,P279,M01916,2025-10-22
R00472,P289,P043,M00329,2025-10-22
R00473,P131,P110,M04527,2025-10-22
R00474,P277,P104,M04640,2025-10-22
R00475,P066,P125,M00541,2025-10-22
R00476,P270,P135,M02251,2025-10-22
R00477,P219,P093,M04260,2025-10-22
R00478,P128,P209,M00295,2025-10-22
R00479,P074,P246,M02695,2025-10-22
R00480,P005,P149,M01459,2025-10-22
R00481,P136,P161,M00031,2025-10-22
R00482,P134,P139,M01842,2025-10-22
R00483,P288,P230,M04953,2025-10-22
R00484,P134,P038,M03931,2025-10-22
R00485,P136,P116,M00697,2025-10-22
R00486,P143,P232,M04846,2025-10-22
R00487,P155,P103,M03788,2025-10-22
R00488,P175,P026,M02649,2025-10-22
R00489,P010,P278,M01944,2025-10-22
R00490,P205,P029,M03180,2025-10-22
R00491,P229,P118,M04964,2025-10-22
R00492,P294,P004,M04164,2025-10-22
R00493,P120,P279,M00627,2025-10-22
R00494,P280,P047,M02520,2025-10-22
R00495,P008,P149,M00852,2025-10-22
R00496,P093,P117,M00002,2025-10-23
R00497,P175,P173,M02178,2025-10-23
R00498,P079,P045,M04560,2025-10-23
R00499,P181,P053,M01525,2025-10-23
R00500,P093,P122,M04402,2025-10-23
R00501,P079,P083,M03078,2025-10-23
R00502,P254,P234,M01858,2025-10-23
R00503,P190,P218,M03975,2025-10-23
R00504,P224,P067,M03271,2025-10-23
R00505,P224,P123,M00761,2025-10-23
R00506,P223,P244,M00823,2025-10-23
R00507,P258,P198,M00821,2025-10-23
R00508,P058,P080,M03253,2025-10-23
R00509,P134,P038,M01569,2025-10-23
R00510,P106,P068,M03415,2025-10-23
R00511,P261,P180,M00966,2025-10-23
R00512,P150,P103,M03517,2025-10-23
R00513,P010,P278,M03642,2025-10-23
R00514,P207,P297,M00897,2025-10-23
R00515,P204,P160,M01652,2025-10-23
R00516,P133,P238,M01881,2025-10-23
R00517,P199,P123,M04112,2025-10-23
R00518,P199,P224,M03365,2025-10-23
R00519,P066,P217,M02702,2025-10-23
R00520,P134,P177,M00141,2025-10-23
R00521,P226,P046,M01250,2025-10-23
R00522,P013,P184,M02402,2025-10-24
R00523,P229,P211,M00506,2025-10-24
R00524,P258,P011,M02249,2025-10-24
R00525,P235,P107,M00304,2025-10-24
R00526,P243,P292,M00211,2025-10-24
R00527,P248,P233,M02077,2025-10-24
R00528,P050,P107,M00371,2025-10-24
R00529,P055,P027,M00049,2025-10-24
R00530,P054,P049,M03536,2025-10-24
R00531,P189,P074,M00304,2025-10-24
R00532,P289,P256,M00752,2025-10-24
R00533,P056,P237,M04935,2025-10-24
R00534,P219,P093,M01738,2025-10-24
R00535,P264,P103,M02399,2025-10-24
R00536,P060,P166,M03188,2025-10-24
R00537,P008,P231,M04317,2025-10-24
R00538,P074,P246,M03711,2025-10-24
R00539,P193,P200,M03237,2025-10-24
R00540,P259,P125,M03963,2025-10-24
R00541,P090,P030,M02505,2025-10-24
R00542,P090,P057,M02770,2025-10-24
R00543,P269,P246,M03361,2025-10-24
R00544,P136,P232,M04035,2025-10-24
R00545,P300,P211,M00263,2025-10-24
R00546,P108,P135,M00859,2025-10-24
R00547,P270,P077,M00647,2025-10-24
R00548,P280,P272,M04919,2025-10-24
R00549,P282,P096,M00277,2025-10-24
R00550,P099,P191,M04904,2025-10-24
R00551,P001,P042,M00731,2025-10-24
R00552,P299,P122,M00909,2025-10-24
R00553,P001,P149,M02494,2025-10-24
R00554,P113,P245,M00099,2025-10-27
R00555,P168,P103,M03230,2025-10-27
R00556,P224,P177,M00322,2025-10-27
R00557,P137,P297,M04717,2025-10-27
R00558,P253,P046,M02096,2025-10-27
R00559,P074,P246,M00211,2025-10-27
R00560,P261,P260,M01647,2025-10-27
R00561,P298,P098,M00742,2025-10-27
R00562,P284,P016,M01876,2025-10-27
R00563,P216,P167,M02760,2025-10-27
R00564,P146,P012,M04623,2025-10-27
R00565,P066,P191,M00972,2025-10-27
R00566,P101,P107,M01960,2025-10-27
R00567,P101,P292,M01898,2025-10-27
R00568,P062,P274,M00756,2025-10-27
R00569,P207,P297,M00328,2025-10-27
R00570,P099,P087,M01737,2025-10-27
R00571,P193,P100,M03411,2025-10-27
R00572,P199,P068,M01568,2025-10-27
R00573,P226,P046,M00116,2025-10-27
R00574,P300,P161,M01294,2025-10-27
R00575,P136,P244,M01048,2025-10-27
R00576,P133,P131,M03738,2025-10-27
R00577,P044,P195,M01062,2025-10-27
R00578,P114,P171,M01214,2025-10-27
R00579,P181,P053,M03448,2025-10-27
R00580,P049,P251,M03877,2025-10-27
R00581,P245,P021,M03506,2025-10-27
R00582,P280,P083,M04720,2025-10-27
R00583,P170,P244,M00075,2025-10-27
R00584,P136,P116,M02800,2025-10-27
R00585,P247,P094,M00259,2025-10-27
R00586,P273,P015,M01136,2025-10-28
R00587,P150,P251,M01975,2025-10-28
R00588,P287,P225,M04050,2025-10-28
R00589,P131,P029,M02240,2025-10-28
R00590,P133,P131,M02964,2025-10-28
R00591,P208,P292,M04225,2025-10-28
R00592,P101,P225,M01205,2025-10-28
R00593,P065,P185,M03207,2025-10-28
R00594,P150,P049,M03443,2025-10-28
R00595,P226,P107,M00966,2025-10-28
R00596,P148,P209,M04288,2025-10-28
R00597,P133,P238,M00318,2025-10-28
R00598,P134,P102,M00226,2025-10-28
R00599,P261,P246,M04329,2025-10-28
R00600,P134,P038,M02649,2025-10-28
R00601,P045,P071,M02394,2025-10-28
R00602,P258,P087,M02105,2025-10-28
R00603,P258,P198,M02486,2025-10-28
R00604,P137,P279,M04365,2025-10-28
R00605,P055,P008,M00042,2025-10-28
R00606,P280,P272,M01362,2025-10-28
R00607,P136,P012,M01697,2025-10-28
R00608,P226,P126,M02210,2025-10-28
R00609,P275,P297,M03106,2025-10-28
R00610,P152,P237,M01278,2025-10-28
R00611,P214,P252,M02355,2025-10-28
R00612,P190,P098,M00195,2025-10-28
R00613,P164,P254,M02213,2025-10-28
R00614,P006,P237,M04606,2025-10-28
R00615,P172,P279,M04193,2025-10-28
R00616,P169,P255,M02728,2025-10-28
R00617,P280,P186,M03193,2025-10-29
R00618,P234,P135,M02872,2025-10-29
R00619,P183,P182,M03509,2025-10-29
R00620,P226,P043,M03777,2025-10-29
R00621,P299,P109,M01600,2025-10-29
R00622,P155,P285,M03793,2025-10-29
R00623,P136,P244,M03831,2025-10-29
R00624,P136,P244,M00023,2025-10-29
R00625,P136,P012,M02535,2025-10-29
R00626,P054,P049,M00912,2025-10-29
R00627,P224,P042,M01747,2025-10-29
R00628,P224,P177,M02901,2025-10-29
R00629,P189,P171,M00834,2025-10-29
R00630,P055,P245,M01191,2025-10-29
R00631,P136,P116,M04234,2025-10-29
R00632,P152,P048,M03079,2025-10-29
R00633,P268,P046,M03392,2025-10-29
R00634,P092,P055,M04106,2025-10-29
R00635,P040,P011,M04013,2025-10-29
R00636,P091,P285,M03640,2025-10-29
R00637,P247,P094,M02679,2025-10-29
R00638,P091,P267,M04468,2025-10-29
R00639,P175,P026,M02981,2025-10-29
R00640,P017,P069,M02790,2025-10-29
R00641,P245,P004,M04090,2025-10-29
R00642,P299,P068,M04837,2025-10-29
R00643,P174,P071,M00538,2025-10-29
R00644,P127,P016,M03349,2025-10-29
R00645,P174,P272,M04628,2025-10-29
R00646,P172,P098,M04148,2025-10-29
R00647,P134,P038,M00981,2025-10-29
R00648,P134,P177,M00133,2025-10-29
R00649,P134,P139,M01580,2025-10-29
R00650,P092,P187,M04601,2025-10-29
R00651,P044,P233,M01958,2025-10-29
R00652,P035,P256,M00804,2025-10-29
R00653,P113,P242,M04018,2025-10-29
R00654,P286,P263,M00277,2025-10-29
R00655,P265,P238,M01971,2025-10-29
R00656,P265,P238,M03064,2025-10-29
R00657,P264,P103,M02905,2025-10-29
R00658,P143,P136,M01305,2025-10-29
R00659,P214,P095,M01112,2025-10-29
R00660,P105,P027,M03344,2025-10-29
R00661,P193,P200,M03347,2025-10-29
R00662,P096,P068,M01358,2025-10-29
R00663,P205,P029,M03816,2025-10-29
R00664,P061,P033,M02082,2025-10-29
R00665,P014,P161,M01047,2025-10-29
R00666,P298,P022,M04889,2025-10-29
R00667,P141,P008,M02655,2025-10-29
R00668,P027,P096,M01403,2025-10-29
R00669,P108,P135,M02302,2025-10-29
R00670,P280,P234,M04919,2025-10-30
R00671,P027,P086,M00852,2025-10-30
R00672,P134,P027,M04445,2025-10-30
R00673,P221,P256,M01410,2025-10-30
R00674,P163,P200,M00970,2025-10-30
R00675,P127,P070,M02342,2025-10-30
R00676,P137,P207,M04603,2025-10-30
R00677,P134,P038,M00960,2025-10-30
R00678,P008,P055,M04566,2025-10-30
R00679,P165,P002,M02158,2025-10-30
R00680,P169,P182,M03884,2025-10-30
R00681,P161,P244,M02529,2025-10-30
R00682,P257,P197,M00349,2025-10-30
R00683,P164,P254,M04588,2025-10-30
R00684,P259,P125,M02105,2025-10-30
R00685,P044,P195,M01867,2025-10-30
R00686,P294,P173,M02328,2025-10-30
R00687,P180,P057,M04124,2025-10-30
R00688,P084,P047,M03281,2025-10-30
R00689,P010,P057,M01360,2025-10-30
R00690,P240,P210,M00380,2025-10-30
R00691,P035,P171,M01731,2025-10-30
R00692,P111,P233,M02148,2025-10-30
R00693,P177,P069,M03031,2025-10-30
R00694,P101,P256,M02686,2025-10-31
R00695,P134,P102,M03337,2025-10-31
R00696,P178,P218,M00911,2025-10-31
R00697,P180,P057,M04271,2025-10-31
R00698,P101,P260,M03587,2025-10-31
R00699,P163,P209,M00758,2025-10-31
R00700,P043,P138,M00861,2025-10-31
R00701,P288,P053,M01103,2025-10-31
R00702,P150,P195,M04171,2025-10-31
R00703,P060,P166,M00995,2025-10-31
R00704,P270,P167,M02172,2025-10-31
R00705,P229,P118,M02795,2025-10-31
R00706,P298,P098,M00069,2025-10-31
R00707,P140,P015,M01160,2025-10-31
R00708,P137,P297,M02010,2025-10-31
R00709,P111,P002,M00853,2025-10-31
R00710,P142,P082,M00148,2025-10-31
R00711,P112,P201,M00965,2025-10-31
R00712,P223,P118,M03760,2025-10-31
R00713,P023,P110,M03045,2025-10-31
R00714,P136,P211,M00357,2025-10-31
R00715,P273,P101,M01949,2025-10-31
R00716,P219,P166,M03331,2025-10-31
R00717,P255,P186,M03199,2025-10-31
R00718,P127,P070,M00824,2025-10-31
R00719,P193,P047,M03769,2025-10-31
R00720,P062,P274,M04504,2025-10-31
R00721,P188,P082,M04662,2025-10-31
R00722,P084,P182,M04787,2025-10-31
R00723,P014,P161,M04228,2025-10-31
R00724,P187,P004,M02127,2025-10-31
R00725,P170,P232,M01458,2025-10-31
R00726,P039,P048,M03567,2025-10-31
R00727,P265,P098,M04967,2025-10-31
R00728,P259,P064,M02894,2025-10-31
R00729,P098,P279,M00920,2025-11-03
R00730,P001,P042,M01545,2025-11-03
R00731,P131,P022,M00462,2025-11-03
R00732,P128,P209,M00799,2025-11-03
R00733,P175,P042,M03839,2025-11-03
R00734,P127,P009,M03117,2025-11-03
R00735,P219,P166,M01280,2025-11-03
R00736,P044,P195,M00659,2025-11-03
R00737,P165,P285,M02158,2025-11-03
R00738,P111,P233,M00176,2025-11-03
R00739,P093,P166,M00905,2025-11-03
R00740,P295,P019,M03466,2025-11-03
R00741,P298,P098,M02614,2025-11-03
R00742,P168,P157,M04352,2025-11-03
R00743,P113,P242,M01517,2025-11-03
R00744,P044,P145,M03901,2025-11-03
R00745,P188,P237,M00222,2025-11-03
R00746,P193,P200,M02520,2025-11-03
R00747,P164,P119,M03791,2025-11-03
R00748,P170,P118,M04234,2025-11-03
R00749,P075,P195,M02554,2025-11-03
R00750,P115,P167,M02404,2025-11-03
R00751,P214,P095,M01493,2025-11-03
R00752,P240,P210,M01601,2025-11-03
R00753,P051,P263,M04569,2025-11-03
R00754,P106,P095,M00364,2025-11-03
R00755,P190,P098,M04715,2025-11-03
R00756,P035,P171,M02815,2025-11-03
R00757,P276,P057,M02832,2025-11-03
R00758,P287,P260,M04748,2025-11-03
R00759,P266,P046,M04236,2025-11-03
R00760,P136,P211,M02783,2025-11-04
R00761,P113,P093,M00476,2025-11-04
R00762,P221,P011,M04236,2025-11-04
R00763,P134,P038,M03899,2025-11-04
R00764,P275,P185,M02362,2025-11-04
R00765,P134,P177,M00078,2025-11-04
R00766,P114,P171,M04692,2025-11-04
R00767,P288,P009,M00149,2025-11-04
R00768,P164,P119,M04494,2025-11-04
R00769,P239,P064,M00681,2025-11-04
R00770,P172,P098,M01201,2025-11-04
R00771,P248,P202,M02148,2025-11-04
R00772,P247,P080,M04468,2025-11-04
R00773,P005,P245,M02705,2025-11-04
R00774,P045,P200,M01008,2025-11-04
R00775,P170,P118,M03307,2025-11-04
R00776,P036,P154,M04467,2025-11-04
R00777,P050,P225,M01298,2025-11-04
R00778,P276,P057,M00628,2025-11-04
R00779,P286,P004,M02150,2025-11-04
R00780,P270,P100,M04115,2025-11-04
R00781,P142,P144,M01107,2025-11-04
R00782,P061,P083,M01197,2025-11-04
R00783,P298,P185,M04010,2025-11-04
R00784,P134,P102,M01508,2025-11-04
R00785,P143,P136,M03743,2025-11-04
R00786,P293,P151,M00864,2025-11-04
R00787,P104,P198,M01356,2025-11-04
R00788,P028,P055,M04112,2025-11-04
R00789,P164,P100,M03389,2025-11-05
R00790,P293,P009,M00430,2025-11-05
R00791,P008,P231,M04404,2025-11-05
R00792,P055,P027,M02899,2025-11-05
R00793,P241,P198,M02894,2025-11-05
R00794,P134,P139,M01732,2025-11-05
R00795,P043,P030,M03802,2025-11-05
R00796,P177,P068,M02785,2025-11-05
R00797,P152,P048,M03606,2025-11-05
R00798,P128,P167,M03648,2025-11-05
R00799,P289,P030,M04790,2025-11-05
R00800,P196,P207,M04067,2025-11-05
R00801,P265,P022,M00220,2025-11-05
R00802,P105,P224,M00658,2025-11-05
R00803,P131,P218,M04562,2025-11-05
R00804,P193,P135,M00859,2025-11-05
R00805,P219,P166,M00057,2025-11-05
R00806,P180,P278,M01961,2025-11-05
R00807,P190,P218,M02884,2025-11-05
R00808,P296,P117,M00359,2025-11-05
R00809,P259,P050,M01003,2025-11-05
R00810,P073,P171,M02412,2025-11-05
R00811,P073,P138,M03624,2025-11-05
R00812,P134,P139,M03387,2025-11-05
R00813,P054,P157,M04415,2025-11-05
R00814,P054,P002,M00912,2025-11-05
R00815,P058,P202,M01222,2025-11-05
R00816,P172,P279,M01916,2025-11-05
R00817,P280,P186,M04919,2025-11-05
R00818,P134,P102,M00731,2025-11-05
R00819,P219,P093,M03328,2025-11-06
R00820,P018,P038,M04425,2025-11-06
R00821,P044,P195,M03004,2025-11-06
R00822,P104,P099,M03265,2025-11-06
R00823,P221,P256,M01768,2025-11-06
R00824,P141,P042,M04180,2025-11-06
R00825,P298,P185,M04209,2025-11-06
R00826,P111,P002,M03145,2025-11-06
R00827,P226,P260,M01583,2025-11-06
R00828,P275,P297,M03863,2025-11-06
R00829,P275,P207,M03065,2025-11-06
R00830,P134,P139,M04737,2025-11-06
R00831,P280,P083,M01675,2025-11-06
R00832,P150,P195,M04974,2025-11-06
R00833,P236,P016,M01581,2025-11-06
R00834,P236,P009,M04093,2025-11-06
R00835,P151,P085,M02490,2025-11-06
R00836,P055,P027,M03475,2025-11-06
R00837,P165,P195,M04758,2025-11-06
R00838,P299,P093,M01488,2025-11-06
R00839,P238,P131,M01262,2025-11-06
R00840,P134,P102,M00913,2025-11-06
R00841,P062,P096,M01252,2025-11-06
R00842,P293,P210,M02851,2025-11-06
R00843,P291,P285,M04009,2025-11-06
R00844,P189,P087,M00030,2025-11-06
R00845,P131,P029,M02540,2025-11-06
R00846,P127,P009,M01436,2025-11-06
R00847,P265,P290,M01238,2025-11-06
R00848,P283,P011,M01058,2025-11-06
R00849,P164,P209,M02199,2025-11-07
R00850,P288,P009,M03158,2025-11-07
R00851,P096,P166,M01969,2025-11-07
R00852,P165,P285,M02324,2025-11-07
R00853,P268,P030,M03090,2025-11-07
R00854,P092,P123,M03688,2025-11-07
R00855,P270,P100,M00666,2025-11-07
R00856,P134,P026,M03930,2025-11-07
R00857,P134,P102,M02472,2025-11-07
R00858,P120,P290,M03168,2025-11-07
R00859,P294,P177,M00319,2025-11-07
R00860,P124,P171,M04050,2025-11-07
R00861,P045,P200,M04793,2025-11-07
R00862,P178,P279,M04522,2025-11-07
R00863,P152,P237,M01348,2025-11-07
R00864,P247,P157,M01751,2025-11-07
R00865,P124,P046,M01367,2025-11-07
R00866,P115,P255,M00292,2025-11-07
R00867,P131,P290,M00625,2025-11-07
R00868,P136,P118,M01657,2025-11-07
R00869,P131,P279,M04785,2025-11-07
R00870,P275,P297,M01916,2025-11-07
R00871,P284,P016,M03489,2025-11-07
R00872,P066,P246,M00332,2025-11-07
R00873,P253,P191,M04649,2025-11-07
R00874,P229,P244,M00826,2025-11-07
R00875,P229,P118,M01866,2025-11-07
R00876,P161,P136,M04379,2025-11-07
R00877,P247,P233,M04554,2025-11-07
R00878,P041,P083,M02160,2025-11-07
R00879,P140,P074,M00238,2025-11-07
R00880,P176,P195,M00648,2025-11-07
R00881,P289,P030,M02210,2025-11-07
R00882,P213,P166,M04162,2025-11-07
R00883,P018,P139,M01358,2025-11-07
R00884,P219,P055,M02204,2025-11-07
R00885,P214,P252,M04327,2025-11-07
R00886,P214,P252,M03035,2025-11-07
R00887,P101,P260,M00583,2025-11-10
R00888,P143,P232,M04990,2025-11-10
R00889,P104,P046,M03485,2025-11-10
R00890,P039,P082,M04662,2025-11-10
R00891,P054,P002,M03267,2025-11-10
R00892,P028,P274,M02982,2025-11-10
R00893,P136,P012,M02886,2025-11-10
R00894,P273,P099,M01367,2025-11-10
R00895,P216,P209,M02621,2025-11-10
R00896,P055,P008,M03032,2025-11-10
R00897,P192,P007,M00047,2025-11-10
R00898,P300,P136,M00075,2025-11-10
R00899,P099,P198,M01737,2025-11-10
R00900,P073,P011,M04032,2025-11-10
R00901,P010,P278,M03984,2025-11-10
R00902,P299,P109,M00629,2025-11-10
R00903,P161,P136,M00974,2025-11-10
R00904,P238,P218,M02617,2025-11-10
R00905,P188,P215,M01374,2025-11-10
R00906,P280,P167,M02822,2025-11-10
R00907,P296,P081,M04389,2025-11-10
R00908,P018,P038,M04521,2025-11-10
R00909,P248,P202,M03264,2025-11-10
R00910,P170,P012,M01048,2025-11-10
R00911,P189,P074,M02413,2025-11-10
R00912,P092,P187,M03668,2025-11-10
R00913,P178,P185,M01430,2025-11-10
R00914,P289,P256,M03493,2025-11-10
R00915,P287,P087,M02352,2025-11-10
R00916,P293,P016,M01945,2025-11-10
R00917,P293,P034,M01554,2025-11-10
R00918,P050,P087,M03090,2025-11-10
R00919,P066,P198,M00348,2025-11-10
R00920,P199,P231,M04164,2025-11-10
R00921,P219,P093,M00715,2025-11-10
R00922,P241,P107,M02920,2025-11-10
R00923,P106,P095,M02924,2025-11-10
R00924,P172,P297,M01836,2025-11-10
R00925,P270,P186,M01342,2025-11-10
R00926,P255,P234,M03787,2025-11-10
R00927,P296,P231,M04636,2025-11-11
R00928,P050,P225,M01446,2025-11-11
R00929,P178,P110,M03748,2025-11-11
R00930,P247,P145,M00919,2025-11-11
R00931,P257,P038,M01252,2025-11-11
R00932,P243,P089,M01755,2025-11-11
R00933,P161,P232,M01756,2025-11-11
R00934,P207,P110,M01074,2025-11-11
R00935,P131,P110,M04689,2025-11-11
R00936,P300,P161,M01316,2025-11-11
R00937,P044,P195,M04590,2025-11-11
R00938,P247,P080,M00490,2025-11-11
R00939,P035,P171,M02413,2025-11-11
R00940,P240,P085,M03161,2025-11-11
R00941,P240,P009,M00894,2025-11-11
R00942,P240,P151,M00134,2025-11-11
R00943,P066,P064,M03493,2025-11-11
R00944,P221,P011,M02222,2025-11-11
R00945,P275,P185,M01982,2025-11-11
R00946,P035,P171,M01116,2025-11-11
R00947,P245,P021,M03698,2025-11-11
R00948,P291,P157,M02967,2025-11-11
R00949,P221,P011,M00406,2025-11-11
R00950,P134,P102,M00387,2025-11-11
R00951,P288,P009,M03104,2025-11-11
R00952,P199,P052,M01712,2025-11-11
R00953,P105,P122,M04422,2025-11-11
R00954,P208,P256,M00030,2025-11-11
R00955,P265,P131,M03296,2025-11-11
R00956,P017,P252,M00710,2025-11-11
R00957,P134,P027,M01111,2025-11-11
R00958,P003,P038,M03201,2025-11-11
R00959,P229,P203,M02123,2025-11-12
R00960,P150,P195,M00261,2025-11-12
R00961,P277,P104,M04968,2025-11-12
R00962,P275,P297,M04876,2025-11-12
R00963,P192,P009,M02942,2025-11-12
R00964,P284,P271,M03245,2025-11-12
R00965,P276,P191,M00437,2025-11-12
R00966,P299,P197,M02825,2025-11-12
R00967,P147,P252,M04550,2025-11-12
R00968,P259,P089,M00236,2025-11-12
R00969,P273,P015,M04417,2025-11-12
R00970,P136,P161,M02979,2025-11-12
R00971,P296,P081,M04774,2025-11-12
R00972,P059,P233,M04796,2025-11-12
R00973,P219,P069,M03856,2025-11-12
R00974,P172,P098,M03417,2025-11-12
R00975,P300,P136,M00023,2025-11-12
R00976,P247,P157,M02735,2025-11-12
R00977,P061,P083,M00033,2025-11-12
R00978,P289,P030,M00779,2025-11-12
R00979,P134,P139,M04336,2025-11-12
R00980,P181,P156,M03726,2025-11-12
R00981,P075,P094,M03163,2025-11-12
R00982,P165,P002,M00624,2025-11-12
R00983,P295,P215,M00320,2025-11-12
R00984,P222,P089,M00982,2025-11-12
R00985,P119,P186,M04235,2025-11-12
R00986,P041,P272,M01221,2025-11-12
R00987,P091,P267,M01561,2025-11-12
R00988,P155,P285,M01465,2025-11-12
R00989,P115,P167,M02515,2025-11-12
R00990,P045,P071,M00815,2025-11-12
R00991,P054,P080,M01930,2025-11-12
R00992,P288,P230,M00619,2025-11-12
R00993,P028,P026,M00472,2025-11-13
R00994,P161,P203,M04436,2025-11-13
R00995,P165,P002,M02156,2025-11-13
R00996,P012,P118,M04503,2025-11-13
R00997,P174,P071,M04933,2025-11-13
R00998,P286,P245,M00277,2025-11-13
R00999,P134,P038,M02176,2025-11-13
R01000,P001,P021,M03746,2025-11-13
R01001,P134,P139,M03387,2025-11-13
R01002,P128,P167,M00089,2025-11-13
R01003,P140,P225,M00599,2025-11-13
R01004,P136,P211,M01866,2025-11-13
R01005,P189,P171,M04863,2025-11-13
R01006,P131,P279,M03089,2025-11-13
R01007,P222,P138,M00487,2025-11-13
R01008,P269,P246,M03555,2025-11-13
R01009,P146,P118,M00432,2025-11-13
R01010,P205,P131,M00920,2025-11-13
R01011,P208,P256,M01477,2025-11-13
R01012,P229,P232,M04503,2025-11-13
R01013,P133,P131,M02759,2025-11-13
R01014,P175,P026,M02497,2025-11-13
R01015,P276,P050,M00880,2025-11-13
R01016,P276,P050,M00628,2025-11-13
R01017,P296,P117,M00508,2025-11-14
R01018,P073,P074,M00804,2025-11-14
R01019,P074,P278,M04612,2025-11-14
R01020,P172,P279,M03207,2025-11-14
R01021,P229,P211,M04555,2025-11-14
R01022,P170,P116,M04818,2025-11-14
R01023,P268,P121,M02105,2025-11-14
R01024,P176,P285,M01962,2025-11-14
R01025,P261,P180,M00039,2025-11-14
R01026,P098,P110,M00611,2025-11-14
R01027,P187,P081,M02834,2025-11-14
R01028,P161,P232,M02468,2025-11-14
R01029,P030,P015,M04684,2025-11-14
R01030,P208,P292,M00732,2025-11-14
R01031,P216,P200,M04509,2025-11-14
R01032,P147,P123,M01569,2025-11-14
R01033,P163,P100,M00758,2025-11-14
R01034,P035,P171,M02038,2025-11-14
R01035,P191,P125,M02132,2025-11-14
R01036,P228,P057,M02850,2025-11-14
R01037,P289,P043,M03674,2025-11-14
R01038,P291,P145,M04579,2025-11-14
R01039,P136,P012,M03291,2025-11-14
R01040,P012,P232,M00028,2025-11-14
R01041,P248,P202,M03869,2025-11-14
R01042,P240,P085,M02701,2025-11-14
R01043,P235,P191,M02222,2025-11-14
R01044,P283,P015,M04523,2025-11-14
R01045,P247,P195,M00490,2025-11-14
R01046,P247,P195,M03111,2025-11-14
R01047,P288,P009,M04957,2025-11-14
R01048,P012,P118,M01611,2025-11-14
R01049,P120,P290,M00899,2025-11-14
R01050,P120,P238,M00742,2025-11-14
R01051,P134,P038,M04741,2025-11-14
R01052,P124,P046,M01119,2025-11-14
R01053,P236,P179,M03189,2025-11-14
R01054,P120,P279,M01064,2025-11-14
R01055,P115,P255,M04840,2025-11-14
R01056,P158,P157,M02667,2025-11-17
R01057,P134,P038,M00049,2025-11-17
R01058,P190,P297,M01900,2025-11-17
R01059,P134,P027,M00795,2025-11-17
R01060,P134,P027,M03532,2025-11-17
R01061,P174,P272,M01234,2025-11-17
R01062,P240,P151,M01840,2025-11-17
R01063,P025,P004,M03533,2025-11-17
R01064,P235,P225,M04399,2025-11-17
R01065,P147,P141,M02472,2025-11-17
R01066,P113,P263,M03684,2025-11-17
R01067,P248,P202,M01930,2025-11-17
R01068,P134,P177,M02571,2025-11-17
R01069,P134,P102,M02857,2025-11-17
R01070,P270,P167,M03193,2025-11-17
R01071,P058,P184,M02334,2025-11-17
R01072,P280,P083,M02251,2025-11-17
R01073,P224,P123,M02867,2025-11-17
R01074,P294,P177,M01654,2025-11-17
R01075,P269,P260,M02685,2025-11-17
R01076,P134,P139,M02825,2025-11-17
R01077,P092,P134,M04601,2025-11-17
R01078,P250,P095,M00715,2025-11-17
R01079,P054,P157,M03922,2025-11-17
R01080,P134,P177,M01469,2025-11-17
R01081,P221,P256,M02893,2025-11-17
R01082,P259,P050,M01649,2025-11-17
R01083,P049,P145,M01934,2025-11-17
R01084,P014,P012,M00040,2025-11-17
R01085,P188,P237,M03016,2025-11-17
R01086,P134,P102,M02857,2025-11-17
R01087,P040,P198,M00288,2025-11-17
R01088,P014,P232,M04873,2025-11-17
R01089,P289,P256,M04438,2025-11-17
R01090,P106,P095,M00419,2025-11-17
R01091,P131,P218,M00393,2025-11-17
R01092,P164,P254,M04930,2025-11-17
R01093,P031,P046,M03642,2025-11-17
R01094,P031,P057,M04094,2025-11-17
R01095,P161,P232,M02632,2025-11-17
R01096,P228,P057,M04969,2025-11-17
R01097,P229,P232,M04107,2025-11-17
R01098,P264,P267,M02399,2025-11-17
R01099,P161,P012,M02468,2025-11-17
R01100,P080,P285,M00261,2025-11-17
R01101,P040,P104,M04693,2025-11-17
R01102,P027,P086,M02571,2025-11-17
R01103,P287,P030,M01314,2025-11-17
R01104,P188,P262,M02337,2025-11-17
R01105,P287,P260,M04582,2025-11-17
R01106,P142,P144,M00273,2025-11-17
R01107,P131,P029,M01082,2025-11-17
R01108,P192,P271,M03639,2025-11-18
R01109,P014,P161,M00040,2025-11-18
R01110,P161,P012,M00974,2025-11-18
R01111,P031,P057,M01347,2025-11-18
R01112,P115,P167,M04085,2025-11-18
R01113,P280,P071,M03486,2025-11-18
R01114,P270,P186,M02241,2025-11-18
R01115,P257,P038,M01670,2025-11-18
R01116,P074,P278,M00348,2025-11-18
R01117,P226,P046,M04344,2025-11-18
R01118,P226,P107,M02068,2025-11-18
R01119,P174,P047,M03424,2025-11-18
R01120,P208,P198,M02298,2025-11-18
R01121,P282,P067,M01769,2025-11-18
R01122,P127,P070,M02704,2025-11-18
R01123,P132,P077,M01555,2025-11-18
R01124,P295,P206,M00424,2025-11-18
R01125,P240,P151,M01523,2025-11-18
R01126,P115,P167,M00331,2025-11-18
R01127,P099,P191,M01918,2025-11-18
R01128,P019,P206,M02322,2025-11-18
R01129,P188,P206,M00529,2025-11-18
R01130,P098,P207,M03106,2025-11-18
R01131,P018,P149,M01111,2025-11-18
R01132,P208,P198,M01841,2025-11-18
R01133,P131,P110,M02812,2025-11-19
R01134,P115,P255,M01336,2025-11-19
R01135,P189,P104,M03287,2025-11-19
R01136,P189,P087,M04437,2025-11-19
R01137,P240,P009,M00829,2025-11-19
R01138,P073,P078,M03969,2025-11-19
R01139,P258,P087,M00916,2025-11-19
R01140,P183,P234,M02107,2025-11-19
R01141,P181,P156,M04985,2025-11-19
R01142,P137,P207,M04876,2025-11-19
R01143,P298,P297,M04581,2025-11-19
R01144,P214,P141,M01488,2025-11-19
R01145,P208,P198,M02618,2025-11-19
R01146,P193,P047,M00605,2025-11-19
R01147,P119,P209,M02323,2025-11-19
R01148,P074,P278,M01119,2025-11-19
R01149,P234,P119,M04272,2025-11-19
R01150,P119,P234,M00136,2025-11-19
R01151,P023,P110,M02103,2025-11-19
R01152,P018,P117,M04434,2025-11-19
R01153,P284,P072,M02181,2025-11-19
R01154,P055,P173,M00909,2025-11-19
R01155,P036,P007,M03583,2025-11-19
R01156,P013,P184,M03999,2025-11-20
R01157,P219,P093,M04120,2025-11-20
R01158,P133,P205,M00220,2025-11-20
R01159,P134,P038,M01600,2025-11-20
R01160,P003,P076,M03105,2025-11-20
R01161,P208,P198,M01269,2025-11-20
R01162,P300,P211,M01866,2025-11-20
R01163,P172,P279,M03862,2025-11-20
R01164,P180,P107,M03963,2025-11-20
R01165,P270,P182,M02237,2025-11-20
R01166,P181,P070,M04237,2025-11-20
R01167,P286,P245,M03497,2025-11-20
R01168,P207,P218,M01996,2025-11-20
R01169,P134,P102,M00860,2025-11-20
R01170,P099,P191,M01737,2025-11-20
R01171,P113,P086,M00476,2025-11-20
R01172,P050,P087,M01628,2025-11-20
R01173,P104,P260,M04001,2025-11-20
R01174,P136,P012,M00730,2025-11-20
R01175,P050,P078,M04387,2025-11-20
R01176,P131,P110,M01154,2025-11-20
R01177,P193,P186,M02589,2025-11-20
R01178,P101,P107,M01205,2025-11-20
R01179,P131,P279,M01082,2025-11-20
R01180,P065,P020,M01708,2025-11-21
R01181,P298,P279,M04715,2025-11-21
R01182,P108,P100,M02767,2025-11-21
R01183,P224,P177,M03542,2025-11-21
R01184,P028,P274,M02328,2025-11-21
R01185,P214,P141,M01359,2025-11-21
R01186,P055,P008,M00042,2025-11-21
R01187,P074,P278,M00348,2025-11-21
R01188,P143,P012,M03268,2025-11-21
R01189,P212,P087,M00487,2025-11-21
R01190,P174,P272,M04128,2025-11-21
R01191,P099,P198,M04904,2025-11-21
R01192,P258,P011,M00966,2025-11-21
R01193,P254,P167,M03178,2025-11-21
R01194,P113,P093,M04792,2025-11-21
R01195,P008,P224,M04143,2025-11-21
R01196,P235,P225,M01365,2025-11-21
R01197,P133,P131,M01998,2025-11-21
R01198,P017,P069,M03007,2025-11-21
R01199,P273,P015,M01425,2025-11-21
R01200,P282,P102,M01099,2025-11-21
R01201,P238,P297,M01587,2025-11-21
R01202,P238,P110,M03795,2025-11-21
R01203,P134,P139,M00019,2025-11-21
R01204,P137,P207,M04268,2025-11-21
R01205,P176,P285,M02402,2025-11-21
R01206,P127,P016,M04867,2025-11-21
R01207,P176,P285,M00942,2025-11-21
R01208,P300,P211,M03743,2025-11-21
R01209,P214,P252,M02481,2025-11-21
R01210,P058,P202,M03223,2025-11-21
R01211,P142,P082,M04821,2025-11-21
R01212,P111,P267,M02170,2025-11-24
R01213,P101,P260,M00882,2025-11-24
R01214,P005,P069,M03834,2025-11-24
R01215,P199,P068,M01517,2025-11-24
R01216,P118,P136,M01411,2025-11-24
R01217,P133,P238,M01996,2025-11-24
R01218,P136,P161,M02198,2025-11-24
R01219,P010,P057,M04134,2025-11-24
R01220,P288,P009,M02026,2025-11-24
R01221,P091,P103,M03647,2025-11-24
R01222,P043,P198,M01446,2025-11-24
R01223,P175,P076,M00180,2025-11-24
R01224,P288,P230,M00224,2025-11-24
R01225,P300,P116,M00075,2025-11-24
R01226,P142,P082,M04169,2025-11-24
R01227,P112,P201,M00320,2025-11-24
R01228,P275,P297,M01444,2025-11-24
R01229,P219,P166,M00002,2025-11-24
R01230,P018,P008,M01147,2025-11-24
R01231,P295,P019,M00535,2025-11-24
R01232,P181,P034,M02390,2025-11-24
R01233,P134,P139,M01544,2025-11-24
R01234,P134,P027,M02581,2025-11-24
R01235,P268,P246,M04752,2025-11-24
R01236,P208,P256,M04011,2025-11-24
R01237,P065,P029,M03816,2025-11-24
R01238,P006,P262,M00296,2025-11-24
R01239,P240,P072,M04828,2025-11-24
R01240,P258,P198,M02727,2025-11-24
R01241,P280,P071,M00276,2025-11-24
R01242,P288,P072,M04132,2025-11-24
R01243,P044,P195,M00259,2025-11-25
R01244,P293,P016,M01354,2025-11-25
R01245,P187,P096,M04362,2025-11-25
R01246,P264,P202,M04941,2025-11-25
R01247,P243,P101,M04001,2025-11-25
R01248,P255,P234,M02153,2025-11-25
R01249,P273,P015,M04417,2025-11-25
R01250,P133,P238,M01903,2025-11-25
R01251,P120,P098,M00597,2025-11-25
R01252,P120,P290,M02617,2025-11-25
R01253,P245,P004,M01853,2025-11-25
R01254,P134,P139,M00314,2025-11-25
R01255,P037,P122,M02957,2025-11-25
R01256,P061,P135,M00571,2025-11-25
R01257,P079,P255,M00171,2025-11-25
R01258,P133,P205,M03153,2025-11-25
R01259,P161,P012,M01866,2025-11-25
R01260,P092,P139,M01493,2025-11-25
R01261,P248,P202,M00971,2025-11-25
R01262,P250,P231,M03367,2025-11-25
R01263,P111,P233,M02577,2025-11-25
R01264,P250,P177,M03312,2025-11-25
R01265,P247,P157,M02792,2025-11-25
R01266,P264,P267,M02905,2025-11-25
R01267,P170,P232,M01316,2025-11-25
R01268,P012,P118,M00506,2025-11-25
R01269,P188,P112,M04205,2025-11-25
R01270,P106,P086,M00239,2025-11-26
R01271,P161,P232,M00028,2025-11-26
R01272,P133,P131,M00514,2025-11-26
R01273,P027,P052,M04281,2025-11-26
R01274,P161,P244,M00974,2025-11-26
R01275,P060,P166,M00200,2025-11-26
R01276,P111,P002,M01632,2025-11-26
R01277,P134,P177,M02481,2025-11-26
R01278,P080,P145,M00942,2025-11-26
R01279,P134,P139,M02736,2025-11-26
R01280,P080,P285,M04660,2025-11-26
R01281,P268,P046,M00600,2025-11-26
R01282,P224,P067,M01292,2025-11-26
R01283,P241,P074,M00972,2025-11-26
R01284,P146,P012,M04555,2025-11-26
R01285,P127,P070,M02419,2025-11-26
R01286,P099,P268,M00012,2025-11-26
R01287,P224,P042,M04257,2025-11-26
R01288,P258,P011,M04827,2025-11-26
R01289,P061,P083,M01312,2025-11-26
R01290,P180,P225,M04103,2025-11-26
R01291,P247,P145,M00400,2025-11-26
R01292,P165,P285,M01121,2025-11-26
R01293,P013,P094,M04772,2025-11-26
R01294,P240,P085,M02746,2025-11-26
R01295,P250,P274,M04328,2025-11-26
R01296,P115,P227,M03347,2025-11-26
R01297,P158,P251,M03491,2025-11-26
R01298,P235,P278,M02658,2025-11-26
R01299,P236,P009,M03189,2025-11-26
R01300,P229,P244,M00679,2025-11-26
R01301,P269,P057,M04654,2025-11-26
R01302,P128,P209,M04477,2025-11-27
R01303,P137,P131,M00480,2025-11-27
R01304,P268,P050,M03320,2025-11-27
R01305,P288,P072,M01890,2025-11-27
R01306,P079,P255,M04664,2025-11-27
R01307,P127,P009,M03245,2025-11-27
R01308,P134,P038,M00878,2025-11-27
R01309,P039,P144,M00713,2025-11-27
R01310,P239,P064,M00841,2025-11-27
R01311,P027,P096,M00359,2025-11-27
R01312,P131,P290,M00051,2025-11-27
R01313,P096,P068,M02393,2025-11-27
R01314,P286,P026,M01843,2025-11-27
R01315,P296,P063,M04934,2025-11-27
R01316,P221,P011,M04094,2025-11-27
R01317,P240,P009,M04596,2025-11-27
R01318,P248,P202,M01406,2025-11-27
R01319,P188,P237,M03819,2025-11-27
R01320,P062,P274,M03899,2025-11-27
R01321,P268,P246,M02893,2025-11-27
R01322,P259,P064,M02486,2025-11-27
R01323,P137,P297,M04967,2025-11-27
R01324,P118,P012,M03650,2025-11-27
R01325,P269,P246,M02770,2025-11-27
R01326,P177,P242,M00130,2025-11-27
R01327,P051,P252,M00756,2025-11-27
R01328,P275,P207,M00480,2025-11-27
R01329,P174,P071,M01336,2025-11-27
R01330,P142,P082,M04113,2025-11-27
R01331,P044,P233,M01751,2025-11-27
R01332,P214,P252,M04868,2025-11-27
R01333,P245,P004,M03600,2025-11-27
R01334,P133,P238,M04677,2025-11-27
R01335,P120,P098,M00486,2025-11-28
R01336,P041,P083,M02594,2025-11-28
R01337,P073,P011,M03890,2025-11-28
R01338,P207,P020,M03064,2025-11-28
R01339,P031,P043,M03854,2025-11-28
R01340,P001,P149,M03885,2025-11-28
R01341,P137,P279,M01281,2025-11-28
R01342,P254,P234,M04335,2025-11-28
R01343,P165,P285,M02911,2025-11-28
R01344,P134,P102,M03933,2025-11-28
R01345,P240,P072,M01088,2025-11-28
R01346,P229,P232,M03678,2025-11-28
R01347,P240,P009,M00070,2025-11-28
R01348,P120,P279,M00567,2025-11-28
R01349,P092,P134,M03378,2025-11-28
R01350,P280,P071,M04919,2025-11-28
R01351,P044,P049,M00208,2025-11-28
R01352,P172,P297,M00486,2025-11-28
R01353,P035,P171,M02815,2025-11-28
R01354,P091,P251,M03779,2025-11-28
R01355,P174,P047,M03818,2025-11-28
R01356,P141,P042,M04459,2025-11-28
R01357,P050,P087,M03890,2025-11-28
R01358,P214,P252,M00817,2025-11-28
R01359,P054,P157,M02016,2025-11-28
R01360,P133,P238,M01986,2025-11-28
R01361,P115,P047,M04588,2025-11-28
R01362,P293,P151,M04814,2025-11-28
R01363,P258,P171,M04405,2025-11-28
R01364,P039,P082,M02076,2025-11-28
R01365,P136,P118,M00888,2025-11-28
R01366,P140,P225,M03963,2025-11-28
R01367,P054,P002,M03832,2025-12-01
R01368,P151,P016,M01408,2025-12-01
R01369,P276,P057,M02742,2025-12-01
R01370,P155,P103,M01296,2025-12-01
R01371,P134,P027,M00777,2025-12-01
R01372,P134,P139,M04599,2025-12-01
R01373,P111,P233,M01309,2025-12-01
R01374,P275,P185,M01193,2025-12-01
R01375,P228,P074,M02486,2025-12-01
R01376,P134,P177,M03610,2025-12-01
R01377,P050,P078,M01063,2025-12-01
R01378,P137,P279,M00611,2025-12-01
R01379,P120,P290,M04944,2025-12-01
R01380,P177,P069,M03827,2025-12-01
R01381,P176,P103,M01463,2025-12-01
R01382,P175,P096,M00460,2025-12-01
R01383,P133,P131,M02220,2025-12-01
R01384,P164,P227,M04494,2025-12-01
R01385,P133,P238,M00081,2025-12-01
R01386,P133,P205,M04527,2025-12-01
R01387,P243,P292,M00861,2025-12-01
R01388,P281,P267,M04722,2025-12-01
R01389,P003,P038,M02227,2025-12-01
R01390,P001,P026,M03271,2025-12-01
R01391,P150,P103,M03443,2025-12-01
R01392,P008,P224,M00180,2025-12-01
R01393,P137,P279,M01592,2025-12-02
R01394,P137,P279,M03862,2025-12-02
R01395,P276,P191,M02686,2025-12-02
R01396,P146,P244,M03923,2025-12-02
R01397,P075,P145,M02703,2025-12-02
R01398,P296,P231,M04306,2025-12-02
R01399,P180,P107,M02618,2025-12-02
R01400,P120,P110,M02195,2025-12-02
R01401,P180,P125,M04110,2025-12-02
R01402,P177,P242,M04130,2025-12-02
R01403,P269,P246,M03361,2025-12-02
R01404,P188,P215,M03955,2025-12-02
R01405,P027,P086,M01743,2025-12-02
R01406,P131,P110,M04615,2025-12-02
R01407,P161,P244,M04107,2025-12-02
R01408,P134,P027,M03402,2025-12-02
R01409,P134,P038,M01752,2025-12-02
R01410,P134,P139,M01377,2025-12-02
R01411,P115,P227,M01789,2025-12-02
R01412,P115,P255,M01789,2025-12-02
R01413,P025,P026,M01667,2025-12-02
R01414,P265,P065,M01238,2025-12-02
R01415,P280,P234,M01486,2025-12-02
R01416,P017,P086,M03675,2025-12-02
R01417,P035,P256,M01036,2025-12-02
R01418,P249,P180,M03711,2025-12-02
R01419,P258,P159,M02486,2025-12-02
R01420,P288,P230,M00528,2025-12-02
R01421,P222,P089,M03287,2025-12-02
R01422,P226,P043,M04970,2025-12-02
R01423,P208,P198,M01693,2025-12-02
R01424,P222,P089,M00552,2025-12-02
R01425,P289,P043,M02428,2025-12-02
R01426,P257,P197,M01232,2025-12-02
R01427,P249,P121,M00978,2025-12-02
R01428,P181,P034,M02341,2025-12-03
R01429,P236,P053,M01991,2025-12-03
R01430,P136,P012,M00263,2025-12-03
R01431,P143,P232,M02425,2025-12-03
R01432,P104,P099,M01760,2025-12-03
R01433,P108,P135,M01695,2025-12-03
R01434,P090,P030,M02505,2025-12-03
R01435,P235,P107,M03762,2025-12-03
R01436,P214,P095,M03105,2025-12-03
R01437,P214,P141,M03600,2025-12-03
R01438,P264,P103,M02599,2025-12-03
R01439,P133,P238,M00869,2025-12-03
R01440,P142,P144,M00713,2025-12-03
R01441,P127,P016,M02410,2025-12-03
R01442,P136,P012,M01426,2025-12-03
R01443,P035,P256,M02244,2025-12-03
R01444,P222,P260,M03692,2025-12-03
R01445,P152,P201,M01137,2025-12-03
R01446,P035,P171,M02115,2025-12-03
R01447,P017,P069,M00491,2025-12-03
R01448,P134,P102,M00412,2025-12-03
R01449,P045,P234,M03278,2025-12-03
R01450,P224,P177,M01292,2025-12-03
R01451,P050,P292,M02838,2025-12-04
R01452,P055,P173,M02025,2025-12-04
R01453,P120,P290,M00097,2025-12-04
R01454,P264,P267,M02334,2025-12-04
R01455,P258,P011,M03539,2025-12-04
R01456,P293,P151,M03782,2025-12-04
R01457,P030,P074,M04958,2025-12-04
R01458,P098,P029,M04832,2025-12-04
R01459,P214,P252,M02151,2025-12-04
R01460,P073,P171,M02547,2025-12-04
R01461,P161,P244,M04452,2025-12-04
R01462,P282,P097,M03007,2025-12-04
R01463,P017,P252,M00042,2025-12-04
R01464,P285,P195,M00225,2025-12-04
R01465,P133,P131,M04956,2025-12-04
R01466,P276,P159,M01021,2025-12-04
R01467,P030,P015,M01684,2025-12-04
R01468,P240,P151,M00064,2025-12-04
R01469,P074,P278,M02086,2025-12-04
R01470,P134,P139,M00715,2025-12-04
R01471,P270,P186,M00033,2025-12-04
R01472,P092,P141,M02070,2025-12-04
R01473,P131,P022,M00265,2025-12-04
R01474,P131,P110,M04439,2025-12-04
R01475,P224,P153,M00786,2025-12-04
R01476,P226,P046,M01504,2025-12-04
R01477,P204,P019,M01449,2025-12-04
R01478,P001,P026,M04019,2025-12-04
R01479,P286,P245,M02326,2025-12-04
R01480,P001,P021,M04019,2025-12-04
R01481,P248,P002,M02816,2025-12-04
R01482,P298,P098,M04104,2025-12-04
R01483,P091,P195,M00401,2025-12-04
R01484,P044,P233,M02016,2025-12-04
R01485,P112,P201,M02322,2025-12-05
R01486,P003,P038,M03693,2025-12-05
R01487,P003,P231,M00987,2025-12-05
R01488,P119,P234,M02061,2025-12-05
R01489,P074,P292,M04577,2025-12-05
R01490,P061,P083,M01789,2025-12-05
R01491,P243,P292,M00744,2025-12-05
R01492,P003,P231,M01377,2025-12-05
R01493,P018,P038,M03740,2025-12-05
R01494,P283,P011,M01979,2025-12-05
R01495,P118,P136,M02137,2025-12-05
R01496,P137,P297,M01766,2025-12-05
R01497,P136,P116,M01756,2025-12-05
R01498,P226,P107,M02815,2025-12-05
R01499,P133,P205,M02365,2025-12-05
R01500,P140,P030,M03431,2025-12-05
R01501,P028,P274,M02139,2025-12-05
R01502,P137,P279,M03882,2025-12-05
R01503,P168,P195,M01121,2025-12-05
R01504,P120,P098,M02507,2025-12-05
R01505,P170,P116,M03895,2025-12-05
R01506,P258,P126,M00600,2025-12-05
R01507,P175,P096,M00460,2025-12-05
R01508,P129,P053,M00513,2025-12-05
R01509,P254,P033,M03406,2025-12-05
R01510,P136,P118,M01902,2025-12-05
R01511,P136,P244,M00184,2025-12-05
R01512,P155,P285,M01040,2025-12-05
R01513,P172,P098,M01082,2025-12-05
R01514,P226,P260,M04820,2025-12-08
R01515,P134,P102,M01845,2025-12-08
R01516,P259,P064,M02105,2025-12-08
R01517,P288,P009,M03725,2025-12-08
R01518,P092,P187,M04381,2025-12-08
R01519,P010,P278,M01760,2025-12-08
R01520,P219,P055,M01700,2025-12-08
R01521,P114,P121,M00288,2025-12-08
R01522,P108,P119,M03884,2025-12-08
R01523,P032,P262,M02863,2025-12-08
R01524,P090,P015,M03564,2025-12-08
R01525,P289,P256,M01421,2025-12-08
R01526,P239,P246,M01764,2025-12-08
R01527,P212,P078,M04480,2025-12-08
R01528,P235,P278,M04612,2025-12-08
R01529,P264,P157,M01218,2025-12-08
R01530,P175,P042,M04641,2025-12-08
R01531,P024,P015,M00211,2025-12-08
R01532,P091,P267,M01744,2025-12-08
R01533,P136,P012,M04818,2025-12-08
R01534,P204,P262,M01216,2025-12-08
R01535,P188,P112,M00273,2025-12-08
R01536,P189,P171,M01343,2025-12-08
R01537,P128,P209,M02445,2025-12-08
R01538,P282,P097,M04797,2025-12-08
R01539,P265,P065,M04603,2025-12-08
R01540,P127,P016,M00224,2025-12-08
R01541,P031,P043,M00998,2025-12-08
R01542,P131,P290,M03106,2025-12-08
R01543,P127,P070,M03626,2025-12-08
R01544,P128,P167,M03637,2025-12-08
R01545,P128,P167,M01362,2025-12-08
R01546,P282,P197,M02723,2025-12-08
R01547,P294,P263,M00786,2025-12-09
R01548,P264,P103,M02487,2025-12-09
R01549,P008,P052,M00463,2025-12-09
R01550,P222,P260,M01760,2025-12-09
R01551,P003,P139,M04729,2025-12-09
R01552,P003,P069,M01184,2025-12-09
R01553,P219,P166,M02287,2025-12-09
R01554,P298,P279,M04439,2025-12-09
R01555,P188,P206,M00362,2025-12-09
R01556,P196,P207,M00653,2025-12-09
R01557,P136,P211,M01294,2025-12-09
R01558,P108,P119,M02767,2025-12-09
R01559,P136,P116,M02299,2025-12-09
R01560,P136,P232,M02198,2025-12-09
R01561,P264,P103,M04571,2025-12-09
R01562,P134,P177,M01508,2025-12-09
R01563,P137,P297,M01900,2025-12-09
R01564,P288,P009,M03580,2025-12-09
R01565,P214,P141,M01493,2025-12-09
R01566,P120,P238,M01000,2025-12-09
R01567,P163,P209,M03193,2025-12-09
R01568,P136,P012,M02299,2025-12-09
R01569,P229,P244,M00826,2025-12-09
R01570,P239,P246,M00628,2025-12-09
R01571,P051,P263,M03049,2025-12-09
R01572,P005,P149,M04515,2025-12-09
R01573,P275,P185,M00890,2025-12-09
R01574,P041,P272,M00833,2025-12-10
R01575,P248,P002,M02397,2025-12-10
R01576,P108,P100,M04525,2025-12-10
R01577,P108,P119,M01716,2025-12-10
R01578,P205,P029,M03106,2025-12-10
R01579,P012,P211,M02886,2025-12-10
R01580,P108,P100,M02372,2025-12-10
R01581,P193,P047,M01640,2025-12-10
R01582,P226,P043,M04344,2025-12-10
R01583,P265,P290,M04603,2025-12-10
R01584,P189,P171,M04890,2025-12-10
R01585,P108,P100,M00717,2025-12-10
R01586,P054,P157,M02536,2025-12-10
R01587,P092,P055,M04548,2025-12-10
R01588,P049,P251,M04841,2025-12-10
R01589,P055,P027,M03501,2025-12-10
R01590,P035,P171,M00201,2025-12-10
R01591,P093,P117,M02359,2025-12-10
R01592,P196,P279,M02600,2025-12-10
R01593,P049,P267,M03005,2025-12-10
R01594,P287,P260,M00080,2025-12-10
R01595,P134,P139,M04363,2025-12-10
R01596,P181,P156,M03867,2025-12-10
R01597,P208,P292,M02685,2025-12-10
R01598,P280,P186,M01675,2025-12-10
R01599,P275,P297,M04717,2025-12-10
R01600,P137,P297,M04689,2025-12-11
R01601,P240,P210,M00612,2025-12-11
R01602,P051,P149,M03195,2025-12-11
R01603,P055,P173,M00105,2025-12-11
R01604,P136,P244,M02787,2025-12-11
R01605,P164,P119,M01884,2025-12-11
R01606,P199,P149,M01139,2025-12-11
R01607,P065,P098,M03417,2025-12-11
R01608,P018,P197,M03336,2025-12-11
R01609,P080,P145,M00942,2025-12-11
R01610,P134,P027,M00797,2025-12-11
R01611,P134,P139,M03455,2025-12-11
R01612,P164,P119,M00147,2025-12-11
R01613,P258,P292,M00005,2025-12-11
R01614,P137,P297,M03975,2025-12-11
R01615,P258,P087,M00013,2025-12-11
R01616,P213,P026,M01358,2025-12-11
R01617,P226,P126,M04534,2025-12-11
R01618,P243,P089,M00861,2025-12-11
R01619,P177,P069,M01361,2025-12-11
R01620,P104,P030,M04073,2025-12-11
R01621,P115,P167,M00815,2025-12-11
R01622,P058,P202,M02334,2025-12-11
R01623,P140,P064,M01265,2025-12-11
R01624,P223,P136,M04002,2025-12-11
R01625,P169,P254,M03288,2025-12-11
R01626,P257,P197,M02736,2025-12-11
R01627,P298,P185,M00680,2025-12-11
R01628,P298,P022,M01208,2025-12-11
R01629,P298,P098,M03417,2025-12-11
R01630,P161,P211,M04964,2025-12-11
R01631,P041,P047,M03151,2025-12-11
R01632,P219,P055,M03070,2025-12-12
R01633,P008,P055,M03385,2025-12-12
R01634,P131,P022,M00318,2025-12-12
R01635,P216,P209,M04916,2025-12-12
R01636,P031,P046,M03871,2025-12-12
R01637,P131,P022,M00680,2025-12-12
R01638,P269,P057,M04437,2025-12-12
R01639,P298,P098,M03893,2025-12-12
R01640,P137,P279,M02708,2025-12-12
R01641,P140,P030,M01868,2025-12-12
R01642,P219,P069,M04549,2025-12-12
R01643,P106,P026,M03610,2025-12-12
R01644,P143,P136,M01866,2025-12-12
R01645,P164,P100,M03791,2025-12-12
R01646,P229,P232,M02706,2025-12-12
R01647,P049,P251,M00020,2025-12-12
R01648,P112,P048,M01549,2025-12-12
R01649,P188,P112,M02094,2025-12-12
R01650,P003,P069,M02083,2025-12-12
R01651,P177,P068,M04624,2025-12-12
R01652,P133,P238,M01881,2025-12-12
R01653,P044,P195,M03066,2025-12-12
R01654,P043,P074,M03963,2025-12-12
R01655,P060,P027,M01520,2025-12-12
R01656,P268,P246,M04492,2025-12-12
R01657,P136,P012,M04379,2025-12-12
R01658,P142,P082,M04924,2025-12-12
R01659,P164,P119,M02308,2025-12-12
R01660,P284,P072,M02110,2025-12-12
R01661,P284,P072,M02181,2025-12-12
R01662,P208,P256,M03984,2025-12-12
R01663,P276,P050,M02141,2025-12-12
R01664,P119,P234,M04192,2025-12-12
R01665,P238,P110,M02417,2025-12-12
R01666,P288,P072,M02721,2025-12-12
R01667,P258,P126,M02486,2025-12-15
R01668,P017,P069,M04718,2025-12-15
R01669,P106,P095,M04190,2025-12-15
R01670,P239,P064,M01877,2025-12-15
R01671,P018,P117,M02807,2025-12-15
R01672,P165,P285,M03924,2025-12-15
R01673,P299,P026,M04220,2025-12-15
R01674,P024,P030,M04134,2025-12-15
R01675,P161,P136,M02162,2025-12-15
R01676,P299,P252,M02750,2025-12-15
R01677,P079,P045,M02171,2025-12-15
R01678,P277,P011,M04307,2025-12-15
R01679,P287,P089,M04495,2025-12-15
R01680,P134,P027,M01517,2025-12-15
R01681,P142,P162,M00713,2025-12-15
R01682,P120,P110,M00567,2025-12-15
R01683,P265,P238,M03119,2025-12-15
R01684,P175,P096,M01974,2025-12-15
R01685,P014,P232,M03897,2025-12-15
R01686,P050,P256,M00804,2025-12-15
R01687,P150,P251,M03208,2025-12-15
R01688,P193,P047,M00605,2025-12-15
R01689,P226,P126,M00332,2025-12-15
R01690,P224,P153,M01667,2025-12-15
R01691,P120,P238,M03417,2025-12-15
R01692,P265,P065,M04118,2025-12-15
R01693,P151,P016,M01181,2025-12-15
R01694,P136,P116,M01562,2025-12-15
R01695,P091,P251,M02563,2025-12-15
R01696,P080,P145,M04857,2025-12-15
R01697,P035,P121,M02695,2025-12-16
R01698,P294,P149,M02907,2025-12-16
R01699,P101,P107,M01818,2025-12-16
R01700,P027,P096,M02859,2025-12-16
R01701,P296,P117,M00508,2025-12-16
R01702,P128,P200,M04082,2025-12-16
R01703,P152,P082,M03601,2025-12-16
R01704,P254,P167,M03657,2025-12-16
R01705,P270,P077,M01553,2025-12-16
R01706,P127,P009,M03566,2025-12-16
R01707,P058,P184,M02794,2025-12-16
R01708,P127,P009,M03354,2025-12-16
R01709,P240,P009,M00776,2025-12-16
R01710,P293,P016,M00923,2025-12-16
R01711,P136,P118,M00219,2025-12-16
R01712,P136,P116,M04921,2025-12-16
R01713,P229,P136,M01305,2025-12-16
R01714,P012,P161,M04325,2025-12-16
R01715,P059,P080,M04065,2025-12-16
R01716,P119,P272,M02372,2025-12-16
R01717,P276,P057,M03571,2025-12-16
R01718,P268,P030,M01372,2025-12-16
R01719,P293,P007,M01506,2025-12-16
R01720,P261,P180,M00681,2025-12-16
R01721,P108,P100,M01650,2025-12-16
R01722,P236,P053,M04507,2025-12-16
R01723,P298,P297,M01900,2025-12-16
R01724,P134,P139,M03532,2025-12-16
R01725,P115,P167,M03727,2025-12-16
R01726,P115,P047,M02440,2025-12-16
R01727,P131,P029,M04488,2025-12-16
R01728,P140,P225,M01433,2025-12-16
R01729,P236,P085,M02605,2025-12-16
R01730,P134,P102,M02102,2025-12-16
R01731,P164,P119,M00961,2025-12-17
R01732,P170,P118,M02800,2025-12-17
R01733,P239,P159,M03562,2025-12-17
R01734,P164,P100,M00136,2025-12-17
R01735,P133,P238,M03916,2025-12-17
R01736,P133,P238,M02103,2025-12-17
R01737,P222,P138,M01428,2025-12-17
R01738,P270,P272,M00641,2025-12-17
R01739,P044,P145,M02037,2025-12-17
R01740,P134,P027,M01111,2025-12-17
R01741,P241,P107,M00487,2025-12-17
R01742,P061,P033,M00958,2025-12-17
R01743,P136,P012,M04436,2025-12-17
R01744,P222,P089,M04860,2025-12-17
R01745,P045,P234,M01906,2025-12-17
R01746,P098,P205,M03708,2025-12-17
R01747,P258,P159,M03496,2025-12-17
R01748,P137,P297,M02168,2025-12-17
R01749,P120,P098,M01075,2025-12-17
R01750,P120,P110,M00173,2025-12-17
R01751,P091,P267,M00335,2025-12-17
R01752,P124,P078,M00541,2025-12-17
R01753,P229,P203,M02514,2025-12-17
R01754,P226,P046,M04582,2025-12-17
R01755,P079,P255,M02760,2025-12-18
R01756,P298,P185,M04479,2025-12-18
R01757,P212,P078,M02284,2025-12-18
R01758,P299,P026,M00560,2025-12-18
R01759,P219,P055,M01094,2025-12-18
R01760,P137,P297,M01370,2025-12-18
R01761,P180,P064,M04401,2025-12-18
R01762,P240,P151,M02701,2025-12-18
R01763,P001,P042,M01105,2025-12-18
R01764,P257,P197,M04843,2025-12-18
R01765,P282,P197,M00993,2025-12-18
R01766,P032,P262,M00643,2025-12-18
R01767,P143,P232,M01507,2025-12-18
R01768,P091,P049,M03832,2025-12-18
R01769,P140,P074,M00584,2025-12-18
R01770,P226,P107,M02115,2025-12-18
R01771,P044,P145,M01309,2025-12-18
R01772,P172,P279,M01820,2025-12-18
R01773,P282,P102,M03248,2025-12-18
R01774,P040,P171,M02352,2025-12-18
R01775,P073,P011,M02138,2025-12-18
R01776,P049,P267,M01188,2025-12-18
R01777,P214,P141,M04573,2025-12-18
R01778,P176,P285,M01521,2025-12-18
R01779,P288,P009,M00829,2025-12-18
R01780,P168,P195,M04845,2025-12-18
R01781,P013,P267,M03980,2025-12-18
R01782,P177,P242,M02173,2025-12-18
R01783,P041,P272,M01131,2025-12-18
R01784,P031,P046,M04001,2025-12-18
R01785,P276,P191,M03366,2025-12-18
R01786,P050,P057,M00552,2025-12-18
R01787,P276,P191,M02305,2025-12-18
R01788,P101,P260,M02985,2025-12-19
R01789,P240,P009,M01277,2025-12-19
R01790,P037,P141,M02127,2025-12-19
R01791,P132,P234,M03122,2025-12-19
R01792,P044,P195,M02397,2025-12-19
R01793,P298,P279,M01787,2025-12-19
R01794,P096,P068,M04532,2025-12-19
R01795,P226,P126,M04970,2025-12-19
R01796,P288,P009,M00149,2025-12-19
R01797,P098,P297,M04074,2025-12-19
R01798,P137,P279,M04074,2025-12-19
R01799,P229,P118,M03059,2025-12-19
R01800,P134,P102,M01545,2025-12-19
R01801,P050,P087,M02827,2025-12-19
R01802,P259,P089,M01127,2025-12-19
R01803,P147,P081,M02495,2025-12-19
R01804,P142,P162,M00273,2025-12-19
R01805,P254,P227,M01736,2025-12-19
R01806,P099,P087,M04904,2025-12-19
R01807,P161,P136,M02733,2025-12-19
R01808,P284,P016,M03649,2025-12-19
R01809,P285,P195,M02792,2025-12-19
R01810,P261,P246,M04225,2025-12-19
R01811,P176,P267,M03103,2025-12-19
R01812,P214,P252,M02393,2025-12-19
R01813,P172,P297,M03064,2025-12-19
R01814,P208,P292,M00882,2025-12-19
R01815,P266,P011,M02044,2025-12-19
R01816,P208,P256,M04460,2025-12-19
R01817,P270,P186,M00338,2025-12-19
R01818,P008,P052,M03558,2025-12-19
R01819,P093,P117,M03885,2025-12-19
R01820,P289,P030,M00536,2025-12-19
R01821,P196,P279,M00597,2025-12-19
R01822,P270,P167,M04115,2025-12-19
R01823,P181,P070,M02059,2025-12-19
R01824,P270,P167,M03159,2025-12-19
R01825,P056,P237,M00706,2025-12-19
R01826,P270,P077,M00662,2025-12-22
R01827,P236,P085,M03514,2025-12-22
R01828,P134,P177,M00387,2025-12-22
R01829,P108,P100,M04203,2025-12-22
R01830,P050,P087,M03432,2025-12-22
R01831,P050,P225,M00552,2025-12-22
R01832,P050,P107,M01573,2025-12-22
R01833,P175,P096,M00721,2025-12-22
R01834,P270,P167,M03199,2025-12-22
R01835,P158,P080,M02578,2025-12-22
R01836,P010,P057,M04640,2025-12-22
R01837,P091,P267,M04869,2025-12-22
R01838,P101,P292,M04069,2025-12-22
R01839,P133,P131,M01621,2025-12-22
R01840,P113,P021,M01517,2025-12-22
R01841,P269,P078,M01855,2025-12-22
R01842,P127,P009,M00698,2025-12-22
R01843,P147,P141,M03683,2025-12-22
R01844,P248,P233,M00452,2025-12-22
R01845,P096,P095,M00771,2025-12-22
R01846,P296,P149,M02204,2025-12-22
R01847,P219,P093,M04549,2025-12-22
R01848,P219,P166,M01491,2025-12-22
R01849,P133,P205,M01311,2025-12-22
R01850,P105,P224,M04277,2025-12-22
R01851,P003,P139,M01717,2025-12-22
R01852,P155,P233,M01040,2025-12-22
R01853,P142,P144,M02094,2025-12-22
R01854,P136,P232,M03897,2025-12-22
R01855,P031,P046,M00211,2025-12-22
R01856,P172,P279,M00827,2025-12-22
R01857,P031,P046,M02214,2025-12-22
R01858,P284,P072,M04385,2025-12-22
R01859,P134,P102,M03455,2025-12-23
R01860,P061,P182,M03790,2025-12-23
R01861,P049,P251,M03109,2025-12-23
R01862,P178,P130,M00486,2025-12-23
R01863,P221,P101,M00495,2025-12-23
R01864,P277,P011,M01433,2025-12-23
R01865,P050,P256,M02618,2025-12-23
R01866,P136,P161,M04530,2025-12-23
R01867,P099,P087,M04969,2025-12-23
R01868,P268,P030,M01666,2025-12-23
R01869,P207,P297,M00830,2025-12-23
R01870,P219,P093,M02659,2025-12-23
R01871,P131,P029,M01986,2025-12-23
R01872,P299,P122,M02825,2025-12-23
R01873,P284,P070,M02719,2025-12-23
R01874,P142,P144,M03955,2025-12-23
R01875,P282,P088,M04986,2025-12-23
R01876,P115,P167,M04030,2025-12-23
R01877,P283,P217,M04271,2025-12-23
R01878,P293,P179,M04629,2025-12-23
R01879,P254,P045,M02163,2025-12-23
R01880,P187,P081,M00262,2025-12-23
R01881,P216,P135,M01342,2025-12-23
R01882,P092,P055,M02976,2025-12-23
R01883,P005,P149,M00810,2025-12-23
R01884,P161,P244,M01756,2025-12-23
R01885,P133,P238,M01000,2025-12-23
R01886,P137,P297,M01307,2025-12-24
R01887,P258,P159,M04676,2025-12-24
R01888,P148,P071,M01285,2025-12-24
R01889,P234,P280,M03352,2025-12-24
R01890,P152,P262,M03427,2025-12-24
R01891,P226,P043,M01003,2025-12-24
R01892,P275,P185,M04285,2025-12-24
R01893,P136,P118,M04892,2025-12-24
R01894,P091,P267,M02215,2025-12-24
R01895,P014,P012,M02632,2025-12-24
R01896,P276,P057,M02645,2025-12-24
R01897,P050,P078,M01760,2025-12-24
R01898,P143,P136,M03897,2025-12-24
R01899,P108,P119,M03528,2025-12-24
R01900,P092,P141,M01134,2025-12-24
R01901,P270,P272,M01999,2025-12-24
R01902,P131,P279,M01587,2025-12-24
R01903,P248,P233,M02077,2025-12-24
R01904,P187,P004,M02820,2025-12-24
R01905,P134,P038,M00037,2025-12-24
R01906,P265,P238,M04956,2025-12-24
R01907,P114,P099,M00990,2025-12-24
R01908,P281,P285,M02577,2025-12-24
R01909,P061,P083,M03131,2025-12-24
R01910,P003,P038,M04803,2025-12-24
R01911,P120,P238,M03168,2025-12-24
R01912,P247,P094,M03631,2025-12-24
R01913,P189,P074,M04820,2025-12-24
R01914,P189,P087,M03366,2025-12-24
R01915,P049,P103,M00303,2025-12-24
R01916,P025,P088,M00944,2025-12-24
R01917,P131,P218,M01067,2025-12-24
R01918,P134,P102,M01800,2025-12-24
R01919,P187,P166,M00262,2025-12-25
R01920,P113,P242,M00756,2025-12-25
R01921,P119,P186,M04840,2025-12-25
R01922,P265,P131,M03893,2025-12-25
R01923,P133,P131,M02671,2025-12-25
R01924,P140,P030,M00744,2025-12-25
R01925,P031,P046,M00599,2025-12-25
R01926,P119,P186,M04273,2025-12-25
R01927,P219,P055,M00376,2025-12-25
R01928,P115,P047,M04930,2025-12-25
R01929,P131,P022,M01124,2025-12-25
R01930,P017,P086,M02693,2025-12-25
R01931,P258,P159,M04161,2025-12-25
R01932,P213,P252,M02581,2025-12-25
R01933,P061,P033,M03382,2025-12-25
R01934,P136,P211,M01685,2025-12-25
R01935,P111,P267,M00259,2025-12-25
R01936,P137,P297,M00638,2025-12-25
R01937,P134,P139,M01972,2025-12-25
R01938,P142,P082,M02266,2025-12-25
R01939,P134,P177,M03118,2025-12-25
R01940,P296,P149,M02277,2025-12-25
R01941,P289,P030,M03467,2025-12-25
R01942,P142,P082,M03465,2025-12-25
R01943,P287,P087,M02413,2025-12-25
R01944,P148,P209,M00652,2025-12-25
R01945,P291,P145,M04817,2025-12-26
R01946,P199,P052,M01475,2025-12-26
R01947,P226,P260,M01583,2025-12-26
R01948,P127,P016,M02720,2025-12-26
R01949,P058,P195,M02031,2025-12-26
R01950,P204,P019,M00227,2025-12-26
R01951,P204,P160,M04703,2025-12-26
R01952,P235,P107,M00600,2025-12-26
R01953,P172,P279,M04885,2025-12-26
R01954,P283,P011,M02909,2025-12-26
R01955,P146,P161,M04452,2025-12-26
R01956,P164,P209,M00961,2025-12-26
R01957,P111,P267,M01911,2025-12-26
R01958,P134,P027,M03501,2025-12-26
R01959,P134,P139,M01857,2025-12-26
R01960,P214,P141,M00459,2025-12-26
R01961,P261,P246,M00628,2025-12-26
R01962,P189,P087,M01016,2025-12-26
R01963,P261,P246,M04577,2025-12-26
R01964,P115,P255,M04672,2025-12-26
R01965,P137,P279,M00462,2025-12-26
R01966,P181,P156,M02226,2025-12-26
R01967,P075,P195,M04994,2025-12-26
R01968,P118,P116,M02886,2025-12-26
R01969,P241,P107,M01205,2025-12-26
R01970,P091,P251,M01911,2025-12-26
R01971,P265,P238,M04956,2025-12-26
R01972,P236,P210,M02206,2025-12-26
R01973,P079,P083,M02301,2025-12-26
R01974,P164,P254,M01200,2025-12-26
R01975,P005,P069,M02634,2025-12-26
R01976,P223,P012,M02670,2025-12-26
R01977,P219,P069,M02904,2025-12-26
R01978,P161,P232,M02886,2025-12-26
R01979,P219,P069,M03605,2025-12-26
R01980,P005,P069,M02470,2025-12-26
R01981,P055,P245,M04995,2025-12-26
R01982,P096,P068,M01459,2025-12-26
R01983,P101,P107,M01785,2025-12-26
R01984,P136,P232,M01044,2025-12-29
R01985,P240,P210,M01720,2025-12-29
R01986,P061,P083,M00571,2025-12-29
R01987,P143,P232,M00040,2025-12-29
R01988,P254,P033,M03484,2025-12-29
R01989,P127,P070,M03071,2025-12-29
R01990,P134,P038,M02277,2025-12-29
R01991,P017,P069,M00780,2025-12-29
R01992,P127,P009,M02414,2025-12-29
R01993,P208,P198,M02944,2025-12-29
R01994,P172,P098,M03458,2025-12-29
R01995,P240,P072,M04653,2025-12-29
R01996,P127,P016,M02414,2025-12-29
R01997,P049,P267,M00769,2025-12-29
R01998,P176,P145,M00608,2025-12-29
R01999,P113,P093,M00022,2025-12-29
R02000,P188,P237,M04140,2025-12-29
R02001,P241,P064,M04073,2025-12-29
R02002,P106,P086,M03070,2025-12-29
R02003,P235,P268,M02093,2025-12-29
R02004,P133,P205,M00318,2025-12-29
R02005,P134,P038,M01019,2025-12-29
R02006,P161,P136,M01902,2025-12-29
R02007,P280,P083,M04919,2025-12-29
R02008,P066,P191,M00689,2025-12-29
R02009,P174,P272,M03912,2025-12-29
R02010,P142,P162,M04821,2025-12-29
R02011,P221,P104,M04161,2025-12-29
R02012,P001,P026,M04019,2025-12-29
R02013,P133,P131,M04807,2025-12-29
R02014,P193,P186,M01069,2025-12-29
R02015,P142,P162,M03955,2025-12-30
R02016,P131,P022,M03172,2025-12-30
R02017,P127,P009,M02410,2025-12-30
R02018,P120,P098,M00311,2025-12-30
R02019,P299,P109,M00141,2025-12-30
R02020,P172,P297,M02286,2025-12-30
R02021,P050,P256,M04238,2025-12-30
R02022,P158,P233,M03954,2025-12-30
R02023,P134,P027,M02102,2025-12-30
R02024,P134,P038,M01028,2025-12-30
R02025,P178,P218,M00897,2025-12-30
R02026,P101,P225,M04387,2025-12-30
R02027,P168,P157,M01879,2025-12-30
R02028,P165,P285,M04915,2025-12-30
R02029,P136,P232,M02730,2025-12-30
R02030,P247,P080,M04959,2025-12-30
R02031,P236,P210,M03200,2025-12-30
R02032,P119,P234,M02758,2025-12-30
R02033,P241,P074,M00201,2025-12-30
R02034,P161,P012,M01300,2025-12-30
R02035,P092,P134,M01147,2025-12-30
R02036,P028,P055,M04609,2025-12-30
R02037,P028,P026,M00650,2025-12-30
R02038,P270,P100,M04909,2025-12-30
R02039,P044,P145,M00074,2025-12-30
R02040,P037,P122,M04008,2025-12-30
R02041,P055,P027,M01492,2025-12-30
R02042,P143,P136,M03760,2025-12-30
R02043,P128,P200,M04540,2025-12-30
R02044,P093,P095,M02981,2025-12-30
R02045,P284,P009,M02001,2025-12-30
R02046,P229,P232,M00124,2025-12-30
R02047,P181,P034,M03867,2025-12-30
R02048,P003,P263,M03312,2025-12-30
R02049,P226,P107,M04073,2025-12-30
R02050,P236,P210,M02196,2025-12-30
R02051,P219,P069,M01801,2025-12-31
R02052,P191,P256,M02506,2025-12-31
R02053,P259,P050,M02085,2025-12-31
R02054,P248,P233,M04510,2025-12-31
R02055,P229,P136,M00432,2025-12-31
R02056,P049,P103,M04198,2025-12-31
R02057,P136,P244,M04127,2025-12-31
R02058,P175,P096,M02672,2025-12-31
R02059,P299,P252,M02750,2025-12-31
R02060,P226,P260,M04748,2025-12-31
R02061,P155,P251,M03619,2025-12-31
R02062,P181,P034,M04985,2025-12-31
R02063,P181,P156,M00747,2025-12-31
R02064,P287,P225,M01343,2025-12-31
R02065,P286,P263,M03344,2025-12-31
R02066,P132,P272,M03490,2025-12-31
R02067,P284,P230,M01990,2025-12-31
R02068,P243,P260,M03711,2025-12-31
R02069,P240,P085,M00952,2025-12-31
R02070,P037,P141,M02127,2025-12-31
R02071,P061,P135,M02042,2025-12-31
R02072,P142,P144,M00360,2025-12-31
R02073,P055,P173,M03671,2025-12-31
R02074,P055,P008,M04995,2025-12-31
R02075,P226,P043,M04079,2025-12-31
R02076,P106,P093,M02541,2025-12-31
R02077,P146,P244,M00156,2025-12-31
R02078,P296,P117,M04142,2025-12-31
R02079,P118,P116,M04990,2025-12-31
R02080,P134,P102,M01459,2025-12-31
R02081,P289,P043,M01500,2025-12-31
R02082,P207,P218,M00051,2025-12-31
R02083,P134,P102,M00855,2025-12-31
R02084,P066,P198,M01438,2025-12-31
R02085,P134,P027,M00684,2025-12-31
R02086,P226,P043,M02217,2025-12-31
R02087,P208,P198,M00541,2025-12-31
R02088,P270,P100,M03648,2026-01-01
R02089,P298,P185,M04562,2026-01-01
R02090,P124,P078,M03852,2026-01-01
R02091,P005,P245,M02150,2026-01-01
R02092,P111,P233,M00291,2026-01-01
R02093,P073,P074,M00804,2026-01-01
R02094,P247,P251,M00919,2026-01-01
R02095,P111,P049,M04122,2026-01-01
R02096,P115,P047,M04683,2026-01-01
R02097,P111,P103,M02905,2026-01-01
R02098,P136,P116,M02979,2026-01-01
R02099,P115,P255,M03375,2026-01-01
R02100,P120,P098,M03119,2026-01-01
R02101,P234,P209,M04272,2026-01-01
R02102,P178,P130,M02103,2026-01-01
R02103,P276,P191,M00772,2026-01-01
R02104,P259,P159,M01808,2026-01-01
R02105,P120,P238,M03417,2026-01-01
R02106,P036,P070,M03038,2026-01-01
R02107,P300,P136,M01282,2026-01-01
R02108,P249,P180,M00723,2026-01-01
R02109,P165,P049,M01121,2026-01-01
R02110,P010,P217,M01250,2026-01-01
R02111,P258,P126,M04069,2026-01-01
R02112,P199,P052,M02644,2026-01-01
R02113,P226,P260,M03462,2026-01-01
R02114,P226,P043,M03777,2026-01-01
R02115,P017,P069,M03794,2026-01-01
R02116,P006,P237,M00256,2026-01-01
R02117,P226,P046,M04238,2026-01-01
R02118,P148,P119,M02822,2026-01-01
R02119,P105,P093,M00904,2026-01-01
R02120,P127,P016,M02262,2026-01-01
R02121,P172,P279,M03862,2026-01-01
R02122,P092,P134,M02865,2026-01-01
R02123,P219,P093,M03259,2026-01-02
R02124,P178,P218,M02812,2026-01-02
R02125,P219,P055,M00731,2026-01-02
R02126,P187,P081,M02820,2026-01-02
R02127,P140,P030,M01898,2026-01-02
R02128,P001,P149,M00731,2026-01-02
R02129,P236,P016,M04215,2026-01-02
R02130,P287,P260,M01356,2026-01-02
R02131,P221,P089,M01841,2026-01-02
R02132,P224,P123,M01822,2026-01-02
R02133,P079,P045,M04290,2026-01-02
R02134,P259,P159,M01457,2026-01-02
R02135,P019,P262,M03599,2026-01-02
R02136,P213,P052,M04646,2026-01-02
R02137,P161,P136,M04964,2026-01-02
R02138,P119,P209,M03278,2026-01-02
R02139,P101,P107,M00583,2026-01-02
R02140,P240,P210,M00952,2026-01-02
R02141,P161,P136,M03923,2026-01-02
R02142,P133,P238,M00645,2026-01-02
R02143,P061,P182,M00571,2026-01-02
R02144,P164,P209,M03445,2026-01-05
R02145,P037,P122,M03367,2026-01-05
R02146,P136,P012,M00357,2026-01-05
R02147,P036,P070,M02668,2026-01-05
R02148,P092,P123,M04548,2026-01-05
R02149,P158,P195,M03012,2026-01-05
R02150,P101,P260,M02657,2026-01-05
R02151,P287,P260,M01136,2026-01-05
R02152,P189,P074,M00966,2026-01-05
R02153,P024,P278,M02210,2026-01-05
R02154,P213,P166,M04566,2026-01-05
R02155,P247,P233,M00490,2026-01-05
R02156,P040,P198,M00834,2026-01-05
R02157,P025,P004,M03181,2026-01-05
R02158,P115,P227,M00179,2026-01-05
R02159,P288,P072,M04733,2026-01-05
R02160,P288,P230,M03580,2026-01-05
R02161,P131,P022,M01592,2026-01-05
R02162,P229,P136,M02560,2026-01-05
R02163,P226,P043,M00985,2026-01-05
R02164,P148,P119,M03193,2026-01-05
R02165,P257,P038,M00364,2026-01-05
R02166,P005,P149,M01558,2026-01-05
R02167,P265,P022,M03119,2026-01-05
R02168,P027,P096,M01544,2026-01-05
R02169,P006,P262,M03866,2026-01-05
R02170,P084,P047,M04486,2026-01-05
R02171,P164,P227,M01197,2026-01-05
R02172,P150,P285,M04709,2026-01-05
R02173,P163,P077,M00980,2026-01-05
R02174,P258,P198,M02062,2026-01-05
R02175,P137,P279,M00895,2026-01-05
R02176,P281,P103,M04869,2026-01-05
R02177,P146,P161,M01452,2026-01-05
R02178,P270,P200,M03528,2026-01-05
R02179,P134,P038,M04257,2026-01-06
R02180,P268,P050,M01347,2026-01-06
R02181,P060,P027,M01842,2026-01-06
R02182,P266,P011,M01269,2026-01-06
R02183,P131,P290,M02617,2026-01-06
R02184,P134,P027,M00701,2026-01-06
R02185,P131,P110,M00807,2026-01-06
R02186,P172,P297,M01311,2026-01-06
R02187,P289,P030,M00916,2026-01-06
R02188,P099,P198,M04989,2026-01-06
R02189,P134,P038,M02150,2026-01-06
R02190,P282,P088,M00463,2026-01-06
R02191,P169,P254,M02381,2026-01-06
R02192,P273,P015,M03090,2026-01-06
R02193,P054,P157,M04151,2026-01-06
R02194,P008,P149,M04980,2026-01-06
R02195,P288,P072,M01724,2026-01-06
R02196,P226,P043,M03544,2026-01-06
R02197,P291,P285,M04639,2026-01-06
R02198,P044,P195,M04210,2026-01-06
R02199,P080,P285,M02887,2026-01-06
R02200,P131,P029,M01204,2026-01-06
R02201,P037,P141,M02355,2026-01-06
R02202,P136,P161,M00874,2026-01-06
R02203,P219,P093,M03049,2026-01-06
R02204,P240,P210,M03737,2026-01-06
R02205,P264,P267,M03163,2026-01-06
R02206,P221,P101,M02547,2026-01-06
R02207,P044,P145,M04590,2026-01-06
R02208,P245,P008,M02986,2026-01-07
R02209,P170,P232,M01458,2026-01-07
R02210,P040,P057,M01605,2026-01-07
R02211,P018,P224,M00777,2026-01-07
R02212,P040,P104,M01319,2026-01-07
R02213,P298,P185,M02759,2026-01-07
R02214,P240,P210,M02026,2026-01-07
R02215,P226,P107,M00985,2026-01-07
R02216,P136,P012,M00124,2026-01-07
R02217,P054,P080,M04845,2026-01-07
R02218,P003,P231,M02865,2026-01-07
R02219,P270,P272,M00006,2026-01-07
R02220,P190,P185,M03975,2026-01-07
R02221,P283,P011,M00557,2026-01-07
R02222,P120,P110,M00845,2026-01-07
R02223,P229,P136,M02916,2026-01-07
R02224,P229,P244,M01516,2026-01-07
R02225,P229,P136,M00245,2026-01-07
R02226,P277,P011,M00699,2026-01-07
R02227,P136,P211,M03911,2026-01-07
R02228,P136,P161,M04004,2026-01-07
R02229,P140,P015,M01731,2026-01-07
R02230,P066,P217,M01655,2026-01-07
R02231,P060,P166,M04859,2026-01-07
R02232,P176,P080,M02081,2026-01-07
R02233,P286,P042,M01843,2026-01-07
R02234,P014,P118,M04002,2026-01-07
R02235,P127,P009,M03055,2026-01-07
R02236,P030,P074,M04124,2026-01-07
R02237,P216,P167,M01390,2026-01-07
R02238,P143,P136,M00151,2026-01-07
R02239,P280,P071,M04720,2026-01-07
R02240,P181,P070,M01694,2026-01-07
R02241,P275,P207,M04719,2026-01-07
R02242,P296,P149,M02277,2026-01-07
R02243,P264,P157,M04941,2026-01-07
R02244,P142,P144,M00360,2026-01-08
R02245,P055,P173,M01440,2026-01-08
R02246,P270,P167,M00666,2026-01-08
R02247,P134,P177,M04897,2026-01-08
R02248,P134,P027,M04366,2026-01-08
R02249,P172,P098,M02103,2026-01-08
R02250,P003,P263,M00714,2026-01-08
R02251,P142,P144,M00713,2026-01-08
R02252,P142,P162,M01107,2026-01-08
R02253,P172,P098,M01023,2026-01-08
R02254,P134,P027,M04159,2026-01-08
R02255,P270,P272,M00501,2026-01-08
R02256,P119,P255,M02503,2026-01-08
R02257,P137,P279,M02965,2026-01-08
R02258,P146,P012,M03650,2026-01-08
R02259,P248,P233,M02599,2026-01-08
R02260,P031,P046,M04001,2026-01-08
R02261,P241,P074,M00012,2026-01-08
R02262,P175,P026,M02497,2026-01-08
R02263,P187,P081,M00783,2026-01-08
R02264,P289,P030,M01351,2026-01-08
R02265,P136,P012,M01830,2026-01-08
R02266,P269,P057,M00752,2026-01-08
R02267,P284,P070,M00027,2026-01-08
R02268,P013,P184,M03999,2026-01-08
R02269,P219,P166,M03598,2026-01-08
R02270,P234,P045,M00634,2026-01-08
R02271,P234,P045,M03074,2026-01-08
R02272,P181,P016,M01523,2026-01-08
R02273,P079,P045,M04273,2026-01-08
R02274,P043,P256,M02645,2026-01-08
R02275,P013,P094,M01080,2026-01-08
R02276,P287,P225,M00978,2026-01-09
R02277,P044,P233,M01296,2026-01-09
R02278,P208,P198,M03802,2026-01-09
R02279,P296,P063,M01728,2026-01-09
R02280,P241,P107,M01360,2026-01-09
R02281,P142,P162,M03016,2026-01-09
R02282,P092,P139,M03047,2026-01-09
R02283,P041,P200,M03803,2026-01-09
R02284,P092,P187,M02070,2026-01-09
R02285,P249,P180,M00211,2026-01-09
R02286,P114,P057,M00211,2026-01-09
R02287,P270,P182,M02445,2026-01-09
R02288,P003,P139,M00095,2026-01-09
R02289,P096,P173,M01765,2026-01-09
R02290,P106,P026,M03444,2026-01-09
R02291,P216,P200,M02515,2026-01-09
R02292,P136,P244,M02675,2026-01-09
R02293,P131,P218,M03081,2026-01-09
R02294,P032,P194,M03465,2026-01-09
R02295,P108,P135,M01163,2026-01-09
R02296,P178,P185,M04439,2026-01-09
R02297,P282,P067,M03931,2026-01-09
R02298,P059,P251,M04920,2026-01-09
R02299,P131,P022,M03646,2026-01-09
R02300,P131,P022,M02286,2026-01-09
R02301,P058,P195,M02344,2026-01-12
R02302,P266,P256,M02062,2026-01-12
R02303,P268,P046,M03130,2026-01-12
R02304,P178,P130,M02671,2026-01-12
R02305,P131,P110,M01696,2026-01-12
R02306,P176,P267,M04375,2026-01-12
R02307,P176,P267,M01561,2026-01-12
R02308,P286,P042,M01688,2026-01-12
R02309,P240,P151,M03323,2026-01-12
R02310,P240,P072,M00380,2026-01-12
R02311,P293,P009,M01648,2026-01-12
R02312,P289,P030,M01421,2026-01-12
R02313,P136,P116,M00983,2026-01-12
R02314,P014,P161,M00207,2026-01-12
R02315,P056,P220,M04935,2026-01-12
R02316,P150,P049,M04709,2026-01-12
R02317,P031,P030,M02038,2026-01-12
R02318,P164,P182,M01312,2026-01-12
R02319,P108,P135,M02966,2026-01-12
R02320,P174,P047,M03577,2026-01-12
R02321,P248,P233,M02258,2026-01-12
R02322,P248,P002,M03877,2026-01-12
R02323,P140,P074,M00599,2026-01-12
R02324,P142,P082,M00965,2026-01-12
R02325,P268,P121,M00498,2026-01-12
R02326,P204,P019,M04349,2026-01-12
R02327,P294,P177,M03248,2026-01-12
R02328,P105,P122,M02439,2026-01-12
R02329,P017,P086,M01534,2026-01-12
R02330,P189,P074,M00800,2026-01-12
R02331,P134,P026,M02559,2026-01-12
R02332,P019,P160,M04545,2026-01-12
R02333,P268,P246,M01693,2026-01-13
R02334,P008,P231,M04164,2026-01-13
R02335,P222,P138,M03620,2026-01-13
R02336,P226,P046,M01649,2026-01-13
R02337,P148,P209,M03884,2026-01-13
R02338,P216,P209,M04270,2026-01-13
R02339,P074,P121,M02155,2026-01-13
R02340,P282,P197,M03498,2026-01-13
R02341,P191,P256,M04861,2026-01-13
R02342,P193,P186,M01906,2026-01-13
R02343,P136,P244,M02162,2026-01-13
R02344,P066,P256,M02186,2026-01-13
R02345,P131,P290,M03296,2026-01-13
R02346,P032,P237,M01278,2026-01-13
R02347,P054,P157,M00935,2026-01-13
R02348,P140,P198,M01072,2026-01-13
R02349,P091,P049,M00101,2026-01-13
R02350,P073,P074,M02547,2026-01-13
R02351,P120,P279,M00597,2026-01-13
R02352,P255,P234,M01607,2026-01-13
R02353,P265,P022,M03893,2026-01-13
R02354,P092,P021,M02285,2026-01-13
R02355,P180,P057,M00153,2026-01-13
R02356,P001,P286,M02904,2026-01-13
R02357,P115,P227,M02972,2026-01-13
R02358,P141,P008,M01418,2026-01-13
R02359,P051,P173,M03594,2026-01-13
R02360,P254,P077,M01887,2026-01-13
R02361,P187,P004,M00476,2026-01-14
R02362,P300,P211,M01411,2026-01-14
R02363,P170,P118,M04846,2026-01-14
R02364,P120,P290,M01706,2026-01-14
R02365,P133,P205,M03795,2026-01-14
R02366,P133,P131,M00248,2026-01-14
R02367,P027,P086,M02663,2026-01-14
R02368,P164,P182,M00815,2026-01-14
R02369,P028,P252,M00665,2026-01-14
R02370,P264,P103,M00249,2026-01-14
R02371,P192,P009,M00523,2026-01-14
R02372,P131,P290,M02831,2026-01-14
R02373,P269,P260,M00183,2026-01-14
R02374,P176,P267,M00225,2026-01-14
R02375,P270,P135,M00976,2026-01-14
R02376,P270,P200,M01889,2026-01-14
R02377,P066,P125,M00334,2026-01-14
R02378,P106,P086,M00503,2026-01-14
R02379,P111,P049,M01406,2026-01-14
R02380,P010,P278,M00013,2026-01-14
R02381,P172,P098,M01204,2026-01-14
R02382,P276,P191,M00269,2026-01-14
R02383,P024,P050,M03246,2026-01-15
R02384,P101,P107,M03481,2026-01-15
R02385,P115,P167,M00441,2026-01-15
R02386,P283,P015,M00734,2026-01-15
R02387,P023,P020,M02608,2026-01-15
R02388,P229,P136,M00974,2026-01-15
R02389,P131,P110,M04677,2026-01-15
R02390,P060,P166,M00803,2026-01-15
R02391,P264,P103,M04824,2026-01-15
R02392,P235,P159,M01129,2026-01-15
R02393,P119,P186,M01391,2026-01-15
R02394,P283,P011,M01360,2026-01-15
R02395,P241,P064,M02428,2026-01-15
R02396,P199,P122,M04112,2026-01-15
R02397,P124,P171,M00050,2026-01-15
R02398,P096,P095,M01925,2026-01-15
R02399,P055,P027,M02986,2026-01-15
R02400,P104,P198,M03852,2026-01-15
R02401,P240,P072,M02879,2026-01-15
R02402,P136,P012,M03741,2026-01-15
R02403,P190,P098,M02804,2026-01-15
R02404,P105,P122,M01260,2026-01-15
R02405,P250,P177,M01220,2026-01-15
R02406,P017,P252,M04878,2026-01-15
R02407,P014,P012,M00697,2026-01-15
R02408,P236,P230,M00702,2026-01-15
R02409,P294,P173,M04457,2026-01-15
R02410,P124,P046,M04963,2026-01-15
R02411,P143,P232,M01609,2026-01-15
R02412,P235,P278,M03984,2026-01-15
R02413,P249,P180,M03762,2026-01-16
R02414,P127,P070,M03301,2026-01-16
R02415,P282,P067,M00071,2026-01-16
R02416,P120,P110,M01468,2026-01-16
R02417,P191,P256,M03260,2026-01-16
R02418,P204,P262,M01374,2026-01-16
R02419,P264,P233,M04941,2026-01-16
R02420,P043,P138,M00119,2026-01-16
R02421,P120,P098,M03893,2026-01-16
R02422,P199,P122,M01576,2026-01-16
R02423,P024,P030,M00327,2026-01-16
R02424,P288,P053,M01145,2026-01-16
R02425,P291,P157,M04254,2026-01-16
R02426,P259,P050,M02894,2026-01-16
R02427,P226,P043,M01877,2026-01-16
R02428,P288,P009,M03725,2026-01-16
R02429,P180,P057,M02695,2026-01-16
R02430,P158,P080,M02578,2026-01-16
R02431,P093,P166,M00463,2026-01-16
R02432,P259,P089,M00005,2026-01-16
R02433,P143,P012,M04962,2026-01-16
R02434,P136,P232,M04610,2026-01-16
R02435,P284,P230,M00740,2026-01-16
R02436,P170,P118,M01316,2026-01-16
R02437,P134,P139,M01773,2026-01-16
R02438,P275,P207,M01903,2026-01-16
R02439,P259,P159,M00391,2026-01-16
R02440,P119,P272,M01363,2026-01-16
R02441,P051,P055,M03195,2026-01-16
R02442,P091,P285,M00351,2026-01-16
R02443,P062,P086,M03497,2026-01-16
R02444,P207,P218,M03975,2026-01-16
R02445,P101,P292,M01365,2026-01-19
R02446,P101,P107,M03174,2026-01-19
R02447,P101,P292,M00548,2026-01-19
R02448,P115,P255,M03554,2026-01-19
R02449,P091,P195,M03832,2026-01-19
R02450,P235,P225,M01365,2026-01-19
R02451,P136,P211,M04530,2026-01-19
R02452,P080,P285,M01744,2026-01-19
R02453,P055,P245,M01856,2026-01-19
R02454,P136,P211,M02958,2026-01-19
R02455,P080,P285,M03774,2026-01-19
R02456,P223,P244,M02730,2026-01-19
R02457,P299,P122,M00904,2026-01-19
R02458,P127,P070,M00580,2026-01-19
R02459,P275,P185,M01987,2026-01-19
R02460,P096,P173,M04711,2026-01-19
R02461,P134,P139,M03859,2026-01-19
R02462,P275,P185,M00807,2026-01-19
R02463,P096,P166,M04711,2026-01-19
R02464,P136,P012,M03976,2026-01-19
R02465,P136,P232,M04964,2026-01-19
R02466,P300,P211,M00164,2026-01-19
R02467,P175,P076,M04584,2026-01-19
R02468,P133,P131,M00827,2026-01-19
R02469,P062,P224,M01729,2026-01-19
R02470,P142,P162,M04349,2026-01-19
R02471,P137,P131,M04522,2026-01-19
R02472,P238,P131,M03482,2026-01-19
R02473,P027,P086,M01482,2026-01-19
R02474,P108,P119,M04273,2026-01-19
R02475,P257,P197,M01232,2026-01-19
R02476,P027,P052,M00459,2026-01-20
R02477,P134,P139,M02984,2026-01-20
R02478,P030,P015,M01832,2026-01-20
R02479,P031,P046,M03642,2026-01-20
R02480,P132,P077,M02445,2026-01-20
R02481,P055,P027,M01409,2026-01-20
R02482,P174,P047,M02589,2026-01-20
R02483,P265,P065,M00014,2026-01-20
R02484,P277,P011,M02222,2026-01-20
R02485,P010,P057,M00530,2026-01-20
R02486,P258,P159,M04206,2026-01-20
R02487,P148,P209,M02251,2026-01-20
R02488,P177,P068,M02173,2026-01-20
R02489,P223,P203,M01386,2026-01-20
R02490,P196,P020,M00265,2026-01-20
R02491,P163,P071,M03512,2026-01-20
R02492,P115,P227,M04030,2026-01-20
R02493,P208,P256,M03541,2026-01-20
R02494,P249,P180,M02947,2026-01-20
R02495,P181,P070,M01092,2026-01-20
R02496,P283,P217,M02186,2026-01-20
R02497,P136,P244,M03755,2026-01-20
R02498,P066,P256,M00498,2026-01-20
R02499,P129,P151,M00774,2026-01-20
R02500,P258,P126,M04050,2026-01-20
R02501,P023,P110,M00567,2026-01-21
R02502,P054,P002,M00971,2026-01-21
R02503,P137,P297,M01022,2026-01-21
R02504,P084,P254,M00233,2026-01-21
R02505,P059,P049,M02798,2026-01-21
R02506,P136,P244,M00497,2026-01-21
R02507,P050,P217,M04077,2026-01-21
R02508,P059,P233,M01062,2026-01-21
R02509,P249,P180,M03762,2026-01-21
R02510,P152,P262,M00713,2026-01-21
R02511,P276,P057,M03714,2026-01-21
R02512,P030,P256,M03620,2026-01-21
R02513,P285,P233,M04350,2026-01-21
R02514,P074,P015,M00548,2026-01-21
R02515,P284,P072,M01272,2026-01-21
R02516,P255,P083,M04591,2026-01-21
R02517,P013,P184,M04994,2026-01-21
R02518,P250,P177,M04277,2026-01-21
R02519,P281,P267,M03832,2026-01-21
R02520,P236,P085,M01827,2026-01-21
R02521,P196,P279,M00807,2026-01-21
R02522,P229,P232,M03721,2026-01-21
R02523,P247,P157,M02679,2026-01-21
R02524,P208,P292,M04001,2026-01-21
R02525,P219,P093,M03139,2026-01-21
R02526,P221,P246,M00990,2026-01-21
R02527,P141,P263,M04627,2026-01-21
R02528,P134,P026,M01678,2026-01-21
R02529,P131,P110,M04807,2026-01-21
R02530,P131,P110,M02608,2026-01-21
R02531,P091,P103,M03880,2026-01-21
R02532,P008,P052,M02023,2026-01-21
R02533,P055,P245,M03671,2026-01-21
R02534,P051,P252,M00729,2026-01-22
R02535,P224,P067,M01667,2026-01-22
R02536,P017,P086,M00614,2026-01-22
R02537,P140,P030,M01265,2026-01-22
R02538,P066,P246,M03544,2026-01-22
R02539,P058,P103,M02794,2026-01-22
R02540,P300,P161,M04325,2026-01-22
R02541,P226,P126,M02944,2026-01-22
R02542,P140,P198,M04401,2026-01-22
R02543,P091,P267,M00401,2026-01-22
R02544,P146,P203,M03923,2026-01-22
R02545,P240,P210,M01709,2026-01-22
R02546,P155,P103,M03742,2026-01-22
R02547,P134,P026,M00126,2026-01-22
R02548,P288,P230,M04059,2026-01-22
R02549,P288,P053,M02874,2026-01-22
R02550,P190,P185,M00742,2026-01-22
R02551,P136,P232,M02939,2026-01-22
R02552,P187,P004,M01895,2026-01-22
R02553,P180,P125,M01343,2026-01-22
R02554,P207,P218,M02103,2026-01-22
R02555,P137,P207,M02759,2026-01-22
R02556,P188,P082,M04545,2026-01-22
R02557,P280,P167,M01197,2026-01-22
R02558,P261,P180,M04438,2026-01-22
R02559,P115,P255,M04240,2026-01-23
R02560,P208,P198,M02064,2026-01-23
R02561,P092,P021,M04106,2026-01-23
R02562,P241,P107,M02068,2026-01-23
R02563,P266,P011,M02044,2026-01-23
R02564,P295,P019,M04935,2026-01-23
R02565,P129,P156,M00702,2026-01-23
R02566,P288,P230,M00224,2026-01-23
R02567,P243,P089,M02944,2026-01-23
R02568,P289,P043,M04236,2026-01-23
R02569,P250,P109,M00412,2026-01-23
R02570,P044,P145,M03527,2026-01-23
R02571,P286,P026,M02496,2026-01-23
R02572,P137,P279,M01262,2026-01-23
R02573,P036,P070,M01556,2026-01-23
R02574,P178,P130,M02671,2026-01-23
R02575,P060,P081,M04483,2026-01-23
R02576,P012,P118,M01305,2026-01-23
R02577,P192,P271,M02714,2026-01-23
R02578,P189,P074,M00557,2026-01-23
R02579,P298,P022,M04104,2026-01-23
R02580,P276,P057,M03320,2026-01-23
R02581,P131,P218,M03169,2026-01-23
R02582,P006,P162,M03833,2026-01-23
R02583,P277,P256,M01433,2026-01-23
R02584,P140,P064,M04161,2026-01-23
R02585,P259,P125,M03865,2026-01-23
R02586,P084,P182,M04787,2026-01-23
R02587,P003,P069,M02441,2026-01-23
R02588,P224,P042,M00947,2026-01-26
R02589,P250,P109,M01715,2026-01-26
R02590,P224,P067,M02680,2026-01-26
R02591,P224,P123,M02867,2026-01-26
R02592,P161,P211,M01594,2026-01-26
R02593,P289,P043,M02284,2026-01-26
R02594,P249,P043,M00025,2026-01-26
R02595,P226,P107,M01771,2026-01-26
R02596,P205,P022,M03180,2026-01-26
R02597,P257,P173,M02647,2026-01-26
R02598,P205,P022,M03119,2026-01-26
R02599,P294,P004,M04451,2026-01-26
R02600,P259,P159,M01614,2026-01-26
R02601,P146,P118,M02939,2026-01-26
R02602,P219,P166,M03139,2026-01-26
R02603,P283,P217,M04523,2026-01-26
R02604,P143,P012,M04990,2026-01-26
R02605,P161,P136,M03165,2026-01-26
R02606,P161,P203,M03741,2026-01-26
R02607,P101,P107,M02105,2026-01-26
R02608,P066,P246,M03090,2026-01-26
R02609,P058,P103,M04517,2026-01-26
R02610,P104,P107,M01425,2026-01-26
R02611,P115,P167,M02055,2026-01-26
R02612,P012,P161,M00692,2026-01-26
R02613,P010,P217,M01256,2026-01-26
R02614,P023,P130,M00728,2026-01-26
R02615,P010,P278,M03984,2026-01-26
R02616,P079,P045,M03850,2026-01-27
R02617,P270,P167,M04157,2026-01-27
R02618,P240,P009,M04338,2026-01-27
R02619,P108,P135,M03892,2026-01-27
R02620,P150,P195,M02599,2026-01-27
R02621,P243,P246,M03714,2026-01-27
R02622,P136,P244,M02279,2026-01-27
R02623,P189,P087,M00800,2026-01-27
R02624,P250,P274,M01728,2026-01-27
R02625,P250,P109,M03367,2026-01-27
R02626,P226,P043,M02936,2026-01-27
R02627,P092,P141,M00764,2026-01-27
R02628,P270,P182,M01479,2026-01-27
R02629,P060,P106,M01520,2026-01-27
R02630,P282,P102,M02595,2026-01-27
R02631,P298,P185,M03766,2026-01-27
R02632,P080,P145,M01744,2026-01-27
R02633,P196,P207,M03064,2026-01-27
R02634,P299,P068,M03030,2026-01-27
R02635,P223,P244,M00826,2026-01-27
R02636,P134,P177,M01730,2026-01-27
R02637,P158,P233,M03999,2026-01-27
R02638,P134,P026,M01227,2026-01-27
R02639,P091,P049,M04072,2026-01-27
R02640,P269,P050,M00752,2026-01-27
R02641,P269,P078,M01877,2026-01-27
R02642,P137,P279,M04715,2026-01-27
R02643,P014,P118,M04234,2026-01-28
R02644,P133,P131,M04677,2026-01-28
R02645,P128,P200,M00842,2026-01-28
R02646,P039,P048,M04728,2026-01-28
R02647,P074,P246,M02284,2026-01-28
R02648,P137,P131,M01230,2026-01-28
R02649,P043,P099,M02909,2026-01-28
R02650,P096,P095,M04248,2026-01-28
R02651,P188,P237,M00072,2026-01-28
R02652,P243,P260,M01016,2026-01-28
R02653,P131,P290,M04615,2026-01-28
R02654,P084,P182,M00571,2026-01-28
R02655,P143,P012,M04962,2026-01-28
R02656,P134,P026,M03501,2026-01-28
R02657,P175,P096,M02662,2026-01-28
R02658,P115,P047,M01131,2026-01-28
R02659,P224,P153,M03225,2026-01-28
R02660,P013,P184,M04420,2026-01-28
R02661,P261,P260,M00487,2026-01-28
R02662,P177,P109,M00545,2026-01-28
R02663,P055,P173,M03233,2026-01-28
R02664,P172,P279,M00431,2026-01-28
R02665,P054,P157,M01415,2026-01-28
R02666,P075,P195,M02215,2026-01-29
R02667,P259,P125,M03265,2026-01-29
R02668,P190,P218,M03975,2026-01-29
R02669,P273,P074,M04401,2026-01-29
R02670,P235,P268,M04271,2026-01-29
R02671,P291,P285,M00303,2026-01-29
R02672,P023,P130,M03263,2026-01-29
R02673,P275,P185,M01987,2026-01-29
R02674,P280,P234,M01167,2026-01-29
R02675,P134,P177,M00954,2026-01-29
R02676,P219,P055,M01681,2026-01-29
R02677,P039,P206,M03707,2026-01-29
R02678,P028,P224,M01139,2026-01-29
R02679,P264,P094,M04571,2026-01-29
R02680,P216,P186,M01927,2026-01-29
R02681,P284,P154,M01557,2026-01-29
R02682,P235,P159,M02201,2026-01-29
R02683,P136,P244,M04384,2026-01-29
R02684,P191,P256,M00128,2026-01-29
R02685,P239,P217,M01010,2026-01-29
R02686,P224,P123,M00701,2026-01-29
R02687,P224,P067,M00780,2026-01-29
R02688,P236,P007,M00686,2026-01-29
R02689,P136,P118,M00031,2026-01-29
R02690,P051,P096,M04354,2026-01-29
R02691,P136,P211,M01458,2026-01-29
R02692,P136,P232,M00697,2026-01-29
R02693,P226,P107,M04427,2026-01-30
R02694,P188,P206,M00585,2026-01-30
R02695,P221,P256,M03963,2026-01-30
R02696,P188,P194,M04545,2026-01-30
R02697,P214,P141,M01177,2026-01-30
R02698,P005,P245,M03469,2026-01-30
R02699,P270,P077,M03588,2026-01-30
R02700,P253,P217,M04827,2026-01-30
R02701,P118,P211,M00207,2026-01-30
R02702,P136,P244,M03459,2026-01-30
R02703,P127,P070,M03626,2026-01-30
R02704,P044,P049,M00197,2026-01-30
R02705,P134,P026,M03422,2026-01-30
R02706,P174,P100,M02445,2026-01-30
R02707,P108,P135,M02313,2026-01-30
R02708,P036,P179,M03941,2026-01-30
R02709,P241,P074,M03806,2026-01-30
R02710,P235,P159,M02244,2026-01-30
R02711,P006,P082,M00812,2026-01-30
R02712,P226,P260,M00927,2026-01-30
R02713,P265,P131,M00328,2026-01-30
R02714,P265,P098,M02136,2026-01-30
R02715,P236,P179,M03860,2026-01-30
R02716,P270,P167,M00641,2026-01-30
R02717,P073,P074,M03265,2026-01-30
R02718,P131,P279,M02631,2026-01-30
R02719,P136,P116,M01305,2026-01-30
R02720,P136,P211,M03976,2026-01-30
R02721,P165,P002,M02911,2026-01-30
R02722,P258,P087,M04387,2026-01-30
R02723,P240,P085,M04663,2026-01-30
R02724,P258,P011,M02734,2026-01-30
R02725,P294,P263,M04896,2026-01-30
R02726,P041,P272,M00445,2026-01-30
R02727,P036,P016,M02668,2026-01-30
R02728,P040,P074,M02985,2026-02-02
R02729,P176,P285,M01942,2026-02-02
R02730,P248,P233,M00936,2026-02-02
R02731,P127,P009,M03906,2026-02-02
R02732,P248,P002,M04994,2026-02-02
R02733,P137,P131,M01022,2026-02-02
R02734,P270,P182,M01342,2026-02-02
R02735,P131,P279,M04479,2026-02-02
R02736,P275,P207,M00471,2026-02-02
R02737,P044,P195,M01962,2026-02-02
R02738,P140,P015,M03496,2026-02-02
R02739,P187,P166,M03669,2026-02-02
R02740,P181,P154,M01525,2026-02-02
R02741,P104,P125,M03265,2026-02-02
R02742,P014,P012,M02626,2026-02-02
R02743,P030,P256,M04079,2026-02-02
R02744,P239,P246,M03562,2026-02-02
R02745,P032,P262,M03465,2026-02-02
R02746,P148,P209,M01563,2026-02-02
R02747,P238,P297,M03081,2026-02-02
R02748,P261,P246,M04219,2026-02-02
R02749,P222,P138,M02443,2026-02-02
R02750,P079,P045,M03998,2026-02-02
R02751,P098,P218,M00920,2026-02-02
R02752,P300,P136,M01316,2026-02-03
R02753,P001,P021,M04636,2026-02-03
R02754,P148,P209,M00891,2026-02-03
R02755,P133,P238,M02964,2026-02-03
R02756,P189,P104,M00699,2026-02-03
R02757,P024,P050,M00128,2026-02-03
R02758,P062,P224,M04601,2026-02-03
R02759,P181,P154,M04449,2026-02-03
R02760,P288,P009,M01118,2026-02-03
R02761,P259,P089,M02486,2026-02-03
R02762,P133,P205,M03081,2026-02-03
R02763,P115,P167,M03657,2026-02-03
R02764,P142,P082,M03465,2026-02-03
R02765,P127,P070,M03301,2026-02-03
R02766,P113,P021,M00756,2026-02-03
R02767,P061,P182,M01197,2026-02-03
R02768,P105,P093,M01569,2026-02-03
R02769,P214,P095,M03405,2026-02-03
R02770,P031,P043,M00030,2026-02-03
R02771,P176,P080,M01714,2026-02-03
R02772,P266,P198,M02686,2026-02-03
R02773,P266,P046,M02709,2026-02-03
R02774,P266,P198,M02709,2026-02-03
R02775,P175,P076,M00904,2026-02-03
R02776,P176,P195,M04254,2026-02-03
R02777,P257,P173,M03846,2026-02-03
R02778,P296,P252,M02858,2026-02-03
R02779,P248,P202,M02258,2026-02-04
R02780,P079,P045,M03818,2026-02-04
R02781,P013,P184,M03569,2026-02-04
R02782,P098,P205,M04067,2026-02-04
R02783,P136,P244,M00040,2026-02-04
R02784,P151,P034,M04039,2026-02-04
R02785,P049,P267,M00769,2026-02-04
R02786,P276,P191,M03714,2026-02-04
R02787,P172,P098,M03593,2026-02-04
R02788,P104,P260,M01256,2026-02-04
R02789,P080,P002,M02482,2026-02-04
R02790,P003,P069,M03989,2026-02-04
R02791,P235,P159,M04969,2026-02-04
R02792,P059,P080,M00103,2026-02-04
R02793,P254,P100,M04263,2026-02-04
R02794,P066,P057,M04875,2026-02-04
R02795,P289,P043,M01351,2026-02-04
R02796,P255,P182,M00257,2026-02-04
R02797,P140,P260,M04582,2026-02-04
R02798,P134,P038,M01482,2026-02-04
R02799,P148,P071,M01789,2026-02-04
R02800,P137,P297,M03452,2026-02-04
R02801,P134,P177,M00414,2026-02-04
R02802,P257,P038,M02248,2026-02-04
R02803,P119,P234,M01337,2026-02-04
R02804,P229,P136,M02123,2026-02-04
R02805,P287,P138,M03320,2026-02-04
R02806,P120,P279,M04715,2026-02-04
R02807,P115,P255,M03131,2026-02-04
R02808,P276,P057,M04265,2026-02-04
R02809,P296,P063,M02176,2026-02-05
R02810,P288,P009,M04053,2026-02-05
R02811,P023,P020,M01820,2026-02-05
R02812,P264,P267,M02399,2026-02-05
R02813,P295,P215,M02854,2026-02-05
R02814,P240,P085,M00442,2026-02-05
R02815,P219,P055,M03261,2026-02-05
R02816,P061,P182,M02313,2026-02-05
R02817,P235,P225,M04460,2026-02-05
R02818,P193,P186,M01462,2026-02-05
R02819,P098,P297,M01980,2026-02-05
R02820,P150,P195,M03208,2026-02-05
R02821,P213,P052,M04159,2026-02-05
R02822,P247,P157,M02679,2026-02-05
R02823,P140,P101,M04134,2026-02-05
R02824,P164,P209,M00493,2026-02-05
R02825,P036,P179,M02668,2026-02-05
R02826,P036,P016,M03171,2026-02-05
R02827,P050,P078,M02827,2026-02-05
R02828,P065,P098,M01592,2026-02-05
R02829,P170,P232,M01048,2026-02-05
R02830,P131,P022,M03751,2026-02-05
R02831,P150,P285,M01484,2026-02-05
R02832,P111,P233,M00232,2026-02-05
R02833,P265,P290,M00014,2026-02-05
R02834,P131,P279,M03863,2026-02-05
R02835,P286,P042,M04643,2026-02-05
R02836,P270,P182,M03868,2026-02-05
R02837,P286,P004,M01843,2026-02-05
R02838,P030,P074,M02944,2026-02-05
R02839,P276,P191,M04523,2026-02-06
R02840,P213,P038,M04614,2026-02-06
R02841,P093,P021,M02565,2026-02-06
R02842,P247,P094,M03869,2026-02-06
R02843,P134,P027,M01099,2026-02-06
R02844,P013,P080,M01514,2026-02-06
R02845,P045,P200,M03484,2026-02-06
R02846,P134,P177,M00905,2026-02-06
R02847,P134,P026,M01005,2026-02-06
R02848,P119,P186,M01923,2026-02-06
R02849,P189,P087,M01944,2026-02-06
R02850,P165,P195,M00123,2026-02-06
R02851,P134,P177,M03859,2026-02-06
R02852,P101,P107,M02686,2026-02-06
R02853,P134,P026,M01359,2026-02-06
R02854,P043,P260,M00861,2026-02-06
R02855,P291,P285,M01718,2026-02-06
R02856,P106,P095,M00364,2026-02-06
R02857,P134,P102,M01239,2026-02-06
R02858,P192,P271,M01638,2026-02-06
R02859,P229,P244,M02282,2026-02-06
R02860,P027,P052,M04114,2026-02-06
R02861,P204,P215,M01216,2026-02-06
R02862,P243,P292,M02412,2026-02-06
R02863,P253,P046,M03837,2026-02-06
R02864,P092,P055,M02644,2026-02-06
R02865,P134,P102,M04257,2026-02-06
R02866,P250,P095,M00053,2026-02-06
R02867,P176,P267,M00917,2026-02-06
R02868,P163,P071,M02520,2026-02-06
R02869,P128,P200,M00346,2026-02-06
R02870,P169,P119,M00671,2026-02-06
R02871,P136,P244,M00551,2026-02-06
R02872,P031,P046,M02643,2026-02-06
R02873,P264,P157,M04824,2026-02-06
R02874,P136,P232,M04379,2026-02-06
R02875,P275,P207,M01074,2026-02-06
R02876,P024,P030,M04134,2026-02-06
R02877,P032,P262,M04058,2026-02-06
R02878,P051,P173,M00848,2026-02-09
R02879,P134,P139,M04388,2026-02-09
R02880,P134,P102,M03664,2026-02-09
R02881,P287,P107,M00382,2026-02-09
R02882,P050,P292,M03088,2026-02-09
R02883,P204,P215,M03508,2026-02-09
R02884,P008,P149,M03270,2026-02-09
R02885,P115,P167,M00926,2026-02-09
R02886,P137,P279,M01696,2026-02-09
R02887,P288,P053,M01724,2026-02-09
R02888,P050,P107,M03890,2026-02-09
R02889,P140,P260,M03426,2026-02-09
R02890,P196,P279,M00265,2026-02-09
R02891,P066,P217,M02413,2026-02-09
R02892,P293,P034,M02704,2026-02-09
R02893,P247,P157,M00261,2026-02-09
R02894,P205,P029,M00316,2026-02-09
R02895,P164,P209,M00961,2026-02-09
R02896,P258,P198,M02062,2026-02-09
R02897,P045,P071,M03142,2026-02-09
R02898,P106,P068,M03573,2026-02-09
R02899,P050,P057,M04387,2026-02-09
R02900,P127,P016,M04547,2026-02-09
R02901,P163,P071,M02197,2026-02-09
R02902,P023,P290,M01924,2026-02-09
R02903,P176,P094,M00032,2026-02-09
R02904,P235,P278,M04492,2026-02-09
R02905,P023,P290,M04448,2026-02-09
R02906,P270,P186,M03556,2026-02-09
R02907,P131,P110,M01311,2026-02-10
R02908,P155,P285,M02343,2026-02-10
R02909,P294,P004,M04062,2026-02-10
R02910,P265,P098,M01238,2026-02-10
R02911,P208,P256,M04493,2026-02-10
R02912,P150,P103,M00261,2026-02-10
R02913,P136,P012,M04964,2026-02-10
R02914,P275,P207,M02650,2026-02-10
R02915,P127,P070,M04957,2026-02-10
R02916,P127,P016,M04355,2026-02-10
R02917,P286,P042,M01105,2026-02-10
R02918,P108,P135,M00174,2026-02-10
R02919,P105,P224,M04326,2026-02-10
R02920,P261,P171,M04762,2026-02-10
R02921,P284,P271,M03649,2026-02-10
R02922,P248,P002,M02376,2026-02-10
R02923,P245,P008,M01829,2026-02-10
R02924,P288,P009,M04673,2026-02-10
R02925,P041,P047,M03908,2026-02-10
R02926,P136,P161,M02198,2026-02-10
R02927,P241,P074,M02791,2026-02-10
R02928,P295,P201,M03898,2026-02-10
R02929,P287,P138,M01003,2026-02-10
R02930,P134,P102,M03731,2026-02-10
R02931,P243,P101,M03496,2026-02-10
R02932,P134,P139,M03457,2026-02-10
R02933,P058,P202,M00249,2026-02-10
R02934,P040,P171,M02063,2026-02-10
R02935,P050,P057,M03432,2026-02-10
R02936,P105,P069,M01186,2026-02-10
R02937,P254,P209,M02192,2026-02-10
R02938,P096,P166,M04248,2026-02-11
R02939,P141,P263,M00126,2026-02-11
R02940,P098,P065,M01204,2026-02-11
R02941,P181,P070,M01092,2026-02-11
R02942,P128,P167,M04477,2026-02-11
R02943,P030,P015,M01265,2026-02-11
R02944,P180,P225,M03320,2026-02-11
R02945,P045,P200,M04775,2026-02-11
R02946,P140,P015,M01660,2026-02-11
R02947,P113,P242,M03804,2026-02-11
R02948,P275,P185,M02617,2026-02-11
R02949,P236,P210,M02500,2026-02-11
R02950,P236,P085,M02500,2026-02-11
R02951,P163,P077,M03512,2026-02-11
R02952,P074,P292,M00458,2026-02-11
R02953,P236,P053,M02605,2026-02-11
R02954,P134,P027,M02150,2026-02-11
R02955,P050,P225,M02201,2026-02-11
R02956,P115,P227,M00117,2026-02-11
R02957,P045,P200,M00451,2026-02-11
R02958,P118,P136,M01866,2026-02-11
R02959,P204,P160,M02630,2026-02-11
R02960,P010,P057,M01760,2026-02-11
R02961,P264,P233,M04571,2026-02-11
R02962,P108,P135,M02313,2026-02-11
R02963,P150,P285,M04722,2026-02-11
R02964,P113,P263,M01845,2026-02-11
R02965,P024,P278,M01119,2026-02-11
R02966,P294,P004,M03632,2026-02-11
R02967,P136,P232,M02152,2026-02-12
R02968,P172,P279,M03708,2026-02-12
R02969,P229,P203,M01516,2026-02-12
R02970,P032,P237,M02863,2026-02-12
R02971,P054,P080,M00532,2026-02-12
R02972,P261,P125,M00348,2026-02-12
R02973,P177,P068,M01259,2026-02-12
R02974,P119,P234,M00171,2026-02-12
R02975,P240,P085,M04596,2026-02-12
R02976,P240,P151,M01334,2026-02-12
R02977,P240,P085,M02817,2026-02-12
R02978,P134,P177,M03920,2026-02-12
R02979,P178,P185,M00220,2026-02-12
R02980,P193,P200,M03076,2026-02-12
R02981,P161,P012,M02776,2026-02-12
R02982,P055,P245,M04773,2026-02-12
R02983,P075,P233,M04519,2026-02-12
R02984,P140,P198,M03426,2026-02-12
R02985,P131,P218,M01201,2026-02-12
R02986,P131,P290,M00567,2026-02-12
R02987,P229,P211,M01516,2026-02-12
R02988,P234,P047,M01390,2026-02-12
R02989,P137,P207,M03708,2026-02-12
R02990,P137,P279,M00318,2026-02-12
R02991,P003,P069,M00642,2026-02-12
R02992,P099,P138,M04348,2026-02-12
R02993,P091,P049,M01804,2026-02-12
R02994,P028,P134,M04897,2026-02-12
R02995,P196,P022,M00265,2026-02-12
R02996,P040,P104,M00029,2026-02-12
R02997,P155,P103,M00132,2026-02-12
R02998,P192,P007,M00820,2026-02-12
R02999,P248,P202,M02154,2026-02-12
R03000,P174,P272,M01650,2026-02-12
R03001,P028,P224,M03988,2026-02-12
R03002,P247,P080,M02402,2026-02-12
R03003,P214,P252,M03049,2026-02-12
R03004,P025,P004,M02534,2026-02-12
R03005,P284,P072,M04671,2026-02-12
R03006,P025,P286,M03533,2026-02-12
R03007,P111,P267,M02963,2026-02-12
R03008,P141,P042,M02655,2026-02-12
R03009,P226,P260,M04063,2026-02-12
R03010,P226,P043,M00967,2026-02-12
R03011,P150,P251,M03793,2026-02-12
R03012,P143,P232,M01657,2026-02-13
R03013,P241,P107,M01319,2026-02-13
R03014,P243,P246,M02412,2026-02-13
R03015,P214,P252,M00061,2026-02-13
R03016,P296,P063,M03356,2026-02-13
R03017,P134,P026,M03885,2026-02-13
R03018,P273,P101,M04827,2026-02-13
R03019,P092,P123,M01925,2026-02-13
R03020,P146,P161,M03095,2026-02-13
R03021,P065,P029,M02802,2026-02-13
R03022,P155,P049,M01296,2026-02-13
R03023,P127,P016,M04547,2026-02-13
R03024,P296,P231,M00604,2026-02-13
R03025,P155,P049,M00849,2026-02-13
R03026,P265,P098,M01275,2026-02-13
R03027,P258,P292,M02582,2026-02-13
R03028,P258,P159,M01785,2026-02-13
R03029,P079,P083,M03876,2026-02-13
R03030,P172,P279,M02804,2026-02-13
R03031,P161,P232,M01044,2026-02-13
R03032,P221,P121,M00495,2026-02-13
R03033,P019,P162,M04251,2026-02-13
R03034,P253,P191,M01356,2026-02-13
R03035,P045,P200,M03657,2026-02-13
R03036,P148,P071,M03159,2026-02-13
R03037,P280,P234,M00276,2026-02-13
R03038,P019,P048,M03470,2026-02-13
R03039,P127,P070,M03658,2026-02-16
R03040,P299,P069,M01813,2026-02-16
R03041,P050,P217,M00943,2026-02-16
R03042,P134,P102,M04364,2026-02-16
R03043,P143,P232,M03760,2026-02-16
R03044,P113,P021,M01845,2026-02-16
R03045,P028,P134,M02982,2026-02-16
R03046,P284,P016,M02605,2026-02-16
R03047,P045,P071,M02370,2026-02-16
R03048,P136,P232,M01294,2026-02-16
R03049,P226,P046,M04238,2026-02-16
R03050,P226,P107,M00966,2026-02-16
R03051,P253,P107,M00941,2026-02-16
R03052,P188,P160,M03707,2026-02-16
R03053,P289,P256,M01360,2026-02-16
R03054,P276,P191,M01214,2026-02-16
R03055,P294,P263,M03248,2026-02-16
R03056,P294,P197,M03838,2026-02-16
R03057,P055,P027,M04995,2026-02-16
R03058,P219,P069,M01618,2026-02-16
R03059,P253,P046,M00588,2026-02-16
R03060,P291,P285,M01383,2026-02-16
R03061,P288,P009,M04535,2026-02-16
R03062,P161,P244,M01594,2026-02-16
R03063,P270,P182,M04272,2026-02-16
R03064,P270,P272,M00501,2026-02-16
R03065,P152,P019,M00073,2026-02-16
R03066,P235,P225,M01319,2026-02-16
R03067,P264,P202,M01514,2026-02-17
R03068,P134,P027,M02012,2026-02-17
R03069,P035,P171,M00685,2026-02-17
R03070,P136,P161,M03721,2026-02-17
R03071,P258,P087,M02249,2026-02-17
R03072,P276,P191,M00880,2026-02-17
R03073,P030,P015,M00779,2026-02-17
R03074,P134,P038,M03524,2026-02-17
R03075,P039,P162,M04804,2026-02-17
R03076,P017,P086,M01833,2026-02-17
R03077,P174,P047,M02449,2026-02-17
R03078,P270,P100,M02172,2026-02-17
R03079,P091,P049,M01561,2026-02-17
R03080,P248,P002,M03520,2026-02-17
R03081,P212,P087,M01286,2026-02-17
R03082,P134,P177,M00937,2026-02-17
R03083,P115,P227,M02459,2026-02-17
R03084,P284,P016,M04705,2026-02-17
R03085,P131,P290,M01631,2026-02-17
R03086,P093,P166,M04993,2026-02-17
R03087,P101,P225,M01450,2026-02-17
R03088,P128,P200,M00089,2026-02-17
R03089,P096,P095,M03271,2026-02-17
R03090,P119,P209,M04634,2026-02-17
R03091,P127,P016,M00664,2026-02-17
R03092,P219,P166,M02287,2026-02-17
R03093,P096,P068,M02901,2026-02-17
R03094,P221,P101,M04860,2026-02-17
R03095,P051,P149,M03049,2026-02-17
R03096,P073,P011,M02742,2026-02-17
R03097,P148,P071,M01336,2026-02-17
R03098,P027,P096,M00831,2026-02-18
R03099,P044,P195,M02766,2026-02-18
R03100,P027,P052,M03475,2026-02-18
R03101,P150,P195,M02334,2026-02-18
R03102,P172,P297,M03862,2026-02-18
R03103,P043,P138,M02909,2026-02-18
R03104,P128,P200,M04272,2026-02-18
R03105,P111,P267,M04531,2026-02-18
R03106,P075,P251,M03223,2026-02-18
R03107,P060,P081,M01341,2026-02-18
R03108,P161,P203,M04107,2026-02-18
R03109,P030,P015,M01799,2026-02-18
R03110,P275,P207,M00431,2026-02-18
R03111,P275,P185,M00569,2026-02-18
R03112,P054,P049,M00754,2026-02-18
R03113,P172,P279,M04188,2026-02-18
R03114,P176,P094,M01057,2026-02-18
R03115,P134,P027,M03506,2026-02-18
R03116,P170,P244,M04873,2026-02-18
R03117,P164,P209,M00743,2026-02-18
R03118,P058,P103,M00249,2026-02-18
R03119,P236,P009,M02720,2026-02-18
R03120,P134,P026,M03638,2026-02-18
R03121,P236,P210,M03218,2026-02-18
R03122,P019,P144,M03110,2026-02-18
R03123,P050,P292,M02321,2026-02-18
R03124,P192,P007,M00637,2026-02-18
R03125,P241,P074,M01319,2026-02-18
R03126,P164,P100,M01070,2026-02-18
R03127,P136,P232,M01578,2026-02-18
R03128,P221,P101,M01871,2026-02-18
R03129,P115,P227,M03352,2026-02-18
R03130,P136,P211,M00432,2026-02-18
R03131,P115,P047,M02172,2026-02-18
R03132,P300,P161,M00164,2026-02-18
R03133,P165,P049,M01934,2026-02-18
R03134,P133,P238,M03529,2026-02-18
R03135,P188,P237,M03955,2026-02-19
R03136,P134,P038,M04627,2026-02-19
R03137,P043,P198,M00098,2026-02-19
R03138,P219,P166,M01280,2026-02-19
R03139,P136,P211,M00696,2026-02-19
R03140,P174,P272,M00872,2026-02-19
R03141,P108,P119,M03237,2026-02-19
R03142,P193,P200,M02488,2026-02-19
R03143,P178,P110,M01124,2026-02-19
R03144,P213,P106,M03986,2026-02-19
R03145,P281,P103,M01744,2026-02-19
R03146,P115,P167,M01217,2026-02-19
R03147,P134,P027,M00065,2026-02-19
R03148,P261,P101,M04844,2026-02-19
R03149,P164,P209,M03805,2026-02-19
R03150,P255,P234,M04591,2026-02-19
R03151,P219,P055,M01513,2026-02-19
R03152,P062,P274,M02757,2026-02-19
R03153,P253,P107,M04842,2026-02-19
R03154,P222,P089,M00485,2026-02-19
R03155,P258,P011,M00348,2026-02-20
R03156,P258,P011,M04033,2026-02-20
R03157,P131,P110,M01154,2026-02-20
R03158,P172,P279,M03064,2026-02-20
R03159,P176,P049,M00763,2026-02-20
R03160,P255,P234,M01144,2026-02-20
R03161,P148,P209,M00663,2026-02-20
R03162,P205,P029,M03816,2026-02-20
R03163,P214,P095,M02355,2026-02-20
R03164,P221,P104,M00943,2026-02-20
R03165,P221,P089,M04050,2026-02-20
R03166,P133,P238,M03081,2026-02-20
R03167,P133,P238,M03172,2026-02-20
R03168,P249,P121,M01036,2026-02-20
R03169,P168,P157,M04699,2026-02-20
R03170,P134,P102,M04383,2026-02-20
R03171,P096,P068,M04317,2026-02-20
R03172,P128,P209,M03352,2026-02-20
R03173,P001,P026,M03675,2026-02-23
R03174,P214,P095,M00193,2026-02-23
R03175,P300,P211,M02112,2026-02-23
R03176,P169,P077,M02251,2026-02-23
R03177,P005,P149,M02705,2026-02-23
R03178,P136,P244,M00745,2026-02-23
R03179,P037,P122,M03910,2026-02-23
R03180,P101,P198,M01859,2026-02-23
R03181,P134,P027,M04852,2026-02-23
R03182,P163,P077,M00980,2026-02-23
R03183,P174,P272,M01734,2026-02-23
R03184,P174,P100,M02445,2026-02-23
R03185,P293,P007,M01088,2026-02-23
R03186,P005,P245,M03686,2026-02-23
R03187,P006,P162,M03833,2026-02-23
R03188,P113,P093,M03618,2026-02-23
R03189,P238,P218,M01262,2026-02-23
R03190,P187,P166,M04052,2026-02-23
R03191,P295,P206,M00256,2026-02-23
R03192,P129,P156,M04070,2026-02-23
R03193,P287,P260,M03127,2026-02-23
R03194,P027,P052,M04464,2026-02-23
R03195,P221,P104,M00202,2026-02-23
R03196,P189,P171,M00304,2026-02-23
R03197,P150,P049,M03066,2026-02-23
R03198,P061,P033,M00571,2026-02-23
R03199,P268,P050,M04716,2026-02-23
R03200,P254,P234,M01630,2026-02-23
R03201,P137,P279,M02614,2026-02-23
R03202,P214,P095,M02159,2026-02-23
R03203,P161,P211,M04379,2026-02-23
R03204,P113,P245,M04250,2026-02-23
R03205,P136,P118,M02415,2026-02-24
R03206,P136,P232,M03760,2026-02-24
R03207,P099,P138,M03624,2026-02-24
R03208,P296,P063,M04928,2026-02-24
R03209,P005,P245,M04829,2026-02-24
R03210,P115,P227,M00517,2026-02-24
R03211,P235,P159,M04790,2026-02-24
R03212,P294,P139,M00693,2026-02-24
R03213,P226,P126,M00050,2026-02-24
R03214,P234,P047,M04558,2026-02-24
R03215,P208,P292,M02685,2026-02-24
R03216,P101,P225,M04206,2026-02-24
R03217,P155,P157,M04390,2026-02-24
R03218,P031,P030,M04238,2026-02-24
R03219,P214,P095,M03049,2026-02-24
R03220,P223,P244,M01685,2026-02-24
R03221,P066,P191,M03090,2026-02-24
R03222,P045,P234,M02370,2026-02-24
R03223,P114,P046,M03963,2026-02-24
R03224,P247,P251,M00490,2026-02-24
R03225,P010,P057,M04546,2026-02-24
R03226,P133,P131,M04226,2026-02-24
R03227,P104,P198,M04073,2026-02-24
R03228,P014,P161,M01611,2026-02-24
R03229,P285,P251,M04072,2026-02-24
R03230,P134,P102,M03834,2026-02-24
R03231,P286,P042,M00614,2026-02-24
R03232,P259,P125,M01079,2026-02-24
R03233,P096,P095,M02393,2026-02-25
R03234,P235,P278,M01754,2026-02-25
R03235,P001,P021,M04636,2026-02-25
R03236,P014,P012,M04686,2026-02-25
R03237,P188,P082,M01396,2026-02-25
R03238,P134,P038,M01600,2026-02-25
R03239,P134,P027,M04231,2026-02-25
R03240,P221,P101,M03963,2026-02-25
R03241,P055,P173,M02865,2026-02-25
R03242,P092,P187,M03506,2026-02-25
R03243,P106,P038,M03573,2026-02-25
R03244,P269,P050,M02702,2026-02-25
R03245,P234,P047,M00089,2026-02-25
R03246,P224,P067,M03203,2026-02-25
R03247,P240,P072,M02879,2026-02-25
R03248,P248,P002,M01930,2026-02-25
R03249,P137,P279,M01852,2026-02-25
R03250,P079,P045,M04667,2026-02-25
R03251,P127,P009,M02992,2026-02-25
R03252,P066,P057,M04050,2026-02-25
R03253,P096,P068,M01828,2026-02-25
R03254,P059,P251,M03973,2026-02-25
R03255,P243,P260,M03127,2026-02-25
R03256,P188,P215,M03567,2026-02-25
R03257,P289,P030,M00875,2026-02-25
R03258,P291,P145,M01383,2026-02-25
R03259,P266,P011,M03547,2026-02-25
R03260,P133,P205,M00486,2026-02-25
R03261,P172,P279,M02708,2026-02-26
R03262,P259,P125,M04166,2026-02-26
R03263,P181,P053,M01581,2026-02-26
R03264,P248,P002,M02816,2026-02-26
R03265,P283,P011,M02050,2026-02-26
R03266,P300,P211,M00778,2026-02-26
R03267,P115,P167,M00792,2026-02-26
R03268,P300,P161,M02958,2026-02-26
R03269,P108,P100,M01304,2026-02-26
R03270,P036,P072,M01556,2026-02-26
R03271,P133,P131,M03795,2026-02-26
R03272,P031,P043,M04238,2026-02-26
R03273,P119,P255,M02388,2026-02-26
R03274,P143,P012,M03897,2026-02-26
R03275,P293,P179,M00064,2026-02-26
R03276,P180,P107,M00153,2026-02-26
R03277,P014,P012,M01735,2026-02-26
R03278,P298,P279,M01766,2026-02-26
R03279,P276,P191,M04405,2026-02-26
R03280,P127,P009,M02602,2026-02-26
R03281,P284,P053,M03161,2026-02-26
R03282,P092,P123,M02023,2026-02-26
R03283,P204,P160,M03819,2026-02-26
R03284,P236,P009,M04653,2026-02-26
R03285,P129,P151,M03782,2026-02-26
R03286,P280,P234,M02822,2026-02-26
R03287,P150,P251,M03663,2026-02-26
R03288,P143,P232,M01305,2026-02-26
R03289,P175,P173,M04328,2026-02-26
R03290,P299,P197,M01732,2026-02-26
R03291,P270,P272,M00662,2026-02-27
R03292,P176,P145,M00197,2026-02-27
R03293,P172,P297,M03119,2026-02-27
R03294,P065,P205,M03417,2026-02-27
R03295,P027,P096,M01093,2026-02-27
R03296,P229,P118,M01101,2026-02-27
R03297,P003,P076,M03175,2026-02-27
R03298,P136,P244,M01735,2026-02-27
R03299,P114,P046,M02115,2026-02-27
R03300,P115,P227,M00085,2026-02-27
R03301,P136,P116,M01697,2026-02-27
R03302,P133,P238,M00867,2026-02-27
R03303,P283,P015,M02909,2026-02-27
R03304,P136,P116,M01604,2026-02-27
R03305,P127,P070,M03841,2026-02-27
R03306,P235,P268,M00015,2026-02-27
R03307,P291,P145,M04533,2026-02-27
R03308,P041,P047,M01141,2026-02-27
R03309,P091,P195,M04709,2026-02-27
R03310,P148,P071,M03076,2026-02-27
R03311,P213,P026,M04646,2026-02-27
R03312,P259,P050,M01664,2026-02-27
R03313,P142,P162,M02200,2026-02-27
R03314,P143,P232,M01179,2026-02-27
R03315,P188,P160,M04910,2026-02-27
R03316,P269,P057,M02969,2026-02-27
R03317,P158,P080,M03491,2026-02-27
R03318,P050,P057,M03371,2026-02-27
R03319,P062,P224,M03643,2026-02-27
R03320,P061,P135,M04899,2026-03-02
R03321,P264,P094,M00849,2026-03-02
R03322,P287,P138,M00804,2026-03-02
R03323,P131,P110,M00827,2026-03-02
R03324,P115,P167,M04588,2026-03-02
R03325,P172,P297,M01836,2026-03-02
R03326,P214,P141,M01925,2026-03-02
R03327,P055,P027,M00218,2026-03-02
R03328,P062,P250,M00463,2026-03-02
R03329,P287,P225,M04401,2026-03-02
R03330,P061,P135,M03131,2026-03-02
R03331,P127,P070,M04978,2026-03-02
R03332,P273,P015,M01356,2026-03-02
R03333,P056,P220,M02433,2026-03-02
R03334,P091,P285,M00335,2026-03-02
R03335,P055,P062,M04593,2026-03-02
R03336,P136,P012,M04035,2026-03-02
R03337,P134,P027,M03469,2026-03-02
R03338,P236,P210,M03848,2026-03-02
R03339,P024,P015,M04968,2026-03-02
R03340,P236,P085,M00672,2026-03-02
R03341,P245,P004,M00777,2026-03-02
R03342,P058,P184,M00017,2026-03-02
R03343,P212,P278,M04762,2026-03-02
R03344,P133,P238,M04633,2026-03-02
R03345,P055,P062,M04487,2026-03-02
R03346,P141,P097,M01401,2026-03-03
R03347,P294,P197,M04025,2026-03-03
R03348,P204,P262,M03276,2026-03-03
R03349,P006,P201,M01691,2026-03-03
R03350,P274,P263,M02078,2026-03-03
R03351,P023,P130,M00597,2026-03-03
R03352,P274,P263,M01713,2026-03-03
R03353,P287,P087,M04245,2026-03-03
R03354,P136,P161,M02529,2026-03-03
R03355,P018,P008,M03049,2026-03-03
R03356,P280,P071,M02966,2026-03-03
R03357,P061,P033,M04428,2026-03-03
R03358,P031,P030,M03485,2026-03-03
R03359,P127,P016,M04547,2026-03-03
R03360,P281,P233,M01040,2026-03-03
R03361,P254,P077,M01837,2026-03-03
R03362,P093,P095,M02981,2026-03-03
R03363,P136,P232,M01076,2026-03-03
R03364,P291,P145,M00654,2026-03-03
R03365,P178,P205,M03738,2026-03-03
R03366,P051,P096,M03594,2026-03-03
R03367,P229,P203,M04964,2026-03-03
R03368,P158,P202,M04537,2026-03-03
R03369,P176,P049,M03672,2026-03-03
R03370,P044,P145,M04590,2026-03-03
R03371,P189,P087,M03544,2026-03-03
R03372,P075,P233,M04920,2026-03-03
R03373,P027,P096,M04434,2026-03-03
R03374,P131,P218,M02240,2026-03-03
R03375,P298,P022,M01908,2026-03-03
R03376,P250,P274,M03758,2026-03-03
R03377,P158,P233,M02941,2026-03-03
R03378,P012,P118,M01516,2026-03-03
R03379,P092,P055,M03744,2026-03-03
R03380,P035,P171,M02985,2026-03-03
R03381,P108,P119,M03237,2026-03-03
R03382,P081,P055,M03405,2026-03-03
R03383,P250,P274,M02741,2026-03-03
R03384,P128,P200,M04323,2026-03-03
R03385,P250,P274,M00465,2026-03-03
R03386,P081,P055,M00465,2026-03-03
R03387,P296,P149,M00795,2026-03-03
R03388,P030,P015,M01265,2026-03-03
R03389,P079,P045,M03876,2026-03-04
R03390,P180,P107,M04103,2026-03-04
R03391,P222,P089,M03692,2026-03-04
R03392,P222,P089,M04401,2026-03-04
R03393,P136,P244,M04503,2026-03-04
R03394,P274,P263,M01857,2026-03-04
R03395,P228,P057,M02443,2026-03-04
R03396,P226,P046,M03314,2026-03-04
R03397,P259,P050,M02413,2026-03-04
R03398,P172,P279,M02103,2026-03-04
R03399,P176,P080,M01864,2026-03-04
R03400,P176,P285,M03253,2026-03-04
R03401,P150,P049,M04913,2026-03-04
R03402,P134,P177,M03933,2026-03-04
R03403,P044,P145,M01919,2026-03-04
R03404,P081,P055,M03623,2026-03-04
R03405,P055,P062,M01542,2026-03-04
R03406,P152,P262,M00370,2026-03-04
R03407,P040,P198,M00458,2026-03-04
R03408,P017,P086,M02438,2026-03-04
R03409,P093,P153,M04315,2026-03-04
R03410,P248,P202,M00232,2026-03-04
R03411,P235,P268,M04437,2026-03-04
R03412,P281,P285,M03700,2026-03-04
R03413,P248,P202,M04513,2026-03-04
R03414,P193,P280,M01679,2026-03-04
R03415,P134,P177,M01470,2026-03-04
R03416,P091,P251,M02599,2026-03-04
R03417,P108,P119,M03178,2026-03-04
R03418,P240,P085,M03478,2026-03-04
R03419,P118,P116,M00263,2026-03-04
R03420,P183,P234,M00079,2026-03-04
R03421,P031,P030,M01754,2026-03-04
R03422,P066,P191,M02186,2026-03-04
R03423,P127,P070,M02719,2026-03-04
R03424,P241,P064,M03628,2026-03-04
R03425,P300,P161,M00023,2026-03-04
R03426,P119,P209,M00743,2026-03-04
R03427,P127,P016,M02342,2026-03-04
R03428,P101,P260,M01365,2026-03-05
R03429,P284,P070,M04038,2026-03-05
R03430,P276,P057,M04265,2026-03-05
R03431,P190,P297,M00597,2026-03-05
R03432,P055,P173,M03602,2026-03-05
R03433,P132,P272,M03278,2026-03-05
R03434,P245,P004,M01899,2026-03-05
R03435,P223,P203,M01458,2026-03-05
R03436,P258,P292,M00599,2026-03-05
R03437,P274,P263,M02023,2026-03-05
R03438,P035,P256,M01768,2026-03-05
R03439,P142,P162,M00661,2026-03-05
R03440,P134,P038,M04983,2026-03-05
R03441,P261,P101,M00599,2026-03-05
R03442,P261,P101,M02060,2026-03-05
R03443,P059,P233,M01040,2026-03-05
R03444,P010,P057,M01428,2026-03-05
R03445,P175,P076,M00721,2026-03-05
R03446,P213,P106,M02873,2026-03-05
R03447,P127,P070,M04131,2026-03-05
R03448,P236,P007,M03771,2026-03-05
R03449,P273,P099,M03314,2026-03-05
R03450,P003,P263,M04407,2026-03-05
R03451,P152,P082,M01723,2026-03-05
R03452,P075,P094,M01718,2026-03-05
R03453,P219,P093,M03598,2026-03-05
R03454,P131,P290,M01987,2026-03-05
R03455,P208,P292,M00461,2026-03-05
R03456,P080,P002,M00010,2026-03-05
R03457,P091,P103,M04959,2026-03-05
R03458,P235,P225,M04437,2026-03-05
R03459,P096,P068,M03365,2026-03-05
R03460,P241,P107,M04831,2026-03-06
R03461,P250,P095,M00655,2026-03-06
R03462,P288,P072,M04733,2026-03-06
R03463,P259,P125,M00013,2026-03-06
R03464,P288,P053,M04985,2026-03-06
R03465,P039,P082,M01816,2026-03-06
R03466,P131,P022,M02708,2026-03-06
R03467,P127,P016,M00224,2026-03-06
R03468,P061,P033,M00142,2026-03-06
R03469,P062,P250,M03533,2026-03-06
R03470,P143,P136,M04228,2026-03-06
R03471,P176,P094,M00763,2026-03-06
R03472,P062,P250,M01636,2026-03-06
R03473,P207,P110,M00051,2026-03-06
R03474,P134,P026,M02219,2026-03-06
R03475,P263,P081,M01752,2026-03-06
R03476,P300,P136,M03743,2026-03-06
R03477,P269,P260,M04032,2026-03-06
R03478,P287,P260,M01343,2026-03-06
R03479,P243,P246,M01500,2026-03-06
R03480,P108,P119,M04916,2026-03-06
R03481,P114,P057,M00381,2026-03-06
R03482,P108,P100,M04158,2026-03-06
R03483,P023,P130,M00486,2026-03-06
R03484,P142,P144,M03465,2026-03-06
R03485,P003,P139,M01842,2026-03-06
R03486,P128,P167,M03805,2026-03-06
R03487,P155,P049,M03249,2026-03-06
R03488,P247,P145,M00377,2026-03-06
R03489,P092,P139,M01925,2026-03-06
R03490,P136,P012,M03059,2026-03-06
R03491,P136,P118,M03971,2026-03-06
R03492,P040,P125,M01821,2026-03-06
R03493,P120,P098,M02195,2026-03-06
R03494,P098,P205,M00625,2026-03-06
R03495,P221,P256,M01984,2026-03-06
R03496,P226,P043,M04152,2026-03-06
R03497,P043,P107,M03547,2026-03-06
R03498,P074,P292,M02352,2026-03-06
R03499,P045,P071,M00900,2026-03-06
R03500,P051,P263,M02938,2026-03-06
R03501,P099,P268,M04577,2026-03-06
R03502,P236,P009,M01840,2026-03-06
R03503,P275,P207,M03458,2026-03-06
R03504,P241,P107,M00581,2026-03-09
R03505,P247,P094,M02592,2026-03-09
R03506,P050,P087,M04693,2026-03-09
R03507,P140,P074,M04003,2026-03-09
R03508,P243,P278,M02969,2026-03-09
R03509,P055,P062,M00057,2026-03-09
R03510,P146,P161,M03760,2026-03-09
R03511,P221,P011,M02985,2026-03-09
R03512,P219,P093,M01491,2026-03-09
R03513,P238,P065,M03913,2026-03-09
R03514,P055,P062,M02692,2026-03-09
R03515,P219,P093,M01738,2026-03-09
R03516,P249,P043,M00025,2026-03-09
R03517,P249,P043,M04437,2026-03-09
R03518,P055,P062,M01713,2026-03-09
R03519,P131,P029,M02540,2026-03-09
R03520,P062,P250,M03356,2026-03-09
R03521,P003,P263,M02990,2026-03-09
R03522,P134,P026,M02456,2026-03-09
R03523,P134,P177,M04464,2026-03-09
R03524,P181,P053,M03001,2026-03-09
R03525,P128,P200,M04239,2026-03-09
R03526,P136,P012,M00888,2026-03-09
R03527,P250,P274,M03319,2026-03-09
R03528,P176,P080,M00408,2026-03-09
R03529,P132,P200,M00121,2026-03-09
R03530,P115,P047,M02296,2026-03-09
R03531,P050,P225,M00304,2026-03-10
R03532,P136,P232,M04107,2026-03-10
R03533,P040,P104,M00183,2026-03-10
R03534,P240,P072,M03658,2026-03-10
R03535,P108,P119,M03159,2026-03-10
R03536,P250,P274,M04565,2026-03-10
R03537,P258,P292,M02505,2026-03-10
R03538,P062,P250,M03044,2026-03-10
R03539,P274,P263,M00810,2026-03-10
R03540,P187,P081,M03669,2026-03-10
R03541,P178,P110,M03126,2026-03-10
R03542,P134,P026,M02304,2026-03-10
R03543,P269,P057,M01175,2026-03-10
R03544,P055,P062,M04487,2026-03-10
R03545,P129,P179,M04338,2026-03-10
R03546,P204,P262,M00227,2026-03-10
R03547,P066,P064,M01918,2026-03-10
R03548,P296,P252,M03600,2026-03-10
R03549,P268,P046,M02770,2026-03-10
R03550,P151,P070,M04529,2026-03-10
R03551,P049,P103,M01669,2026-03-10
R03552,P284,P070,M00027,2026-03-10
R03553,P017,P086,M04737,2026-03-10
R03554,P030,P256,M00485,2026-03-10
R03555,P247,P195,M03227,2026-03-10
R03556,P127,P070,M01720,2026-03-10
R03557,P174,P071,M02524,2026-03-10
R03558,P221,P101,M01487,2026-03-10
R03559,P127,P016,M03510,2026-03-10
R03560,P003,P102,M04354,2026-03-10
R03561,P148,P071,M00174,2026-03-10
R03562,P080,P002,M01809,2026-03-10
R03563,P289,P043,M02058,2026-03-10
R03564,P061,P083,M01312,2026-03-10
R03565,P041,P200,M01221,2026-03-11
R03566,P113,P093,M00476,2026-03-11
R03567,P044,P049,M03003,2026-03-11
R03568,P263,P081,M01995,2026-03-11
R03569,P204,P215,M01085,2026-03-11
R03570,P081,P055,M04898,2026-03-11
R03571,P062,P250,M02371,2026-03-11
R03572,P041,P119,M01131,2026-03-11
R03573,P128,P209,M01332,2026-03-11
R03574,P263,P081,M00181,2026-03-11
R03575,P158,P251,M00303,2026-03-11
R03576,P293,P179,M03171,2026-03-11
R03577,P111,P267,M00280,2026-03-11
R03578,P283,P011,M01036,2026-03-11
R03579,P241,P064,M00839,2026-03-11
R03580,P214,P095,M00007,2026-03-11
R03581,P270,P200,M03702,2026-03-11
R03582,P249,P043,M00723,2026-03-11
R03583,P172,P098,M01766,2026-03-11
R03584,P294,P166,M04501,2026-03-11
R03585,P296,P149,M00981,2026-03-11
R03586,P219,P166,M00960,2026-03-11
R03587,P250,P274,M03248,2026-03-11
R03588,P035,P256,M03852,2026-03-11
R03589,P003,P231,M00095,2026-03-11
R03590,P274,P263,M02692,2026-03-11
R03591,P027,P096,M04500,2026-03-11
R03592,P060,P081,M03753,2026-03-11
R03593,P142,P162,M04140,2026-03-11
R03594,P134,P102,M02571,2026-03-11
R03595,P274,P263,M04565,2026-03-11
R03596,P250,P286,M00387,2026-03-11
R03597,P196,P279,M00265,2026-03-11
R03598,P172,P297,M01201,2026-03-11
R03599,P131,P022,M02614,2026-03-11
R03600,P183,P200,M01956,2026-03-11
R03601,P172,P279,M02804,2026-03-11
R03602,P249,P121,M00699,2026-03-11
R03603,P062,P250,M04565,2026-03-12
R03604,P065,P029,M02168,2026-03-12
R03605,P113,P093,M04497,2026-03-12
R03606,P155,P049,M00624,2026-03-12
R03607,P219,P093,M00959,2026-03-12
R03608,P196,P279,M03064,2026-03-12
R03609,P152,P201,M03079,2026-03-12
R03610,P040,P125,M04523,2026-03-12
R03611,P275,P207,M02650,2026-03-12
R03612,P045,P071,M03087,2026-03-12
R03613,P131,P279,M01238,2026-03-12
R03614,P294,P173,M02056,2026-03-12
R03615,P137,P279,M04074,2026-03-12
R03616,P299,P252,M01712,2026-03-12
R03617,P027,P052,M00019,2026-03-12
R03618,P080,P145,M02332,2026-03-12
R03619,P183,P045,M00079,2026-03-12
R03620,P254,P045,M03998,2026-03-12
R03621,P191,P125,M02038,2026-03-12
R03622,P172,P098,M01696,2026-03-12
R03623,P250,P274,M04162,2026-03-12
R03624,P286,P042,M03500,2026-03-12
R03625,P240,P210,M01334,2026-03-12
R03626,P175,P026,M03415,2026-03-12
R03627,P012,P232,M00696,2026-03-12
R03628,P134,P026,M00630,2026-03-12
R03629,P134,P102,M03881,2026-03-12
R03630,P288,P072,M01648,2026-03-12
R03631,P178,P185,M00480,2026-03-12
R03632,P213,P252,M00852,2026-03-12
R03633,P128,P167,M03584,2026-03-12
R03634,P274,P263,M02885,2026-03-12
R03635,P254,P234,M00108,2026-03-12
R03636,P174,P071,M03138,2026-03-12
R03637,P081,P055,M00810,2026-03-12
R03638,P257,P173,M01678,2026-03-12
R03639,P133,P238,M01903,2026-03-12
R03640,P263,P081,M01440,2026-03-12
R03641,P150,P195,M03443,2026-03-13
R03642,P196,P020,M04226,2026-03-13
R03643,P006,P201,M01107,2026-03-13
R03644,P143,P232,M00151,2026-03-13
R03645,P040,P104,M00552,2026-03-13
R03646,P180,P225,M01457,2026-03-13
R03647,P240,P210,M02051,2026-03-13
R03648,P240,P210,M02666,2026-03-13
R03649,P192,P007,M04168,2026-03-13
R03650,P259,P125,M00681,2026-03-13
R03651,P219,P055,M03501,2026-03-13
R03652,P219,P069,M03856,2026-03-13
R03653,P164,P119,M00669,2026-03-13
R03654,P268,P121,M02386,2026-03-13
R03655,P058,P157,M04517,2026-03-13
R03656,P010,P278,M04392,2026-03-13
R03657,P263,P081,M03405,2026-03-13
R03658,P036,P230,M04734,2026-03-13
R03659,P293,P151,M00064,2026-03-13
R03660,P050,P087,M03361,2026-03-13
R03661,P223,P232,M00823,2026-03-13
R03662,P136,P116,M04893,2026-03-13
R03663,P273,P015,M04245,2026-03-13
R03664,P014,P012,M01735,2026-03-13
R03665,P134,P027,M04747,2026-03-13
R03666,P023,P130,M03636,2026-03-13
R03667,P136,P116,M02299,2026-03-13
R03668,P250,P274,M04129,2026-03-13
R03669,P191,P256,M00030,2026-03-16
R03670,P090,P015,M02909,2026-03-16
R03671,P017,P069,M01168,2026-03-16
R03672,P014,P012,M00207,2026-03-16
R03673,P183,P200,M04916,2026-03-16
R03674,P189,P104,M02586,2026-03-16
R03675,P243,P292,M03714,2026-03-16
R03676,P169,P254,M00617,2026-03-16
R03677,P240,P151,M02666,2026-03-16
R03678,P005,P069,M04515,2026-03-16
R03679,P248,P233,M01521,2026-03-16
R03680,P275,P207,M00890,2026-03-16
R03681,P092,P141,M01134,2026-03-16
R03682,P023,P110,M01844,2026-03-16
R03683,P055,P062,M01636,2026-03-16
R03684,P105,P224,M03814,2026-03-16
R03685,P288,P053,M02799,2026-03-16
R03686,P288,P009,M03665,2026-03-16
R03687,P043,P198,M01435,2026-03-16
R03688,P018,P197,M03740,2026-03-16
R03689,P263,P081,M03248,2026-03-16
R03690,P120,P098,M01986,2026-03-16
R03691,P263,P081,M04729,2026-03-16
R03692,P131,P029,M01193,2026-03-16
R03693,P250,P274,M01759,2026-03-16
R03694,P257,P197,M00002,2026-03-16
R03695,P136,P232,M04865,2026-03-16
R03696,P226,P126,M04875,2026-03-16
R03697,P270,P186,M01565,2026-03-16
R03698,P055,P062,M02173,2026-03-16
R03699,P226,P046,M04063,2026-03-16
R03700,P050,P078,M01952,2026-03-16
R03701,P036,P179,M01891,2026-03-16
R03702,P254,P100,M02192,2026-03-16
R03703,P258,P126,M04534,2026-03-16
R03704,P208,P198,M01399,2026-03-16
R03705,P152,P048,M00931,2026-03-16
R03706,P161,P203,M03165,2026-03-16
R03707,P258,P159,M02249,2026-03-16
R03708,P257,P038,M02011,2026-03-17
R03709,P054,P002,M02399,2026-03-17
R03710,P187,P081,M04250,2026-03-17
R03711,P294,P263,M04816,2026-03-17
R03712,P181,P016,M03566,2026-03-17
R03713,P134,P026,M04874,2026-03-17
R03714,P283,P011,M01944,2026-03-17
R03715,P055,P062,M00262,2026-03-17
R03716,P127,P016,M03354,2026-03-17
R03717,P174,P047,M02189,2026-03-17
R03718,P136,P116,M02958,2026-03-17
R03719,P258,P126,M04206,2026-03-17
R03720,P142,P144,M00535,2026-03-17
R03721,P142,P144,M04932,2026-03-17
R03722,P158,P251,M01632,2026-03-17
R03723,P136,P116,M02299,2026-03-17
R03724,P263,P081,M02991,2026-03-17
R03725,P133,P131,M01986,2026-03-17
R03726,P133,P131,M04807,2026-03-17
R03727,P268,P030,M04134,2026-03-17
R03728,P259,P125,M00804,2026-03-17
R03729,P169,P119,M02251,2026-03-17
R03730,P298,P185,M01592,2026-03-17
R03731,P183,P200,M02760,2026-03-17
R03732,P295,P019,M04140,2026-03-17
R03733,P024,P030,M03426,2026-03-17
R03734,P152,P048,M04113,2026-03-17
R03735,P150,P195,M01782,2026-03-17
R03736,P131,P022,M03534,2026-03-17
R03737,P164,P182,M03206,2026-03-17
R03738,P091,P049,M02563,2026-03-17
R03739,P284,P072,M00036,2026-03-17
R03740,P115,P227,M03484,2026-03-17
R03741,P003,P069,M02227,2026-03-17
R03742,P091,P251,M02373,2026-03-17
R03743,P096,P095,M02283,2026-03-17
R03744,P222,P138,M01072,2026-03-17
R03745,P043,P074,M00487,2026-03-17
R03746,P224,P097,M01728,2026-03-18
R03747,P131,P290,M01281,2026-03-18
R03748,P199,P149,M02147,2026-03-18
R03749,P191,P256,M04110,2026-03-18
R03750,P249,P121,M03361,2026-03-18
R03751,P079,P045,M03078,2026-03-18
R03752,P131,P218,M03882,2026-03-18
R03753,P205,P185,M00680,2026-03-18
R03754,P289,P256,M02284,2026-03-18
R03755,P127,P016,M04723,2026-03-18
R03756,P205,P185,M01621,2026-03-18
R03757,P192,P007,M00047,2026-03-18
R03758,P283,P217,M00485,2026-03-18
R03759,P294,P166,M04573,2026-03-18
R03760,P250,P274,M02692,2026-03-18
R03761,P137,P207,M04365,2026-03-18
R03762,P169,P255,M00709,2026-03-18
R03763,P221,P121,M03130,2026-03-18
R03764,P050,P217,M02321,2026-03-18
R03765,P134,P177,M01813,2026-03-18
R03766,P281,P103,M00017,2026-03-18
R03767,P224,P067,M03542,2026-03-18
R03768,P254,P045,M01858,2026-03-18
R03769,P017,P069,M01813,2026-03-18
R03770,P134,P139,M04292,2026-03-18
R03771,P164,P119,M03991,2026-03-18
R03772,P275,P207,M04795,2026-03-18
R03773,P274,P263,M00057,2026-03-18
R03774,P188,P194,M01012,2026-03-18
R03775,P235,P191,M02093,2026-03-18
R03776,P245,P008,M04765,2026-03-18
R03777,P258,P198,M02727,2026-03-19
R03778,P051,P055,M00719,2026-03-19
R03779,P239,P078,M00458,2026-03-19
R03780,P054,P080,M00123,2026-03-19
R03781,P216,P209,M00844,2026-03-19
R03782,P055,P027,M03710,2026-03-19
R03783,P177,P109,M03284,2026-03-19
R03784,P115,P227,M01941,2026-03-19
R03785,P030,P015,M00487,2026-03-19
R03786,P030,P256,M04480,2026-03-19
R03787,P172,P297,M02195,2026-03-19
R03788,P274,P263,M03356,2026-03-19
R03789,P177,P069,M00130,2026-03-19
R03790,P223,P012,M02730,2026-03-19
R03791,P168,P157,M01383,2026-03-19
R03792,P216,P227,M01376,2026-03-19
R03793,P134,P027,M02571,2026-03-19
R03794,P250,P274,M03758,2026-03-19
R03795,P146,P161,M00156,2026-03-19
R03796,P032,P237,M04058,2026-03-19
R03797,P134,P038,M01353,2026-03-19
R03798,P065,P098,M03207,2026-03-19
R03799,P104,P198,M01302,2026-03-19
R03800,P098,P110,M04832,2026-03-19
R03801,P174,P047,M01462,2026-03-19
R03802,P101,P225,M00861,2026-03-19
R03803,P170,P116,M02425,2026-03-19
R03804,P226,P107,M04574,2026-03-19
R03805,P176,P267,M00365,2026-03-19
R03806,P176,P094,M01495,2026-03-19
R03807,P276,P057,M02105,2026-03-19
R03808,P276,P159,M01399,2026-03-19
R03809,P137,P279,M00347,2026-03-19
R03810,P137,P131,M02708,2026-03-19
R03811,P268,P030,M01347,2026-03-19
R03812,P165,P002,M04877,2026-03-19
R03813,P249,P043,M00437,2026-03-19
R03814,P164,P100,M01206,2026-03-19
R03815,P027,P086,M00180,2026-03-19
R03816,P250,P286,M03271,2026-03-20
R03817,P249,P121,M03674,2026-03-20
R03818,P161,P012,M03459,2026-03-20
R03819,P155,P285,M01560,2026-03-20
R03820,P108,P119,M02189,2026-03-20
R03821,P284,P072,M00036,2026-03-20
R03822,P040,P011,M01425,2026-03-20
R03823,P187,P096,M03710,2026-03-20
R03824,P164,P182,M04559,2026-03-20
R03825,P276,P159,M00557,2026-03-20
R03826,P134,P026,M01509,2026-03-20
R03827,P172,P098,M01405,2026-03-20
R03828,P137,P297,M03168,2026-03-20
R03829,P119,P272,M00739,2026-03-20
R03830,P265,P022,M01622,2026-03-20
R03831,P263,P081,M02025,2026-03-20
R03832,P288,P230,M02230,2026-03-20
R03833,P111,P267,M02688,2026-03-20
R03834,P044,P049,M00017,2026-03-20
R03835,P288,P053,M04733,2026-03-20
R03836,P258,P292,M03539,2026-03-20
R03837,P263,P081,M03356,2026-03-20
R03838,P133,P131,M03687,2026-03-20
R03839,P091,P103,M02373,2026-03-20
R03840,P289,P030,M02222,2026-03-20
R03841,P134,P026,M01014,2026-03-20
R03842,P265,P098,M01622,2026-03-20
R03843,P291,P145,M00232,2026-03-20
R03844,P134,P139,M02790,2026-03-20
R03845,P247,P094,M02071,2026-03-20
R03846,P134,P102,M00009,2026-03-20
R03847,P288,P009,M04461,2026-03-23
R03848,P131,P218,M02471,2026-03-23
R03849,P080,P002,M00433,2026-03-23
R03850,P150,P049,M03355,2026-03-23
R03851,P229,P118,M02730,2026-03-23
R03852,P274,P263,M01571,2026-03-23
R03853,P127,P016,M04093,2026-03-23
R03854,P128,P209,M04302,2026-03-23
R03855,P120,P290,M01982,2026-03-23
R03856,P250,P274,M04051,2026-03-23
R03857,P287,P225,M02412,2026-03-23
R03858,P075,P233,M04869,2026-03-23
R03859,P263,P081,M03387,2026-03-23
R03860,P187,P166,M00045,2026-03-23
R03861,P008,P224,M03693,2026-03-23
R03862,P054,P080,M00113,2026-03-23
R03863,P293,P016,M00923,2026-03-23
R03864,P146,P244,M00874,2026-03-23
R03865,P073,P078,M03539,2026-03-23
R03866,P181,P016,M03906,2026-03-23
R03867,P264,P202,M00291,2026-03-23
R03868,P106,P026,M03881,2026-03-23
R03869,P134,P102,M01732,2026-03-23
R03870,P141,P008,M04326,2026-03-23
R03871,P065,P020,M03816,2026-03-23
R03872,P172,P279,M01262,2026-03-23
R03873,P136,P118,M00730,2026-03-23
R03874,P039,P206,M00975,2026-03-23
R03875,P106,P086,M00670,2026-03-23
R03876,P269,P107,M01428,2026-03-23
R03877,P111,P103,M02154,2026-03-23
R03878,P254,P234,M00705,2026-03-23
R03879,P265,P098,M03990,2026-03-24
R03880,P134,P177,M01142,2026-03-24
R03881,P054,P002,M01751,2026-03-24
R03882,P137,P131,M03483,2026-03-24
R03883,P136,P118,M00023,2026-03-24
R03884,P146,P161,M02162,2026-03-24
R03885,P283,P011,M04577,2026-03-24
R03886,P136,P116,M04005,2026-03-24
R03887,P114,P099,M01984,2026-03-24
R03888,P275,P207,M02813,2026-03-24
R03889,P091,P267,M01744,2026-03-24
R03890,P181,P156,M00851,2026-03-24
R03891,P276,P050,M01214,2026-03-24
R03892,P146,P012,M01866,2026-03-24
R03893,P133,P205,M00653,2026-03-24
R03894,P277,P011,M04968,2026-03-24
R03895,P134,P139,M01493,2026-03-24
R03896,P192,P009,M02714,2026-03-24
R03897,P253,P107,M01871,2026-03-24
R03898,P027,P096,M04114,2026-03-24
R03899,P284,P271,M02666,2026-03-24
R03900,P177,P068,M00460,2026-03-24
R03901,P014,P232,M00551,2026-03-24
R03902,P137,P297,M01971,2026-03-24
R03903,P250,P274,M01857,2026-03-24
R03904,P226,P126,M02210,2026-03-24
R03905,P236,P016,M00776,2026-03-24
R03906,P250,P274,M04897,2026-03-24
R03907,P136,P116,M01611,2026-03-24
R03908,P133,P131,M04689,2026-03-24
R03909,P133,P131,M02195,2026-03-24
R03910,P137,P279,M04067,2026-03-24
R03911,P287,P030,M02685,2026-03-24
R03912,P258,P126,M02086,2026-03-25
R03913,P058,P157,M00017,2026-03-25
R03914,P035,P121,M02038,2026-03-25
R03915,P120,P238,M01307,2026-03-25
R03916,P134,P026,M04483,2026-03-25
R03917,P250,P274,M03533,2026-03-25
R03918,P081,P055,M02692,2026-03-25
R03919,P081,P055,M04897,2026-03-25
R03920,P288,P053,M01638,2026-03-25
R03921,P247,P195,M02421,2026-03-25
R03922,P282,P096,M02903,2026-03-25
R03923,P062,P250,M02173,2026-03-25
R03924,P263,P081,M04729,2026-03-25
R03925,P165,P002,M03924,2026-03-25
R03926,P105,P069,M04326,2026-03-25
R03927,P113,P245,M04737,2026-03-25
R03928,P099,P191,M01918,2026-03-25
R03929,P136,P118,M03923,2026-03-25
R03930,P027,P052,M01801,2026-03-25
R03931,P266,P198,M00012,2026-03-25
R03932,P098,P279,M03272,2026-03-25
R03933,P285,P251,M01095,2026-03-25
R03934,P241,P107,M01754,2026-03-25
R03935,P049,P145,M04198,2026-03-25
R03936,P137,P207,M02312,2026-03-25
R03937,P263,P081,M01659,2026-03-25
R03938,P168,P184,M00365,2026-03-25
R03939,P196,P279,M01370,2026-03-25
R03940,P287,P225,M02412,2026-03-25
R03941,P276,P191,M00269,2026-03-25
R03942,P287,P030,M01231,2026-03-25
R03943,P080,P002,M00433,2026-03-25
R03944,P181,P156,M03137,2026-03-25
R03945,P213,P106,M03286,2026-03-25
R03946,P299,P122,M04561,2026-03-25
R03947,P114,P099,M00990,2026-03-25
R03948,P001,P149,M03730,2026-03-25
R03949,P024,P011,M02618,2026-03-25
R03950,P136,P244,M01611,2026-03-25
R03951,P136,P232,M02987,2026-03-25
R03952,P027,P096,M03710,2026-03-25
R03953,P055,P062,M01826,2026-03-25
R03954,P158,P157,M03954,2026-03-26
R03955,P134,P038,M03688,2026-03-26
R03956,P289,P256,M01351,2026-03-26
R03957,P062,P250,M04565,2026-03-26
R03958,P127,P009,M02054,2026-03-26
R03959,P081,P055,M03758,2026-03-26
R03960,P263,P081,M04330,2026-03-26
R03961,P134,P026,M00544,2026-03-26
R03962,P134,P026,M02980,2026-03-26
R03963,P119,P255,M03791,2026-03-26
R03964,P174,P100,M00846,2026-03-26
R03965,P152,P201,M03187,2026-03-26
R03966,P115,P255,M01144,2026-03-26
R03967,P137,P131,M04807,2026-03-26
R03968,P137,P131,M02103,2026-03-26
R03969,P137,P131,M02738,2026-03-26
R03970,P241,P198,M04970,2026-03-26
R03971,P196,P279,M00627,2026-03-26
R03972,P287,P030,M02132,2026-03-26
R03973,P235,P268,M04271,2026-03-26
R03974,P136,P012,M02297,2026-03-26
R03975,P134,P102,M01493,2026-03-26
R03976,P275,P207,M00969,2026-03-26
R03977,P161,P012,M03897,2026-03-26
R03978,P158,P233,M00578,2026-03-26
R03979,P018,P197,M02659,2026-03-26
R03980,P263,P081,M04632,2026-03-26
R03981,P293,P151,M00068,2026-03-26
R03982,P288,P230,M00509,2026-03-26
R03983,P288,P053,M00664,2026-03-26
R03984,P155,P195,M03421,2026-03-26
R03985,P175,P076,M00364,2026-03-26
R03986,P269,P078,M00834,2026-03-27
R03987,P062,P250,M03248,2026-03-27
R03988,P017,P086,M01797,2026-03-27
R03989,P193,P280,M01607,2026-03-27
R03990,P270,P272,M03772,2026-03-27
R03991,P270,P272,M04840,2026-03-27
R03992,P050,P057,M02093,2026-03-27
R03993,P276,P159,M03467,2026-03-27
R03994,P196,P207,M00265,2026-03-27
R03995,P036,P230,M04461,2026-03-27
R03996,P035,P121,M03852,2026-03-27
R03997,P216,P186,M00186,2026-03-27
R03998,P060,P106,M03936,2026-03-27
R03999,P175,P076,M01743,2026-03-27
R04000,P263,P081,M02118,2026-03-27
R04001,P274,P263,M04897,2026-03-27
R04002,P240,P151,M04596,2026-03-27
R04003,P250,P274,M02446,2026-03-27
R04004,P274,P263,M02446,2026-03-27
R04005,P136,P232,M04228,2026-03-27
R04006,P136,P012,M03895,2026-03-27
R04007,P134,P027,M04364,2026-03-27
R04008,P265,P065,M00166,2026-03-27
R04009,P136,P244,M00697,2026-03-27
R04010,P263,P081,M02075,2026-03-27
R04011,P035,P171,M04791,2026-03-27
R04012,P055,P173,M04995,2026-03-27
R04013,P189,P104,M00861,2026-03-27
R04014,P189,P171,M01944,2026-03-27
R04015,P148,P071,M00859,2026-03-27
R04016,P221,P101,M03246,2026-03-27
R04017,P259,P089,M00681,2026-03-27
R04018,P241,P064,M01859,2026-03-27
R04019,P062,P224,M04601,2026-03-27
R04020,P208,P292,M04011,2026-03-27
R04021,P259,P159,M01614,2026-03-30
R04022,P243,P260,M01755,2026-03-30
R04023,P250,P274,M03044,2026-03-30
R04024,P249,P121,M04506,2026-03-30
R04025,P300,P161,M00023,2026-03-30
R04026,P196,P022,M01592,2026-03-30
R04027,P273,P074,M04495,2026-03-30
R04028,P040,P104,M00128,2026-03-30
R04029,P276,P159,M01021,2026-03-30
R04030,P136,P118,M04088,2026-03-30
R04031,P024,P015,M01160,2026-03-30
R04032,P269,P246,M02702,2026-03-30
R04033,P192,P007,M02942,2026-03-30
R04034,P106,P093,M01925,2026-03-30
R04035,P250,P274,M02118,2026-03-30
R04036,P158,P157,M03793,2026-03-30
R04037,P062,P250,M02173,2026-03-30
R04038,P019,P220,M01394,2026-03-30
R04039,P120,P110,M00069,2026-03-30
R04040,P043,P260,M03802,2026-03-30
R04041,P062,P274,M04504,2026-03-30
R04042,P158,P157,M01387,2026-03-30
R04043,P257,P197,M00364,2026-03-30
R04044,P081,P055,M00810,2026-03-30
R04045,P133,P131,M00393,2026-03-30
R04046,P273,P101,M00966,2026-03-31
R04047,P289,P030,M02086,2026-03-31
R04048,P136,P116,M01414,2026-03-31
R04049,P003,P263,M04737,2026-03-31
R04050,P236,P053,M02562,2026-03-31
R04051,P127,P070,M03658,2026-03-31
R04052,P189,P171,M04405,2026-03-31
R04053,P250,P274,M03497,2026-03-31
R04054,P261,P101,M00628,2026-03-31
R04055,P164,P254,M04930,2026-03-31
R04056,P241,P107,M01205,2026-03-31
R04057,P245,P008,M03682,2026-03-31
R04058,P275,P297,M00366,2026-03-31
R04059,P295,P082,M00084,2026-03-31
R04060,P150,P103,M01788,2026-03-31
R04061,P041,P200,M02760,2026-03-31
R04062,P263,P081,M04330,2026-03-31
R04063,P113,P263,M01094,2026-03-31
R04064,P175,P096,M04851,2026-03-31
R04065,P124,P171,M01119,2026-03-31
R04066,P058,P184,M01040,2026-03-31
R04067,P119,P209,M02758,2026-03-31
R04068,P062,P250,M04330,2026-03-31
R04069,P300,P161,M04452,2026-03-31
R04070,P247,P233,M00490,2026-03-31
R04071,P005,P245,M01993,2026-03-31
R04072,P258,P171,M00599,2026-03-31
R04073,P224,P123,M00813,2026-03-31
R04074,P152,P237,M02863,2026-04-01
R04075,P163,P077,M02465,2026-04-01
R04076,P030,P015,M03620,2026-04-01
R04077,P079,P045,M02610,2026-04-01
R04078,P268,P121,M04693,2026-04-01
R04079,P062,P067,M03051,2026-04-01
R04080,P259,P125,M01079,2026-04-01
R04081,P268,P050,M02105,2026-04-01
R04082,P269,P050,M03439,2026-04-01
R04083,P300,P161,M01282,2026-04-01
R04084,P055,P062,M04051,2026-04-01
R04085,P054,P080,M04151,2026-04-01
R04086,P257,P173,M01765,2026-04-01
R04087,P055,P062,M02075,2026-04-01
R04088,P137,P297,M04876,2026-04-01
R04089,P039,P144,M01816,2026-04-01
R04090,P055,P245,M00805,2026-04-01
R04091,P275,P207,M00830,2026-04-01
R04092,P169,P254,M00991,2026-04-01
R04093,P236,P007,M02605,2026-04-01
R04094,P294,P197,M02456,2026-04-01
R04095,P214,P141,M01112,2026-04-01
R04096,P250,P242,M03271,2026-04-01
R04097,P133,P238,M02365,2026-04-01
R04098,P101,P292,M01129,2026-04-01
R04099,P134,P139,M00718,2026-04-01
R04100,P133,P131,M04967,2026-04-01
R04101,P059,P049,M00550,2026-04-01
R04102,P101,P225,M01314,2026-04-01
R04103,P253,P217,M03149,2026-04-01
R04104,P055,P062,M03405,2026-04-01
R04105,P055,P062,M02991,2026-04-01
R04106,P190,P185,M02600,2026-04-01
R04107,P276,P057,M00773,2026-04-01
R04108,P134,P177,M03233,2026-04-01
R04109,P101,P256,M00861,2026-04-01
R04110,P283,P217,M04968,2026-04-02
R04111,P175,P139,M01491,2026-04-02
R04112,P066,P191,M02058,2026-04-02
R04113,P291,P157,M03186,2026-04-02
R04114,P061,P083,M00705,2026-04-02
R04115,P240,P072,M02501,2026-04-02
R04116,P132,P272,M01391,2026-04-02
R04117,P161,P012,M01243,2026-04-02
R04118,P062,P250,M00465,2026-04-02
R04119,P062,P250,M01542,2026-04-02
R04120,P043,P260,M03496,2026-04-02
R04121,P226,P046,M02561,2026-04-02
R04122,P112,P048,M00370,2026-04-02
R04123,P288,P072,M01118,2026-04-02
R04124,P119,P234,M01675,2026-04-02
R04125,P134,P027,M03497,2026-04-02
R04126,P148,P209,M01397,2026-04-02
R04127,P134,P026,M03328,2026-04-02
R04128,P128,P209,M00445,2026-04-02
R04129,P265,P022,M04879,2026-04-02
R04130,P036,P070,M04294,2026-04-02
R04131,P055,P062,M04897,2026-04-02
R04132,P127,P009,M03510,2026-04-02
R04133,P133,P238,M03646,2026-04-02
R04134,P289,P043,M02058,2026-04-02
R04135,P043,P138,M01347,2026-04-02
R04136,P081,P055,M03050,2026-04-02
R04137,P136,P232,M03459,2026-04-02
R04138,P131,P290,M03272,2026-04-02
R04139,P261,P171,M04922,2026-04-02
R04140,P219,P055,M02203,2026-04-02
R04141,P164,P209,M03389,2026-04-02
R04142,P137,P279,M01238,2026-04-02
R04143,P164,P209,M00435,2026-04-02
R04144,P150,P103,M03332,2026-04-02
R04145,P136,P012,M02535,2026-04-02
R04146,P104,P107,M04166,2026-04-02
R04147,P235,P278,M01351,2026-04-02
R04148,P189,P074,M04800,2026-04-02
R04149,P235,P225,M02469,2026-04-02
R04150,P133,P205,M01677,2026-04-02
R04151,P274,P263,M03576,2026-04-02
R04152,P181,P034,M00440,2026-04-02
R04153,P093,P286,M00376,2026-04-03
R04154,P136,P211,M04409,2026-04-03
R04155,P062,P250,M02135,2026-04-03
R04156,P062,P250,M04162,2026-04-03
R04157,P287,P260,M04454,2026-04-03
R04158,P137,P207,M00895,2026-04-03
R04159,P288,P009,M02721,2026-04-03
R04160,P133,P131,M03172,2026-04-03
R04161,P240,P151,M02746,2026-04-03
R04162,P164,P254,M01889,2026-04-03
R04163,P250,P274,M04632,2026-04-03
R04164,P045,P200,M02888,2026-04-03
R04165,P055,P062,M01710,2026-04-03
R04166,P221,P256,M00391,2026-04-03
R04167,P114,P099,M00699,2026-04-03
R04168,P127,P016,M01476,2026-04-03
R04169,P127,P070,M02218,2026-04-03
R04170,P294,P173,M00297,2026-04-03
R04171,P172,P098,M01000,2026-04-03
R04172,P106,P026,M02446,2026-04-03
R04173,P008,P231,M02623,2026-04-03
R04174,P150,P251,M03855,2026-04-03
R04175,P055,P062,M03497,2026-04-03
R04176,P222,P138,M00607,2026-04-03
R04177,P296,P252,M04905,2026-04-03
R04178,P226,P107,M03361,2026-04-03
R04179,P248,P202,M02397,2026-04-03
R04180,P287,P030,M01399,2026-04-03
R04181,P058,P195,M02344,2026-04-03
R04182,P065,P185,M03816,2026-04-03
R04183,P240,P072,M01055,2026-04-03
R04184,P298,P297,M02103,2026-04-03
R04185,P254,P234,M04263,2026-04-03
R04186,P240,P009,M00344,2026-04-03
R04187,P288,P053,M02354,2026-04-03
R04188,P050,P087,M00552,2026-04-03
R04189,P269,P057,M01351,2026-04-03
R04190,P274,P263,M04632,2026-04-06
R04191,P213,P252,M03356,2026-04-06
R04192,P172,P297,M03529,2026-04-06
R04193,P142,P144,M04821,2026-04-06
R04194,P115,P167,M04187,2026-04-06
R04195,P224,P153,M00002,2026-04-06
R04196,P143,P232,M01562,2026-04-06
R04197,P284,P154,M02001,2026-04-06
R04198,P284,P016,M01694,2026-04-06
R04199,P133,P205,M03089,2026-04-06
R04200,P165,P049,M02911,2026-04-06
R04201,P258,P159,M01785,2026-04-06
R04202,P169,P119,M00743,2026-04-06
R04203,P238,P297,M03795,2026-04-06
R04204,P115,P167,M00750,2026-04-06
R04205,P035,P256,M02115,2026-04-06
R04206,P115,P167,M04017,2026-04-06
R04207,P108,P135,M04672,2026-04-06
R04208,P263,P081,M00042,2026-04-06
R04209,P269,P246,M03060,2026-04-06
R04210,P132,P272,M00090,2026-04-06
R04211,P096,P068,M03050,2026-04-06
R04212,P204,P262,M03599,2026-04-06
R04213,P155,P103,M04699,2026-04-06
R04214,P062,P250,M01878,2026-04-06
R04215,P055,P027,M00623,2026-04-06
R04216,P024,P030,M02797,2026-04-06
R04217,P298,P297,M02614,2026-04-06
R04218,P263,P081,M04159,2026-04-06
R04219,P270,P272,M01008,2026-04-06
R04220,P134,P027,M00262,2026-04-06
R04221,P289,P030,M01063,2026-04-06
R04222,P263,P081,M01571,2026-04-06
R04223,P137,P279,M00069,2026-04-06
R04224,P127,P016,M01720,2026-04-06
R04225,P091,P049,M04072,2026-04-06
R04226,P092,P139,M02634,2026-04-06
R04227,P208,P198,M01655,2026-04-06
R04228,P134,P102,M03344,2026-04-06
R04229,P131,P218,M01592,2026-04-07
R04230,P221,P089,M04236,2026-04-07
R04231,P081,P055,M01759,2026-04-07
R04232,P269,P057,M00633,2026-04-07
R04233,P219,P166,M03853,2026-04-07
R04234,P263,P081,M03041,2026-04-07
R04235,P259,P050,M00804,2026-04-07
R04236,P137,P207,M00173,2026-04-07
R04237,P250,P274,M02075,2026-04-07
R04238,P270,P272,M02017,2026-04-07
R04239,P143,P232,M00011,2026-04-07
R04240,P234,P047,M04912,2026-04-07
R04241,P250,P274,M02885,2026-04-07
R04242,P219,P069,M04858,2026-04-07
R04243,P143,P232,M03165,2026-04-07
R04244,P178,P279,M02900,2026-04-07
R04245,P253,P191,M01450,2026-04-07
R04246,P128,P167,M01789,2026-04-07
R04247,P028,P134,M04897,2026-04-07
R04248,P127,P016,M00923,2026-04-07
R04249,P127,P016,M02996,2026-04-07
R04250,P129,P271,M02874,2026-04-07
R04251,P105,P122,M03105,2026-04-07
R04252,P265,P065,M01980,2026-04-07
R04253,P055,P062,M04898,2026-04-07
R04254,P289,P256,M01036,2026-04-07
R04255,P062,P250,M02741,2026-04-07
R04256,P134,P139,M02393,2026-04-07
R04257,P062,P250,M04632,2026-04-07
R04258,P212,P217,M04834,2026-04-07
R04259,P074,P292,M00348,2026-04-07
R04260,P010,P057,M03426,2026-04-07
R04261,P265,P098,M01370,2026-04-07
R04262,P208,P292,M00732,2026-04-08
R04263,P181,P154,M02715,2026-04-08
R04264,P092,P141,M04327,2026-04-08
R04265,P219,P069,M02118,2026-04-08
R04266,P207,P110,M00653,2026-04-08
R04267,P176,P049,M00261,2026-04-08
R04268,P189,P171,M03562,2026-04-08
R04269,P219,P166,M04260,2026-04-08
R04270,P207,P020,M00897,2026-04-08
R04271,P137,P297,M01852,2026-04-08
R04272,P124,P046,M04161,2026-04-08
R04273,P296,P117,M03232,2026-04-08
R04274,P282,P096,M04986,2026-04-08
R04275,P296,P231,M04636,2026-04-08
R04276,P018,P197,M04613,2026-04-08
R04277,P235,P225,M01351,2026-04-08
R04278,P275,P185,M01631,2026-04-08
R04279,P045,P200,M01837,2026-04-08
R04280,P273,P099,M04001,2026-04-08
R04281,P268,P121,M03917,2026-04-08
R04282,P131,P029,M02507,2026-04-08
R04283,P136,P211,M01611,2026-04-08
R04284,P081,P055,M03041,2026-04-08
R04285,P131,P279,M00986,2026-04-08
R04286,P131,P290,M03272,2026-04-08
R04287,P258,P087,M04033,2026-04-08
R04288,P143,P136,M01305,2026-04-08
R04289,P241,P064,M01003,2026-04-08
R04290,P250,P109,M03475,2026-04-08
R04291,P043,P099,M03020,2026-04-08
R04292,P243,P246,M00689,2026-04-08
R04293,P062,P250,M00228,2026-04-08
R04294,P134,P027,M03394,2026-04-08
R04295,P263,P081,M02692,2026-04-08
R04296,P003,P102,M03026,2026-04-08
R04297,P013,P184,M04065,2026-04-08
R04298,P288,P230,M00443,2026-04-08
R04299,P288,P053,M04368,2026-04-08
R04300,P158,P094,M00303,2026-04-08
R04301,P098,P065,M03272,2026-04-08
R04302,P293,P016,M00083,2026-04-08
R04303,P133,P238,M02346,2026-04-08
R04304,P081,P055,M03270,2026-04-09
R04305,P062,P250,M03533,2026-04-09
R04306,P081,P055,M01636,2026-04-09
R04307,P023,P290,M00597,2026-04-09
R04308,P191,P256,M02259,2026-04-09
R04309,P119,P255,M03528,2026-04-09
R04310,P250,P274,M03576,2026-04-09
R04311,P055,P062,M00228,2026-04-09
R04312,P128,P200,M04886,2026-04-09
R04313,P163,P209,M01566,2026-04-09
R04314,P243,P089,M03890,2026-04-09
R04315,P164,P100,M01789,2026-04-09
R04316,P129,P053,M04984,2026-04-09
R04317,P028,P274,M04561,2026-04-09
R04318,P062,P250,M03319,2026-04-09
R04319,P226,P046,M00030,2026-04-09
R04320,P254,P045,M00136,2026-04-09
R04321,P249,P121,M03711,2026-04-09
R04322,P036,P072,M00286,2026-04-09
R04323,P147,P004,M04550,2026-04-09
R04324,P044,P195,M02037,2026-04-09
R04325,P226,P043,M00985,2026-04-09
R04326,P132,P200,M03341,2026-04-10
R04327,P136,P012,M00692,2026-04-10
R04328,P240,P009,M01586,2026-04-10
R04329,P058,P202,M02794,2026-04-10
R04330,P108,P100,M02553,2026-04-10
R04331,P172,P279,M00514,2026-04-10
R04332,P270,P077,M00338,2026-04-10
R04333,P270,P182,M01274,2026-04-10
R04334,P284,P053,M03489,2026-04-10
R04335,P148,P209,M00663,2026-04-10
R04336,P096,P068,M01358,2026-04-10
R04337,P165,P002,M00020,2026-04-10
R04338,P101,P256,M04438,2026-04-10
R04339,P270,P272,M01237,2026-04-10
R04340,P298,P297,M01622,2026-04-10
R04341,P143,P232,M03279,2026-04-10
R04342,P113,P093,M03684,2026-04-10
R04343,P148,P119,M00925,2026-04-10
R04344,P039,P144,M02076,2026-04-10
R04345,P049,P103,M01951,2026-04-10
R04346,P284,P072,M03185,2026-04-10
R04347,P294,P197,M04281,2026-04-10
R04348,P114,P171,M04258,2026-04-10
R04349,P114,P121,M04001,2026-04-10
R04350,P247,P233,M03335,2026-04-10
R04351,P050,P292,M04890,2026-04-10
R04352,P229,P244,M04107,2026-04-10
R04353,P066,P191,M00012,2026-04-10
R04354,P249,P043,M03628,2026-04-10
R04355,P060,P166,M02525,2026-04-10
R04356,P134,P026,M04732,2026-04-10
R04357,P081,P055,M03758,2026-04-10
R04358,P284,P070,M03510,2026-04-10
R04359,P019,P262,M00585,2026-04-10
R04360,P017,P069,M02173,2026-04-10
R04361,P263,P081,M04159,2026-04-10
R04362,P043,P256,M01637,2026-04-10
R04363,P152,P082,M01107,2026-04-10
R04364,P108,P100,M04840,2026-04-13
R04365,P208,P256,M01269,2026-04-13
R04366,P250,P177,M04328,2026-04-13
R04367,P140,P225,M01433,2026-04-13
R04368,P188,P262,M04766,2026-04-13
R04369,P081,P055,M03664,2026-04-13
R04370,P240,P210,M04663,2026-04-13
R04371,P257,P038,M03813,2026-04-13
R04372,P245,P004,M00057,2026-04-13
R04373,P249,P121,M04446,2026-04-13
R04374,P243,P089,M03714,2026-04-13
R04375,P213,P106,M03026,2026-04-13
R04376,P054,P157,M00439,2026-04-13
R04377,P187,P166,M04052,2026-04-13
R04378,P006,P082,M03110,2026-04-13
R04379,P127,P009,M01159,2026-04-13
R04380,P281,P103,M04943,2026-04-13
R04381,P280,P234,M00276,2026-04-13
R04382,P158,P195,M04415,2026-04-13
R04383,P276,P159,M00586,2026-04-13
R04384,P263,P081,M03356,2026-04-13
R04385,P283,P011,M03815,2026-04-13
R04386,P155,P103,M02846,2026-04-13
R04387,P150,P251,M03523,2026-04-13
R04388,P066,P057,M01265,2026-04-13
R04389,P066,P256,M02985,2026-04-13
R04390,P005,P149,M02705,2026-04-13
R04391,P274,P263,M02446,2026-04-13
R04392,P055,P062,M01542,2026-04-13
R04393,P055,P062,M02075,2026-04-13
R04394,P096,P173,M03072,2026-04-13
R04395,P250,P274,M00465,2026-04-13
R04396,P050,P217,M04438,2026-04-13
R04397,P274,P263,M03758,2026-04-13
R04398,P146,P118,M04436,2026-04-13
R04399,P115,P047,M02404,2026-04-13
R04400,P041,P047,M03625,2026-04-14
R04401,P183,P280,M02862,2026-04-14
R04402,P014,P232,M01611,2026-04-14
R04403,P181,P154,M03435,2026-04-14
R04404,P283,P011,M01058,2026-04-14
R04405,P134,P027,M01038,2026-04-14
R04406,P134,P139,M01470,2026-04-14
R04407,P010,P057,M01859,2026-04-14
R04408,P189,P171,M03265,2026-04-14
R04409,P188,P194,M01862,2026-04-14
R04410,P136,P161,M01018,2026-04-14
R04411,P275,P185,M04311,2026-04-14
R04412,P137,P279,M04603,2026-04-14
R04413,P137,P131,M00051,2026-04-14
R04414,P079,P045,M03078,2026-04-14
R04415,P013,P094,M02037,2026-04-14
R04416,P196,P020,M02195,2026-04-14
R04417,P131,P110,M03975,2026-04-14
R04418,P118,P211,M04964,2026-04-14
R04419,P257,P197,M00364,2026-04-14
R04420,P136,P232,M03923,2026-04-14
R04421,P258,P087,M02086,2026-04-14
R04422,P017,P069,M00777,2026-04-14
R04423,P092,P021,M03666,2026-04-14
R04424,P221,P121,M01231,2026-04-14
R04425,P045,P071,M01197,2026-04-14
R04426,P161,P136,M04990,2026-04-14
R04427,P051,P252,M04156,2026-04-14
R04428,P250,P274,M02173,2026-04-14
R04429,P250,P274,M03758,2026-04-14
R04430,P152,P262,M00975,2026-04-14
R04431,P234,P280,M02479,2026-04-14
R04432,P049,P251,M00165,2026-04-14
R04433,P049,P267,M04185,2026-04-14
R04434,P049,P145,M01788,2026-04-14
R04435,P101,P292,M01979,2026-04-14
R04436,P274,P263,M01926,2026-04-14
R04437,P214,P252,M04327,2026-04-14
R04438,P143,P136,M04234,2026-04-14
R04439,P043,P030,M00059,2026-04-14
R04440,P119,P209,M03613,2026-04-14
R04441,P106,P038,M01353,2026-04-15
R04442,P081,P055,M02025,2026-04-15
R04443,P062,P250,M03664,2026-04-15
R04444,P288,P009,M00963,2026-04-15
R04445,P288,P230,M04343,2026-04-15
R04446,P265,P065,M01441,2026-04-15
R04447,P028,P224,M04609,2026-04-15
R04448,P175,P026,M03399,2026-04-15
R04449,P175,P042,M03399,2026-04-15
R04450,P243,P278,M01755,2026-04-15
R04451,P027,P096,M01418,2026-04-15
R04452,P027,P086,M02571,2026-04-15
R04453,P270,P200,M01679,2026-04-15
R04454,P258,P126,M00458,2026-04-15
R04455,P236,P210,M03860,2026-04-15
R04456,P049,P103,M02578,2026-04-15
R04457,P281,P157,M01368,2026-04-15
R04458,P234,P280,M04950,2026-04-15
R04459,P282,P097,M02623,2026-04-15
R04460,P287,P107,M03564,2026-04-15
R04461,P219,P069,M01662,2026-04-15
R04462,P134,P027,M02347,2026-04-15
R04463,P219,P069,M02980,2026-04-15
R04464,P041,P200,M04273,2026-04-15
R04465,P283,P217,M03762,2026-04-15
R04466,P229,P118,M04686,2026-04-15
R04467,P228,P057,M02064,2026-04-15
R04468,P275,P185,M04226,2026-04-15
R04469,P059,P049,M04415,2026-04-15
R04470,P158,P094,M03788,2026-04-15
R04471,P214,P252,M03123,2026-04-15
R04472,P300,P211,M00696,2026-04-15
R04473,P001,P042,M03271,2026-04-15
R04474,P188,P206,M01396,2026-04-15
R04475,P270,P186,M00980,2026-04-16
R04476,P176,P049,M04441,2026-04-16
R04477,P134,P027,M00138,2026-04-16
R04478,P134,P102,M01060,2026-04-16
R04479,P133,P238,M02708,2026-04-16
R04480,P133,P205,M01067,2026-04-16
R04481,P113,P242,M00852,2026-04-16
R04482,P269,P050,M02742,2026-04-16
R04483,P128,P167,M02445,2026-04-16
R04484,P199,P052,M01576,2026-04-16
R04485,P055,P062,M04729,2026-04-16
R04486,P148,P071,M00605,2026-04-16
R04487,P128,P209,M04272,2026-04-16
R04488,P092,P055,M00621,2026-04-16
R04489,P143,P232,M00692,2026-04-16
R04490,P003,P069,M01377,2026-04-16
R04491,P236,P230,M00134,2026-04-16
R04492,P062,P250,M00181,2026-04-16
R04493,P005,P149,M01558,2026-04-16
R04494,P274,P263,M02135,2026-04-16
R04495,P025,P187,M01667,2026-04-16
R04496,P263,P081,M04632,2026-04-16
R04497,P062,P250,M02692,2026-04-16
R04498,P081,P055,M03270,2026-04-16
R04499,P055,P062,M02896,2026-04-16
R04500,P274,P263,M04051,2026-04-16
R04501,P013,P267,M03211,2026-04-16
R04502,P031,P046,M01338,2026-04-16
R04503,P098,P065,M04562,2026-04-17
R04504,P092,P021,M04928,2026-04-17
R04505,P250,P274,M01542,2026-04-17
R04506,P115,P227,M00846,2026-04-17
R04507,P115,P255,M02515,2026-04-17
R04508,P013,P080,M04415,2026-04-17
R04509,P014,P161,M01458,2026-04-17
R04510,P114,P099,M02801,2026-04-17
R04511,P152,P019,M01691,2026-04-17
R04512,P041,P083,M04850,2026-04-17
R04513,P006,P262,M04485,2026-04-17
R04514,P081,P055,M04729,2026-04-17
R04515,P092,P139,M04898,2026-04-17
R04516,P127,P009,M04355,2026-04-17
R04517,P283,P015,M01435,2026-04-17
R04518,P283,P217,M04863,2026-04-17
R04519,P043,P198,M01347,2026-04-17
R04520,P127,P009,M01775,2026-04-17
R04521,P291,P285,M02493,2026-04-17
R04522,P300,P116,M03743,2026-04-17
R04523,P263,P081,M02991,2026-04-17
R04524,P012,P118,M01282,2026-04-17
R04525,P258,P011,M00685,2026-04-17
R04526,P259,P050,M01265,2026-04-17
R04527,P261,P246,M04369,2026-04-17
R04528,P261,P125,M04068,2026-04-17
R04529,P289,P030,M02506,2026-04-17
R04530,P146,P244,M04489,2026-04-17
R04531,P288,P072,M04255,2026-04-17
R04532,P254,P234,M02192,2026-04-17
R04533,P274,P263,M01710,2026-04-17
R04534,P003,P102,M02159,2026-04-17
R04535,P175,P096,M03827,2026-04-17
R04536,P266,P198,M04236,2026-04-17
R04537,P175,P076,M04501,2026-04-17
R04538,P274,P263,M03758,2026-04-17
R04539,P039,P194,M02114,2026-04-17
R04540,P224,P042,M01541,2026-04-17
R04541,P298,P297,M01900,2026-04-17
R04542,P054,P184,M00243,2026-04-17
R04543,P298,P098,M03893,2026-04-17
R04544,P039,P048,M03567,2026-04-17
R04545,P074,P015,M04907,2026-04-17
R04546,P108,P119,M04840,2026-04-17
R04547,P073,P171,M04654,2026-04-20
R04548,P248,P233,M01309,2026-04-20
R04549,P081,P055,M02885,2026-04-20
R04550,P219,P093,M03240,2026-04-20
R04551,P081,P055,M03248,2026-04-20
R04552,P274,P263,M01542,2026-04-20
R04553,P143,P136,M02916,2026-04-20
R04554,P259,P125,M01356,2026-04-20
R04555,P013,P267,M03980,2026-04-20
R04556,P250,P274,M04565,2026-04-20
R04557,P273,P099,M04401,2026-04-20
R04558,P133,P131,M01903,2026-04-20
R04559,P115,P227,M04840,2026-04-20
R04560,P090,P256,M02505,2026-04-20
R04561,P115,P255,M04080,2026-04-20
R04562,P055,P062,M04162,2026-04-20
R04563,P258,P171,M01952,2026-04-20
R04564,P258,P011,M01205,2026-04-20
R04565,P221,P104,M00382,2026-04-20
R04566,P055,P027,M00434,2026-04-20
R04567,P240,P085,M02092,2026-04-20
R04568,P229,P244,M00823,2026-04-20
R04569,P263,P081,M02692,2026-04-20
R04570,P081,P055,M01659,2026-04-20
R04571,P101,P292,M01356,2026-04-20
R04572,P131,P290,M03093,2026-04-20
R04573,P274,P263,M04159,2026-04-20
R04574,P253,P107,M01450,2026-04-20
R04575,P099,P198,M03624,2026-04-20
R04576,P287,P089,M02086,2026-04-20
R04577,P221,P246,M03670,2026-04-20
R04578,P134,P038,M01893,2026-04-20
R04579,P134,P038,M04548,2026-04-20
R04580,P061,P135,M03790,2026-04-20
R04581,P174,P071,M03424,2026-04-20
R04582,P208,P256,M01477,2026-04-20
R04583,P124,P046,M00468,2026-04-20
R04584,P265,P098,M01275,2026-04-20
R04585,P263,P081,M02692,2026-04-20
R04586,P142,P144,M02200,2026-04-20
R04587,P127,P016,M03416,2026-04-20
R04588,P134,P102,M04760,2026-04-20
R04589,P175,P096,M02777,2026-04-20
R04590,P041,P200,M02994,2026-04-21
R04591,P287,P030,M03963,2026-04-21
R04592,P055,P062,M03044,2026-04-21
R04593,P129,P271,M00251,2026-04-21
R04594,P081,P055,M02896,2026-04-21
R04595,P136,P116,M01562,2026-04-21
R04596,P111,P049,M03889,2026-04-21
R04597,P111,P103,M04841,2026-04-21
R04598,P062,P250,M00057,2026-04-21
R04599,P240,P085,M04141,2026-04-21
R04600,P265,P290,M03045,2026-04-21
R04601,P265,P238,M04118,2026-04-21
R04602,P213,P021,M00783,2026-04-21
R04603,P132,P200,M04912,2026-04-21
R04604,P039,P162,M00148,2026-04-21
R04605,P298,P297,M01064,2026-04-21
R04606,P128,P200,M00295,2026-04-21
R04607,P270,P077,M02864,2026-04-21
R04608,P003,P263,M02597,2026-04-21
R04609,P213,P106,M01833,2026-04-21
R04610,P241,P107,M00600,2026-04-21
R04611,P043,P198,M00119,2026-04-21
R04612,P080,P285,M00032,2026-04-21
R04613,P134,P026,M03505,2026-04-21
R04614,P066,P198,M00060,2026-04-21
R04615,P295,P206,M00535,2026-04-21
R04616,P219,P069,M00319,2026-04-21
R04617,P213,P026,M03286,2026-04-21
R04618,P263,P081,M01826,2026-04-21
R04619,P258,P198,M03496,2026-04-21
R04620,P001,P286,M04636,2026-04-21
R04621,P062,P250,M01752,2026-04-22
R04622,P250,P274,M02173,2026-04-22
R04623,P298,P185,M01075,2026-04-22
R04624,P250,P274,M01826,2026-04-22
R04625,P296,P117,M00655,2026-04-22
R04626,P296,P117,M01488,2026-04-22
R04627,P120,P238,M03126,2026-04-22
R04628,P250,P274,M00042,2026-04-22
R04629,P075,P267,M04519,2026-04-22
R04630,P079,P255,M03237,2026-04-22
R04631,P288,P053,M03906,2026-04-22
R04632,P111,P002,M01188,2026-04-22
R04633,P261,P180,M01949,2026-04-22
R04634,P091,P251,M04468,2026-04-22
R04635,P106,P095,M03573,2026-04-22
R04636,P081,P055,M04729,2026-04-22
R04637,P055,P062,M00181,2026-04-22
R04638,P104,P260,M04969,2026-04-22
R04639,P055,P062,M03623,2026-04-22
R04640,P055,P062,M00463,2026-04-22
R04641,P146,P118,M00207,2026-04-22
R04642,P044,P233,M02234,2026-04-22
R04643,P101,P260,M03467,2026-04-22
R04644,P148,P209,M00925,2026-04-22
R04645,P236,P016,M02026,2026-04-22
R04646,P150,P251,M03355,2026-04-22
R04647,P263,P081,M00057,2026-04-22
R04648,P263,P081,M00262,2026-04-22
R04649,P219,P069,M02587,2026-04-22
R04650,P127,P070,M02720,2026-04-22
R04651,P226,P043,M03777,2026-04-22
R04652,P055,P062,M04632,2026-04-22
R04653,P224,P177,M03107,2026-04-22
R04654,P161,P012,M02162,2026-04-22
R04655,P268,P050,M00556,2026-04-22
R04656,P113,P242,M01517,2026-04-22
R04657,P249,P043,M03674,2026-04-22
R04658,P196,P020,M00471,2026-04-22
R04659,P014,P118,M04610,2026-04-22
R04660,P193,P186,M01069,2026-04-22
R04661,P280,P272,M04030,2026-04-22
R04662,P283,P011,M00581,2026-04-22
R04663,P280,P209,M00331,2026-04-22
R04664,P193,P254,M04477,2026-04-23
R04665,P282,P097,M00071,2026-04-23
R04666,P104,P099,M03485,2026-04-23
R04667,P134,P102,M03859,2026-04-23
R04668,P229,P232,M04686,2026-04-23
R04669,P134,P027,M04364,2026-04-23
R04670,P065,P020,M03207,2026-04-23
R04671,P146,P161,M00207,2026-04-23
R04672,P263,P081,M02023,2026-04-23
R04673,P101,P256,M04638,2026-04-23
R04674,P180,P064,M02618,2026-04-23
R04675,P191,P078,M01585,2026-04-23
R04676,P148,P209,M03193,2026-04-23
R04677,P190,P297,M00742,2026-04-23
R04678,P115,P167,M02988,2026-04-23
R04679,P263,P081,M02023,2026-04-23
R04680,P101,P256,M04241,2026-04-23
R04681,P060,P166,M02173,2026-04-23
R04682,P284,P053,M00716,2026-04-23
R04683,P003,P076,M00932,2026-04-23
R04684,P250,P274,M00810,2026-04-23
R04685,P269,P078,M00752,2026-04-23
R04686,P268,P030,M01338,2026-04-23
R04687,P298,P279,M04562,2026-04-23
R04688,P131,P022,M03534,2026-04-23
R04689,P224,P177,M00140,2026-04-23
R04690,P264,P267,M04571,2026-04-23
R04691,P129,P070,M02099,2026-04-23
R04692,P099,P191,M00098,2026-04-23
R04693,P137,P279,M00220,2026-04-23
R04694,P226,P107,M04970,2026-04-23
R04695,P226,P046,M00348,2026-04-23
R04696,P119,P186,M04620,2026-04-23
R04697,P181,P070,M03906,2026-04-23
R04698,P287,P089,M01231,2026-04-23
R04699,P115,P255,M02172,2026-04-23
R04700,P293,P210,M02390,2026-04-23
R04701,P287,P107,M03366,2026-04-24
R04702,P012,P161,M02886,2026-04-24
R04703,P008,P224,M04521,2026-04-24
R04704,P226,P107,M04875,2026-04-24
R04705,P274,P263,M00228,2026-04-24
R04706,P027,P052,M01973,2026-04-24
R04707,P238,P065,M02220,2026-04-24
R04708,P059,P233,M04813,2026-04-24
R04709,P060,P106,M01341,2026-04-24
R04710,P017,P086,M01168,2026-04-24
R04711,P247,P233,M03869,2026-04-24
R04712,P247,P251,M02592,2026-04-24
R04713,P250,P242,M03367,2026-04-24
R04714,P208,P256,M02685,2026-04-24
R04715,P039,P048,M03707,2026-04-24
R04716,P001,P286,M03746,2026-04-24
R04717,P023,P130,M02220,2026-04-24
R04718,P265,P022,M00014,2026-04-24
R04719,P270,P182,M01070,2026-04-24
R04720,P269,P246,M00744,2026-04-24
R04721,P189,P171,M02797,2026-04-24
R04722,P265,P022,M03180,2026-04-24
R04723,P127,P070,M02880,2026-04-24
R04724,P055,P062,M01099,2026-04-24
R04725,P136,P012,M01739,2026-04-24
R04726,P136,P211,M00874,2026-04-24
R04727,P136,P232,M00028,2026-04-24
R04728,P136,P211,M01657,2026-04-24
R04729,P113,P093,M04018,2026-04-24
R04730,P137,P131,M02804,2026-04-24
R04731,P131,P110,M00680,2026-04-24
R04732,P133,P205,M03964,2026-04-24
R04733,P115,P227,M03799,2026-04-24
R04734,P111,P049,M03304,2026-04-24
R04735,P081,P055,M04162,2026-04-24
R04736,P120,P279,M00807,2026-04-24
R04737,P132,P077,M03351,2026-04-24
R04738,P161,P211,M02730,2026-04-24
R04739,P081,P055,M01636,2026-04-24
R04740,P024,P011,M01160,2026-04-27
R04741,P175,P076,M00655,2026-04-27
R04742,P140,P064,M00238,2026-04-27
R04743,P247,P094,M00453,2026-04-27
R04744,P115,P047,M02972,2026-04-27
R04745,P300,P211,M01611,2026-04-27
R04746,P051,P149,M00719,2026-04-27
R04747,P105,P224,M04317,2026-04-27
R04748,P062,P250,M03041,2026-04-27
R04749,P134,P038,M02779,2026-04-27
R04750,P293,P034,M04237,2026-04-27
R04751,P062,P250,M01328,2026-04-27
R04752,P274,P263,M02025,2026-04-27
R04753,P025,P038,M02661,2026-04-27
R04754,P284,P154,M04975,2026-04-27
R04755,P131,P290,M02651,2026-04-27
R04756,P235,P268,M00557,2026-04-27
R04757,P131,P029,M02600,2026-04-27
R04758,P093,P286,M04993,2026-04-27
R04759,P131,P022,M02804,2026-04-27
R04760,P254,P167,M03397,2026-04-27
R04761,P250,P274,M04632,2026-04-27
R04762,P193,P200,M00709,2026-04-27
R04763,P044,P049,M00648,2026-04-28
R04764,P092,P134,M03668,2026-04-28
R04765,P263,P081,M04745,2026-04-28
R04766,P080,P002,M02573,2026-04-28
R04767,P062,P250,M04991,2026-04-28
R04768,P074,P292,M03174,2026-04-28
R04769,P146,P161,M02282,2026-04-28
R04770,P044,P233,M00074,2026-04-28
R04771,P263,P081,M04593,2026-04-28
R04772,P081,P055,M04593,2026-04-28
R04773,P275,P207,M04285,2026-04-28
R04774,P172,P279,M03795,2026-04-28
R04775,P134,P038,M03827,2026-04-28
R04776,P044,P233,M02977,2026-04-28
R04777,P226,P046,M01079,2026-04-28
R04778,P081,P055,M01542,2026-04-28
R04779,P134,P026,M01469,2026-04-28
R04780,P285,P195,M03111,2026-04-28
R04781,P062,P250,M00163,2026-04-28
R04782,P289,P256,M04585,2026-04-28
R04783,P258,P171,M04827,2026-04-28
R04784,P003,P069,M03232,2026-04-28
R04785,P174,P071,M00147,2026-04-28
R04786,P136,P116,M04921,2026-04-28
R04787,P136,P244,M00172,2026-04-28
R04788,P216,P135,M00618,2026-04-28
R04789,P288,P072,M03377,2026-04-28
R04790,P142,P082,M02863,2026-04-28
R04791,P189,P104,M02413,2026-04-28
R04792,P001,P286,M03730,2026-04-28
R04793,P137,P279,M03483,2026-04-28
R04794,P213,P026,M04614,2026-04-28
R04795,P274,P263,M03044,2026-04-28
R04796,P245,P021,M03600,2026-04-28
R04797,P176,P094,M00032,2026-04-28
R04798,P035,P121,M00236,2026-04-29
R04799,P259,P089,M00119,2026-04-29
R04800,P005,P245,M03469,2026-04-29
R04801,P296,P063,M02819,2026-04-29
R04802,P131,P029,M03646,2026-04-29
R04803,P049,P103,M03968,2026-04-29
R04804,P032,P262,M04728,2026-04-29
R04805,P081,P055,M04129,2026-04-29
R04806,P044,P233,M00377,2026-04-29
R04807,P175,P173,M04937,2026-04-29
R04808,P024,P198,M02618,2026-04-29
R04809,P113,P263,M04938,2026-04-29
R04810,P005,P245,M02896,2026-04-29
R04811,P265,P065,M03990,2026-04-29
R04812,P296,P117,M03594,2026-04-29
R04813,P196,P207,M02600,2026-04-29
R04814,P196,P279,M00653,2026-04-29
R04815,P081,P055,M03044,2026-04-29
R04816,P240,P085,M04356,2026-04-29
R04817,P062,P250,M01926,2026-04-29
R04818,P190,P297,M03646,2026-04-29
R04819,P136,P012,M03614,2026-04-29
R04820,P056,P160,M01652,2026-04-29
R04821,P054,P002,M01011,2026-04-29
R04822,P133,P131,M01998,2026-04-29
R04823,P115,P167,M00117,2026-04-29
R04824,P287,P225,M00741,2026-04-29
R04825,P250,P274,M00163,2026-04-29
R04826,P058,P157,M02320,2026-04-29
R04827,P014,P161,M03831,2026-04-29
R04828,P274,P263,M00262,2026-04-29
R04829,P132,P234,M00601,2026-04-29
R04830,P134,P102,M04898,2026-04-29
R04831,P134,P102,M01654,2026-04-29
R04832,P176,P267,M01080,2026-04-29
R04833,P127,P070,M03114,2026-04-29
R04834,P134,P139,M00459,2026-04-29
R04835,P008,P149,M02003,2026-04-29
R04836,P127,P070,M02342,2026-04-29
R04837,P051,P173,M04569,2026-04-29
R04838,P188,P237,M03241,2026-04-30
R04839,P164,P254,M01889,2026-04-30
R04840,P188,P112,M03570,2026-04-30
R04841,P240,P085,M00656,2026-04-30
R04842,P147,P123,M01730,2026-04-30
R04843,P081,P055,M04051,2026-04-30
R04844,P111,P002,M03304,2026-04-30
R04845,P091,P267,M04915,2026-04-30
R04846,P274,P263,M02135,2026-04-30
R04847,P111,P267,M01911,2026-04-30
R04848,P224,P097,M02025,2026-04-30
R04849,P276,P050,M01821,2026-04-30
R04850,P236,P016,M03071,2026-04-30
R04851,P216,P186,M04916,2026-04-30
R04852,P059,P080,M00908,2026-04-30
R04853,P275,P207,M01587,2026-04-30
R04854,P055,P173,M03602,2026-04-30
R04855,P283,P011,M03314,2026-04-30
R04856,P191,P078,M03260,2026-04-30
R04857,P134,P026,M04388,2026-04-30
R04858,P274,P263,M01926,2026-04-30
R04859,P035,P171,M03852,2026-04-30
R04860,P041,P272,M04082,2026-04-30
R04861,P013,P267,M04994,2026-04-30
R04862,P181,P154,M02781,2026-04-30
R04863,P080,P002,M00942,2026-04-30
R04864,P017,P086,M00590,2026-04-30
R04865,P058,P080,M02048,2026-04-30
R04866,P207,P110,M03064,2026-04-30
R04867,P142,P144,M03819,2026-04-30
R04868,P049,P103,M04066,2026-04-30
R04869,P261,P125,M04922,2026-04-30
R04870,P142,P082,M04804,2026-04-30
R04871,P172,P279,M03458,2026-05-01
R04872,P250,P274,M02118,2026-05-01
R04873,P075,P195,M04066,2026-05-01
R04874,P115,P255,M00517,2026-05-01
R04875,P189,P104,M00757,2026-05-01
R04876,P128,P200,M01390,2026-05-01
R04877,P024,P030,M00211,2026-05-01
R04878,P250,P274,M01826,2026-05-01
R04879,P091,P251,M01938,2026-05-01
R04880,P124,P046,M00304,2026-05-01
R04881,P268,P030,M03090,2026-05-01
R04882,P287,P089,M01250,2026-05-01
R04883,P196,P022,M03929,2026-05-01
R04884,P134,P139,M03610,2026-05-01
R04885,P223,P012,M02730,2026-05-01
R04886,P142,P144,M03601,2026-05-01
R04887,P096,P095,M03270,2026-05-01
R04888,P043,P099,M00487,2026-05-01
R04889,P134,P026,M04451,2026-05-01
R04890,P235,P159,M04460,2026-05-01
R04891,P049,P267,M00017,2026-05-01
R04892,P281,P267,M01744,2026-05-01
R04893,P131,P022,M03458,2026-05-01
R04894,P151,P034,M00523,2026-05-01
R04895,P092,P123,M02127,2026-05-01
R04896,P235,P159,M04103,2026-05-01
R04897,P091,P251,M02599,2026-05-01
R04898,P191,P078,M01343,2026-05-01
R04899,P055,P062,M02741,2026-05-01
R04900,P235,P225,M02249,2026-05-01
R04901,P066,P057,M02702,2026-05-01
R04902,P150,P251,M05000,2026-05-01
R04903,P250,P274,M04330,2026-05-01
R04904,P291,P285,M03253,2026-05-01
R04905,P081,P055,M01752,2026-05-01
R04906,P282,P097,M00993,2026-05-01
R04907,P274,P263,M03041,2026-05-01
R04908,P108,P100,M04720,2026-05-01
R04909,P298,P185,M00188,2026-05-01
R04910,P288,P053,M04463,2026-05-01
R04911,P216,P234,M02520,2026-05-01
R04912,P093,P117,M03783,2026-05-01
R04913,P049,P103,M00160,2026-05-01
R04914,P178,P185,M03126,2026-05-01
R04915,P226,P046,M04329,2026-05-01
R04916,P192,P007,M04819,2026-05-01
R04917,P164,P254,M03845,2026-05-04
R04918,P131,P022,M04448,2026-05-04
R04919,P131,P290,M00911,2026-05-04
R04920,P164,P227,M02189,2026-05-04
R04921,P298,P279,M01287,2026-05-04
R04922,P268,P030,M01585,2026-05-04
R04923,P140,P064,M00437,2026-05-04
R04924,P253,P278,M02169,2026-05-04
R04925,P040,P057,M04800,2026-05-04
R04926,P127,P070,M01775,2026-05-04
R04927,P249,P180,M03711,2026-05-04
R04928,P001,P149,M03535,2026-05-04
R04929,P058,P157,M01222,2026-05-04
R04930,P137,P279,M01444,2026-05-04
R04931,P255,P234,M03985,2026-05-04
R04932,P010,P278,M03426,2026-05-04
R04933,P219,P166,M02442,2026-05-04
R04934,P108,P100,M00717,2026-05-04
R04935,P253,P217,M00211,2026-05-04
R04936,P055,P062,M00228,2026-05-04
R04937,P058,P195,M04533,2026-05-04
R04938,P296,P117,M00604,2026-05-04
R04939,P263,P081,M02023,2026-05-04
R04940,P263,P081,M01926,2026-05-04
R04941,P188,P206,M03027,2026-05-04
R04942,P134,P139,M04474,2026-05-04
R04943,P172,P279,M01882,2026-05-04
R04944,P274,P263,M02371,2026-05-04
R04945,P134,P027,M00655,2026-05-04
R04946,P213,P052,M02393,2026-05-04
R04947,P275,P207,M01916,2026-05-04
R04948,P115,P227,M04518,2026-05-04
R04949,P283,P011,M01058,2026-05-04
R04950,P169,P254,M00991,2026-05-04
R04951,P296,P081,M04309,2026-05-04
R04952,P080,P002,M00010,2026-05-04
R04953,P236,P016,M04847,2026-05-04
R04954,P226,P107,M02815,2026-05-04
R04955,P280,P167,M02383,2026-05-04
R04956,P017,P069,M02438,2026-05-04
R04957,P062,P250,M04051,2026-05-04
R04958,P134,P102,M00684,2026-05-04
R04959,P051,P173,M01748,2026-05-04
R04960,P073,P171,M00381,2026-05-04
R04961,P229,P203,M02162,2026-05-04
R04962,P263,P081,M04129,2026-05-04
R04963,P055,P062,M02885,2026-05-04
R04964,P062,P274,M04504,2026-05-04
R04965,P180,P064,M00013,2026-05-04
R04966,P293,P007,M00167,2026-05-04
R04967,P134,P177,M04474,2026-05-04
R04968,P044,P195,M03066,2026-05-05
R04969,P136,P232,M00124,2026-05-05
R04970,P291,P157,M03922,2026-05-05
R04971,P108,P100,M03237,2026-05-05
R04972,P134,P027,M00629,2026-05-05
R04973,P238,P297,M01023,2026-05-05
R04974,P229,P244,M01735,2026-05-05
R04975,P274,P263,M02075,2026-05-05
R04976,P019,P220,M00529,2026-05-05
R04977,P259,P064,M00391,2026-05-05
R04978,P148,P071,M02140,2026-05-05
R04979,P003,P102,M00840,2026-05-05
R04980,P003,P102,M00140,2026-05-05
R04981,P285,P195,M00258,2026-05-05
R04982,P049,P251,M04066,2026-05-05
R04983,P221,P171,M04161,2026-05-05
R04984,P062,P250,M03533,2026-05-05
R04985,P108,P135,M04840,2026-05-05
R04986,P259,P125,M02089,2026-05-05
R04987,P287,P138,M04438,2026-05-05
R04988,P266,P256,M01529,2026-05-05
R04989,P104,P125,M03060,2026-05-05
R04990,P062,P067,M04364,2026-05-05
R04991,P274,P263,M00057,2026-05-05
R04992,P259,P089,M02469,2026-05-05
R04993,P189,P074,M02105,2026-05-05
R04994,P296,P117,M04230,2026-05-05
R04995,P298,P279,M00569,2026-05-05
R04996,P223,P203,M04990,2026-05-05
R04997,P275,P297,M00480,2026-05-05
R04998,P263,P081,M04729,2026-05-05
R04999,P270,P200,M03790,2026-05-05
R05000,P298,P098,M03593,2026-05-05
R05001,P288,P053,M03995,2026-05-05
R05002,P105,P069,M00037,2026-05-05
R05003,P276,P191,M01399,2026-05-05
R05004,P027,P052,M01992,2026-05-05
R05005,P137,P131,M02965,2026-05-05
R05006,P099,P087,M01612,2026-05-06
R05007,P258,P159,M02086,2026-05-06
R05008,P092,P134,M04566,2026-05-06
R05009,P250,P274,M02025,2026-05-06
R05010,P216,P200,M00159,2026-05-06
R05011,P213,P252,M03986,2026-05-06
R05012,P041,P200,M01141,2026-05-06
R05013,P128,P200,M03257,2026-05-06
R05014,P142,P162,M03909,2026-05-06
R05015,P142,P144,M04113,2026-05-06
R05016,P127,P016,M01686,2026-05-06
R05017,P127,P070,M00824,2026-05-06
R05018,P127,P070,M00989,2026-05-06
R05019,P062,P250,M01328,2026-05-06
R05020,P098,P279,M00827,2026-05-06
R05021,P098,P218,M03430,2026-05-06
R05022,P219,P093,M02452,2026-05-06
R05023,P174,P071,M00750,2026-05-06
R05024,P062,P250,M03387,2026-05-06
R05025,P055,P062,M03533,2026-05-06
R05026,P174,P100,M02479,2026-05-06
R05027,P081,P055,M01713,2026-05-06
R05028,P081,P055,M01636,2026-05-06
R05029,P081,P055,M00810,2026-05-06
R05030,P131,P029,M03458,2026-05-06
R05031,P081,P055,M03533,2026-05-06
R05032,P134,P102,M01034,2026-05-06
R05033,P287,P030,M04534,2026-05-06
R05034,P055,P062,M03050,2026-05-06
R05035,P291,P285,M01718,2026-05-06
R05036,P296,P149,M04675,2026-05-06
R05037,P293,P016,M04356,2026-05-06
R05038,P275,P207,M00366,2026-05-06
R05039,P134,P038,M01432,2026-05-06
R05040,P259,P050,M01127,2026-05-06
R05041,P259,P159,M02105,2026-05-06
R05042,P017,P086,M04737,2026-05-06
R05043,P133,P131,M02812,2026-05-06
R05044,P028,P026,M00650,2026-05-06
R05045,P136,P012,M02279,2026-05-06
R05046,P023,P020,M03636,2026-05-06
R05047,P024,P015,M04844,2026-05-06
R05048,P132,P077,M01535,2026-05-06
R05049,P008,P231,M04784,2026-05-06
R05050,P188,P237,M03819,2026-05-06
R05051,P136,P116,M02918,2026-05-06
R05052,P280,P209,M03719,2026-05-06
R05053,P134,P139,M04812,2026-05-06
R05054,P134,P177,M03731,2026-05-06
R05055,P270,P182,M01675,2026-05-06
R05056,P188,P215,M03466,2026-05-07
R05057,P155,P195,M03968,2026-05-07
R05058,P061,P182,M00006,2026-05-07
R05059,P273,P015,M01538,2026-05-07
R05060,P175,P139,M01743,2026-05-07
R05061,P137,P279,M03651,2026-05-07
R05062,P028,P026,M02694,2026-05-07
R05063,P176,P094,M02573,2026-05-07
R05064,P176,P195,M01434,2026-05-07
R05065,P024,P011,M01333,2026-05-07
R05066,P108,P119,M02522,2026-05-07
R05067,P108,P100,M01336,2026-05-07
R05068,P190,P218,M03207,2026-05-07
R05069,P222,P260,M03692,2026-05-07
R05070,P062,P250,M04162,2026-05-07
R05071,P132,P209,M03351,2026-05-07
R05072,P284,P009,M01876,2026-05-07
R05073,P189,P087,M03481,2026-05-07
R05074,P235,P191,M02645,2026-05-07
R05075,P080,P145,M02487,2026-05-07
R05076,P175,P042,M03535,2026-05-07
R05077,P134,P026,M00914,2026-05-07
R05078,P105,P027,M03997,2026-05-07
R05079,P008,P231,M03184,2026-05-07
R05080,P199,P149,M02078,2026-05-07
R05081,P274,P263,M01571,2026-05-07
R05082,P189,P087,M02315,2026-05-07
R05083,P259,P159,M01265,2026-05-07
R05084,P134,P027,M00701,2026-05-07
R05085,P269,P107,M00875,2026-05-07
R05086,P023,P130,M00195,2026-05-07
R05087,P027,P052,M03728,2026-05-07
R05088,P081,P055,M03319,2026-05-07
R05089,P261,P171,M00487,2026-05-07
R05090,P142,P162,M03707,2026-05-07
R05091,P219,P093,M01223,2026-05-07
R05092,P187,P004,M00364,2026-05-07
R05093,P175,P096,M00995,2026-05-08
R05094,P142,P144,M03599,2026-05-08
R05095,P111,P002,M01838,2026-05-08
R05096,P226,P043,M02505,2026-05-08
R05097,P270,P272,M01679,2026-05-08
R05098,P115,P227,M03193,2026-05-08
R05099,P027,P096,M04900,2026-05-08
R05100,P105,P122,M00658,2026-05-08
R05101,P224,P177,M02750,2026-05-08
R05102,P081,P055,M02135,2026-05-08
R05103,P273,P015,M04103,2026-05-08
R05104,P274,P263,M00810,2026-05-08
R05105,P137,P131,M00895,2026-05-08
R05106,P273,P015,M04437,2026-05-08
R05107,P023,P290,M01592,2026-05-08
R05108,P265,P290,M00728,2026-05-08
R05109,P254,P167,M03657,2026-05-08
R05110,P090,P256,M03392,2026-05-08
R05111,P101,P292,M00183,2026-05-08
R05112,P259,P125,M02506,2026-05-08
R05113,P277,P256,M02284,2026-05-08
R05114,P258,P171,M04863,2026-05-08
R05115,P017,P086,M02790,2026-05-08
R05116,P003,P139,M02857,2026-05-08
R05117,P081,P055,M01440,2026-05-08
R05118,P250,P274,M04897,2026-05-08
R05119,P285,P251,M00103,2026-05-08
R05120,P178,P207,M02900,2026-05-08
R05121,P062,P250,M02023,2026-05-08
R05122,P288,P072,M02128,2026-05-08
R05123,P018,P117,M04434,2026-05-08
R05124,P276,P050,M02305,2026-05-08
R05125,P003,P069,M01833,2026-05-08
R05126,P274,P263,M01713,2026-05-08
R05127,P263,P081,M04729,2026-05-08
R05128,P235,P278,M00080,2026-05-08
R05129,P155,P285,M03230,2026-05-08
R05130,P240,P210,M01625,2026-05-08
R05131,P240,P072,M01824,2026-05-08
R05132,P235,P191,M04612,2026-05-08
R05133,P282,P097,M02647,2026-05-08
R05134,P299,P093,M02355,2026-05-08
R05135,P055,P062,M01752,2026-05-08
R05136,P062,P250,M04632,2026-05-08
R05137,P131,P022,M03430,2026-05-08
R05138,P275,P297,M04285,2026-05-08
R05139,P258,P292,M03539,2026-05-08
R05140,P045,P234,M03884,2026-05-11
R05141,P134,P027,M00811,2026-05-11
R05142,P283,P011,M01979,2026-05-11
R05143,P204,P160,M04252,2026-05-11
R05144,P175,P096,M03248,2026-05-11
R05145,P055,P062,M00810,2026-05-11
R05146,P099,P198,M01918,2026-05-11
R05147,P062,P250,M03387,2026-05-11
R05148,P241,P198,M03020,2026-05-11
R05149,P241,P198,M00461,2026-05-11
R05150,P276,P191,M00880,2026-05-11
R05151,P104,P256,M04801,2026-05-11
R05152,P275,P185,M02195,2026-05-11
R05153,P263,P081,M01429,2026-05-11
R05154,P101,P292,M02686,2026-05-11
R05155,P041,P119,M03625,2026-05-11
R05156,P131,P290,M04944,2026-05-11
R05157,P235,P225,M00371,2026-05-11
R05158,P284,P070,M02181,2026-05-11
R05159,P214,P141,M00007,2026-05-11
R05160,P214,P095,M01488,2026-05-11
R05161,P266,P011,M04875,2026-05-11
R05162,P263,P081,M04129,2026-05-11
R05163,P115,P167,M00179,2026-05-11
R05164,P274,P263,M03387,2026-05-11
R05165,P108,P100,M00136,2026-05-11
R05166,P013,P094,M02499,2026-05-11
R05167,P028,P224,M04331,2026-05-11
R05168,P127,P016,M00824,2026-05-11
R05169,P081,P055,M00181,2026-05-11
R05170,P131,P022,M02671,2026-05-11
R05171,P140,P260,M01660,2026-05-11
R05172,P093,P286,M03234,2026-05-11
R05173,P247,P251,M00259,2026-05-11
R05174,P164,P209,M03339,2026-05-11
R05175,P294,P173,M04476,2026-05-12
R05176,P035,P256,M01768,2026-05-12
R05177,P250,P274,M04897,2026-05-12
R05178,P134,P026,M03834,2026-05-12
R05179,P134,P102,M00138,2026-05-12
R05180,P263,P081,M01542,2026-05-12
R05181,P111,P049,M01283,2026-05-12
R05182,P258,P011,M01438,2026-05-12
R05183,P263,P081,M00057,2026-05-12
R05184,P254,P227,M04263,2026-05-12
R05185,P099,P191,M02298,2026-05-12
R05186,P254,P167,M00445,2026-05-12
R05187,P259,P050,M03953,2026-05-12
R05188,P136,P116,M00048,2026-05-12
R05189,P037,P122,M00135,2026-05-12
R05190,P146,P203,M04489,2026-05-12
R05191,P291,P157,M04771,2026-05-12
R05192,P263,P081,M02692,2026-05-12
R05193,P120,P098,M04026,2026-05-12
R05194,P031,P046,M04800,2026-05-12
R05195,P133,P238,M03022,2026-05-12
R05196,P013,P094,M04563,2026-05-12
R05197,P189,P087,M04697,2026-05-12
R05198,P263,P081,M04991,2026-05-12
R05199,P240,P085,M01709,2026-05-12
R05200,P081,P055,M04159,2026-05-12
R05201,P006,P144,M02066,2026-05-12
R05202,P124,P078,M01410,2026-05-12
R05203,P296,P231,M03007,2026-05-12
R05204,P247,P145,M03227,2026-05-12
R05205,P137,P297,M03882,2026-05-12
R05206,P113,P021,M02741,2026-05-12
R05207,P098,P110,M00911,2026-05-12
R05208,P274,P263,M00181,2026-05-12
R05209,P175,P026,M04143,2026-05-12
R05210,P269,P057,M04842,2026-05-12
R05211,P270,P182,M00375,2026-05-12
R05212,P241,P074,M02506,2026-05-12
R05213,P263,P081,M03758,2026-05-12
R05214,P055,P062,M03319,2026-05-12
R05215,P188,P112,M03241,2026-05-12
R05216,P092,P021,M02023,2026-05-13
R05217,P178,P110,M03738,2026-05-13
R05218,P006,P082,M02066,2026-05-13
R05219,P081,P055,M01636,2026-05-13
R05220,P170,P012,M00075,2026-05-13
R05221,P263,P081,M01571,2026-05-13
R05222,P274,P263,M04632,2026-05-13
R05223,P081,P055,M01429,2026-05-13
R05224,P212,P217,M00966,2026-05-13
R05225,P099,P087,M00681,2026-05-13
R05226,P134,P139,M02647,2026-05-13
R05227,P081,P055,M03576,2026-05-13
R05228,P150,P049,M00303,2026-05-13
R05229,P259,P089,M02778,2026-05-13
R05230,P051,P263,M01288,2026-05-13
R05231,P080,P002,M02048,2026-05-13
R05232,P079,P083,M00229,2026-05-13
R05233,P164,P182,M02589,2026-05-13
R05234,P250,P274,M01759,2026-05-13
R05235,P081,P055,M01878,2026-05-13
R05236,P274,P263,M03319,2026-05-13
R05237,P295,P048,M00812,2026-05-13
R05238,P276,P057,M00834,2026-05-13
R05239,P108,P119,M01274,2026-05-13
R05240,P268,P046,M03090,2026-05-13
R05241,P269,P107,M01855,2026-05-13
R05242,P108,P135,M01008,2026-05-13
R05243,P137,P279,M01766,2026-05-13
R05244,P040,P074,M01021,2026-05-13
R05245,P098,P207,M03167,2026-05-13
R05246,P180,P107,M04110,2026-05-13
R05247,P255,P234,M01144,2026-05-13
R05248,P129,P271,M01886,2026-05-13
R05249,P275,P185,M01444,2026-05-13
R05250,P275,P185,M03913,2026-05-13
R05251,P104,P125,M03320,2026-05-13
R05252,P027,P052,M00180,2026-05-13
R05253,P027,P052,M04500,2026-05-13
R05254,P061,P033,M04899,2026-05-13
R05255,P027,P086,M02867,2026-05-13
R05256,P003,P102,M01184,2026-05-13
R05257,P189,P171,M00059,2026-05-13
R05258,P223,P136,M02162,2026-05-14
R05259,P014,P161,M00207,2026-05-14
R05260,P164,P119,M04588,2026-05-14
R05261,P054,P184,M01415,2026-05-14
R05262,P164,P209,M03772,2026-05-14
R05263,P288,P230,M02230,2026-05-14
R05264,P226,P043,M01205,2026-05-14
R05265,P079,P083,M00872,2026-05-14
R05266,P250,P274,M04898,2026-05-14
R05267,P008,P231,M03344,2026-05-14
R05268,P224,P067,M02901,2026-05-14
R05269,P263,P081,M03623,2026-05-14
R05270,P250,P274,M03248,2026-05-14
R05271,P014,P232,M01577,2026-05-14
R05272,P287,P225,M03496,2026-05-14
R05273,P263,P081,M02075,2026-05-14
R05274,P055,P173,M00771,2026-05-14
R05275,P226,P043,M02064,2026-05-14
R05276,P058,P184,M03421,2026-05-14
R05277,P061,P135,M01566,2026-05-14
R05278,P174,P047,M03635,2026-05-14
R05279,P142,P162,M04349,2026-05-14
R05280,P073,P074,M00541,2026-05-14
R05281,P055,P062,M02023,2026-05-14
R05282,P112,P201,M00965,2026-05-14
R05283,P274,P263,M01099,2026-05-14
R05284,P108,P119,M02966,2026-05-14
R05285,P239,P246,M03564,2026-05-14
R05286,P274,P263,M01099,2026-05-14
R05287,P187,P004,M03068,2026-05-14
R05288,P208,P292,M01754,2026-05-14
R05289,P148,P071,M04091,2026-05-14
R05290,P193,P100,M00579,2026-05-14
R05291,P045,P071,M03142,2026-05-14
R05292,P298,P022,M04677,2026-05-14
R05293,P258,P087,M00391,2026-05-14
R05294,P258,P198,M00600,2026-05-14
R05295,P258,P126,M00236,2026-05-14
R05296,P150,P195,M02577,2026-05-14
R05297,P131,P029,M00173,2026-05-14
R05298,P131,P218,M04603,2026-05-14
R05299,P214,P252,M01692,2026-05-15
R05300,P137,P131,M04889,2026-05-15
R05301,P235,P225,M02064,2026-05-15
R05302,P258,P171,M03711,2026-05-15
R05303,P300,P116,M03831,2026-05-15
R05304,P075,P233,M02380,2026-05-15
R05305,P268,P050,M04961,2026-05-15
R05306,P035,P171,M00804,2026-05-15
R05307,P248,P202,M02258,2026-05-15
R05308,P265,P290,M03482,2026-05-15
R05309,P003,P263,M04407,2026-05-15
R05310,P222,P256,M02210,2026-05-15
R05311,P254,P033,M00091,2026-05-15
R05312,P120,P279,M04956,2026-05-15
R05313,P093,P122,M02178,2026-05-15
R05314,P133,P238,M00569,2026-05-15
R05315,P081,P055,M00057,2026-05-15
R05316,P274,P263,M02078,2026-05-15
R05317,P008,P149,M03385,2026-05-15
R05318,P257,P173,M04947,2026-05-15
R05319,P261,P180,M02155,2026-05-15
R05320,P263,P081,M02118,2026-05-15
R05321,P288,P072,M01641,2026-05-15
R05322,P250,P274,M01429,2026-05-15
R05323,P176,P145,M04758,2026-05-15
R05324,P235,P268,M02469,2026-05-15
R05325,P062,P250,M01542,2026-05-15
R05326,P276,P191,M04534,2026-05-15
R05327,P226,P046,M00633,2026-05-15
R05328,P250,P274,M01759,2026-05-15
R05329,P240,P151,M01586,2026-05-15
R05330,P152,P262,M01137,2026-05-15
R05331,P062,P250,M04593,2026-05-15
R05332,P050,P256,M00052,2026-05-15
R05333,P240,P085,M02666,2026-05-15
R05334,P240,P085,M04808,2026-05-15
R05335,P286,P263,M02350,2026-05-18
R05336,P045,P200,M00451,2026-05-18
R05337,P286,P263,M01005,2026-05-18
R05338,P229,P244,M03650,2026-05-18
R05339,P055,P062,M01099,2026-05-18
R05340,P250,P274,M04051,2026-05-18
R05341,P066,P191,M02058,2026-05-18
R05342,P028,P224,M01139,2026-05-18
R05343,P058,P103,M03264,2026-05-18
R05344,P108,P119,M04000,2026-05-18
R05345,P017,P252,M01412,2026-05-18
R05346,P120,P110,M02900,2026-05-18
R05347,P177,P242,M03031,2026-05-18
R05348,P017,P086,M01168,2026-05-18
R05349,P164,P209,M03297,2026-05-18
R05350,P055,P062,M03497,2026-05-18
R05351,P127,P070,M00474,2026-05-18
R05352,P131,P279,M04448,2026-05-18
R05353,P081,P055,M03319,2026-05-18
R05354,P062,P250,M00463,2026-05-18
R05355,P219,P055,M02885,2026-05-18
R05356,P263,P081,M03533,2026-05-18
R05357,P062,P250,M00262,2026-05-18
R05358,P055,P062,M01636,2026-05-18
R05359,P275,P297,M00431,2026-05-18
R05360,P219,P055,M02151,2026-05-18
R05361,P106,P086,M04851,2026-05-18
R05362,P001,P026,M01105,2026-05-18
R05363,P226,P107,M01450,2026-05-18
R05364,P143,P136,M03095,2026-05-18
R05365,P282,P088,M03931,2026-05-18
R05366,P273,P099,M01425,2026-05-18
R05367,P258,P011,M01286,2026-05-18
R05368,P235,P278,M02093,2026-05-18
R05369,P114,P099,M00288,2026-05-18
R05370,P059,P251,M03877,2026-05-18
R05371,P113,P086,M02834,2026-05-18
R05372,P113,P242,M02523,2026-05-18
R05373,P258,P126,M02020,2026-05-18
R05374,P134,P026,M03348,2026-05-18
R05375,P081,P055,M01328,2026-05-19
R05376,P294,P177,M00751,2026-05-19
R05377,P098,P029,M01706,2026-05-19
R05378,P136,P118,M03886,2026-05-19
R05379,P235,P225,M04438,2026-05-19
R05380,P062,P274,M02757,2026-05-19
R05381,P066,P125,M01655,2026-05-19
R05382,P143,P012,M03743,2026-05-19
R05383,P283,P015,M02985,2026-05-19
R05384,P050,P256,M00288,2026-05-19
R05385,P255,P234,M02042,2026-05-19
R05386,P263,P081,M01710,2026-05-19
R05387,P146,P244,M02560,2026-05-19
R05388,P296,P063,M00009,2026-05-19
R05389,P079,P255,M04667,2026-05-19
R05390,P065,P185,M03593,2026-05-19
R05391,P093,P122,M01710,2026-05-19
R05392,P044,P233,M00654,2026-05-19
R05393,P264,P233,M00351,2026-05-19
R05394,P190,P185,M02168,2026-05-19
R05395,P058,P184,M02794,2026-05-19
R05396,P134,P139,M00855,2026-05-19
R05397,P263,P081,M03319,2026-05-19
R05398,P080,P145,M01188,2026-05-19
R05399,P284,P271,M00698,2026-05-19
R05400,P119,P234,M01679,2026-05-20
R05401,P045,P234,M02241,2026-05-20
R05402,P045,P234,M02313,2026-05-20
R05403,P240,P072,M00036,2026-05-20
R05404,P134,P102,M03344,2026-05-20
R05405,P129,P070,M00215,2026-05-20
R05406,P245,P004,M01015,2026-05-20
R05407,P041,P119,M00799,2026-05-20
R05408,P155,P251,M01744,2026-05-20
R05409,P224,P177,M04624,2026-05-20
R05410,P062,P250,M03387,2026-05-20
R05411,P161,P211,M04107,2026-05-20
R05412,P137,P131,M00265,2026-05-20
R05413,P284,P070,M02067,2026-05-20
R05414,P111,P002,M02963,2026-05-20
R05415,P134,P026,M01038,2026-05-20
R05416,P274,P263,M01710,2026-05-20
R05417,P240,P151,M02026,2026-05-20
R05418,P263,P081,M02991,2026-05-20
R05419,P255,P083,M04170,2026-05-20
R05420,P239,P246,M01764,2026-05-20
R05421,P010,P057,M00348,2026-05-20
R05422,P234,P119,M04139,2026-05-20
R05423,P081,P055,M00262,2026-05-20
R05424,P081,P055,M02692,2026-05-20
R05425,P136,P232,M00730,2026-05-20
R05426,P031,P043,M00030,2026-05-20
R05427,P222,P138,M00752,2026-05-20
R05428,P040,P011,M00288,2026-05-20
R05429,P274,P263,M03623,2026-05-20
R05430,P055,P062,M00810,2026-05-20
R05431,P090,P057,M03395,2026-05-20
R05432,P055,P062,M01659,2026-05-20
R05433,P091,P285,M02941,2026-05-20
R05434,P250,P274,M01752,2026-05-20
R05435,P250,P274,M02173,2026-05-20
R05436,P250,P274,M03356,2026-05-20
R05437,P127,P016,M02101,2026-05-20
R05438,P055,P062,M03270,2026-05-20
R05439,P040,P057,M04523,2026-05-21
R05440,P061,P135,M03397,2026-05-21
R05441,P081,P055,M03533,2026-05-21
R05442,P146,P118,M02939,2026-05-21
R05443,P081,P055,M01752,2026-05-21
R05444,P079,P083,M02034,2026-05-21
R05445,P248,P002,M00620,2026-05-21
R05446,P062,P250,M00228,2026-05-21
R05447,P136,P211,M02369,2026-05-21
R05448,P136,P232,M00432,2026-05-21
R05449,P176,P145,M00176,2026-05-21
R05450,P250,P274,M04330,2026-05-21
R05451,P128,P209,M00089,2026-05-21
R05452,P006,P162,M00965,2026-05-21
R05453,P219,P093,M01917,2026-05-21
R05454,P204,P262,M04251,2026-05-21
R05455,P120,P279,M04479,2026-05-21
R05456,P284,P271,M01557,2026-05-21
R05457,P268,P030,M01338,2026-05-21
R05458,P284,P053,M00573,2026-05-21
R05459,P012,P232,M04962,2026-05-21
R05460,P059,P049,M00450,2026-05-21
R05461,P175,P096,M00852,2026-05-21
R05462,P175,P096,M01781,2026-05-21
R05463,P115,P227,M02822,2026-05-21
R05464,P250,P274,M03576,2026-05-21
R05465,P055,P062,M03270,2026-05-21
R05466,P075,P094,M00214,2026-05-21
R05467,P014,P118,M03095,2026-05-21
R05468,P288,P009,M01954,2026-05-21
R05469,P049,P251,M00160,2026-05-21
R05470,P219,P093,M04120,2026-05-21
R05471,P300,P211,M01316,2026-05-21
R05472,P228,P099,M00236,2026-05-21
R05473,P289,P043,M01979,2026-05-21
R05474,P025,P038,M01233,2026-05-21
R05475,P062,P250,M00810,2026-05-21
R05476,P148,P209,M04486,2026-05-21
R05477,P155,P233,M00032,2026-05-21
R05478,P131,P290,M01986,2026-05-21
R05479,P134,P026,M03026,2026-05-21
R05480,P131,P110,M02103,2026-05-21
R05481,P258,P159,M00202,2026-05-22
R05482,P131,P022,M01750,2026-05-22
R05483,P226,P046,M04013,2026-05-22
R05484,P172,P098,M03081,2026-05-22
R05485,P041,P119,M01221,2026-05-22
R05486,P172,P279,M02600,2026-05-22
R05487,P031,P057,M03493,2026-05-22
R05488,P274,P263,M01710,2026-05-22
R05489,P146,P118,M03095,2026-05-22
R05490,P169,P255,M04997,2026-05-22
R05491,P136,P161,M01939,2026-05-22
R05492,P136,P118,M04865,2026-05-22
R05493,P136,P118,M00023,2026-05-22
R05494,P001,P149,M01207,2026-05-22
R05495,P274,P263,M03041,2026-05-22
R05496,P006,P237,M04251,2026-05-22
R05497,P106,P026,M03881,2026-05-22
R05498,P134,P177,M00226,2026-05-22
R05499,P147,P123,M01569,2026-05-22
R05500,P131,P279,M01311,2026-05-22
R05501,P253,P171,M00699,2026-05-22
R05502,P236,P009,M04174,2026-05-22
R05503,P265,P098,M04562,2026-05-22
R05504,P239,P246,M03564,2026-05-22
R05505,P062,P250,M02692,2026-05-22
R05506,P263,P081,M04632,2026-05-22
R05507,P054,P049,M01415,2026-05-22
R05508,P111,P267,M00648,2026-05-22
R05509,P175,P096,M03839,2026-05-22
R05510,P134,P139,M02203,2026-05-22
R05511,P208,P198,M00030,2026-05-22
R05512,P065,P098,M04118,2026-05-22
R05513,P250,P242,M01728,2026-05-22
R05514,P174,P047,M00743,2026-05-22
R05515,P120,P098,M00807,2026-05-22
R05516,P018,P197,M01642,2026-05-22
R05517,P075,P195,M02165,2026-05-25
R05518,P265,P238,M03180,2026-05-25
R05519,P150,P251,M02344,2026-05-25
R05520,P134,P027,M02528,2026-05-25
R05521,P099,P198,M00681,2026-05-25
R05522,P055,P062,M00057,2026-05-25
R05523,P142,P162,M00694,2026-05-25
R05524,P055,P062,M04898,2026-05-25
R05525,P108,P119,M04971,2026-05-25
R05526,P134,P102,M03348,2026-05-25
R05527,P161,P136,M04436,2026-05-25
R05528,P265,P131,M03646,2026-05-25
R05529,P298,P098,M04318,2026-05-25
R05530,P152,P201,M04113,2026-05-25
R05531,P291,P157,M01106,2026-05-25
R05532,P287,P089,M04830,2026-05-25
R05533,P003,P038,M02159,2026-05-25
R05534,P137,P279,M00638,2026-05-25
R05535,P274,P263,M01926,2026-05-25
R05536,P108,P119,M03397,2026-05-25
R05537,P204,P262,M04252,2026-05-25
R05538,P055,P062,M01099,2026-05-25
R05539,P199,P123,M02528,2026-05-25
R05540,P263,P081,M02896,2026-05-25
R05541,P054,P157,M01406,2026-05-25
R05542,P224,P067,M00297,2026-05-25
R05543,P127,P070,M03680,2026-05-25
R05544,P119,P209,M01915,2026-05-25
R05545,P164,P227,M00136,2026-05-25
R05546,P027,P052,M03785,2026-05-25
R05547,P054,P184,M01415,2026-05-25
R05548,P136,P232,M01685,2026-05-25
R05549,P055,P062,M00163,2026-05-25
R05550,P062,P250,M00262,2026-05-25
R05551,P274,P263,M02135,2026-05-25
R05552,P131,P029,M00374,2026-05-25
R05553,P061,P182,M01915,2026-05-25
R05554,P062,P250,M01710,2026-05-25
R05555,P257,P038,M00915,2026-05-25
R05556,P062,P250,M03623,2026-05-25
R05557,P241,P064,M00498,2026-05-26
R05558,P136,P012,M04846,2026-05-26
R05559,P263,P081,M01659,2026-05-26
R05560,P261,P125,M04219,2026-05-26
R05561,P236,P085,M03848,2026-05-26
R05562,P175,P076,M04464,2026-05-26
R05563,P111,P233,M03264,2026-05-26
R05564,P081,P055,M03050,2026-05-26
R05565,P268,P046,M04492,2026-05-26
R05566,P239,P078,M03562,2026-05-26
R05567,P250,P274,M02446,2026-05-26
R05568,P277,P104,M04506,2026-05-26
R05569,P276,P050,M02724,2026-05-26
R05570,P259,P159,M01079,2026-05-26
R05571,P081,P055,M01328,2026-05-26
R05572,P062,P250,M02885,2026-05-26
R05573,P061,P033,M00142,2026-05-26
R05574,P274,P263,M03319,2026-05-26
R05575,P296,P231,M03240,2026-05-26
R05576,P096,P166,M00192,2026-05-26
R05577,P131,P290,M04268,2026-05-26
R05578,P131,P029,M04268,2026-05-26
R05579,P092,P021,M01757,2026-05-26
R05580,P150,P251,M03546,2026-05-26
R05581,P032,P237,M00643,2026-05-26
R05582,P055,P173,M00105,2026-05-26
R05583,P018,P038,M04207,2026-05-26
R05584,P274,P263,M01759,2026-05-26
R05585,P300,P161,M00075,2026-05-26
R05586,P235,P159,M02093,2026-05-26
R05587,P240,P085,M03453,2026-05-26
R05588,P263,P081,M02135,2026-05-26
R05589,P075,P285,M02165,2026-05-26
R05590,P240,P085,M01523,2026-05-26
R05591,P224,P042,M00736,2026-05-26
R05592,P263,P081,M03387,2026-05-26
R05593,P226,P043,M02575,2026-05-26
R05594,P137,P131,M00330,2026-05-26
R05595,P127,P070,M00573,2026-05-26
R05596,P059,P049,M00901,2026-05-27
R05597,P214,P252,M03611,2026-05-27
R05598,P081,P055,M01328,2026-05-27
R05599,P270,P100,M00662,2026-05-27
R05600,P250,P274,M03041,2026-05-27
R05601,P287,P138,M04801,2026-05-27
R05602,P127,P070,M00430,2026-05-27
R05603,P091,P285,M04709,2026-05-27
R05604,P134,P027,M03933,2026-05-27
R05605,P127,P009,M01827,2026-05-27
R05606,P079,P083,M03076,2026-05-27
R05607,P165,P049,M02739,2026-05-27
R05608,P025,P038,M02619,2026-05-27
R05609,P101,P292,M04103,2026-05-27
R05610,P219,P166,M02083,2026-05-27
R05611,P253,P191,M01799,2026-05-27
R05612,P044,P233,M04029,2026-05-27
R05613,P136,P232,M04575,2026-05-27
R05614,P040,P198,M04790,2026-05-27
R05615,P174,P047,M01066,2026-05-27
R05616,P274,P263,M01857,2026-05-27
R05617,P169,P119,M00748,2026-05-27
R05618,P158,P195,M03800,2026-05-27
R05619,P128,P167,M00295,2026-05-27
R05620,P133,P238,M03045,2026-05-27
R05621,P269,P078,M02086,2026-05-27
R05622,P062,P250,M03270,2026-05-27
R05623,P039,P082,M00362,2026-05-27
R05624,P291,P157,M00908,2026-05-27
R05625,P221,P104,M02985,2026-05-27
R05626,P274,P263,M02075,2026-05-27
R05627,P263,P081,M00228,2026-05-27
R05628,P178,P185,M00480,2026-05-27
R05629,P133,P238,M02316,2026-05-27
R05630,P288,P009,M00619,2026-05-27
R05631,P240,P151,M00829,2026-05-27
R05632,P250,P274,M00465,2026-05-28
R05633,P018,P038,M02178,2026-05-28
R05634,P189,P171,M00498,2026-05-28
R05635,P017,P069,M04789,2026-05-28
R05636,P104,P099,M02658,2026-05-28
R05637,P062,P250,M03356,2026-05-28
R05638,P066,P125,M04827,2026-05-28
R05639,P258,P292,M01785,2026-05-28
R05640,P226,P043,M04860,2026-05-28
R05641,P014,P232,M03760,2026-05-28
R05642,P270,P272,M02251,2026-05-28
R05643,P060,P166,M02741,2026-05-28
R05644,P035,P256,M03852,2026-05-28
R05645,P146,P012,M00156,2026-05-28
R05646,P050,P217,M01063,2026-05-28
R05647,P143,P136,M00488,2026-05-28
R05648,P134,P102,M03814,2026-05-28
R05649,P178,P218,M01430,2026-05-28
R05650,P013,P267,M04563,2026-05-28
R05651,P055,P008,M02865,2026-05-28
R05652,P274,P263,M00181,2026-05-28
R05653,P275,P185,M00265,2026-05-28
R05654,P248,P233,M00908,2026-05-28
R05655,P140,P198,M04134,2026-05-28
R05656,P263,P081,M01759,2026-05-28
R05657,P219,P166,M00715,2026-05-28
R05658,P163,P209,M04730,2026-05-28
R05659,P286,P042,M03856,2026-05-28
R05660,P055,P062,M02692,2026-05-28
R05661,P137,P297,M04603,2026-05-28
R05662,P003,P231,M03838,2026-05-28
R05663,P032,P262,M02863,2026-05-28
R05664,P289,P256,M01808,2026-05-28
R05665,P287,P138,M02838,2026-05-28
R05666,P142,P162,M00337,2026-05-28
R05667,P081,P055,M04487,2026-05-28
R05668,P259,P159,M03190,2026-05-28
R05669,P270,P272,M04082,2026-05-28
R05670,P274,P263,M03044,2026-05-28
R05671,P137,P279,M02772,2026-05-28
R05672,P055,P245,M00049,2026-05-28
R05673,P075,P145,M00339,2026-05-29
R05674,P188,P112,M00337,2026-05-29
R05675,P269,P260,M01231,2026-05-29
R05676,P119,P255,M02435,2026-05-29
R05677,P134,P139,M03091,2026-05-29
R05678,P134,P038,M03072,2026-05-29
R05679,P062,P250,M01571,2026-05-29
R05680,P219,P069,M04264,2026-05-29
R05681,P219,P093,M01513,2026-05-29
R05682,P250,P274,M01995,2026-05-29
R05683,P131,P110,M04592,2026-05-29
R05684,P131,P218,M01987,2026-05-29
R05685,P101,P225,M00236,2026-05-29
R05686,P024,P050,M04665,2026-05-29
R05687,P165,P251,M00020,2026-05-29
R05688,P249,P043,M00699,2026-05-29
R05689,P250,P274,M03664,2026-05-29
R05690,P134,P139,M03853,2026-05-29
R05691,P136,P232,M00207,2026-05-29
R05692,P222,P138,M02100,2026-05-29
R05693,P013,P080,M02624,2026-05-29
R05694,P039,P206,M00360,2026-05-29
R05695,P299,P069,M03710,2026-05-29
R05696,P028,P274,M03009,2026-05-29
R05697,P250,P109,M00412,2026-05-29
R05698,P161,P232,M04990,2026-05-29
R05699,P265,P065,M03464,2026-05-29
R05700,P241,P198,M02625,2026-05-29
R05701,P243,P260,M01016,2026-05-29
R05702,P299,P068,M02523,2026-05-29
R05703,P284,P230,M02303,2026-05-29
R05704,P276,P057,M01585,2026-05-29
R05705,P276,P050,M02909,2026-06-01
R05706,P091,P251,M00466,2026-06-01
R05707,P133,P131,M04956,2026-06-01
R05708,P222,P260,M02100,2026-06-01
R05709,P146,P161,M02282,2026-06-01
R05710,P134,P102,M00650,2026-06-01
R05711,P096,P166,M02938,2026-06-01
R05712,P224,P042,M00412,2026-06-01
R05713,P062,P250,M02173,2026-06-01
R05714,P081,P055,M04991,2026-06-01
R05715,P161,P244,M00164,2026-06-01
R05716,P134,P177,M03535,2026-06-01
R05717,P017,P069,M00491,2026-06-01
R05718,P058,P202,M02977,2026-06-01
R05719,P127,P070,M03841,2026-06-01
R05720,P066,P125,M01438,2026-06-01
R05721,P289,P256,M03674,2026-06-01
R05722,P276,P191,M02742,2026-06-01
R05723,P216,P200,M01999,2026-06-01
R05724,P240,P210,M00294,2026-06-01
R05725,P245,P004,M03918,2026-06-01
R05726,P111,P103,M04587,2026-06-01
R05727,P127,P070,M03053,2026-06-01
R05728,P136,P244,M01653,2026-06-01
R05729,P143,P136,M00488,2026-06-01
R05730,P245,P021,M01899,2026-06-01
R05731,P229,P232,M00874,2026-06-01
R05732,P120,P098,M04318,2026-06-01
R05733,P204,P262,M04058,2026-06-01
R05734,P115,P227,M04494,2026-06-01
R05735,P296,P117,M00587,2026-06-01
R05736,P234,P135,M04323,2026-06-01
R05737,P253,P171,M04073,2026-06-01
R05738,P043,P138,M01446,2026-06-01
R05739,P013,P080,M04137,2026-06-01
R05740,P172,P297,M03752,2026-06-01
R05741,P146,P118,M01344,2026-06-02
R05742,P296,P081,M04595,2026-06-02
R05743,P120,P098,M04084,2026-06-02
R05744,P263,P081,M03497,2026-06-02
R05745,P136,P161,M00488,2026-06-02
R05746,P263,P081,M04159,2026-06-02
R05747,P049,P267,M00074,2026-06-02
R05748,P258,P159,M00005,2026-06-02
R05749,P062,P250,M04898,2026-06-02
R05750,P151,P016,M01894,2026-06-02
R05751,P177,P242,M04929,2026-06-02
R05752,P131,P029,M00869,2026-06-02
R05753,P062,P250,M04632,2026-06-02
R05754,P169,P255,M00229,2026-06-02
R05755,P222,P260,M00005,2026-06-02
R05756,P263,P081,M01713,2026-06-02
R05757,P142,P082,M01278,2026-06-02
R05758,P127,P016,M00740,2026-06-02
R05759,P003,P069,M03989,2026-06-02
R05760,P204,P160,M04703,2026-06-02
R05761,P081,P055,M02023,2026-06-02
R05762,P175,P042,M02497,2026-06-02
R05763,P293,P007,M04761,2026-06-02
R05764,P235,P278,M04245,2026-06-02
R05765,P259,P050,M01614,2026-06-02
R05766,P013,P267,M02037,2026-06-02
R05767,P208,P292,M01231,2026-06-02
R05768,P081,P055,M01440,2026-06-02
R05769,P193,P200,M02153,2026-06-02
R05770,P150,P251,M02487,2026-06-02
R05771,P096,P095,M01689,2026-06-02
R05772,P028,P026,M04190,2026-06-02
R05773,P249,P180,M01438,2026-06-02
R05774,P018,P038,M03878,2026-06-03
R05775,P055,P062,M03387,2026-06-03
R05776,P036,P007,M01686,2026-06-03
R05777,P142,P082,M04169,2026-06-03
R05778,P025,P021,M03181,2026-06-03
R05779,P250,P274,M04898,2026-06-03
R05780,P136,P118,M00730,2026-06-03
R05781,P055,P062,M04159,2026-06-03
R05782,P066,P064,M03592,2026-06-03
R05783,P055,P062,M02135,2026-06-03
R05784,P045,P200,M00117,2026-06-03
R05785,P030,P256,M00744,2026-06-03
R05786,P062,P250,M01713,2026-06-03
R05787,P055,P062,M03356,2026-06-03
R05788,P096,P166,M00598,2026-06-03
R05789,P240,P009,M02666,2026-06-03
R05790,P137,P207,M01882,2026-06-03
R05791,P133,P205,M02964,2026-06-03
R05792,P081,P055,M01659,2026-06-03
R05793,P250,P274,M00228,2026-06-03
R05794,P176,P195,M03889,2026-06-03
R05795,P134,P038,M01950,2026-06-03
R05796,P275,P297,M02362,2026-06-03
R05797,P142,P082,M03466,2026-06-03
R05798,P191,P078,M02833,2026-06-03
R05799,P191,P078,M00557,2026-06-03
R05800,P044,P145,M01466,2026-06-03
R05801,P177,P242,M03594,2026-06-03
R05802,P226,P107,M03023,2026-06-03
R05803,P273,P099,M04103,2026-06-03
R05804,P035,P171,M00013,2026-06-03
R05805,P031,P030,M02064,2026-06-03
R05806,P055,P062,M03050,2026-06-03
R05807,P060,P106,M00192,2026-06-03
R05808,P062,P250,M00181,2026-06-03
R05809,P277,P104,M04640,2026-06-04
R05810,P101,P225,M04387,2026-06-04
R05811,P274,P263,M02118,2026-06-04
R05812,P274,P263,M00463,2026-06-04
R05813,P134,P027,M04594,2026-06-04
R05814,P250,P274,M04487,2026-06-04
R05815,P236,P210,M03879,2026-06-04
R05816,P208,P256,M04238,2026-06-04
R05817,P062,P250,M02078,2026-06-04
R05818,P001,P286,M03804,2026-06-04
R05819,P213,P252,M01358,2026-06-04
R05820,P250,P274,M04897,2026-06-04
R05821,P263,P081,M02075,2026-06-04
R05822,P263,P081,M02885,2026-06-04
R05823,P172,P297,M03153,2026-06-04
R05824,P263,P081,M03664,2026-06-04
R05825,P250,P095,M04561,2026-06-04
R05826,P265,P098,M04074,2026-06-04
R05827,P118,P116,M01426,2026-06-04
R05828,P118,P211,M02886,2026-06-04
R05829,P222,P138,M02443,2026-06-04
R05830,P111,P267,M00648,2026-06-04
R05831,P284,P154,M02627,2026-06-04
R05832,P291,P285,M01383,2026-06-04
R05833,P133,P131,M03168,2026-06-04
R05834,P133,P238,M03795,2026-06-04
R05835,P084,P100,M04509,2026-06-04
R05836,P221,P104,M04206,2026-06-04
R05837,P137,P279,M02708,2026-06-04
R05838,P190,P218,M03975,2026-06-04
R05839,P257,P173,M01353,2026-06-04
R05840,P274,P263,M04159,2026-06-04
R05841,P119,P209,M02488,2026-06-04
R05842,P136,P211,M01044,2026-06-04
R05843,P055,P062,M03319,2026-06-04
R05844,P030,P256,M00744,2026-06-04
R05845,P143,P136,M04503,2026-06-04
R05846,P191,P078,M00030,2026-06-04
R05847,P044,P195,M04877,2026-06-04
R05848,P176,P145,M01561,2026-06-04
R05849,P146,P118,M02468,2026-06-04
R05850,P269,P246,M03462,2026-06-04
R05851,P081,P055,M00163,2026-06-04
R05852,P050,P225,M01760,2026-06-04
R05853,P258,P171,M00861,2026-06-04
R05854,P017,P069,M00042,2026-06-04
R05855,P060,P106,M04389,2026-06-04
R05856,P115,P047,M04187,2026-06-04
R05857,P280,P071,M01519,2026-06-04
R05858,P115,P227,M00085,2026-06-04
R05859,P250,P274,M03356,2026-06-04
R05860,P030,P015,M03620,2026-06-05
R05861,P213,P166,M03201,2026-06-05
R05862,P001,P286,M01402,2026-06-05
R05863,P234,P077,M02192,2026-06-05
R05864,P263,P081,M01713,2026-06-05
R05865,P081,P055,M01636,2026-06-05
R05866,P221,P011,M04236,2026-06-05
R05867,P282,P197,M01575,2026-06-05
R05868,P257,P197,M02975,2026-06-05
R05869,P261,P246,M02685,2026-06-05
R05870,P140,P198,M01898,2026-06-05
R05871,P062,P250,M01636,2026-06-05
R05872,P275,P297,M02018,2026-06-05
R05873,P141,P008,M04627,2026-06-05
R05874,P081,P055,M01759,2026-06-05
R05875,P137,P297,M04967,2026-06-05
R05876,P137,P297,M00895,2026-06-05
R05877,P257,P173,M00665,2026-06-05
R05878,P192,P271,M04602,2026-06-05
R05879,P151,P016,M02033,2026-06-05
R05880,P300,P136,M02112,2026-06-05
R05881,P081,P055,M01759,2026-06-05
R05882,P131,P290,M03738,2026-06-05
R05883,P248,P233,M02334,2026-06-05
R05884,P274,P263,M01878,2026-06-05
R05885,P208,P256,M00916,2026-06-05
R05886,P045,P071,M04293,2026-06-05
R05887,P115,P255,M01167,2026-06-05
R05888,P066,P256,M00557,2026-06-05
R05889,P073,P078,M04032,2026-06-05
R05890,P250,P274,M01995,2026-06-05
R05891,P134,P038,M01233,2026-06-05
R05892,P241,P064,M02833,2026-06-05
R05893,P208,P292,M00030,2026-06-05
R05894,P161,P012,M02776,2026-06-05
R05895,P240,P009,M02543,2026-06-05
R05896,P113,P086,M02649,2026-06-05
R05897,P055,P062,M04632,2026-06-05
R05898,P062,P250,M01713,2026-06-05
R05899,P129,P271,M03857,2026-06-05
R05900,P108,P100,M03480,2026-06-05
R05901,P250,P274,M02446,2026-06-05
R05902,P105,P027,M03234,2026-06-05
R05903,P005,P069,M02705,2026-06-05
R05904,P287,P089,M02838,2026-06-05
R05905,P044,P195,M04232,2026-06-08
R05906,P207,P020,M01980,2026-06-08
R05907,P055,P062,M01429,2026-06-08
R05908,P250,P274,M04159,2026-06-08
R05909,P001,P042,M04725,2026-06-08
R05910,P062,P250,M04051,2026-06-08
R05911,P296,P252,M00053,2026-06-08
R05912,P191,P256,M04069,2026-06-08
R05913,P106,P068,M01548,2026-06-08
R05914,P273,P074,M01425,2026-06-08
R05915,P043,P074,M01446,2026-06-08
R05916,P240,P085,M04499,2026-06-08
R05917,P142,P082,M03466,2026-06-08
R05918,P175,P076,M00700,2026-06-08
R05919,P236,P009,M02720,2026-06-08
R05920,P263,P081,M02135,2026-06-08
R05921,P172,P279,M01676,2026-06-08
R05922,P298,P297,M03687,2026-06-08
R05923,P137,P131,M00347,2026-06-08
R05924,P193,P047,M01570,2026-06-08
R05925,P081,P055,M01328,2026-06-08
R05926,P274,P263,M04991,2026-06-08
R05927,P176,P267,M00176,2026-06-08
R05928,P274,P263,M01099,2026-06-08
R05929,P163,P100,M02160,2026-06-08
R05930,P226,P107,M02695,2026-06-08
R05931,P288,P230,M01055,2026-06-08
R05932,P055,P008,M00803,2026-06-08
R05933,P055,P062,M02692,2026-06-08
R05934,P226,P043,M01583,2026-06-08
R05935,P054,P002,M01495,2026-06-08
R05936,P293,P007,M01933,2026-06-08
R05937,P035,P121,M02244,2026-06-08
R05938,P263,P081,M02741,2026-06-08
R05939,P055,P062,M04162,2026-06-08
R05940,P134,P027,M00960,2026-06-08
R05941,P127,P070,M03046,2026-06-08
R05942,P017,P069,M03026,2026-06-09
R05943,P113,P086,M01747,2026-06-09
R05944,P027,P096,M01544,2026-06-09
R05945,P226,P260,M04691,2026-06-09
R05946,P014,P161,M01047,2026-06-09
R05947,P240,P210,M02543,2026-06-09
R05948,P092,P123,M01783,2026-06-09
R05949,P080,P285,M00881,2026-06-09
R05950,P254,P167,M00091,2026-06-09
R05951,P172,P098,M00645,2026-06-09
R05952,P081,P055,M03248,2026-06-09
R05953,P131,P279,M03022,2026-06-09
R05954,P268,P121,M03090,2026-06-09
R05955,P062,P250,M02173,2026-06-09
R05956,P263,P081,M04632,2026-06-09
R05957,P263,P081,M03044,2026-06-09
R05958,P164,P254,M02160,2026-06-09
R05959,P164,P100,M04997,2026-06-09
R05960,P120,P290,M01074,2026-06-09
R05961,P120,P290,M03081,2026-06-09
R05962,P229,P211,M04107,2026-06-09
R05963,P137,P279,M03106,2026-06-09
R05964,P081,P055,M01429,2026-06-09
R05965,P248,P202,M00032,2026-06-09
R05966,P062,P250,M02885,2026-06-09
R05967,P274,P263,M02371,2026-06-09
R05968,P137,P297,M03916,2026-06-09
R05969,P140,P101,M00437,2026-06-09
R05970,P101,P198,M02138,2026-06-09
R05971,P263,P081,M02446,2026-06-09
R05972,P010,P278,M03008,2026-06-09
R05973,P263,P081,M00228,2026-06-09
R05974,P014,P012,M00151,2026-06-10
R05975,P187,P166,M03049,2026-06-10
R05976,P169,P119,M00709,2026-06-10
R05977,P081,P055,M03270,2026-06-10
R05978,P254,P100,M03152,2026-06-10
R05979,P134,P102,M03844,2026-06-10
R05980,P282,P096,M01973,2026-06-10
R05981,P274,P263,M00163,2026-06-10
R05982,P143,P012,M01507,2026-06-10
R05983,P113,P242,M04404,2026-06-10
R05984,P259,P159,M03953,2026-06-10
R05985,P165,P251,M00249,2026-06-10
R05986,P137,P279,M00248,2026-06-10
R05987,P136,P244,M02254,2026-06-10
R05988,P127,P016,M02951,2026-06-10
R05989,P274,P263,M02173,2026-06-10
R05990,P140,P198,M03963,2026-06-10
R05991,P096,P095,M03365,2026-06-10
R05992,P222,P260,M04860,2026-06-10
R05993,P013,P094,M01406,2026-06-10
R05994,P013,P184,M02247,2026-06-10
R05995,P050,P087,M02770,2026-06-10
R05996,P191,P256,M00557,2026-06-10
R05997,P274,P263,M01713,2026-06-10
R05998,P224,P177,M01667,2026-06-10
R05999,P224,P123,M01409,2026-06-10
R06000,P274,P263,M02692,2026-06-10
R06001,P270,P186,M01070,2026-06-10
R06002,P055,P062,M02078,2026-06-10
R06003,P115,P255,M04303,2026-06-10
R06004,P131,P029,M01082,2026-06-10
R06005,P240,P151,M01017,2026-06-10
R06006,P240,P210,M03478,2026-06-10
R06007,P293,P009,M02951,2026-06-10
R06008,P043,P030,M04860,2026-06-10
R06009,P270,P182,M03288,2026-06-10
R06010,P062,P250,M02023,2026-06-10
R06011,P270,P135,M01887,2026-06-10
R06012,P270,P200,M00089,2026-06-10
R06013,P062,P250,M01995,2026-06-10
R06014,P270,P100,M00595,2026-06-10
R06015,P096,P095,M03270,2026-06-11
R06016,P115,P167,M03937,2026-06-11
R06017,P101,P198,M01410,2026-06-11
R06018,P223,P136,M04002,2026-06-11
R06019,P258,P198,M01612,2026-06-11
R06020,P040,P104,M03496,2026-06-11
R06021,P092,P187,M01729,2026-06-11
R06022,P136,P161,M02361,2026-06-11
R06023,P207,P297,M00897,2026-06-11
R06024,P207,P020,M02614,2026-06-11
R06025,P050,P292,M01314,2026-06-11
R06026,P273,P074,M04460,2026-06-11
R06027,P250,P274,M00057,2026-06-11
R06028,P028,P274,M02474,2026-06-11
R06029,P075,P233,M04390,2026-06-11
R06030,P274,P263,M03041,2026-06-11
R06031,P062,P250,M00181,2026-06-11
R06032,P250,P274,M02075,2026-06-11
R06033,P081,P055,M04487,2026-06-11
R06034,P178,P218,M02671,2026-06-11
R06035,P275,P207,M04719,2026-06-11
R06036,P152,P237,M03948,2026-06-11
R06037,P133,P131,M04209,2026-06-11
R06038,P261,P171,M00485,2026-06-11
R06039,P224,P123,M00960,2026-06-11
R06040,P216,P200,M01221,2026-06-11
R06041,P284,P053,M04473,2026-06-11
R06042,P043,P107,M01841,2026-06-11
R06043,P176,P094,M03619,2026-06-11
R06044,P240,P072,M03161,2026-06-11
R06045,P134,P027,M02139,2026-06-11
R06046,P134,P102,M01034,2026-06-11
R06047,P037,P141,M01233,2026-06-11
R06048,P263,P081,M04129,2026-06-11
R06049,P054,P002,M00532,2026-06-11
R06050,P035,P256,M01731,2026-06-11
R06051,P049,P145,M03968,2026-06-11
R06052,P273,P099,M01435,2026-06-11
R06053,P291,P285,M04254,2026-06-11
R06054,P137,P131,M03863,2026-06-11
R06055,P119,P209,M03278,2026-06-11
R06056,P283,P217,M01944,2026-06-11
R06057,P031,P057,M00726,2026-06-11
R06058,P066,P064,M04387,2026-06-11
R06059,P274,P263,M04565,2026-06-11
R06060,P164,P254,M01039,2026-06-11
R06061,P140,P198,M00584,2026-06-12
R06062,P190,P029,M00827,2026-06-12
R06063,P140,P015,M03496,2026-06-12
R06064,P288,P230,M04583,2026-06-12
R06065,P163,P100,M02197,2026-06-12
R06066,P075,P285,M00291,2026-06-12
R06067,P207,P218,M04104,2026-06-12
R06068,P128,P200,M01570,2026-06-12
R06069,P264,P103,M02247,2026-06-12
R06070,P091,P251,M03779,2026-06-12
R06071,P062,P250,M02371,2026-06-12
R06072,P263,P081,M02692,2026-06-12
R06073,P062,P250,M01429,2026-06-12
R06074,P049,P103,M03066,2026-06-12
R06075,P030,P074,M01817,2026-06-12
R06076,P055,P062,M02692,2026-06-12
R06077,P010,P217,M04286,2026-06-12
R06078,P274,P263,M02885,2026-06-12
R06079,P294,P177,M04317,2026-06-12
R06080,P172,P279,M02812,2026-06-12
R06081,P081,P055,M01440,2026-06-12
R06082,P226,P043,M01256,2026-06-12
R06083,P081,P055,M04991,2026-06-12
R06084,P081,P055,M01659,2026-06-12
R06085,P081,P055,M02135,2026-06-12
R06086,P289,P043,M01063,2026-06-12
R06087,P037,P141,M03925,2026-06-12
R06088,P132,P077,M00857,2026-06-12
R06089,P164,P227,M03237,2026-06-12
R06090,P224,P097,M00099,2026-06-12
R06091,P081,P055,M02023,2026-06-12
R06092,P148,P119,M01084,2026-06-12
R06093,P274,P263,M01440,2026-06-12
R06094,P263,P081,M00042,2026-06-12
R06095,P136,P161,M04865,2026-06-12
R06096,P136,P232,M04610,2026-06-12
R06097,P018,P038,M03910,2026-06-12
R06098,P045,P234,M00125,2026-06-12
R06099,P098,P218,M04074,2026-06-12
R06100,P263,P081,M03623,2026-06-12
R06101,P098,P207,M04211,2026-06-12
R06102,P124,P046,M00541,2026-06-12
R06103,P168,P195,M02599,2026-06-12
R06104,P081,P055,M01542,2026-06-12
R06105,P031,P046,M00495,2026-06-12
R06106,P062,P086,M02139,2026-06-12
R06107,P172,P297,M03207,2026-06-12
R06108,P189,P171,M01538,2026-06-12
R06109,P270,P135,M01889,2026-06-12
R06110,P146,P244,M03165,2026-06-12
R06111,P096,P068,M03365,2026-06-12
R06112,P081,P055,M00163,2026-06-12
R06113,P214,P095,M03600,2026-06-15
R06114,P250,P274,M04898,2026-06-15
R06115,P161,P136,M04379,2026-06-15
R06116,P274,P263,M04330,2026-06-15
R06117,P243,P246,M00861,2026-06-15
R06118,P240,P151,M01277,2026-06-15
R06119,P274,P263,M02075,2026-06-15
R06120,P294,P263,M03542,2026-06-15
R06121,P060,P106,M03437,2026-06-15
R06122,P263,P081,M02807,2026-06-15
R06123,P287,P089,M00116,2026-06-15
R06124,P024,P011,M01160,2026-06-15
R06125,P178,P279,M04807,2026-06-15
R06126,P080,P002,M03700,2026-06-15
R06127,P250,P274,M01857,2026-06-15
R06128,P263,P081,M00810,2026-06-15
R06129,P181,P156,M03327,2026-06-15
R06130,P023,P110,M00920,2026-06-15
R06131,P146,P161,M00826,2026-06-15
R06132,P081,P055,M01659,2026-06-15
R06133,P177,P242,M03558,2026-06-15
R06134,P250,P274,M03356,2026-06-15
R06135,P298,P279,M00899,2026-06-15
R06136,P263,P081,M04159,2026-06-15
R06137,P248,P002,M03186,2026-06-15
R06138,P155,P285,M04915,2026-06-15
R06139,P250,P274,M02692,2026-06-15
R06140,P148,P209,M00859,2026-06-15
R06141,P274,P263,M01759,2026-06-15
R06142,P055,P062,M01636,2026-06-15
R06143,P062,P250,M02741,2026-06-15
R06144,P134,P102,M00914,2026-06-15
R06145,P062,P250,M01636,2026-06-15
R06146,P192,P271,M03639,2026-06-15
R06147,P093,P153,M00910,2026-06-15
R06148,P127,P070,M01436,2026-06-15
R06149,P163,P077,M01324,2026-06-15
R06150,P222,P089,M03392,2026-06-15
R06151,P245,P004,M00777,2026-06-15
R06152,P101,P292,M03481,2026-06-15
R06153,P133,P131,M00003,2026-06-15
R06154,P158,P157,M02334,2026-06-15
R06155,P176,P285,M04411,2026-06-15
R06156,P264,P157,M01938,2026-06-15
R06157,P264,P267,M00249,2026-06-15
R06158,P176,P080,M02678,2026-06-15
R06159,P226,P107,M01360,2026-06-15
R06160,P266,P046,M02709,2026-06-16
R06161,P151,P016,M02490,2026-06-16
R06162,P259,P159,M01003,2026-06-16
R06163,P249,P180,M04063,2026-06-16
R06164,P284,P230,M01990,2026-06-16
R06165,P235,P278,M02222,2026-06-16
R06166,P214,P141,M03049,2026-06-16
R06167,P137,P207,M00220,2026-06-16
R06168,P291,P145,M02592,2026-06-16
R06169,P055,P062,M04991,2026-06-16
R06170,P136,P232,M03755,2026-06-16
R06171,P079,P083,M03998,2026-06-16
R06172,P006,P237,M02094,2026-06-16
R06173,P127,P016,M04412,2026-06-16
R06174,P219,P166,M00226,2026-06-16
R06175,P241,P064,M02833,2026-06-16
R06176,P250,P274,M02741,2026-06-16
R06177,P134,P027,M01459,2026-06-16
R06178,P288,P072,M02874,2026-06-16
R06179,P266,P256,M00584,2026-06-16
R06180,P161,P136,M02824,2026-06-16
R06181,P274,P263,M03623,2026-06-16
R06182,P221,P121,M02789,2026-06-16
R06183,P096,P095,M01186,2026-06-16
R06184,P079,P045,M04290,2026-06-16
R06185,P096,P095,M04532,2026-06-16
R06186,P013,P184,M04541,2026-06-16
R06187,P243,P089,M01952,2026-06-16
R06188,P189,P087,M04399,2026-06-16
R06189,P115,P227,M02404,2026-06-16
R06190,P005,P149,M00200,2026-06-16
R06191,P250,P274,M02075,2026-06-16
R06192,P282,P088,M00277,2026-06-16
R06193,P240,P072,M00430,2026-06-16
R06194,P240,P210,M02463,2026-06-16
R06195,P276,P159,M00557,2026-06-16
R06196,P295,P048,M02630,2026-06-16
R06197,P055,P062,M00465,2026-06-16
R06198,P250,P274,M03387,2026-06-16
R06199,P226,P126,M00967,2026-06-16
R06200,P263,P081,M03248,2026-06-16
R06201,P176,P285,M04519,2026-06-16
R06202,P158,P195,M02320,2026-06-16
R06203,P133,P131,M00889,2026-06-17
R06204,P104,P107,M03265,2026-06-17
R06205,P005,P245,M02876,2026-06-17
R06206,P131,P029,M03687,2026-06-17
R06207,P055,P062,M01710,2026-06-17
R06208,P286,P231,M04643,2026-06-17
R06209,P061,P083,M04432,2026-06-17
R06210,P019,P206,M03451,2026-06-17
R06211,P264,P094,M00113,2026-06-17
R06212,P224,P097,M01292,2026-06-17
R06213,P161,P244,M01179,2026-06-17
R06214,P263,P081,M03623,2026-06-17
R06215,P152,P201,M03305,2026-06-17
R06216,P214,P252,M01168,2026-06-17
R06217,P261,P246,M00770,2026-06-17
R06218,P128,P209,M03648,2026-06-17
R06219,P270,P135,M00543,2026-06-17
R06220,P294,P263,M04476,2026-06-17
R06221,P081,P055,M04991,2026-06-17
R06222,P273,P101,M04827,2026-06-17
R06223,P106,P095,M02541,2026-06-17
R06224,P137,P131,M02103,2026-06-17
R06225,P112,P194,M03470,2026-06-17
R06226,P141,P263,M04434,2026-06-17
R06227,P092,P123,M02335,2026-06-17
R06228,P259,P125,M04437,2026-06-17
R06229,P296,P252,M03009,2026-06-17
R06230,P062,P250,M04159,2026-06-17
R06231,P134,P038,M00120,2026-06-17
R06232,P062,P250,M00042,2026-06-17
R06233,P241,P107,M00236,2026-06-17
R06234,P258,P011,M02244,2026-06-17
R06235,P055,P062,M03623,2026-06-17
R06236,P133,P131,M03180,2026-06-17
R06237,P027,P086,M03858,2026-06-17
R06238,P027,P052,M02309,2026-06-17
R06239,P027,P086,M01403,2026-06-17
R06240,P008,P231,M04451,2026-06-17
R06241,P027,P052,M02309,2026-06-17
R06242,P017,P086,M01642,2026-06-18
R06243,P062,P250,M04162,2026-06-18
R06244,P274,P263,M04729,2026-06-18
R06245,P152,P019,M03427,2026-06-18
R06246,P141,P263,M01328,2026-06-18
R06247,P263,P081,M00057,2026-06-18
R06248,P247,P080,M00214,2026-06-18
R06249,P055,P062,M03758,2026-06-18
R06250,P172,P279,M00328,2026-06-18
R06251,P172,P098,M01592,2026-06-18
R06252,P288,P072,M03725,2026-06-18
R06253,P074,P015,M02138,2026-06-18
R06254,P111,P049,M01632,2026-06-18
R06255,P263,P081,M01636,2026-06-18
R06256,P074,P292,M04749,2026-06-18
R06257,P111,P049,M03513,2026-06-18
R06258,P236,P210,M02196,2026-06-18
R06259,P265,P065,M02802,2026-06-18
R06260,P196,P020,M00166,2026-06-18
R06261,P134,P102,M03409,2026-06-18
R06262,P189,P074,M02561,2026-06-18
R06263,P060,P027,M01643,2026-06-18
R06264,P241,P074,M02068,2026-06-18
R06265,P241,P198,M04963,2026-06-18
R06266,P055,P062,M00228,2026-06-18
R06267,P250,P274,M03044,2026-06-18
R06268,P115,P227,M01131,2026-06-18
R06269,P024,P015,M02210,2026-06-18
R06270,P224,P067,M02980,2026-06-18
R06271,P299,P252,M04868,2026-06-18
R06272,P274,P263,M01713,2026-06-18
R06273,P268,P246,M01338,2026-06-18
R06274,P055,P062,M02885,2026-06-18
R06275,P062,P250,M03405,2026-06-18
R06276,P065,P098,M01708,2026-06-18
R06277,P028,P026,M02694,2026-06-18
R06278,P240,P009,M00064,2026-06-18
R06279,P189,P171,M04800,2026-06-18
R06280,P293,P179,M04199,2026-06-18
R06281,P213,P252,M04646,2026-06-18
R06282,P148,P071,M02163,2026-06-18
R06283,P027,P086,M00111,2026-06-18
R06284,P235,P107,M04437,2026-06-18
R06285,P062,P067,M03219,2026-06-18
R06286,P081,P055,M03319,2026-06-19
R06287,P236,P230,M02932,2026-06-19
R06288,P177,P069,M04242,2026-06-19
R06289,P250,P274,M00163,2026-06-19
R06290,P056,P162,M03606,2026-06-19
R06291,P219,P166,M04928,2026-06-19
R06292,P081,P055,M04487,2026-06-19
R06293,P300,P211,M03831,2026-06-19
R06294,P263,P081,M02118,2026-06-19
R06295,P274,P263,M03248,2026-06-19
R06296,P190,P297,M03975,2026-06-19
R06297,P219,P069,M03728,2026-06-19
R06298,P280,P167,M02966,2026-06-19
R06299,P008,P231,M00126,2026-06-19
R06300,P164,P119,M02447,2026-06-19
R06301,P093,P021,M03234,2026-06-19
R06302,P188,P215,M03276,2026-06-19
R06303,P298,P279,M03893,2026-06-19
R06304,P258,P171,M00236,2026-06-19
R06305,P096,P173,M01459,2026-06-19
R06306,P207,P110,M02346,2026-06-19
R06307,P133,P238,M01982,2026-06-19
R06308,P263,P081,M01440,2026-06-19
R06309,P161,P211,M00219,2026-06-19
R06310,P131,P022,M01909,2026-06-19
R06311,P041,P083,M03151,2026-06-19
R06312,P268,P121,M01347,2026-06-19
R06313,P101,P260,M04721,2026-06-19
R06314,P141,P263,M04180,2026-06-19
R06315,P054,P002,M02816,2026-06-19
R06316,P006,P082,M00104,2026-06-19
R06317,P205,P029,M01430,2026-06-19
R06318,P050,P107,M03890,2026-06-19
R06319,P176,P094,M03300,2026-06-19
R06320,P050,P057,M01298,2026-06-22
R06321,P229,P118,M04623,2026-06-22
R06322,P274,P263,M04487,2026-06-22
R06323,P134,P038,M02659,2026-06-22
R06324,P113,P242,M00144,2026-06-22
R06325,P261,P180,M00119,2026-06-22
R06326,P037,P123,M02127,2026-06-22
R06327,P037,P141,M00135,2026-06-22
R06328,P250,P274,M02173,2026-06-22
R06329,P081,P055,M00228,2026-06-22
R06330,P219,P166,M03684,2026-06-22
R06331,P238,P297,M03752,2026-06-22
R06332,P263,P081,M04745,2026-06-22
R06333,P023,P110,M00845,2026-06-22
R06334,P212,P078,M04480,2026-06-22
R06335,P018,P038,M00621,2026-06-22
R06336,P263,P081,M01713,2026-06-22
R06337,P005,P149,M00810,2026-06-22
R06338,P134,P038,M00181,2026-06-22
R06339,P055,P062,M02023,2026-06-22
R06340,P208,P292,M03745,2026-06-22
R06341,P058,P157,M02368,2026-06-22
R06342,P274,P263,M03356,2026-06-22
R06343,P270,P200,M03375,2026-06-22
R06344,P282,P102,M01715,2026-06-22
R06345,P079,P255,M03237,2026-06-22
R06346,P174,P047,M02589,2026-06-22
R06347,P270,P186,M03393,2026-06-22
R06348,P163,P100,M02383,2026-06-22
R06349,P270,P135,M00379,2026-06-22
R06350,P044,P049,M01872,2026-06-22
R06351,P249,P180,M00978,2026-06-22
R06352,P055,P062,M01710,2026-06-22
R06353,P111,P049,M03491,2026-06-22
R06354,P074,P015,M02352,2026-06-22
R06355,P134,P139,M02867,2026-06-22
R06356,P270,P135,M02520,2026-06-22
R06357,P264,P202,M03942,2026-06-22
R06358,P178,P185,M02900,2026-06-22
R06359,P104,P107,M02021,2026-06-22
R06360,P274,P263,M01571,2026-06-23
R06361,P226,P046,M04740,2026-06-23
R06362,P264,P157,M00113,2026-06-23
R06363,P263,P081,M01440,2026-06-23
R06364,P074,P121,M00348,2026-06-23
R06365,P148,P071,M02445,2026-06-23
R06366,P131,P218,M00627,2026-06-23
R06367,P044,P049,M02271,2026-06-23
R06368,P062,P250,M01926,2026-06-23
R06369,P276,P050,M00584,2026-06-23
R06370,P140,P198,M04749,2026-06-23
R06371,P115,P167,M02822,2026-06-23
R06372,P235,P268,M04693,2026-06-23
R06373,P152,P048,M03414,2026-06-23
R06374,P274,P263,M01542,2026-06-23
R06375,P134,P026,M02453,2026-06-23
R06376,P131,P290,M00486,2026-06-23
R06377,P219,P069,M00959,2026-06-23
R06378,P036,P179,M02519,2026-06-23
R06379,P066,P064,M00916,2026-06-23
R06380,P222,P138,M04401,2026-06-23
R06381,P263,P081,M00057,2026-06-23
R06382,P250,P274,M02135,2026-06-23
R06383,P259,P159,M03265,2026-06-23
R06384,P081,P055,M04898,2026-06-23
R06385,P136,P012,M00241,2026-06-23
R06386,P127,P016,M00342,2026-06-23
R06387,P174,P100,M01131,2026-06-23
R06388,P296,P231,M04584,2026-06-23
R06389,P081,P055,M00465,2026-06-23
R06390,P172,P098,M04439,2026-06-23
R06391,P143,P012,M00263,2026-06-23
R06392,P245,P004,M02908,2026-06-23
R06393,P226,P107,M00927,2026-06-23
R06394,P236,P009,M01886,2026-06-23
R06395,P134,P102,M02940,2026-06-23
R06396,P081,P055,M04565,2026-06-23
R06397,P178,P279,M03902,2026-06-23
R06398,P208,P198,M04963,2026-06-24
R06399,P013,P080,M03999,2026-06-24
R06400,P193,P100,M03076,2026-06-24
R06401,P132,P077,M01391,2026-06-24
R06402,P115,P255,M02524,2026-06-24
R06403,P275,P185,M03964,2026-06-24
R06404,P264,P103,M00291,2026-06-24
R06405,P119,P255,M01397,2026-06-24
R06406,P250,P274,M03319,2026-06-24
R06407,P158,P103,M03340,2026-06-24
R06408,P055,P062,M03044,2026-06-24
R06409,P235,P225,M00557,2026-06-24
R06410,P134,P038,M01341,2026-06-24
R06411,P247,P233,M02735,2026-06-24
R06412,P288,P072,M04529,2026-06-24
R06413,P111,P233,M04014,2026-06-24
R06414,P282,P102,M04986,2026-06-24
R06415,P296,P081,M01534,2026-06-24
R06416,P282,P197,M04986,2026-06-24
R06417,P261,P260,M04225,2026-06-24
R06418,P146,P244,M01646,2026-06-24
R06419,P129,P070,M02683,2026-06-24
R06420,P177,P109,M00317,2026-06-24
R06421,P213,P026,M04120,2026-06-24
R06422,P075,P233,M04198,2026-06-24
R06423,P035,P121,M02115,2026-06-24
R06424,P263,P081,M04745,2026-06-24
R06425,P031,P057,M04032,2026-06-24
R06426,P008,P055,M03506,2026-06-24
R06427,P257,P173,M03813,2026-06-25
R06428,P081,P055,M03270,2026-06-25
R06429,P062,P250,M01429,2026-06-25
R06430,P136,P161,M02162,2026-06-25
R06431,P044,P195,M04232,2026-06-25
R06432,P119,P234,M02313,2026-06-25
R06433,P008,P224,M04521,2026-06-25
R06434,P175,P173,M04500,2026-06-25
R06435,P235,P159,M00985,2026-06-25
R06436,P062,P250,M00163,2026-06-25
R06437,P274,P263,M02078,2026-06-25
R06438,P213,P038,M01142,2026-06-25
R06439,P169,P254,M04850,2026-06-25
R06440,P283,P217,M00882,2026-06-25
R06441,P274,P263,M02118,2026-06-25
R06442,P284,P009,M02128,2026-06-25
R06443,P274,P263,M03576,2026-06-25
R06444,P224,P097,M04548,2026-06-25
R06445,P224,P123,M00960,2026-06-25
R06446,P224,P153,M01139,2026-06-25
R06447,P092,P139,M04521,2026-06-25
R06448,P274,P263,M02075,2026-06-25
R06449,P079,P083,M03998,2026-06-25
R06450,P274,P263,M00057,2026-06-25
R06451,P133,P131,M00051,2026-06-25
R06452,P081,P055,M04051,2026-06-25
R06453,P250,P274,M02078,2026-06-25
R06454,P062,P250,M03270,2026-06-25
R06455,P288,P009,M03245,2026-06-25
R06456,P003,P139,M02012,2026-06-25
R06457,P041,P083,M04288,2026-06-25
R06458,P296,P081,M00655,2026-06-25
R06459,P062,P274,M03219,2026-06-25
R06460,P190,P029,M00316,2026-06-25
R06461,P300,P116,M00778,2026-06-25
R06462,P250,P274,M03576,2026-06-25
R06463,P204,P262,M04251,2026-06-25
R06464,P031,P030,M03679,2026-06-25
R06465,P136,P232,M00566,2026-06-25
R06466,P003,P139,M02025,2026-06-26
R06467,P175,P096,M01401,2026-06-26
R06468,P136,P118,M04833,2026-06-26
R06469,P263,P081,M00163,2026-06-26
R06470,P250,P274,M04632,2026-06-26
R06471,P229,P244,M01672,2026-06-26
R06472,P041,P047,M03011,2026-06-26
R06473,P274,P263,M00163,2026-06-26
R06474,P018,P038,M03878,2026-06-26
R06475,P224,P067,M03225,2026-06-26
R06476,P055,P062,M01328,2026-06-26
R06477,P250,P274,M03319,2026-06-26
R06478,P226,P043,M04721,2026-06-26
R06479,P062,P250,M04745,2026-06-26
R06480,P055,P062,M00228,2026-06-26
R06481,P254,P167,M01734,2026-06-26
R06482,P261,P125,M03461,2026-06-26
R06483,P128,P200,M03299,2026-06-26
R06484,P106,P095,M02924,2026-06-26
R06485,P224,P177,M01420,2026-06-26
R06486,P274,P263,M04898,2026-06-26
R06487,P036,P230,M00036,2026-06-26
R06488,P127,P070,M02720,2026-06-26
R06489,P177,P109,M02083,2026-06-26
R06490,P119,P186,M01915,2026-06-26
R06491,P142,P082,M03016,2026-06-26
R06492,P146,P161,M03760,2026-06-26
R06493,P055,P062,M02446,2026-06-26
R06494,P131,P290,M01154,2026-06-26
R06495,P055,P062,M01759,2026-06-26
R06496,P274,P263,M02118,2026-06-26
R06497,P250,P274,M03664,2026-06-26
R06498,P270,P186,M01858,2026-06-26
R06499,P055,P062,M01440,2026-06-26
R06500,P148,P071,M03315,2026-06-26
R06501,P288,P230,M03579,2026-06-26
R06502,P120,P110,M03172,2026-06-29
R06503,P191,P125,M03547,2026-06-29
R06504,P050,P292,M01314,2026-06-29
R06505,P055,P062,M04593,2026-06-29
R06506,P055,P062,M01636,2026-06-29
R06507,P263,P081,M03576,2026-06-29
R06508,P207,P020,M00051,2026-06-29
R06509,P143,P136,M02733,2026-06-29
R06510,P120,P238,M04567,2026-06-29
R06511,P168,P184,M04758,2026-06-29
R06512,P250,P274,M04162,2026-06-29
R06513,P031,P046,M02064,2026-06-29
R06514,P289,P030,M01435,2026-06-29
R06515,P192,P271,M00664,2026-06-29
R06516,P283,P015,M03815,2026-06-29
R06517,P062,P250,M01826,2026-06-29
R06518,P062,P250,M01710,2026-06-29
R06519,P219,P069,M01105,2026-06-29
R06520,P264,P157,M04941,2026-06-29
R06521,P191,P256,M01343,2026-06-29
R06522,P250,P274,M02078,2026-06-29
R06523,P134,P139,M03436,2026-06-29
R06524,P294,P263,M02335,2026-06-29
R06525,P049,P251,M02106,2026-06-29
R06526,P134,P177,M02102,2026-06-29
R06527,P204,P262,M00370,2026-06-29
R06528,P146,P203,M04452,2026-06-29
R06529,P187,P081,M02655,2026-06-29
R06530,P081,P055,M01542,2026-06-29
R06531,P274,P263,M02896,2026-06-29
R06532,P081,P055,M01878,2026-06-29
R06533,P131,P022,M01971,2026-06-29
R06534,P169,P254,M00991,2026-06-29
R06535,P061,P182,M04899,2026-06-29
R06536,P091,P251,M02952,2026-06-29
R06537,P174,P047,M02449,2026-06-30
R06538,P175,P139,M03399,2026-06-30
R06539,P013,P267,M00259,2026-06-30
R06540,P266,P246,M00552,2026-06-30
R06541,P136,P232,M02282,2026-06-30
R06542,P136,P118,M00023,2026-06-30
R06543,P113,P021,M03764,2026-06-30
R06544,P081,P055,M01328,2026-06-30
R06545,P081,P055,M01759,2026-06-30
R06546,P079,P083,M00292,2026-06-30
R06547,P188,P112,M03599,2026-06-30
R06548,P024,P030,M04800,2026-06-30
R06549,P134,P038,M02551,2026-06-30
R06550,P276,P050,M04013,2026-06-30
R06551,P274,P263,M00262,2026-06-30
R06552,P181,P156,M03448,2026-06-30
R06553,P075,P145,M04390,2026-06-30
R06554,P270,P186,M00815,2026-06-30
R06555,P055,P062,M04593,2026-06-30
R06556,P142,P082,M00661,2026-06-30
R06557,P254,P227,M01008,2026-06-30
R06558,P250,P274,M00463,2026-06-30
R06559,P051,P096,M00719,2026-06-30
R06560,P055,P062,M03050,2026-06-30
R06561,P062,P250,M01878,2026-06-30
R06562,P155,P103,M03249,2026-06-30
R06563,P263,P081,M02173,2026-06-30
R06564,P250,P274,M03319,2026-06-30
R06565,P263,P081,M01099,2026-06-30
R06566,P106,P086,M00419,2026-06-30
R06567,P106,P038,M02899,2026-06-30
R06568,P050,P078,M00288,2026-06-30
R06569,P101,P260,M00583,2026-06-30
R06570,P062,P250,M03044,2026-06-30
R06571,P263,P081,M02025,2026-06-30
R06572,P150,P049,M02334,2026-06-30
R06573,P263,P081,M01995,2026-06-30
R06574,P061,P135,M00705,2026-06-30
R06575,P148,P119,M04028,2026-06-30
R06576,P208,P256,M01693,2026-06-30
R06577,P236,P085,M02206,2026-06-30
R06578,P236,P179,M03200,2026-06-30
R06579,P106,P038,M00239,2026-07-01
R06580,P062,P250,M01857,2026-07-01
R06581,P040,P171,M04790,2026-07-01
R06582,P049,P267,M04185,2026-07-01
R06583,P158,P157,M02106,2026-07-01
R06584,P235,P191,M01365,2026-07-01
R06585,P240,P210,M03416,2026-07-01
R06586,P150,P285,M04390,2026-07-01
R06587,P133,P238,M03022,2026-07-01
R06588,P298,P279,M00827,2026-07-01
R06589,P250,P274,M00228,2026-07-01
R06590,P240,P085,M04596,2026-07-01
R06591,P219,P055,M02867,2026-07-01
R06592,P229,P232,M00826,2026-07-01
R06593,P129,P271,M02181,2026-07-01
R06594,P096,P068,M03501,2026-07-01
R06595,P131,P218,M03752,2026-07-01
R06596,P091,P285,M04869,2026-07-01
R06597,P137,P297,M01281,2026-07-01
R06598,P051,P096,M02644,2026-07-01
R06599,P229,P136,M03650,2026-07-01
R06600,P170,P118,M04818,2026-07-01
R06601,P263,P081,M03050,2026-07-01
R06602,P133,P205,M01311,2026-07-01
R06603,P028,P134,M02139,2026-07-01
R06604,P055,P062,M02023,2026-07-01
R06605,P228,P057,M01952,2026-07-01
R06606,P226,P260,M04401,2026-07-01
R06607,P066,P246,M00487,2026-07-01
R06608,P264,P157,M01057,2026-07-01
R06609,P214,P141,M00007,2026-07-01
R06610,P062,P250,M03270,2026-07-01
R06611,P081,P055,M01328,2026-07-01
R06612,P134,P177,M01060,2026-07-01
R06613,P226,P126,M00183,2026-07-01
R06614,P055,P027,M00472,2026-07-01
R06615,P140,P260,M00999,2026-07-01
R06616,P115,P255,M01131,2026-07-01
R06617,P248,P002,M03873,2026-07-01
R06618,P248,P002,M04183,2026-07-01
R06619,P172,P098,M04719,2026-07-01
R06620,P181,P156,M03362,2026-07-01
R06621,P055,P062,M00810,2026-07-01
R06622,P254,P045,M02163,2026-07-01
R06623,P168,P195,M01770,2026-07-01
R06624,P174,P272,M00127,2026-07-01
R06625,P296,P231,M03057,2026-07-01
R06626,P280,P083,M02822,2026-07-01
R06627,P054,P049,M00197,2026-07-01
R06628,P190,P218,M04209,2026-07-01
R06629,P134,P102,M04306,2026-07-01
R06630,P296,P149,M02551,2026-07-02
R06631,P111,P267,M02572,2026-07-02
R06632,P288,P072,M01254,2026-07-02
R06633,P136,P232,M02787,2026-07-02
R06634,P066,P246,M04369,2026-07-02
R06635,P263,P081,M03387,2026-07-02
R06636,P055,P245,M03524,2026-07-02
R06637,P250,P274,M02025,2026-07-02
R06638,P099,P268,M03667,2026-07-02
R06639,P128,P209,M00695,2026-07-02
R06640,P158,P251,M01721,2026-07-02
R06641,P055,P062,M01099,2026-07-02
R06642,P243,P260,M00990,2026-07-02
R06643,P061,P033,M04764,2026-07-02
R06644,P081,P055,M01878,2026-07-02
R06645,P221,P121,M00966,2026-07-02
R06646,P275,P185,M02471,2026-07-02
R06647,P221,P104,M00382,2026-07-02
R06648,P041,P047,M01141,2026-07-02
R06649,P250,P274,M04330,2026-07-02
R06650,P295,P162,M03466,2026-07-02
R06651,P236,P210,M02605,2026-07-02
R06652,P250,P274,M03044,2026-07-02
R06653,P030,P256,M00744,2026-07-02
R06654,P062,P250,M01995,2026-07-02
R06655,P081,P055,M03758,2026-07-02
R06656,P096,P068,M02283,2026-07-02
R06657,P003,P102,M00803,2026-07-02
R06658,P010,P217,M01205,2026-07-02
R06659,P274,P263,M01759,2026-07-02
R06660,P264,P157,M00912,2026-07-02
R06661,P062,P250,M02173,2026-07-02
R06662,P274,P263,M04565,2026-07-02
R06663,P229,P244,M01735,2026-07-02
R06664,P101,P292,M03320,2026-07-02
R06665,P101,P225,M00288,2026-07-02
R06666,P051,P252,M03195,2026-07-02
R06667,P253,P217,M01634,2026-07-02
R06668,P119,P234,M00790,2026-07-02
R06669,P133,P238,M03534,2026-07-02
R06670,P055,P062,M01926,2026-07-02
R06671,P092,P055,M01533,2026-07-02
R06672,P136,P161,M02242,2026-07-03
R06673,P134,P038,M01271,2026-07-03
R06674,P136,P116,M00253,2026-07-03
R06675,P055,P062,M01759,2026-07-03
R06676,P134,P139,M04320,2026-07-03
R06677,P250,P274,M02075,2026-07-03
R06678,P208,P198,M02944,2026-07-03
R06679,P189,P104,M03963,2026-07-03
R06680,P263,P081,M03044,2026-07-03
R06681,P081,P055,M04991,2026-07-03
R06682,P137,P131,M04717,2026-07-03
R06683,P264,P103,M01057,2026-07-03
R06684,P263,P081,M04129,2026-07-03
R06685,P081,P055,M04745,2026-07-03
R06686,P264,P157,M00917,2026-07-03
R06687,P250,P274,M03664,2026-07-03
R06688,P274,P263,M00228,2026-07-03
R06689,P140,P101,M04149,2026-07-03
R06690,P274,P263,M03758,2026-07-03
R06691,P175,P096,M04404,2026-07-03
R06692,P263,P081,M03497,2026-07-03
R06693,P062,P250,M00465,2026-07-03
R06694,P129,P053,M00776,2026-07-03
R06695,P250,P274,M02741,2026-07-03
R06696,P250,P274,M04129,2026-07-03
R06697,P263,P081,M03248,2026-07-03
R06698,P127,P016,M01272,2026-07-03
R06699,P263,P081,M04159,2026-07-03
R06700,P293,P009,M02434,2026-07-03
R06701,P118,P136,M02886,2026-07-03
R06702,P055,P062,M03497,2026-07-03
R06703,P049,P251,M04841,2026-07-03
R06704,P062,P250,M02023,2026-07-03
R06705,P192,P007,M00664,2026-07-03
R06706,P081,P055,M01826,2026-07-03
R06707,P131,P110,M02540,2026-07-03
R06708,P175,P042,M04501,2026-07-03
R06709,P274,P263,M03041,2026-07-03
R06710,P060,P081,M02741,2026-07-03
R06711,P187,P096,M04362,2026-07-03
R06712,P062,P250,M02078,2026-07-03
R06713,P270,P100,M02250,2026-07-03
R06714,P243,P089,M01583,2026-07-06
R06715,P055,P062,M03533,2026-07-06
R06716,P134,P177,M04883,2026-07-06
R06717,P266,P198,M01266,2026-07-06
R06718,P250,P274,M02173,2026-07-06
R06719,P018,P139,M00777,2026-07-06
R06720,P134,P038,M02326,2026-07-06
R06721,P172,P098,M01248,2026-07-06
R06722,P049,P145,M03616,2026-07-06
R06723,P055,P062,M01429,2026-07-06
R06724,P075,P195,M02402,2026-07-06
R06725,P258,P087,M04033,2026-07-06
R06726,P293,P009,M02212,2026-07-06
R06727,P263,P081,M04991,2026-07-06
R06728,P176,P285,M04758,2026-07-06
R06729,P114,P125,M00558,2026-07-06
R06730,P274,P263,M02075,2026-07-06
R06731,P191,P078,M00685,2026-07-06
R06732,P055,P062,M01826,2026-07-06
R06733,P133,P131,M04067,2026-07-06
R06734,P043,P138,M00098,2026-07-06
R06735,P136,P244,M00507,2026-07-06
R06736,P045,P071,M00250,2026-07-06
R06737,P131,P022,M02710,2026-07-06
R06738,P062,P250,M02173,2026-07-06
R06739,P263,P081,M04632,2026-07-06
R06740,P221,P089,M01612,2026-07-06
R06741,P079,P045,M03876,2026-07-06
R06742,P274,P263,M00810,2026-07-06
R06743,P224,P123,M03025,2026-07-06
R06744,P275,P207,M04876,2026-07-06
R06745,P055,P062,M04487,2026-07-06
R06746,P010,P057,M04506,2026-07-06
R06747,P263,P081,M04745,2026-07-06
R06748,P006,P262,M04606,2026-07-07
R06749,P039,P144,M00713,2026-07-07
R06750,P023,P020,M01924,2026-07-07
R06751,P098,P205,M04439,2026-07-07
R06752,P098,P029,M01996,2026-07-07
R06753,P180,P278,M04124,2026-07-07
R06754,P286,P026,M02496,2026-07-07
R06755,P208,P256,M04001,2026-07-07
R06756,P174,P047,M02589,2026-07-07
R06757,P062,P250,M03270,2026-07-07
R06758,P081,P055,M03041,2026-07-07
R06759,P098,P065,M00807,2026-07-07
R06760,P044,P145,M04232,2026-07-07
R06761,P150,P049,M04510,2026-07-07
R06762,P146,P012,M00184,2026-07-07
R06763,P133,P238,M02710,2026-07-07
R06764,P273,P099,M04460,2026-07-07
R06765,P108,P100,M00859,2026-07-07
R06766,P133,P131,M03081,2026-07-07
R06767,P208,P256,M00461,2026-07-07
R06768,P081,P055,M04632,2026-07-07
R06769,P055,P062,M03664,2026-07-07
R06770,P249,P180,M00699,2026-07-07
R06771,P099,P268,M00681,2026-07-07
R06772,P263,P081,M02807,2026-07-07
R06773,P081,P055,M01995,2026-07-07
R06774,P241,P064,M01446,2026-07-07
R06775,P134,P027,M00761,2026-07-07
R06776,P134,P177,M00995,2026-07-07
R06777,P281,P233,M00017,2026-07-07
R06778,P250,P274,M00463,2026-07-07
R06779,P134,P038,M00163,2026-07-07
R06780,P055,P062,M04565,2026-07-07
R06781,P039,P144,M03696,2026-07-07
R06782,P008,P052,M04046,2026-07-07
R06783,P136,P118,M04367,2026-07-07
R06784,P062,P250,M00465,2026-07-07
R06785,P008,P055,M04404,2026-07-07
R06786,P250,P274,M03576,2026-07-07
R06787,P155,P195,M04639,2026-07-07
R06788,P274,P263,M01926,2026-07-07
R06789,P250,P274,M03664,2026-07-07
R06790,P081,P055,M01636,2026-07-07
R06791,P191,P078,M04401,2026-07-07
R06792,P226,P046,M00381,2026-07-07
R06793,P213,P026,M04120,2026-07-07
R06794,P265,P065,M02316,2026-07-07
R06795,P073,P171,M00552,2026-07-07
R06796,P219,P166,M01379,2026-07-07
R06797,P240,P009,M04673,2026-07-07
R06798,P274,P263,M03758,2026-07-08
R06799,P270,P200,M02233,2026-07-08
R06800,P148,P209,M02522,2026-07-08
R06801,P205,P029,M00680,2026-07-08
R06802,P241,P198,M00581,2026-07-08
R06803,P099,P268,M00012,2026-07-08
R06804,P055,P062,M03576,2026-07-08
R06805,P074,P015,M03467,2026-07-08
R06806,P263,P081,M04729,2026-07-08
R06807,P131,P110,M03081,2026-07-08
R06808,P131,P022,M00471,2026-07-08
R06809,P212,P278,M04438,2026-07-08
R06810,P134,P038,M00270,2026-07-08
R06811,P296,P252,M00297,2026-07-08
R06812,P134,P026,M04250,2026-07-08
R06813,P263,P081,M04991,2026-07-08
R06814,P043,P138,M00059,2026-07-08
R06815,P134,P026,M04614,2026-07-08
R06816,P134,P102,M00120,2026-07-08
R06817,P143,P012,M00525,2026-07-08
R06818,P055,P062,M02173,2026-07-08
R06819,P081,P055,M00228,2026-07-08
R06820,P155,P195,M03779,2026-07-08
R06821,P081,P055,M02741,2026-07-08
R06822,P120,P290,M02710,2026-07-08
R06823,P081,P055,M03387,2026-07-08
R06824,P263,P081,M03387,2026-07-08
R06825,P001,P286,M01279,2026-07-08
R06826,P270,P200,M00898,2026-07-08
R06827,P158,P202,M03208,2026-07-08
R06828,P164,P100,M01070,2026-07-08
R06829,P293,P179,M04380,2026-07-08
R06830,P258,P171,M03592,2026-07-08
R06831,P164,P227,M01206,2026-07-08
R06832,P253,P107,M04790,2026-07-08
R06833,P081,P055,M02371,2026-07-08
R06834,P289,P030,M01422,2026-07-08
R06835,P119,P209,M04192,2026-07-08
R06836,P299,P122,M03032,2026-07-08
R06837,P055,P062,M01659,2026-07-08
R06838,P300,P161,M00974,2026-07-08
R06839,P108,P119,M03516,2026-07-08
R06840,P136,P116,M00902,2026-07-09
R06841,P250,P274,M00810,2026-07-09
R06842,P236,P230,M03665,2026-07-09
R06843,P174,P272,M01336,2026-07-09
R06844,P221,P121,M01785,2026-07-09
R06845,P137,P207,M04522,2026-07-09
R06846,P065,P185,M01592,2026-07-09
R06847,P115,P167,M04064,2026-07-09
R06848,P148,P209,M00210,2026-07-09
R06849,P274,P263,M03497,2026-07-09
R06850,P270,P077,M03140,2026-07-09
R06851,P257,P197,M02975,2026-07-09
R06852,P147,P242,M01610,2026-07-09
R06853,P035,P256,M02413,2026-07-09
R06854,P146,P012,M02670,2026-07-09
R06855,P010,P057,M03642,2026-07-09
R06856,P180,P011,M02284,2026-07-09
R06857,P133,P131,M00318,2026-07-09
R06858,P062,P250,M01440,2026-07-09
R06859,P250,P274,M02075,2026-07-09
R06860,P253,P278,M00699,2026-07-09
R06861,P119,P234,M00136,2026-07-09
R06862,P044,P233,M03004,2026-07-09
R06863,P044,P195,M03901,2026-07-09
R06864,P250,P274,M02118,2026-07-09
R06865,P164,P182,M03637,2026-07-09
R06866,P219,P093,M02867,2026-07-09
R06867,P062,P250,M02078,2026-07-09
R06868,P055,P062,M04897,2026-07-09
R06869,P055,P062,M01826,2026-07-09
R06870,P276,P191,M00321,2026-07-09
R06871,P172,P279,M00195,2026-07-09
R06872,P055,P008,M02494,2026-07-09
R06873,P172,P098,M03916,2026-07-09
R06874,P264,P103,M01938,2026-07-09
R06875,P288,P230,M04132,2026-07-09
R06876,P055,P062,M02991,2026-07-09
R06877,P245,P021,M03009,2026-07-09
R06878,P062,P250,M01826,2026-07-09
R06879,P258,P087,M01817,2026-07-10
R06880,P187,P166,M00518,2026-07-10
R06881,P127,P009,M00784,2026-07-10
R06882,P066,P246,M00941,2026-07-10
R06883,P250,P274,M01826,2026-07-10
R06884,P263,P081,M04330,2026-07-10
R06885,P228,P246,M00391,2026-07-10
R06886,P240,P085,M03416,2026-07-10
R06887,P134,P102,M03232,2026-07-10
R06888,P134,P038,M01019,2026-07-10
R06889,P250,P274,M02118,2026-07-10
R06890,P151,P085,M04039,2026-07-10
R06891,P080,P145,M02482,2026-07-10
R06892,P039,P144,M02902,2026-07-10
R06893,P219,P069,M02980,2026-07-10
R06894,P062,P250,M04897,2026-07-10
R06895,P081,P055,M04898,2026-07-10
R06896,P119,P209,M04840,2026-07-10
R06897,P193,P047,M02521,2026-07-10
R06898,P055,P062,M03623,2026-07-10
R06899,P147,P123,M04550,2026-07-10
R06900,P274,P263,M04129,2026-07-10
R06901,P133,P131,M01074,2026-07-10
R06902,P216,P135,M04217,2026-07-10
R06903,P161,P203,M02632,2026-07-10
R06904,P161,P136,M00696,2026-07-10
R06905,P010,P057,M01298,2026-07-10
R06906,P108,P119,M04323,2026-07-10
R06907,P239,P217,M04438,2026-07-10
R06908,P239,P159,M00080,2026-07-10
R06909,P054,P049,M00532,2026-07-10
R06910,P140,P225,M04134,2026-07-10
R06911,P091,P195,M00303,2026-07-10
R06912,P091,P285,M02373,2026-07-10
R06913,P263,P081,M02025,2026-07-10
R06914,P131,P029,M02710,2026-07-10
R06915,P111,P049,M02989,2026-07-10
R06916,P243,P246,M00744,2026-07-10
R06917,P127,P070,M01686,2026-07-10
R06918,P028,P055,M02177,2026-07-10
R06919,P274,P263,M01440,2026-07-10
R06920,P093,P117,M03210,2026-07-10
R06921,P250,P274,M04593,2026-07-10
R06922,P281,P285,M03569,2026-07-10
R06923,P296,P063,M04675,2026-07-10
R06924,P263,P081,M03050,2026-07-10
R06925,P249,P180,M00211,2026-07-10
R06926,P214,P252,M01168,2026-07-10
R06927,P263,P081,M04991,2026-07-10
R06928,P254,P227,M01837,2026-07-13
R06929,P229,P203,M04107,2026-07-13
R06930,P240,P085,M04141,2026-07-13
R06931,P134,P027,M02903,2026-07-13
R06932,P134,P177,M01034,2026-07-13
R06933,P134,P026,M03365,2026-07-13
R06934,P137,P297,M04879,2026-07-13
R06935,P277,P138,M04506,2026-07-13
R06936,P263,P081,M01636,2026-07-13
R06937,P120,P290,M04783,2026-07-13
R06938,P120,P110,M03738,2026-07-13
R06939,P250,P274,M04632,2026-07-13
R06940,P243,P246,M01500,2026-07-13
R06941,P062,P250,M00463,2026-07-13
R06942,P044,P145,M00762,2026-07-13
R06943,P175,P173,M03839,2026-07-13
R06944,P062,P250,M00262,2026-07-13
R06945,P175,P173,M04501,2026-07-13
R06946,P003,P231,M01184,2026-07-13
R06947,P155,P157,M02331,2026-07-13
R06948,P137,P297,M02312,2026-07-13
R06949,P294,P177,M02472,2026-07-13
R06950,P128,P167,M04540,2026-07-13
R06951,P282,P197,M03026,2026-07-13
R06952,P286,P245,M04838,2026-07-13
R06953,P124,P046,M00541,2026-07-13
R06954,P257,P038,M03181,2026-07-13
R06955,P288,P072,M02236,2026-07-13
R06956,P074,P015,M02086,2026-07-13
R06957,P081,P055,M02692,2026-07-13
R06958,P165,P195,M00197,2026-07-13
R06959,P136,P012,M03549,2026-07-13
R06960,P136,P244,M00696,2026-07-13
R06961,P263,P081,M01099,2026-07-13
R06962,P224,P097,M03293,2026-07-13
R06963,P274,P263,M04129,2026-07-13
R06964,P081,P055,M03623,2026-07-13
R06965,P208,P198,M03802,2026-07-13
R06966,P226,P046,M00050,2026-07-13
R06967,P092,P187,M04905,2026-07-13
R06968,P294,P173,M02176,2026-07-13
R06969,P131,P279,M04581,2026-07-13
R06970,P032,P237,M00362,2026-07-13
R06971,P299,P026,M01600,2026-07-13
R06972,P074,P015,M00839,2026-07-13
R06973,P253,P107,M04103,2026-07-14
R06974,P261,P246,M04437,2026-07-14
R06975,P264,P267,M02016,2026-07-14
R06976,P250,P274,M01429,2026-07-14
R06977,P172,P098,M00248,2026-07-14
R06978,P006,P144,M00706,2026-07-14
R06979,P055,P062,M04991,2026-07-14
R06980,P060,P166,M01842,2026-07-14
R06981,P044,P049,M00648,2026-07-14
R06982,P276,P159,M00757,2026-07-14
R06983,P188,P206,M04058,2026-07-14
R06984,P273,P101,M01425,2026-07-14
R06985,P050,P225,M04890,2026-07-14
R06986,P040,P104,M02096,2026-07-14
R06987,P147,P252,M00626,2026-07-14
R06988,P169,P255,M04850,2026-07-14
R06989,P040,P104,M02505,2026-07-14
R06990,P254,P209,M01104,2026-07-14
R06991,P274,P263,M01429,2026-07-14
R06992,P187,P166,M04774,2026-07-14
R06993,P081,P055,M02023,2026-07-14
R06994,P081,P055,M00463,2026-07-14
R06995,P183,P182,M03074,2026-07-14
R06996,P055,P062,M03319,2026-07-14
R06997,P012,P161,M01458,2026-07-14
R06998,P226,P107,M03670,2026-07-14
R06999,P137,P279,M01230,2026-07-14
R07000,P283,P217,M00557,2026-07-14
R07001,P055,P062,M02023,2026-07-14
R07002,P216,P135,M00203,2026-07-14
R07003,P134,P038,M03858,2026-07-14
R07004,P245,P008,M01642,2026-07-14
R07005,P152,P048,M03079,2026-07-14
R07006,P250,P274,M02023,2026-07-14
R07007,P263,P081,M03270,2026-07-14
R07008,P079,P255,M03281,2026-07-14
R07009,P236,P179,M00027,2026-07-15
R07010,P188,P206,M02351,2026-07-15
R07011,P193,P254,M03884,2026-07-15
R07012,P127,P070,M00573,2026-07-15
R07013,P030,P256,M04079,2026-07-15
R07014,P146,P118,M02856,2026-07-15
R07015,P049,P251,M03616,2026-07-15
R07016,P055,P062,M01440,2026-07-15
R07017,P133,P205,M04603,2026-07-15
R07018,P254,P227,M01390,2026-07-15
R07019,P275,P185,M01444,2026-07-15
R07020,P226,P107,M04427,2026-07-15
R07021,P136,P161,M04088,2026-07-15
R07022,P221,P101,M03659,2026-07-15
R07023,P062,P250,M02991,2026-07-15
R07024,P136,P211,M01453,2026-07-15
R07025,P055,P062,M02896,2026-07-15
R07026,P263,P081,M00057,2026-07-15
R07027,P133,P205,M04944,2026-07-15
R07028,P255,P234,M01144,2026-07-15
R07029,P250,P274,M04898,2026-07-15
R07030,P234,P209,M01447,2026-07-15
R07031,P062,P250,M04159,2026-07-15
R07032,P003,P102,M01353,2026-07-15
R07033,P274,P263,M04162,2026-07-15
R07034,P152,P048,M02863,2026-07-15
R07035,P249,P180,M01119,2026-07-15
R07036,P054,P049,M00550,2026-07-15
R07037,P054,P049,M00439,2026-07-15
R07038,P073,P138,M04860,2026-07-15
R07039,P196,P279,M02600,2026-07-15
R07040,P263,P081,M03319,2026-07-15
R07041,P258,P011,M01428,2026-07-15
R07042,P010,P278,M02797,2026-07-15
R07043,P054,P002,M02397,2026-07-15
R07044,P134,P026,M02012,2026-07-15
R07045,P134,P026,M02263,2026-07-15
R07046,P143,P136,M02436,2026-07-15
R07047,P287,P087,M03963,2026-07-15
R07048,P140,P074,M02096,2026-07-15
R07049,P108,P119,M03411,2026-07-15
R07050,P055,P062,M00042,2026-07-15
R07051,P055,P062,M03387,2026-07-15
R07052,P134,P177,M04897,2026-07-15
R07053,P024,P011,M00628,2026-07-15
R07054,P081,P055,M04745,2026-07-16
R07055,P263,P081,M03533,2026-07-16
R07056,P235,P107,M04492,2026-07-16
R07057,P060,P081,M02525,2026-07-16
R07058,P270,P182,M03382,2026-07-16
R07059,P282,P097,M02903,2026-07-16
R07060,P081,P055,M00228,2026-07-16
R07061,P287,P107,M02727,2026-07-16
R07062,P012,P232,M04962,2026-07-16
R07063,P013,P094,M00877,2026-07-16
R07064,P073,P171,M02458,2026-07-16
R07065,P132,P077,M03278,2026-07-16
R07066,P019,P237,M03609,2026-07-16
R07067,P181,P053,M02491,2026-07-16
R07068,P059,P049,M02573,2026-07-16
R07069,P098,P297,M03430,2026-07-16
R07070,P114,P171,M01214,2026-07-16
R07071,P208,P292,M00600,2026-07-16
R07072,P062,P250,M00463,2026-07-16
R07073,P224,P097,M04589,2026-07-16
R07074,P226,P046,M02068,2026-07-16
R07075,P134,P026,M02281,2026-07-16
R07076,P134,P038,M00755,2026-07-16
R07077,P012,P118,M01282,2026-07-16
R07078,P270,P135,M02381,2026-07-16
R07079,P273,P099,M01949,2026-07-16
R07080,P051,P173,M03049,2026-07-16
R07081,P054,P002,M03267,2026-07-16
R07082,P247,P094,M01133,2026-07-16
R07083,P131,P290,M03752,2026-07-16
R07084,P249,P180,M04437,2026-07-16
R07085,P136,P012,M00207,2026-07-16
R07086,P296,P117,M03676,2026-07-16
R07087,P142,P144,M03866,2026-07-16
R07088,P250,P274,M02371,2026-07-16
R07089,P066,P256,M02413,2026-07-16
R07090,P106,P086,M02326,2026-07-16
R07091,P055,P062,M03044,2026-07-16
R07092,P147,P004,M01508,2026-07-16
R07093,P289,P043,M04401,2026-07-16
R07094,P241,P074,M03493,2026-07-16
R07095,P250,P274,M03387,2026-07-16
R07096,P027,P086,M04900,2026-07-16
R07097,P250,P274,M00228,2026-07-16
R07098,P240,P151,M01055,2026-07-16
R07099,P119,P255,M01483,2026-07-16
R07100,P035,P121,M01083,2026-07-16
R07101,P066,P198,M03090,2026-07-16
R07102,P268,P121,M01347,2026-07-17
R07103,P268,P030,M01338,2026-07-17
R07104,P240,P151,M00275,2026-07-17
R07105,P222,P260,M01821,2026-07-17
R07106,P055,P062,M03041,2026-07-17
R07107,P288,P072,M01827,2026-07-17
R07108,P055,P062,M04632,2026-07-17
R07109,P030,P256,M01684,2026-07-17
R07110,P172,P279,M03417,2026-07-17
R07111,P134,P026,M03608,2026-07-17
R07112,P066,P198,M02210,2026-07-17
R07113,P066,P217,M01071,2026-07-17
R07114,P043,P107,M02797,2026-07-17
R07115,P263,P081,M02025,2026-07-17
R07116,P183,P234,M00669,2026-07-17
R07117,P115,P167,M00790,2026-07-17
R07118,P115,P255,M00179,2026-07-17
R07119,P132,P234,M04187,2026-07-17
R07120,P119,P272,M00477,2026-07-17
R07121,P223,P116,M02730,2026-07-17
R07122,P180,P064,M03544,2026-07-17
R07123,P223,P118,M04060,2026-07-17
R07124,P035,P256,M00685,2026-07-17
R07125,P161,P012,M00207,2026-07-17
R07126,P108,P119,M00121,2026-07-17
R07127,P298,P297,M03843,2026-07-17
R07128,P055,P027,M02899,2026-07-17
R07129,P191,P256,M04401,2026-07-17
R07130,P136,P161,M01344,2026-07-17
R07131,P226,P043,M02210,2026-07-17
R07132,P065,P218,M03593,2026-07-17
R07133,P259,P089,M03963,2026-07-17
R07134,P269,P260,M02969,2026-07-17
R07135,P263,P081,M01099,2026-07-17
R07136,P065,P029,M01193,2026-07-17
R07137,P091,P251,M02756,2026-07-17
R07138,P277,P011,M01835,2026-07-17
R07139,P055,P062,M02896,2026-07-17
R07140,P025,P021,M02534,2026-07-17
R07141,P274,P263,M04898,2026-07-17
R07142,P270,P272,M01823,2026-07-17
R07143,P274,P263,M01571,2026-07-17
R07144,P178,P207,M01074,2026-07-17
R07145,P235,P225,M01129,2026-07-17
R07146,P295,P048,M00073,2026-07-20
R07147,P055,P008,M03233,2026-07-20
R07148,P178,P185,M04211,2026-07-20
R07149,P134,P177,M04475,2026-07-20
R07150,P134,P038,M04843,2026-07-20
R07151,P003,P263,M01842,2026-07-20
R07152,P238,P297,M00462,2026-07-20
R07153,P081,P055,M00465,2026-07-20
R07154,P282,P096,M02723,2026-07-20
R07155,P170,P244,M04873,2026-07-20
R07156,P240,P210,M02851,2026-07-20
R07157,P222,P260,M02100,2026-07-20
R07158,P193,P135,M01069,2026-07-20
R07159,P261,P125,M01673,2026-07-20
R07160,P193,P280,M02520,2026-07-20
R07161,P136,P211,M00241,2026-07-20
R07162,P164,P182,M02524,2026-07-20
R07163,P193,P254,M00579,2026-07-20
R07164,P236,P085,M02500,2026-07-20
R07165,P050,P107,M03174,2026-07-20
R07166,P205,P022,M00316,2026-07-20
R07167,P235,P191,M02607,2026-07-20
R07168,P061,P135,M03883,2026-07-20
R07169,P143,P232,M03095,2026-07-20
R07170,P276,P191,M01585,2026-07-20
R07171,P058,P103,M04943,2026-07-20
R07172,P003,P038,M01353,2026-07-20
R07173,P059,P251,M00762,2026-07-20
R07174,P274,P263,M03050,2026-07-20
R07175,P115,P227,M04085,2026-07-20
R07176,P017,P252,M02790,2026-07-20
R07177,P224,P042,M00412,2026-07-20
R07178,P061,P135,M01789,2026-07-20
R07179,P136,P012,M03575,2026-07-20
R07180,P134,P038,M04929,2026-07-20
R07181,P248,P233,M01745,2026-07-20
R07182,P134,P027,M00629,2026-07-20
R07183,P055,P062,M02023,2026-07-20
R07184,P132,P272,M01535,2026-07-21
R07185,P050,P256,M02093,2026-07-21
R07186,P263,P081,M02371,2026-07-21
R07187,P221,P121,M02833,2026-07-21
R07188,P062,P250,M01440,2026-07-21
R07189,P081,P055,M00228,2026-07-21
R07190,P137,P131,M03106,2026-07-21
R07191,P274,P263,M02991,2026-07-21
R07192,P105,P122,M01569,2026-07-21
R07193,P113,P263,M02531,2026-07-21
R07194,P018,P038,M03092,2026-07-21
R07195,P190,P098,M03482,2026-07-21
R07196,P219,P055,M04843,2026-07-21
R07197,P062,P250,M02896,2026-07-21
R07198,P296,P231,M03598,2026-07-21
R07199,P224,P042,M03686,2026-07-21
R07200,P062,P250,M04593,2026-07-21
R07201,P062,P250,M01328,2026-07-21
R07202,P055,P062,M01878,2026-07-21
R07203,P263,P081,M03758,2026-07-21
R07204,P137,P279,M03882,2026-07-21
R07205,P115,P047,M04240,2026-07-21
R07206,P293,P009,M02405,2026-07-21
R07207,P008,P052,M02980,2026-07-21
R07208,P061,P083,M02822,2026-07-21
R07209,P081,P055,M02446,2026-07-21
R07210,P081,P055,M01826,2026-07-21
R07211,P061,P135,M02822,2026-07-21
R07212,P074,P121,M03467,2026-07-21
R07213,P291,P145,M00264,2026-07-21
R07214,P075,P094,M03018,2026-07-21
R07215,P259,P159,M04638,2026-07-21
R07216,P096,P095,M00560,2026-07-21
R07217,P062,P250,M01440,2026-07-21
R07218,P132,P234,M02621,2026-07-21
R07219,P219,P093,M00959,2026-07-21
R07220,P274,P263,M00228,2026-07-21
R07221,P219,P093,M04729,2026-07-22
R07222,P287,P089,M00559,2026-07-22
R07223,P081,P055,M03044,2026-07-22
R07224,P270,P200,M03080,2026-07-22
R07225,P055,P062,M00228,2026-07-22
R07226,P055,P062,M03319,2026-07-22
R07227,P276,P191,M02062,2026-07-22
R07228,P074,P015,M00348,2026-07-22
R07229,P081,P055,M02885,2026-07-22
R07230,P274,P263,M04991,2026-07-22
R07231,P291,P157,M04537,2026-07-22
R07232,P183,P200,M04525,2026-07-22
R07233,P250,P274,M02446,2026-07-22
R07234,P131,P110,M03089,2026-07-22
R07235,P096,P068,M00192,2026-07-22
R07236,P270,P200,M00748,2026-07-22
R07237,P274,P263,M03248,2026-07-22
R07238,P081,P055,M01659,2026-07-22
R07239,P205,P131,M00742,2026-07-22
R07240,P098,P029,M01980,2026-07-22
R07241,P275,P185,M04677,2026-07-22
R07242,P250,P274,M00262,2026-07-22
R07243,P274,P263,M01878,2026-07-22
R07244,P240,P085,M01523,2026-07-22
R07245,P040,P057,M01425,2026-07-22
R07246,P061,P033,M04293,2026-07-22
R07247,P250,P274,M01429,2026-07-22
R07248,P136,P211,M01047,2026-07-22
R07249,P250,P274,M03356,2026-07-22
R07250,P196,P020,M00827,2026-07-22
R07251,P219,P055,M03861,2026-07-22
R07252,P108,P119,M04273,2026-07-22
R07253,P131,P279,M04779,2026-07-23
R07254,P041,P047,M00690,2026-07-23
R07255,P118,P244,M00384,2026-07-23
R07256,P263,P081,M02741,2026-07-23
R07257,P030,P015,M03620,2026-07-23
R07258,P178,P218,M04433,2026-07-23
R07259,P062,P250,M03319,2026-07-23
R07260,P263,P081,M02991,2026-07-23
R07261,P263,P081,M03041,2026-07-23
R07262,P236,P007,M03073,2026-07-23
R07263,P165,P285,M03924,2026-07-23
R07264,P120,P098,M03081,2026-07-23
R07265,P289,P030,M01979,2026-07-23
R07266,P062,P250,M04898,2026-07-23
R07267,P265,P131,M01082,2026-07-23
R07268,P268,P030,M04693,2026-07-23
R07269,P296,P252,M00630,2026-07-23
R07270,P284,P053,M00822,2026-07-23
R07271,P174,P047,M00846,2026-07-23
R07272,P013,P184,M02568,2026-07-23
R07273,P111,P103,M01867,2026-07-23
R07274,P019,P162,M03451,2026-07-23
R07275,P213,P166,M04229,2026-07-23
R07276,P133,P131,M04807,2026-07-23
R07277,P101,P225,M04640,2026-07-23
R07278,P265,P290,M04956,2026-07-23
R07279,P269,P078,M04032,2026-07-23
R07280,P054,P002,M02016,2026-07-23
R07281,P001,P026,M03188,2026-07-23
R07282,P291,P157,M04579,2026-07-23
R07283,P055,P062,M01636,2026-07-23
R07284,P131,P029,M03452,2026-07-23
R07285,P176,P049,M01975,2026-07-23
R07286,P270,P272,M01566,2026-07-23
R07287,P113,P263,M01845,2026-07-23
R07288,P049,P145,M00178,2026-07-23
R07289,P261,P260,M00029,2026-07-24
R07290,P013,P080,M04014,2026-07-24
R07291,P263,P081,M02991,2026-07-24
R07292,P259,P089,M04166,2026-07-24
R07293,P043,P074,M03963,2026-07-24
R07294,P250,P274,M03044,2026-07-24
R07295,P193,P135,M00579,2026-07-24
R07296,P280,P047,M00802,2026-07-24
R07297,P250,P274,M01752,2026-07-24
R07298,P158,P103,M02977,2026-07-24
R07299,P250,P274,M02446,2026-07-24
R07300,P250,P274,M04897,2026-07-24
R07301,P134,P038,M02151,2026-07-24
R07302,P115,P255,M02404,2026-07-24
R07303,P283,P011,M04348,2026-07-24
R07304,P283,P217,M02586,2026-07-24
R07305,P250,P274,M02078,2026-07-24
R07306,P037,P122,M01233,2026-07-24
R07307,P188,P082,M01278,2026-07-24
R07308,P044,P145,M00608,2026-07-24
R07309,P044,P195,M00074,2026-07-24
R07310,P014,P161,M02958,2026-07-24
R07311,P172,P297,M04603,2026-07-24
R07312,P062,P250,M02075,2026-07-24
R07313,P274,P263,M04897,2026-07-24
R07314,P030,P015,M00744,2026-07-24
R07315,P288,P053,M04455,2026-07-24
R07316,P108,P135,M00748,2026-07-24
R07317,P172,P098,M03458,2026-07-24
R07318,P288,P009,M03580,2026-07-24
R07319,P276,P057,M01693,2026-07-24
R07320,P289,P043,M01079,2026-07-24
R07321,P296,P081,M00818,2026-07-24
R07322,P174,P047,M02524,2026-07-24
R07323,P274,P263,M04487,2026-07-24
R07324,P277,P011,M04968,2026-07-24
R07325,P287,P087,M00559,2026-07-24
R07326,P163,P071,M02197,2026-07-24
R07327,P270,P186,M03736,2026-07-24
R07328,P134,P102,M03405,2026-07-27
R07329,P243,P246,M01731,2026-07-27
R07330,P134,P027,M02481,2026-07-27
R07331,P081,P055,M00181,2026-07-27
R07332,P265,P065,M04719,2026-07-27
R07333,P055,P062,M01752,2026-07-27
R07334,P229,P136,M01047,2026-07-27
R07335,P270,P135,M02172,2026-07-27
R07336,P055,P062,M01995,2026-07-27
R07337,P188,P082,M01816,2026-07-27
R07338,P289,P030,M04961,2026-07-27
R07339,P131,P290,M03893,2026-07-27
R07340,P263,P081,M04162,2026-07-27
R07341,P092,P123,M01545,2026-07-27
R07342,P137,P279,M00328,2026-07-27
R07343,P250,P274,M04991,2026-07-27
R07344,P143,P012,M01594,2026-07-27
R07345,P294,P197,M04052,2026-07-27
R07346,P127,P070,M01582,2026-07-27
R07347,P274,P263,M01995,2026-07-27
R07348,P241,P074,M03592,2026-07-27
R07349,P168,P103,M02340,2026-07-27
R07350,P050,P057,M01603,2026-07-27
R07351,P299,P093,M03030,2026-07-27
R07352,P136,P012,M01316,2026-07-27
R07353,P174,P272,M02524,2026-07-27
R07354,P265,P098,M04603,2026-07-27
R07355,P158,P157,M02667,2026-07-27
R07356,P226,P046,M02791,2026-07-27
R07357,P180,P057,M00757,2026-07-27
R07358,P223,P203,M01305,2026-07-27
R07359,P284,P070,M03492,2026-07-27
R07360,P027,P052,M03785,2026-07-27
R07361,P061,P135,M00006,2026-07-27
R07362,P055,P062,M00163,2026-07-27
R07363,P158,P094,M02667,2026-07-27
R07364,P062,P250,M03664,2026-07-28
R07365,P213,P021,M04614,2026-07-28
R07366,P226,P260,M04344,2026-07-28
R07367,P293,P151,M03334,2026-07-28
R07368,P001,P042,M04765,2026-07-28
R07369,P001,P042,M01207,2026-07-28
R07370,P259,P125,M00236,2026-07-28
R07371,P136,P244,M03155,2026-07-28
R07372,P219,P093,M01330,2026-07-28
R07373,P263,P081,M01826,2026-07-28
R07374,P177,P069,M04624,2026-07-28
R07375,P137,P207,M03531,2026-07-28
R07376,P124,P078,M03852,2026-07-28
R07377,P245,P021,M01642,2026-07-28
R07378,P119,P186,M02758,2026-07-28
R07379,P229,P203,M02886,2026-07-28
R07380,P059,P233,M02703,2026-07-28
R07381,P111,P049,M01744,2026-07-28
R07382,P174,P071,M02445,2026-07-28
R07383,P193,P100,M01566,2026-07-28
R07384,P058,P157,M01465,2026-07-28
R07385,P274,P263,M04051,2026-07-28
R07386,P128,P200,M00842,2026-07-28
R07387,P285,P195,M02421,2026-07-28
R07388,P286,P026,M02227,2026-07-28
R07389,P055,P245,M03671,2026-07-28
R07390,P134,P027,M02528,2026-07-28
R07391,P037,P122,M03049,2026-07-28
R07392,P263,P081,M04129,2026-07-28
R07393,P250,P274,M02078,2026-07-28
R07394,P012,P161,M04332,2026-07-28
R07395,P049,P251,M02578,2026-07-28
R07396,P024,P198,M01160,2026-07-28
R07397,P161,P136,M03897,2026-07-28
R07398,P137,P279,M00328,2026-07-28
R07399,P031,P043,M00013,2026-07-28
R07400,P155,P103,M01383,2026-07-28
R07401,P040,P074,M02893,2026-07-28
R07402,P062,P250,M00228,2026-07-28
R07403,P263,P081,M03497,2026-07-28
R07404,P025,P088,M04376,2026-07-28
R07405,P066,P256,M01351,2026-07-28
R07406,P288,P053,M02128,2026-07-28
R07407,P250,P274,M00042,2026-07-28
R07408,P045,P200,M00125,2026-07-28
R07409,P250,P274,M04593,2026-07-29
R07410,P081,P055,M02078,2026-07-29
R07411,P176,P267,M02234,2026-07-29
R07412,P285,P195,M02235,2026-07-29
R07413,P131,P218,M01201,2026-07-29
R07414,P258,P198,M04827,2026-07-29
R07415,P298,P279,M02759,2026-07-29
R07416,P081,P055,M02896,2026-07-29
R07417,P283,P217,M00332,2026-07-29
R07418,P193,P280,M03411,2026-07-29
R07419,P164,P209,M00482,2026-07-29
R07420,P096,P095,M04706,2026-07-29
R07421,P040,P198,M00732,2026-07-29
R07422,P111,P049,M04357,2026-07-29
R07423,P045,P071,M00815,2026-07-29
R07424,P263,P081,M03356,2026-07-29
R07425,P105,P027,M03758,2026-07-29
R07426,P062,P250,M03664,2026-07-29
R07427,P229,P232,M02468,2026-07-29
R07428,P189,P087,M03711,2026-07-29
R07429,P081,P055,M03576,2026-07-29
R07430,P250,P274,M02991,2026-07-29
R07431,P066,P191,M01372,2026-07-29
R07432,P250,P274,M03623,2026-07-29
R07433,P152,P019,M00055,2026-07-29
R07434,P287,P138,M01351,2026-07-29
R07435,P247,P233,M00377,2026-07-29
R07436,P066,P217,M04493,2026-07-29
R07437,P066,P246,M00978,2026-07-29
R07438,P300,P161,M00231,2026-07-29
R07439,P248,P202,M01745,2026-07-29
R07440,P081,P055,M02692,2026-07-29
R07441,P240,P085,M01601,2026-07-29
R07442,P219,P093,M02991,2026-07-29
R07443,P055,P062,M04991,2026-07-29
R07444,P081,P055,M03405,2026-07-29
R07445,P101,P198,M03467,2026-07-29
R07446,P127,P070,M03238,2026-07-29
R07447,P226,P126,M03314,2026-07-29
R07448,P134,P139,M02263,2026-07-29
R07449,P263,P081,M01752,2026-07-29
R07450,P273,P015,M04124,2026-07-30
R07451,P062,P096,M00226,2026-07-30
R07452,P274,P263,M00463,2026-07-30
R07453,P062,P250,M02023,2026-07-30
R07454,P134,P038,M01826,2026-07-30
R07455,P250,P274,M00262,2026-07-30
R07456,P275,P185,M00003,2026-07-30
R07457,P127,P070,M04978,2026-07-30
R07458,P134,P027,M02347,2026-07-30
R07459,P229,P211,M00040,2026-07-30
R07460,P134,P102,M03166,2026-07-30
R07461,P284,P070,M04473,2026-07-30
R07462,P296,P081,M02713,2026-07-30
R07463,P134,P102,M03827,2026-07-30
R07464,P286,P042,M04773,2026-07-30
R07465,P274,P263,M04129,2026-07-30
R07466,P221,P256,M01984,2026-07-30
R07467,P136,P244,M00031,2026-07-30
R07468,P091,P285,M02563,2026-07-30
R07469,P263,P081,M02371,2026-07-30
R07470,P081,P055,M04991,2026-07-30
R07471,P228,P099,M04969,2026-07-30
R07472,P158,P094,M03800,2026-07-30
R07473,P062,P250,M00057,2026-07-30
R07474,P062,P250,M01878,2026-07-30
R07475,P261,P180,M00119,2026-07-30
R07476,P119,P186,M01570,2026-07-30
R07477,P062,P250,M03248,2026-07-30
R07478,P263,P081,M02025,2026-07-30
R07479,P169,P119,M02696,2026-07-30
R07480,P106,P086,M04851,2026-07-30
R07481,P263,P081,M00810,2026-07-30
R07482,P032,P237,M04728,2026-07-30
R07483,P274,P263,M04051,2026-07-30
R07484,P190,P029,M00316,2026-07-30
R07485,P134,P026,M04123,2026-07-31
R07486,P074,P278,M02138,2026-07-31
R07487,P134,P027,M02497,2026-07-31
R07488,P137,P297,M02793,2026-07-31
R07489,P151,P070,M02962,2026-07-31
R07490,P274,P263,M01636,2026-07-31
R07491,P134,P102,M02347,2026-07-31
R07492,P134,P139,M02984,2026-07-31
R07493,P065,P098,M00625,2026-07-31
R07494,P136,P118,M03095,2026-07-31
R07495,P062,P250,M03050,2026-07-31
R07496,P249,P180,M04063,2026-07-31
R07497,P013,P080,M04254,2026-07-31
R07498,P134,P139,M03623,2026-07-31
R07499,P274,P263,M00228,2026-07-31
R07500,P176,P080,M00225,2026-07-31
R07501,P191,P125,M02506,2026-07-31
R07502,P240,P151,M04960,2026-07-31
R07503,P062,P224,M00756,2026-07-31
R07504,P060,P166,M04389,2026-07-31
R07505,P287,P030,M02506,2026-07-31
R07506,P136,P118,M00040,2026-07-31
R07507,P263,P081,M03405,2026-07-31
R07508,P250,P274,M00810,2026-07-31
R07509,P289,P256,M04961,2026-07-31
R07510,P119,P186,M02927,2026-07-31
R07511,P062,P250,M04632,2026-07-31
R07512,P228,P099,M03539,2026-07-31
R07513,P265,P022,M04783,2026-07-31
R07514,P265,P290,M04430,2026-07-31
R07515,P098,P110,M02507,2026-07-31
R07516,P222,P256,M00552,2026-07-31
R07517,P238,P131,M04196,2026-07-31
R07518,P247,P195,M03869,2026-07-31
R07519,P066,P198,M04206,2026-07-31
R07520,P003,P069,M00200,2026-07-31
R07521,P108,P135,M03237,2026-07-31
R07522,P108,P135,M01345,2026-07-31
R07523,P161,P211,M04610,2026-07-31
R07524,P081,P055,M01752,2026-07-31
R07525,P055,P062,M01857,2026-07-31
R07526,P234,P045,M04139,2026-07-31
R07527,P247,P145,M02735,2026-07-31
R07528,P263,P081,M03041,2026-08-03
R07529,P092,P187,M04898,2026-08-03
R07530,P250,P274,M04729,2026-08-03
R07531,P221,P121,M00946,2026-08-03
R07532,P163,P209,M04620,2026-08-03
R07533,P012,P118,M04316,2026-08-03
R07534,P219,P069,M04260,2026-08-03
R07535,P250,P274,M03405,2026-08-03
R07536,P001,P149,M03956,2026-08-03
R07537,P050,P107,M00371,2026-08-03
R07538,P099,P191,M01737,2026-08-03
R07539,P229,P244,M04921,2026-08-03
R07540,P050,P292,M00916,2026-08-03
R07541,P300,P116,M01685,2026-08-03
R07542,P024,P030,M01351,2026-08-03
R07543,P283,P015,M03496,2026-08-03
R07544,P189,P104,M03711,2026-08-03
R07545,P176,P195,M02905,2026-08-03
R07546,P193,P200,M03142,2026-08-03
R07547,P099,P087,M02699,2026-08-03
R07548,P275,P207,M03651,2026-08-03
R07549,P264,P202,M02905,2026-08-03
R07550,P030,P074,M03392,2026-08-03
R07551,P274,P263,M01857,2026-08-03
R07552,P066,P057,M01241,2026-08-03
R07553,P294,P263,M00766,2026-08-03
R07554,P055,P062,M00228,2026-08-03
R07555,P274,P263,M02075,2026-08-03
R07556,P081,P055,M02741,2026-08-03
R07557,P270,P272,M01858,2026-08-03
R07558,P136,P244,M02415,2026-08-03
R07559,P049,P103,M00769,2026-08-03
R07560,P003,P076,M02127,2026-08-03
R07561,P199,P122,M00777,2026-08-03
R07562,P040,P057,M01477,2026-08-03
R07563,P284,P271,M00549,2026-08-03
R07564,P142,P144,M04556,2026-08-03
R07565,P268,P046,M04134,2026-08-03
R07566,P143,P136,M04964,2026-08-03
R07567,P061,P033,M03883,2026-08-03
R07568,P031,P046,M04480,2026-08-03
R07569,P266,P198,M00943,2026-08-03
R07570,P073,P011,M04069,2026-08-04
R07571,P250,P274,M01759,2026-08-04
R07572,P275,P207,M01599,2026-08-04
R07573,P250,P274,M04991,2026-08-04
R07574,P250,P274,M03319,2026-08-04
R07575,P081,P055,M01571,2026-08-04
R07576,P250,P274,M01710,2026-08-04
R07577,P099,P138,M00012,2026-08-04
R07578,P189,P087,M00304,2026-08-04
R07579,P296,P252,M03600,2026-08-04
R07580,P092,P021,M01729,2026-08-04
R07581,P250,P274,M02807,2026-08-04
R07582,P093,P021,M03557,2026-08-04
R07583,P055,P062,M04129,2026-08-04
R07584,P137,P279,M03916,2026-08-04
R07585,P136,P232,M03678,2026-08-04
R07586,P296,P063,M00764,2026-08-04
R07587,P250,P274,M02135,2026-08-04
R07588,P270,P200,M03199,2026-08-04
R07589,P136,P161,M03911,2026-08-04
R07590,P273,P099,M00966,2026-08-04
R07591,P024,P198,M01351,2026-08-04
R07592,P222,P260,M02060,2026-08-04
R07593,P193,P254,M03411,2026-08-04
R07594,P300,P161,M04623,2026-08-04
R07595,P219,P166,M02820,2026-08-04
R07596,P181,P034,M04007,2026-08-04
R07597,P055,P062,M00262,2026-08-04
R07598,P180,P107,M01266,2026-08-04
R07599,P040,P057,M04790,2026-08-04
R07600,P035,P256,M00116,2026-08-04
R07601,P081,P055,M04051,2026-08-04
R07602,P062,P250,M02173,2026-08-04
R07603,P176,P080,M03980,2026-08-04
R07604,P006,P262,M04642,2026-08-04
R07605,P066,P217,M00358,2026-08-04
R07606,P096,P095,M02474,2026-08-04
R07607,P250,P274,M01926,2026-08-04
R07608,P062,P250,M02075,2026-08-04
R07609,P081,P055,M01429,2026-08-05
R07610,P055,P062,M03576,2026-08-05
R07611,P148,P119,M01574,2026-08-05
R07612,P055,P062,M02692,2026-08-05
R07613,P274,P263,M04898,2026-08-05
R07614,P274,P263,M00463,2026-08-05
R07615,P027,P096,M02326,2026-08-05
R07616,P101,P198,M00689,2026-08-05
R07617,P263,P081,M01857,2026-08-05
R07618,P250,P274,M01328,2026-08-05
R07619,P258,P198,M01265,2026-08-05
R07620,P096,P173,M02723,2026-08-05
R07621,P284,P070,M04798,2026-08-05
R07622,P096,P068,M01828,2026-08-05
R07623,P127,P070,M03321,2026-08-05
R07624,P274,P263,M00810,2026-08-05
R07625,P216,P186,M00662,2026-08-05
R07626,P013,P094,M04541,2026-08-05
R07627,P115,P255,M00117,2026-08-05
R07628,P174,P047,M02449,2026-08-05
R07629,P035,P121,M01573,2026-08-05
R07630,P136,P244,M02856,2026-08-05
R07631,P066,P057,M00119,2026-08-05
R07632,P222,P256,M03620,2026-08-05
R07633,P222,P260,M01333,2026-08-05
R07634,P055,P062,M02075,2026-08-05
R07635,P275,P297,M00986,2026-08-05
R07636,P275,P297,M01262,2026-08-05
R07637,P191,P125,M02259,2026-08-05
R07638,P175,P026,M02118,2026-08-05
R07639,P175,P076,M03399,2026-08-05
R07640,P250,P274,M03387,2026-08-05
R07641,P274,P263,M01857,2026-08-05
R07642,P273,P015,M04103,2026-08-05
R07643,P293,P007,M02288,2026-08-05
R07644,P114,P057,M04345,2026-08-05
R07645,P010,P217,M01298,2026-08-05
R07646,P247,P157,M00101,2026-08-05
R07647,P296,P231,M02164,2026-08-05
R07648,P296,P231,M02164,2026-08-05
R07649,P263,P081,M02025,2026-08-05
R07650,P250,P242,M00655,2026-08-06
R07651,P199,P123,M00997,2026-08-06
R07652,P274,P263,M01571,2026-08-06
R07653,P274,P263,M02173,2026-08-06
R07654,P124,P046,M00633,2026-08-06
R07655,P247,P080,M03227,2026-08-06
R07656,P219,P093,M00959,2026-08-06
R07657,P091,P103,M02756,2026-08-06
R07658,P104,P030,M04307,2026-08-06
R07659,P065,P020,M02802,2026-08-06
R07660,P055,P062,M00181,2026-08-06
R07661,P250,P274,M01926,2026-08-06
R07662,P293,P007,M04814,2026-08-06
R07663,P055,P062,M02885,2026-08-06
R07664,P006,P162,M03110,2026-08-06
R07665,P180,P125,M00288,2026-08-06
R07666,P035,P256,M01768,2026-08-06
R07667,P254,P209,M01837,2026-08-06
R07668,P081,P055,M03356,2026-08-06
R07669,P132,P200,M03998,2026-08-06
R07670,P115,P227,M02689,2026-08-06
R07671,P062,P250,M03041,2026-08-06
R07672,P055,P245,M00130,2026-08-06
R07673,P013,P080,M01406,2026-08-06
R07674,P081,P055,M03319,2026-08-06
R07675,P055,P062,M02075,2026-08-06
R07676,P274,P263,M00465,2026-08-06
R07677,P131,P218,M00680,2026-08-06
R07678,P295,P082,M01323,2026-08-06
R07679,P148,P071,M01574,2026-08-06
R07680,P258,P171,M01612,2026-08-06
R07681,P080,P002,M01188,2026-08-06
R07682,P099,P087,M03667,2026-08-06
R07683,P161,P211,M04107,2026-08-06
R07684,P263,P081,M02991,2026-08-06
R07685,P091,P285,M03800,2026-08-06
R07686,P055,P062,M00463,2026-08-06
R07687,P263,P081,M03497,2026-08-06
R07688,P136,P232,M01076,2026-08-06
R07689,P065,P020,M01971,2026-08-06
R07690,P276,P159,M01214,2026-08-06
R07691,P049,P145,M04198,2026-08-06
R07692,P134,P026,M00181,2026-08-06
R07693,P055,P027,M03568,2026-08-07
R07694,P164,P119,M03400,2026-08-07
R07695,P001,P026,M00767,2026-08-07
R07696,P255,P186,M02696,2026-08-07
R07697,P299,P197,M03710,2026-08-07
R07698,P039,P194,M01816,2026-08-07
R07699,P298,P185,M03843,2026-08-07
R07700,P075,P251,M04066,2026-08-07
R07701,P081,P055,M01826,2026-08-07
R07702,P250,P274,M04162,2026-08-07
R07703,P062,P250,M04162,2026-08-07
R07704,P081,P055,M03758,2026-08-07
R07705,P062,P250,M00262,2026-08-07
R07706,P081,P055,M02741,2026-08-07
R07707,P081,P055,M02371,2026-08-07
R07708,P226,P046,M02064,2026-08-07
R07709,P074,P015,M02284,2026-08-07
R07710,P074,P015,M00839,2026-08-07
R07711,P098,P029,M04717,2026-08-07
R07712,P018,P197,M04774,2026-08-07
R07713,P081,P055,M00042,2026-08-07
R07714,P060,P081,M04230,2026-08-07
R07715,P073,P138,M02486,2026-08-07
R07716,P291,P157,M02511,2026-08-07
R07717,P129,P151,M02683,2026-08-07
R07718,P219,P093,M04905,2026-08-07
R07719,P274,P263,M01857,2026-08-07
R07720,P245,P004,M02438,2026-08-07
R07721,P134,P102,M01030,2026-08-07
R07722,P028,P026,M02474,2026-08-07
R07723,P028,P134,M01520,2026-08-07
R07724,P273,P101,M04417,2026-08-07
R07725,P127,P070,M02880,2026-08-07
R07726,P240,P009,M01894,2026-08-07
R07727,P003,P102,M00192,2026-08-07
R07728,P099,P268,M00201,2026-08-07
R07729,P274,P263,M02135,2026-08-07
R07730,P250,P274,M03248,2026-08-10
R07731,P250,P274,M02807,2026-08-10
R07732,P296,P231,M00359,2026-08-10
R07733,P062,P250,M04565,2026-08-10
R07734,P001,P021,M03804,2026-08-10
R07735,P062,P250,M02135,2026-08-10
R07736,P062,P250,M02023,2026-08-10
R07737,P062,P250,M02991,2026-08-10
R07738,P081,P055,M02135,2026-08-10
R07739,P250,P274,M00042,2026-08-10
R07740,P136,P232,M02730,2026-08-10
R07741,P261,P171,M04438,2026-08-10
R07742,P208,P292,M00599,2026-08-10
R07743,P043,P138,M00119,2026-08-10
R07744,P158,P157,M03619,2026-08-10
R07745,P287,P089,M00633,2026-08-10
R07746,P137,P279,M03534,2026-08-10
R07747,P142,P082,M04924,2026-08-10
R07748,P030,P015,M00487,2026-08-10
R07749,P045,P234,M03173,2026-08-10
R07750,P263,P081,M01099,2026-08-10
R07751,P248,P233,M02578,2026-08-10
R07752,P263,P081,M04330,2026-08-10
R07753,P259,P089,M01664,2026-08-10
R07754,P081,P055,M04632,2026-08-10
R07755,P050,P217,M04401,2026-08-10
R07756,P136,P211,M02137,2026-08-10
R07757,P013,P080,M02756,2026-08-10
R07758,P263,P081,M02075,2026-08-10
R07759,P263,P081,M01759,2026-08-10
R07760,P014,P232,M00551,2026-08-10
R07761,P140,P015,M04401,2026-08-10
R07762,P263,P081,M01995,2026-08-10
R07763,P150,P285,M04915,2026-08-10
R07764,P037,P123,M02355,2026-08-10
R07765,P257,P173,M01765,2026-08-10
R07766,P274,P263,M00057,2026-08-10
R07767,P055,P062,M01878,2026-08-10
R07768,P096,P095,M00810,2026-08-10
R07769,P081,P055,M04162,2026-08-10
R07770,P035,P171,M00201,2026-08-10
R07771,P288,P009,M04985,2026-08-10
R07772,P208,P292,M03984,2026-08-10
R07773,P263,P081,M02173,2026-08-10
R07774,P056,P220,M03606,2026-08-10
R07775,P296,P117,M04906,2026-08-11
R07776,P296,P063,M03240,2026-08-11
R07777,P259,P159,M00202,2026-08-11
R07778,P062,P250,M01926,2026-08-11
R07779,P188,P112,M04349,2026-08-11
R07780,P027,P096,M02663,2026-08-11
R07781,P050,P225,M01298,2026-08-11
R07782,P050,P078,M01339,2026-08-11
R07783,P137,P131,M04876,2026-08-11
R07784,P137,P297,M00003,2026-08-11
R07785,P108,P100,M01324,2026-08-11
R07786,P055,P062,M02692,2026-08-11
R07787,P134,P102,M01680,2026-08-11
R07788,P250,P231,M00783,2026-08-11
R07789,P134,P026,M03910,2026-08-11
R07790,P054,P049,M01080,2026-08-11
R07791,P259,P064,M01614,2026-08-11
R07792,P190,P098,M01281,2026-08-11
R07793,P226,P126,M02430,2026-08-11
R07794,P041,P272,M00602,2026-08-11
R07795,P263,P081,M03387,2026-08-11
R07796,P235,P191,M03547,2026-08-11
R07797,P055,P062,M04991,2026-08-11
R07798,P147,P004,M00960,2026-08-11
R07799,P079,P045,M00295,2026-08-11
R07800,P250,P274,M00163,2026-08-11
R07801,P238,P110,M03482,2026-08-11
R07802,P150,P285,M05000,2026-08-11
R07803,P274,P263,M03270,2026-08-11
R07804,P263,P081,M01099,2026-08-11
R07805,P143,P232,M04818,2026-08-11
R07806,P163,P209,M01566,2026-08-11
R07807,P055,P062,M00181,2026-08-11
R07808,P250,P274,M00262,2026-08-11
R07809,P134,P038,M01488,2026-08-11
R07810,P104,P260,M00119,2026-08-11
R07811,P128,P200,M00006,2026-08-11
R07812,P041,P200,M04272,2026-08-11
R07813,P175,P173,M02118,2026-08-11
R07814,P032,P262,M04374,2026-08-11
R07815,P222,P260,M00982,2026-08-11
R07816,P296,P252,M01488,2026-08-11
R07817,P243,P278,M02643,2026-08-11
R07818,P128,P167,M00475,2026-08-11
R07819,P152,P262,M00576,2026-08-11
R07820,P274,P263,M01713,2026-08-11
R07821,P296,P081,M03049,2026-08-11
R07822,P081,P055,M03356,2026-08-11
R07823,P250,P274,M00163,2026-08-11
R07824,P265,P131,M00627,2026-08-11
R07825,P006,P201,M03866,2026-08-11
R07826,P275,P297,M04876,2026-08-11
R07827,P161,P136,M00902,2026-08-12
R07828,P161,P244,M00488,2026-08-12
R07829,P275,P207,M00265,2026-08-12
R07830,P254,P167,M03809,2026-08-12
R07831,P250,P274,M01926,2026-08-12
R07832,P134,P038,M03041,2026-08-12
R07833,P134,P177,M04250,2026-08-12
R07834,P111,P233,M01040,2026-08-12
R07835,P219,P166,M03731,2026-08-12
R07836,P164,P182,M03845,2026-08-12
R07837,P027,P096,M00472,2026-08-12
R07838,P023,P110,M01908,2026-08-12
R07839,P270,P272,M00154,2026-08-12
R07840,P269,P107,M03544,2026-08-12
R07841,P136,P118,M01756,2026-08-12
R07842,P142,P144,M01137,2026-08-12
R07843,P081,P055,M01995,2026-08-12
R07844,P115,P047,M03799,2026-08-12
R07845,P263,P081,M02807,2026-08-12
R07846,P247,P195,M01095,2026-08-12
R07847,P258,P159,M00458,2026-08-12
R07848,P062,P250,M04897,2026-08-12
R07849,P188,P206,M01862,2026-08-12
R07850,P248,P202,M02376,2026-08-12
R07851,P120,P238,M02826,2026-08-12
R07852,P263,P081,M03664,2026-08-12
R07853,P151,P016,M04338,2026-08-12
R07854,P133,P238,M04318,2026-08-12
R07855,P183,P182,M04916,2026-08-12
R07856,P254,P033,M04098,2026-08-12
R07857,P298,P022,M01023,2026-08-12
R07858,P223,P118,M02162,2026-08-12
R07859,P299,P252,M01488,2026-08-12
R07860,P062,P250,M00228,2026-08-12
R07861,P281,P233,M04943,2026-08-12
R07862,P044,P145,M00877,2026-08-12
R07863,P037,P122,M03844,2026-08-12
R07864,P062,P250,M03041,2026-08-12
R07865,P101,P256,M04438,2026-08-12
R07866,P055,P062,M03319,2026-08-12
R07867,P028,P134,M04929,2026-08-13
R07868,P221,P171,M02893,2026-08-13
R07869,P150,P195,M04185,2026-08-13
R07870,P081,P055,M01659,2026-08-13
R07871,P146,P118,M00826,2026-08-13
R07872,P265,P238,M00680,2026-08-13
R07873,P263,P081,M02692,2026-08-13
R07874,P112,P220,M04780,2026-08-13
R07875,P263,P081,M04745,2026-08-13
R07876,P152,P019,M01501,2026-08-13
R07877,P152,P201,M01085,2026-08-13
R07878,P247,P195,M02247,2026-08-13
R07879,P249,P180,M00723,2026-08-13
R07880,P261,P246,M01785,2026-08-13
R07881,P062,P250,M01857,2026-08-13
R07882,P062,P250,M03248,2026-08-13
R07883,P062,P250,M01926,2026-08-13
R07884,P031,P057,M02985,2026-08-13
R07885,P096,P068,M00192,2026-08-13
R07886,P250,P274,M03758,2026-08-13
R07887,P081,P055,M00465,2026-08-13
R07888,P136,P161,M02279,2026-08-13
R07889,P229,P203,M04004,2026-08-13
R07890,P177,P242,M00545,2026-08-13
R07891,P263,P081,M00465,2026-08-13
R07892,P113,P093,M01517,2026-08-13
R07893,P081,P055,M00810,2026-08-13
R07894,P081,P055,M01752,2026-08-13
R07895,P283,P015,M04801,2026-08-13
R07896,P114,P171,M00558,2026-08-13
R07897,P115,P255,M00968,2026-08-13
R07898,P134,P139,M03859,2026-08-13
R07899,P134,P027,M04326,2026-08-13
R07900,P174,P047,M03138,2026-08-13
R07901,P134,P038,M03456,2026-08-13
R07902,P250,P274,M02807,2026-08-13
R07903,P018,P197,M01642,2026-08-13
R07904,P263,P081,M03041,2026-08-13
R07905,P114,P171,M04258,2026-08-13
R07906,P276,P050,M01585,2026-08-13
R07907,P073,P074,M02079,2026-08-13
R07908,P055,P062,M01636,2026-08-13
R07909,P270,P200,M03607,2026-08-13
R07910,P119,P234,M01148,2026-08-13
R07911,P193,P280,M00136,2026-08-13
R07912,P081,P055,M00465,2026-08-13
R07913,P080,P145,M02583,2026-08-13
R07914,P188,P262,M02322,2026-08-14
R07915,P131,P290,M00328,2026-08-14
R07916,P212,P217,M04523,2026-08-14
R07917,P027,P086,M02309,2026-08-14
R07918,P216,P186,M00705,2026-08-14
R07919,P136,P116,M01516,2026-08-14
R07920,P284,P271,M00740,2026-08-14
R07921,P055,P062,M01659,2026-08-14
R07922,P289,P043,M03674,2026-08-14
R07923,P274,P263,M01710,2026-08-14
R07924,P274,P263,M00262,2026-08-14
R07925,P250,P274,M04159,2026-08-14
R07926,P208,P256,M01637,2026-08-14
R07927,P263,P081,M01995,2026-08-14
R07928,P258,P159,M04907,2026-08-14
R07929,P055,P062,M02741,2026-08-14
R07930,P098,P110,M00807,2026-08-14
R07931,P263,P081,M00057,2026-08-14
R07932,P172,P098,M01882,2026-08-14
R07933,P284,P271,M01617,2026-08-14
R07934,P060,P027,M03753,2026-08-14
R07935,P219,P069,M03201,2026-08-14
R07936,P062,P250,M02807,2026-08-14
R07937,P249,P180,M04506,2026-08-14
R07938,P214,P141,M01528,2026-08-14
R07939,P214,P141,M01493,2026-08-14
R07940,P137,P279,M00330,2026-08-14
R07941,P062,P250,M01328,2026-08-14
R07942,P108,P135,M01267,2026-08-14
R07943,P240,P085,M01055,2026-08-14
R07944,P062,P250,M01636,2026-08-14
R07945,P265,P098,M00625,2026-08-14
R07946,P128,P209,M01069,2026-08-14
R07947,P096,P068,M03365,2026-08-14
R07948,P066,P125,M04842,2026-08-14
R07949,P134,P038,M02453,2026-08-14
R07950,P236,P230,M03137,2026-08-14
R07951,P062,P250,M04159,2026-08-14
R07952,P050,P057,M04820,2026-08-17
R07953,P140,P064,M01160,2026-08-17
R07954,P073,P171,M04969,2026-08-17
R07955,P299,P109,M00909,2026-08-17
R07956,P108,P100,M01069,2026-08-17
R07957,P055,P062,M02446,2026-08-17
R07958,P136,P211,M02282,2026-08-17
R07959,P284,P271,M02615,2026-08-17
R07960,P137,P297,M00220,2026-08-17
R07961,P062,P250,M04991,2026-08-17
R07962,P120,P110,M04311,2026-08-17
R07963,P062,P250,M03533,2026-08-17
R07964,P081,P055,M02807,2026-08-17
R07965,P065,P029,M02168,2026-08-17
R07966,P274,P263,M01328,2026-08-17
R07967,P187,P081,M00061,2026-08-17
R07968,P274,P263,M02692,2026-08-17
R07969,P250,P274,M01636,2026-08-17
R07970,P212,P087,M00861,2026-08-17
R07971,P075,P233,M03999,2026-08-17
R07972,P250,P274,M03758,2026-08-17
R07973,P061,P083,M00089,2026-08-17
R07974,P268,P030,M04134,2026-08-17
R07975,P263,P081,M04051,2026-08-17
R07976,P044,P145,M04639,2026-08-17
R07977,P081,P055,M01636,2026-08-17
R07978,P044,P049,M04171,2026-08-17
R07979,P044,P049,M04564,2026-08-17
R07980,P081,P055,M03576,2026-08-17
R07981,P263,P081,M03576,2026-08-17
R07982,P055,P062,M00181,2026-08-17
R07983,P274,P263,M01878,2026-08-17
R07984,P236,P009,M04507,2026-08-17
R07985,P236,P210,M03071,2026-08-17
R07986,P074,P292,M02079,2026-08-17
R07987,P091,P195,M04029,2026-08-17
R07988,P081,P055,M04162,2026-08-17
R07989,P081,P055,M03405,2026-08-17
R07990,P062,P250,M03758,2026-08-17
R07991,P129,P070,M01991,2026-08-17
R07992,P165,P285,M04758,2026-08-17
R07993,P024,P011,M03426,2026-08-17
R07994,P236,P230,M03478,2026-08-17
R07995,P027,P052,M01109,2026-08-17
R07996,P243,P246,M04001,2026-08-17
R07997,P081,P055,M02135,2026-08-17
R07998,P274,P263,M01099,2026-08-17
R07999,P249,P121,M00699,2026-08-18
R08000,P289,P043,M02058,2026-08-18
R08001,P250,P242,M00783,2026-08-18
R08002,P062,P250,M00057,2026-08-18
R08003,P289,P256,M03674,2026-08-18
R08004,P250,P095,M03835,2026-08-18
R08005,P188,P215,M00320,2026-08-18
R08006,P274,P263,M04632,2026-08-18
R08007,P263,P081,M03387,2026-08-18
R08008,P263,P081,M03050,2026-08-18
R08009,P248,P002,M01062,2026-08-18
R08010,P133,P131,M03296,2026-08-18
R08011,P010,P057,M04286,2026-08-18
R08012,P006,P162,M03048,2026-08-18
R08013,P081,P055,M01571,2026-08-18
R08014,P081,P055,M01099,2026-08-18
R08015,P137,P279,M01154,2026-08-18
R08016,P074,P015,M02386,2026-08-18
R08017,P274,P263,M03623,2026-08-18
R08018,P124,P078,M00334,2026-08-18
R08019,P226,P126,M01079,2026-08-18
R08020,P073,P011,M00681,2026-08-18
R08021,P146,P012,M01027,2026-08-18
R08022,P133,P131,M04567,2026-08-18
R08023,P045,P071,M03237,2026-08-18
R08024,P196,P020,M00471,2026-08-18
R08025,P274,P263,M02118,2026-08-18
R08026,P055,P062,M03576,2026-08-18
R08027,P111,P002,M02941,2026-08-18
R08028,P274,P263,M00057,2026-08-18
R08029,P250,P274,M03497,2026-08-18
R08030,P030,P074,M01340,2026-08-18
R08031,P250,P274,M02741,2026-08-18
R08032,P081,P055,M01752,2026-08-18
R08033,P265,P098,M04067,2026-08-18
R08034,P014,P232,M00525,2026-08-18
R08035,P274,P263,M03576,2026-08-18
R08036,P127,P070,M02466,2026-08-18
R08037,P274,P263,M01099,2026-08-18
R08038,P056,P220,M04043,2026-08-18
R08039,P263,P081,M02075,2026-08-18
R08040,P080,P145,M02174,2026-08-18
R08041,P090,P278,M02505,2026-08-18
R08042,P136,P211,M01300,2026-08-18
R08043,P066,P246,M01314,2026-08-18
R08044,P134,P027,M00960,2026-08-18
R08045,P229,P203,M03831,2026-08-19
R08046,P023,P110,M04807,2026-08-19
R08047,P170,P244,M01722,2026-08-19
R08048,P074,P246,M04749,2026-08-19
R08049,P049,P267,M01988,2026-08-19
R08050,P161,P211,M03743,2026-08-19
R08051,P127,P070,M02996,2026-08-19
R08052,P006,P237,M00362,2026-08-19
R08053,P243,P089,M00990,2026-08-19
R08054,P250,P274,M00463,2026-08-19
R08055,P270,P077,M03849,2026-08-19
R08056,P041,P119,M00605,2026-08-19
R08057,P134,P038,M01801,2026-08-19
R08058,P079,P083,M00617,2026-08-19
R08059,P055,P062,M04745,2026-08-19
R08060,P111,P233,M02367,2026-08-19
R08061,P178,P185,M02539,2026-08-19
R08062,P146,P203,M00184,2026-08-19
R08063,P268,P121,M00458,2026-08-19
R08064,P165,P195,M03413,2026-08-19
R08065,P235,P278,M04969,2026-08-19
R08066,P045,P234,M02929,2026-08-19
R08067,P045,P234,M03178,2026-08-19
R08068,P287,P087,M04495,2026-08-19
R08069,P062,P274,M01252,2026-08-19
R08070,P263,P081,M03050,2026-08-19
R08071,P172,P297,M01311,2026-08-19
R08072,P062,P250,M02692,2026-08-19
R08073,P274,P263,M01752,2026-08-19
R08074,P283,P217,M04523,2026-08-19
R08075,P136,P161,M04802,2026-08-19
R08076,P062,P250,M00262,2026-08-19
R08077,P108,P119,M03577,2026-08-19
R08078,P276,P159,M04534,2026-08-19
R08079,P172,P279,M01000,2026-08-19
R08080,P017,P086,M00204,2026-08-19
R08081,P062,P250,M02118,2026-08-19
R08082,P190,P218,M04010,2026-08-19
R08083,P062,P250,M01713,2026-08-19
R08084,P013,P267,M04137,2026-08-19
R08085,P274,P263,M01759,2026-08-19
R08086,P161,P012,M03983,2026-08-19
R08087,P293,P007,M04629,2026-08-19
R08088,P066,P256,M00536,2026-08-19
R08089,P081,P055,M00228,2026-08-19
R08090,P300,P116,M04503,2026-08-19
R08091,P268,P046,M00600,2026-08-20
R08092,P274,P263,M00163,2026-08-20
R08093,P014,P012,M03911,2026-08-20
R08094,P101,P292,M04206,2026-08-20
R08095,P274,P263,M03758,2026-08-20
R08096,P055,P062,M00810,2026-08-20
R08097,P269,P050,M01314,2026-08-20
R08098,P134,P027,M04905,2026-08-20
R08099,P066,P198,M02893,2026-08-20
R08100,P093,P153,M03903,2026-08-20
R08101,P257,P173,M02736,2026-08-20
R08102,P111,P267,M00608,2026-08-20
R08103,P177,P109,M01482,2026-08-20
R08104,P008,P231,M00376,2026-08-20
R08105,P236,P179,M02627,2026-08-20
R08106,P219,P069,M02494,2026-08-20
R08107,P062,P250,M02741,2026-08-20
R08108,P147,P242,M02590,2026-08-20
R08109,P050,P107,M02321,2026-08-20
R08110,P032,P194,M04252,2026-08-20
R08111,P175,P139,M03602,2026-08-20
R08112,P207,P218,M01182,2026-08-20
R08113,P226,P043,M00391,2026-08-20
R08114,P175,P096,M04853,2026-08-20
R08115,P250,P274,M03497,2026-08-20
R08116,P091,P195,M04072,2026-08-20
R08117,P161,P211,M02468,2026-08-20
R08118,P055,P062,M04897,2026-08-20
R08119,P055,P062,M00228,2026-08-20
R08120,P243,P101,M01003,2026-08-20
R08121,P247,P251,M00453,2026-08-20
R08122,P134,P038,M00133,2026-08-20
R08123,P170,P012,M02800,2026-08-20
R08124,P264,P202,M01718,2026-08-20
R08125,P276,P159,M04401,2026-08-20
R08126,P283,P015,M03130,2026-08-20
R08127,P276,P159,M00485,2026-08-20
R08128,P055,P062,M04051,2026-08-20
R08129,P250,P274,M04162,2026-08-20
R08130,P136,P211,M00207,2026-08-20
R08131,P274,P263,M01878,2026-08-20
R08132,P096,P068,M00274,2026-08-20
R08133,P127,P009,M00824,2026-08-21
R08134,P250,P274,M04330,2026-08-21
R08135,P058,P202,M04533,2026-08-21
R08136,P263,P081,M01636,2026-08-21
R08137,P234,P280,M02024,2026-08-21
R08138,P192,P007,M03416,2026-08-21
R08139,P263,P081,M02023,2026-08-21
R08140,P250,P274,M02075,2026-08-21
R08141,P062,P250,M02118,2026-08-21
R08142,P226,P043,M04577,2026-08-21
R08143,P062,P250,M02023,2026-08-21
R08144,P289,P043,M00536,2026-08-21
R08145,P274,P263,M01752,2026-08-21
R08146,P274,P263,M04487,2026-08-21
R08147,P140,P074,M00536,2026-08-21
R08148,P014,P161,M02279,2026-08-21
R08149,P055,P062,M03576,2026-08-21
R08150,P120,P098,M04479,2026-08-21
R08151,P282,P088,M03931,2026-08-21
R08152,P055,P062,M03270,2026-08-21
R08153,P055,P062,M03576,2026-08-21
R08154,P253,P278,M02305,2026-08-21
R08155,P055,P062,M03664,2026-08-21
R08156,P294,P197,M02907,2026-08-21
R08157,P131,P279,M04807,2026-08-21
R08158,P134,P139,M01233,2026-08-21
R08159,P136,P012,M04887,2026-08-21
R08160,P136,P012,M00696,2026-08-21
R08161,P136,P012,M04966,2026-08-21
R08162,P259,P159,M01003,2026-08-21
R08163,P112,P048,M01348,2026-08-21
R08164,P081,P055,M04991,2026-08-21
R08165,P105,P093,M01186,2026-08-21
R08166,P286,P004,M03388,2026-08-21
R08167,P274,P263,M04745,2026-08-21
R08168,P287,P030,M02050,2026-08-21
R08169,P058,P202,M01466,2026-08-24
R08170,P027,P096,M00472,2026-08-24
R08171,P208,P198,M01477,2026-08-24
R08172,P074,P292,M01612,2026-08-24
R08173,P236,P210,M01824,2026-08-24
R08174,P062,P250,M00463,2026-08-24
R08175,P092,P187,M00135,2026-08-24
R08176,P075,P233,M04390,2026-08-24
R08177,P190,P098,M04104,2026-08-24
R08178,P055,P062,M04745,2026-08-24
R08179,P288,P230,M01724,2026-08-24
R08180,P055,P062,M04159,2026-08-24
R08181,P133,P205,M00869,2026-08-24
R08182,P133,P205,M03207,2026-08-24
R08183,P062,P250,M01636,2026-08-24
R08184,P065,P098,M00625,2026-08-24
R08185,P134,P038,M03363,2026-08-24
R08186,P055,P062,M04129,2026-08-24
R08187,P062,P250,M02807,2026-08-24
R08188,P172,P279,M04148,2026-08-24
R08189,P263,P081,M03319,2026-08-24
R08190,P062,P086,M02139,2026-08-24
R08191,P061,P033,M00033,2026-08-24
R08192,P208,P198,M03802,2026-08-24
R08193,P039,P082,M04169,2026-08-24
R08194,P081,P055,M03664,2026-08-24
R08195,P263,P081,M00262,2026-08-24
R08196,P226,P107,M03485,2026-08-24
R08197,P081,P055,M00463,2026-08-24
R08198,P118,P116,M00651,2026-08-24
R08199,P263,P081,M04330,2026-08-24
R08200,P099,P087,M02298,2026-08-24
R08201,P263,P081,M03270,2026-08-24
R08202,P081,P055,M02741,2026-08-24
R08203,P228,P104,M03628,2026-08-24
R08204,P115,P255,M00958,2026-08-24
R08205,P152,P019,M01723,2026-08-24
R08206,P226,P046,M04582,2026-08-24
R08207,P115,P255,M03142,2026-08-24
R08208,P284,P016,M02181,2026-08-24
R08209,P074,P015,M02386,2026-08-24
R08210,P266,P198,M00485,2026-08-24
R08211,P155,P157,M01398,2026-08-24
R08212,P300,P116,M00394,2026-08-24
R08213,P188,P194,M04429,2026-08-24
R08214,P118,P244,M02514,2026-08-24
R08215,P043,P260,M02424,2026-08-24
R08216,P250,P274,M01759,2026-08-24
R08217,P013,P094,M04651,2026-08-24
R08218,P170,P116,M04316,2026-08-25
R08219,P081,P055,M03270,2026-08-25
R08220,P274,P263,M02135,2026-08-25
R08221,P081,P055,M00463,2026-08-25
R08222,P136,P244,M02242,2026-08-25
R08223,P270,P182,M01823,2026-08-25
R08224,P075,P145,M04390,2026-08-25
R08225,P028,P224,M04713,2026-08-25
R08226,P127,P070,M03354,2026-08-25
R08227,P134,P177,M00761,2026-08-25
R08228,P214,P252,M03638,2026-08-25
R08229,P219,P166,M02558,2026-08-25
R08230,P081,P055,M03533,2026-08-25
R08231,P150,P049,M00225,2026-08-25
R08232,P115,P047,M02189,2026-08-25
R08233,P174,P071,M03474,2026-08-25
R08234,P081,P055,M02371,2026-08-25
R08235,P080,P002,M02487,2026-08-25
R08236,P014,P161,M00874,2026-08-25
R08237,P263,P081,M03576,2026-08-25
R08238,P120,P110,M04756,2026-08-25
R08239,P274,P263,M01759,2026-08-25
R08240,P191,P256,M00288,2026-08-25
R08241,P274,P263,M00163,2026-08-25
R08242,P174,P272,M04707,2026-08-25
R08243,P193,P254,M02520,2026-08-25
R08244,P137,P207,M04967,2026-08-25
R08245,P189,P104,M04286,2026-08-25
R08246,P044,P233,M01303,2026-08-25
R08247,P226,P260,M04721,2026-08-25
R08248,P141,P042,M01328,2026-08-25
R08249,P098,P065,M00330,2026-08-25
R08250,P152,P262,M01633,2026-08-25
R08251,P055,P062,M00057,2026-08-25
R08252,P062,P250,M04991,2026-08-25
R08253,P274,P263,M02896,2026-08-25
R08254,P274,P263,M04632,2026-08-25
R08255,P296,P081,M04905,2026-08-26
R08256,P081,P055,M03405,2026-08-26
R08257,P250,P274,M02885,2026-08-26
R08258,P261,P180,M00536,2026-08-26
R08259,P263,P081,M01099,2026-08-26
R08260,P055,P062,M04745,2026-08-26
R08261,P263,P081,M02023,2026-08-26
R08262,P263,P081,M02135,2026-08-26
R08263,P273,P015,M01538,2026-08-26
R08264,P133,P205,M00347,2026-08-26
R08265,P214,P141,M01528,2026-08-26
R08266,P261,P171,M02909,2026-08-26
R08267,P059,P080,M03980,2026-08-26
R08268,P263,P081,M02896,2026-08-26
R08269,P270,P186,M01462,2026-08-26
R08270,P081,P055,M00463,2026-08-26
R08271,P172,P098,M03752,2026-08-26
R08272,P172,P098,M01468,2026-08-26
R08273,P250,P274,M02075,2026-08-26
R08274,P091,P251,M03800,2026-08-26
R08275,P055,P062,M01759,2026-08-26
R08276,P055,P062,M02741,2026-08-26
R08277,P263,P081,M03623,2026-08-26
R08278,P253,P107,M01450,2026-08-26
R08279,P257,P038,M02011,2026-08-26
R08280,P240,P085,M00656,2026-08-26
R08281,P224,P177,M02873,2026-08-26
R08282,P274,P263,M04162,2026-08-26
R08283,P274,P263,M04897,2026-08-26
R08284,P050,P078,M04437,2026-08-26
R08285,P096,P166,M01034,2026-08-26
R08286,P062,P250,M02025,2026-08-26
R08287,P101,P198,M02458,2026-08-26
R08288,P044,P145,M00110,2026-08-26
R08289,P259,P064,M03467,2026-08-26
R08290,P045,P234,M04293,2026-08-26
R08291,P148,P209,M01805,2026-08-26
R08292,P248,P233,M03873,2026-08-26
R08293,P062,P250,M03356,2026-08-26
R08294,P137,P279,M02195,2026-08-26
R08295,P258,P126,M04073,2026-08-26
R08296,P062,P250,M02135,2026-08-26
R08297,P208,P256,M04011,2026-08-27
R08298,P131,P110,M02617,2026-08-27
R08299,P062,P250,M02371,2026-08-27
R08300,P136,P118,M02123,2026-08-27
R08301,P055,P062,M01636,2026-08-27
R08302,P181,P156,M03579,2026-08-27
R08303,P224,P153,M04312,2026-08-27
R08304,P257,P197,M00855,2026-08-27
R08305,P294,P166,M04457,2026-08-27
R08306,P062,P250,M02078,2026-08-27
R08307,P274,P263,M04745,2026-08-27
R08308,P275,P297,M01311,2026-08-27
R08309,P275,P185,M04876,2026-08-27
R08310,P062,P250,M04745,2026-08-27
R08311,P274,P263,M00228,2026-08-27
R08312,P090,P256,M03392,2026-08-27
R08313,P263,P081,M03576,2026-08-27
R08314,P062,P250,M03044,2026-08-27
R08315,P062,P250,M02025,2026-08-27
R08316,P174,P071,M03845,2026-08-27
R08317,P174,P272,M02872,2026-08-27
R08318,P274,P263,M03356,2026-08-27
R08319,P114,P057,M00558,2026-08-27
R08320,P113,P245,M04176,2026-08-27
R08321,P247,P094,M03335,2026-08-27
R08322,P205,P131,M01430,2026-08-27
R08323,P051,P055,M00756,2026-08-27
R08324,P113,P245,M02649,2026-08-27
R08325,P092,P187,M02431,2026-08-27
R08326,P118,P012,M01047,2026-08-27
R08327,P222,P256,M01435,2026-08-27
R08328,P044,P195,M02977,2026-08-27
R08329,P108,P100,M04971,2026-08-27
R08330,P235,P225,M02469,2026-08-27
R08331,P250,P274,M01857,2026-08-27
R08332,P044,P195,M00197,2026-08-27
R08333,P259,P159,M04405,2026-08-27
R08334,P221,P246,M01410,2026-08-28
R08335,P263,P081,M03319,2026-08-28
R08336,P274,P263,M02118,2026-08-28
R08337,P127,P070,M02101,2026-08-28
R08338,P175,P042,M03730,2026-08-28
R08339,P081,P055,M01752,2026-08-28
R08340,P219,P069,M03856,2026-08-28
R08341,P265,P290,M01564,2026-08-28
R08342,P193,P047,M01675,2026-08-28
R08343,P129,P179,M02851,2026-08-28
R08344,P128,P200,M03584,2026-08-28
R08345,P017,P252,M04566,2026-08-28
R08346,P039,P194,M01394,2026-08-28
R08347,P274,P263,M04051,2026-08-28
R08348,P124,P171,M00334,2026-08-28
R08349,P124,P046,M02709,2026-08-28
R08350,P261,P260,M01256,2026-08-28
R08351,P055,P062,M03248,2026-08-28
R08352,P235,P107,M04103,2026-08-28
R08353,P008,P052,M03294,2026-08-28
R08354,P250,P274,M03623,2026-08-28
R08355,P031,P046,M04495,2026-08-28
R08356,P193,P100,M02251,2026-08-28
R08357,P250,P274,M02075,2026-08-28
R08358,P127,P016,M03301,2026-08-28
R08359,P061,P135,M04406,2026-08-28
R08360,P081,P055,M02075,2026-08-28
R08361,P134,P177,M03693,2026-08-28
R08362,P212,P217,M01808,2026-08-28
R08363,P181,P034,M03448,2026-08-28
R08364,P136,P211,M03897,2026-08-28
R08365,P263,P081,M01752,2026-08-28
R08366,P270,P167,M02302,2026-08-28
R08367,P062,P250,M04991,2026-08-28
R08368,P079,P083,M04667,2026-08-28
R08369,P134,P102,M01654,2026-08-28
R08370,P134,P027,M00126,2026-08-28
R08371,P134,P026,M01028,2026-08-28
R08372,P134,P026,M01569,2026-08-28
R08373,P263,P081,M03758,2026-08-28
R08374,P062,P250,M03356,2026-08-28
R08375,P151,P016,M01848,2026-08-28
R08376,P099,P138,M04348,2026-08-28
R08377,P258,P126,M01265,2026-08-28
R08378,P229,P203,M03897,2026-08-28
R08379,P274,P263,M03405,2026-08-28
R08380,P142,P082,M03465,2026-08-28
R08381,P023,P130,M03207,2026-08-28
R08382,P136,P118,M01305,2026-08-28
R08383,P257,P197,M01624,2026-08-28
R08384,P164,P182,M01039,2026-08-28
R08385,P133,P205,M03862,2026-08-28
R08386,P181,P016,M00774,2026-08-28
R08387,P287,P087,M00548,2026-08-28
R08388,P140,P225,M03127,2026-08-31
R08389,P081,P055,M04565,2026-08-31
R08390,P055,P062,M01429,2026-08-31
R08391,P250,P274,M03664,2026-08-31
R08392,P289,P043,M01859,2026-08-31
R08393,P243,P101,M01360,2026-08-31
R08394,P155,P103,M02380,2026-08-31
R08395,P236,P179,M03254,2026-08-31
R08396,P240,P151,M00289,2026-08-31
R08397,P074,P121,M01755,2026-08-31
R08398,P129,P151,M03359,2026-08-31
R08399,P250,P274,M01926,2026-08-31
R08400,P062,P250,M03050,2026-08-31
R08401,P212,P078,M03130,2026-08-31
R08402,P158,P080,M04049,2026-08-31
R08403,P216,P209,M04270,2026-08-31
R08404,P134,P177,M03469,2026-08-31
R08405,P269,P260,M00633,2026-08-31
R08406,P258,P159,M00202,2026-08-31
R08407,P055,P062,M00228,2026-08-31
R08408,P055,P008,M02865,2026-08-31
R08409,P081,P055,M03664,2026-08-31
R08410,P127,P070,M03797,2026-08-31
R08411,P219,P166,M04120,2026-08-31
R08412,P093,P122,M04993,2026-08-31
R08413,P274,P263,M04051,2026-08-31
R08414,P250,P274,M04745,2026-08-31
R08415,P054,P184,M00197,2026-08-31
R08416,P062,P250,M01995,2026-08-31
R08417,P270,P100,M02055,2026-08-31
R08418,P168,P157,M03332,2026-08-31
R08419,P294,P166,M00860,2026-08-31
R08420,P189,P087,M04405,2026-08-31
R08421,P062,P250,M00810,2026-08-31
R08422,P248,P202,M02599,2026-08-31
R08423,P062,P250,M00057,2026-08-31
R08424,P280,P272,M03490,2026-08-31
R08425,P250,P231,M04046,2026-08-31
R08426,P280,P071,M02994,2026-08-31
R08427,P191,P078,M00557,2026-08-31
R08428,P001,P021,M00878,2026-08-31
R08429,P062,P250,M03248,2026-08-31
R08430,P019,P162,M00529,2026-08-31
R08431,P055,P062,M04897,2026-08-31
R08432,P055,P062,M01659,2026-09-01
R08433,P250,P274,M02135,2026-09-01
R08434,P250,P274,M01878,2026-09-01
R08435,P081,P055,M04991,2026-09-01
R08436,P081,P055,M01713,2026-09-01
R08437,P081,P055,M04729,2026-09-01
R08438,P250,P274,M04745,2026-09-01
R08439,P055,P062,M01328,2026-09-01
R08440,P274,P263,M04162,2026-09-01
R08441,P274,P263,M00465,2026-09-01
R08442,P055,P062,M01099,2026-09-01
R08443,P250,P274,M01636,2026-09-01
R08444,P055,P062,M00810,2026-09-01
R08445,P176,P285,M00225,2026-09-01
R08446,P150,P049,M02536,2026-09-01
R08447,P264,P103,M00648,2026-09-01
R08448,P025,P286,M02661,2026-09-01
R08449,P136,P232,M02535,2026-09-01
R08450,P062,P250,M01659,2026-09-01
R08451,P032,P262,M04252,2026-09-01
R08452,P062,P250,M01713,2026-09-01
R08453,P176,P049,M02667,2026-09-01
R08454,P092,P141,M02634,2026-09-01
R08455,P294,P263,M04129,2026-09-01
R08456,P014,P118,M04234,2026-09-01
R08457,P134,P177,M01279,2026-09-01
R08458,P044,P049,M04065,2026-09-01
R08459,P133,P238,M02884,2026-09-01
R08460,P276,P191,M03496,2026-09-01
R08461,P181,P016,M02781,2026-09-01
R08462,P127,P009,M02992,2026-09-01
R08463,P236,P230,M04847,2026-09-01
R08464,P066,P256,M01241,2026-09-01
R08465,P113,P242,M02531,2026-09-01
R08466,P079,P045,M04085,2026-09-01
R08467,P134,P026,M00547,2026-09-01
R08468,P175,P139,M03312,2026-09-01
R08469,P270,P200,M04302,2026-09-01
R08470,P005,P245,M03009,2026-09-01
R08471,P299,P093,M00909,2026-09-01
R08472,P245,P004,M03918,2026-09-01
R08473,P241,P074,M00674,2026-09-01
R08474,P253,P217,M04006,2026-09-01
R08475,P146,P118,M04623,2026-09-01
R08476,P183,P200,M01956,2026-09-01
R08477,P136,P244,M00823,2026-09-02
R08478,P081,P055,M02135,2026-09-02
R08479,P250,P274,M00163,2026-09-02
R08480,P238,P110,M02417,2026-09-02
R08481,P276,P191,M00772,2026-09-02
R08482,P128,P167,M03516,2026-09-02
R08483,P050,P107,M00628,2026-09-02
R08484,P050,P057,M00080,2026-09-02
R08485,P243,P101,M00699,2026-09-02
R08486,P127,P016,M02720,2026-09-02
R08487,P219,P166,M00484,2026-09-02
R08488,P274,P263,M01440,2026-09-02
R08489,P283,P217,M00564,2026-09-02
R08490,P056,P160,M02433,2026-09-02
R08491,P115,P167,M03390,2026-09-02
R08492,P113,P245,M04250,2026-09-02
R08493,P241,P107,M04495,2026-09-02
R08494,P073,P078,M02815,2026-09-02
R08495,P055,P062,M04159,2026-09-02
R08496,P263,P081,M01878,2026-09-02
R08497,P274,P263,M01926,2026-09-02
R08498,P092,P139,M02327,2026-09-02
R08499,P265,P238,M00220,2026-09-02
R08500,P274,P263,M04565,2026-09-02
R08501,P062,P250,M01636,2026-09-02
R08502,P019,P262,M00801,2026-09-02
R08503,P096,P166,M03050,2026-09-02
R08504,P136,P012,M02916,2026-09-02
R08505,P136,P244,M04384,2026-09-02
R08506,P137,P207,M01881,2026-09-02
R08507,P101,P198,M04460,2026-09-02
R08508,P270,P135,M02864,2026-09-02
R08509,P147,P242,M04609,2026-09-02
R08510,P275,P185,M03964,2026-09-02
R08511,P187,P004,M04052,2026-09-02
R08512,P092,P187,M02834,2026-09-02
R08513,P250,P274,M03533,2026-09-02
R08514,P172,P098,M04226,2026-09-02
R08515,P263,P081,M02023,2026-09-02
R08516,P216,P227,M02372,2026-09-02
R08517,P134,P038,M02347,2026-09-02
R08518,P170,P118,M02152,2026-09-02
R08519,P142,P082,M00931,2026-09-02
R08520,P294,P173,M01330,2026-09-02
R08521,P250,P274,M04632,2026-09-02
R08522,P081,P055,M03623,2026-09-02
R08523,P151,P034,M01181,2026-09-03
R08524,P134,P027,M01972,2026-09-03
R08525,P111,P233,M04915,2026-09-03
R08526,P263,P081,M01099,2026-09-03
R08527,P263,P081,M01926,2026-09-03
R08528,P263,P081,M04051,2026-09-03
R08529,P254,P227,M00445,2026-09-03
R08530,P146,P161,M04452,2026-09-03
R08531,P142,P162,M01880,2026-09-03
R08532,P289,P256,M01036,2026-09-03
R08533,P137,P207,M00645,2026-09-03
R08534,P270,P167,M03702,2026-09-03
R08535,P270,P077,M04727,2026-09-03
R08536,P134,P026,M02494,2026-09-03
R08537,P299,P068,M02355,2026-09-03
R08538,P226,P260,M01859,2026-09-03
R08539,P119,P209,M00743,2026-09-03
R08540,P136,P118,M00778,2026-09-03
R08541,P108,P135,M01620,2026-09-03
R08542,P081,P055,M00181,2026-09-03
R08543,P055,P062,M02896,2026-09-03
R08544,P250,P274,M02135,2026-09-03
R08545,P250,P274,M02885,2026-09-03
R08546,P045,P071,M04750,2026-09-03
R08547,P236,P016,M00788,2026-09-03
R08548,P050,P078,M03174,2026-09-03
R08549,P055,P062,M01710,2026-09-03
R08550,P204,P215,M00585,2026-09-03
R08551,P221,P101,M01605,2026-09-03
R08552,P101,P260,M01859,2026-09-03
R08553,P079,P255,M04560,2026-09-03
R08554,P014,P232,M02564,2026-09-03
R08555,P044,P195,M03335,2026-09-03
R08556,P055,P173,M00704,2026-09-03
R08557,P224,P042,M03835,2026-09-03
R08558,P193,P280,M01570,2026-09-03
R08559,P035,P256,M00770,2026-09-03
R08560,P055,P062,M03387,2026-09-03
R08561,P120,P238,M00173,2026-09-04
R08562,P119,P186,M04502,2026-09-04
R08563,P143,P232,M02675,2026-09-04
R08564,P127,P009,M04978,2026-09-04
R08565,P115,P047,M02440,2026-09-04
R08566,P264,P157,M04029,2026-09-04
R08567,P131,P290,M00680,2026-09-04
R08568,P250,P274,M03319,2026-09-04
R08569,P018,P197,M03032,2026-09-04
R08570,P275,P297,M02826,2026-09-04
R08571,P275,P185,M02651,2026-09-04
R08572,P275,P207,M01916,2026-09-04
R08573,P044,P195,M00208,2026-09-04
R08574,P250,P274,M02078,2026-09-04
R08575,P043,P030,M00861,2026-09-04
R08576,P250,P274,M04745,2026-09-04
R08577,P214,P141,M03049,2026-09-04
R08578,P176,P049,M00243,2026-09-04
R08579,P250,P274,M03050,2026-09-04
R08580,P060,P027,M02980,2026-09-04
R08581,P172,P297,M02900,2026-09-04
R08582,P258,P292,M03287,2026-09-04
R08583,P299,P093,M00988,2026-09-04
R08584,P062,P250,M01636,2026-09-04
R08585,P081,P055,M01099,2026-09-04
R08586,P238,P297,M03651,2026-09-04
R08587,P263,P081,M03041,2026-09-04
R08588,P104,P256,M04166,2026-09-04
R08589,P293,P179,M04629,2026-09-04
R08590,P293,P179,M04644,2026-09-04
R08591,P081,P055,M01659,2026-09-04
R08592,P040,P104,M03496,2026-09-04
R08593,P291,P285,M00881,2026-09-04
R08594,P240,P072,M02851,2026-09-04
R08595,P270,P186,M03024,2026-09-04
R08596,P003,P263,M01108,2026-09-04
R08597,P055,P062,M02885,2026-09-04
R08598,P148,P119,M04031,2026-09-04
R08599,P172,P098,M03482,2026-09-04
R08600,P247,P233,M01133,2026-09-04
R08601,P250,P274,M02118,2026-09-07
R08602,P219,P166,M00855,2026-09-07
R08603,P255,P182,M02153,2026-09-07
R08604,P214,P141,M01753,2026-09-07
R08605,P134,P026,M04164,2026-09-07
R08606,P274,P263,M04745,2026-09-07
R08607,P263,P081,M00262,2026-09-07
R08608,P027,P052,M02556,2026-09-07
R08609,P137,P297,M03687,2026-09-07
R08610,P055,P062,M03758,2026-09-07
R08611,P055,P062,M04565,2026-09-07
R08612,P136,P161,M03614,2026-09-07
R08613,P250,P274,M04051,2026-09-07
R08614,P234,P209,M02116,2026-09-07
R08615,P223,P232,M02162,2026-09-07
R08616,P175,P076,M03280,2026-09-07
R08617,P245,P008,M04162,2026-09-07
R08618,P245,P008,M03501,2026-09-07
R08619,P001,P286,M00518,2026-09-07
R08620,P161,P136,M03459,2026-09-07
R08621,P108,P119,M04930,2026-09-07
R08622,P300,P136,M00394,2026-09-07
R08623,P285,P195,M00303,2026-09-07
R08624,P178,P130,M03081,2026-09-07
R08625,P115,P255,M02404,2026-09-07
R08626,P062,P250,M03319,2026-09-07
R08627,P183,P280,M02760,2026-09-07
R08628,P059,P049,M02703,2026-09-07
R08629,P119,P255,M04273,2026-09-07
R08630,P081,P055,M01571,2026-09-07
R08631,P240,P085,M01055,2026-09-07
R08632,P127,P070,M02992,2026-09-07
R08633,P193,P254,M02404,2026-09-07
R08634,P129,P070,M00251,2026-09-07
R08635,P050,P256,M02044,2026-09-07
R08636,P049,P103,M00303,2026-09-07
R08637,P043,P260,M04752,2026-09-07
R08638,P192,P007,M02673,2026-09-07
R08639,P105,P093,M03123,2026-09-07
R08640,P273,P099,M01981,2026-09-07
R08641,P081,P055,M03356,2026-09-07
R08642,P188,P112,M01396,2026-09-07
R08643,P288,P230,M04529,2026-09-07
R08644,P133,P205,M01677,2026-09-07
R08645,P081,P055,M00463,2026-09-07
R08646,P263,P081,M01926,2026-09-08
R08647,P240,P210,M04512,2026-09-08
R08648,P298,P098,M04967,2026-09-08
R08649,P253,P191,M00599,2026-09-08
R08650,P081,P055,M02741,2026-09-08
R08651,P288,P072,M00574,2026-09-08
R08652,P062,P250,M02741,2026-09-08
R08653,P263,P081,M03533,2026-09-08
R08654,P274,P263,M03497,2026-09-08
R08655,P081,P055,M01752,2026-09-08
R08656,P075,P145,M02215,2026-09-08
R08657,P062,P250,M01713,2026-09-08
R08658,P062,P250,M02896,2026-09-08
R08659,P258,P126,M04206,2026-09-08
R08660,P073,P078,M01785,2026-09-08
R08661,P250,P274,M00163,2026-09-08
R08662,P250,P274,M04593,2026-09-08
R08663,P214,P095,M03101,2026-09-08
R08664,P133,P205,M04439,2026-09-08
R08665,P018,P008,M04774,2026-09-08
R08666,P208,P256,M01655,2026-09-08
R08667,P136,P012,M00241,2026-09-08
R08668,P049,P145,M00074,2026-09-08
R08669,P265,P098,M04268,2026-09-08
R08670,P140,P074,M00916,2026-09-08
R08671,P124,P078,M00558,2026-09-08
R08672,P274,P263,M04487,2026-09-08
R08673,P006,P237,M04485,2026-09-08
R08674,P250,P274,M01710,2026-09-08
R08675,P143,P136,M03897,2026-09-08
R08676,P287,P225,M02058,2026-09-08
R08677,P174,P272,M02994,2026-09-09
R08678,P204,P215,M01325,2026-09-09
R08679,P169,P077,M00743,2026-09-09
R08680,P274,P263,M01429,2026-09-09
R08681,P222,P089,M00332,2026-09-09
R08682,P274,P263,M00465,2026-09-09
R08683,P172,P297,M01000,2026-09-09
R08684,P172,P098,M02600,2026-09-09
R08685,P274,P263,M03356,2026-09-09
R08686,P236,P085,M04626,2026-09-09
R08687,P208,P256,M00012,2026-09-09
R08688,P263,P081,M04729,2026-09-09
R08689,P226,P107,M02505,2026-09-09
R08690,P270,P167,M02213,2026-09-09
R08691,P133,P205,M04717,2026-09-09
R08692,P041,P083,M01131,2026-09-09
R08693,P044,P049,M00659,2026-09-09
R08694,P049,P103,M00165,2026-09-09
R08695,P050,P256,M01785,2026-09-09
R08696,P060,P166,M01643,2026-09-09
R08697,P106,P038,M02326,2026-09-09
R08698,P113,P021,M02349,2026-09-09
R08699,P093,P286,M01232,2026-09-09
R08700,P081,P055,M02885,2026-09-09
R08701,P081,P055,M04897,2026-09-09
R08702,P081,P055,M03387,2026-09-09
R08703,P081,P055,M00463,2026-09-09
R08704,P081,P055,M01752,2026-09-09
R08705,P298,P185,M02195,2026-09-09
R08706,P112,P082,M04071,2026-09-09
R08707,P270,P077,M00006,2026-09-09
R08708,P270,P077,M03011,2026-09-09
R08709,P142,P144,M02863,2026-09-09
R08710,P055,P062,M00228,2026-09-09
R08711,P263,P081,M03387,2026-09-09
R08712,P258,P171,M00628,2026-09-09
R08713,P148,P071,M04730,2026-09-09
R08714,P055,P062,M03758,2026-09-09
R08715,P263,P081,M01878,2026-09-09
R08716,P265,P238,M01844,2026-09-09
R08717,P263,P081,M02135,2026-09-09
R08718,P062,P250,M01542,2026-09-09
R08719,P208,P292,M04493,2026-09-10
R08720,P055,P062,M01429,2026-09-10
R08721,P055,P062,M03405,2026-09-10
R08722,P104,P260,M00119,2026-09-10
R08723,P055,P062,M01926,2026-09-10
R08724,P084,P047,M03281,2026-09-10
R08725,P075,P094,M03223,2026-09-10
R08726,P017,P069,M03804,2026-09-10
R08727,P028,P224,M02694,2026-09-10
R08728,P030,P256,M00998,2026-09-10
R08729,P040,P125,M00588,2026-09-10
R08730,P055,P062,M01713,2026-09-10
R08731,P189,P171,M00211,2026-09-10
R08732,P152,P048,M03434,2026-09-10
R08733,P081,P055,M04632,2026-09-10
R08734,P263,P081,M04159,2026-09-10
R08735,P158,P080,M02097,2026-09-10
R08736,P158,P195,M04418,2026-09-10
R08737,P161,P203,M00028,2026-09-10
R08738,P164,P209,M00171,2026-09-10
R08739,P263,P081,M02885,2026-09-10
R08740,P263,P081,M00228,2026-09-10
R08741,P143,P136,M00241,2026-09-10
R08742,P142,P162,M03197,2026-09-10
R08743,P142,P162,M04113,2026-09-10
R08744,P141,P263,M01328,2026-09-10
R08745,P140,P030,M04582,2026-09-10
R08746,P131,P029,M03106,2026-09-10
R08747,P127,P070,M01189,2026-09-10
R08748,P181,P016,M03177,2026-09-10
R08749,P120,P290,M00567,2026-09-10
R08750,P181,P034,M00774,2026-09-10
R08751,P181,P154,M03448,2026-09-10
R08752,P181,P016,M01092,2026-09-10
R08753,P263,P081,M00262,2026-09-10
R08754,P081,P055,M02078,2026-09-10
R08755,P188,P206,M03707,2026-09-10
R08756,P081,P055,M03248,2026-09-10
R08757,P062,P250,M03050,2026-09-10
R08758,P295,P206,M00073,2026-09-10
R08759,P235,P278,M04790,2026-09-10
R08760,P250,P274,M04991,2026-09-10
R08761,P276,P050,M03714,2026-09-10
R08762,P284,P154,M00083,2026-09-10
R08763,P275,P207,M01706,2026-09-10
R08764,P250,P274,M02025,2026-09-10
R08765,P240,P151,M02817,2026-09-10
R08766,P276,P159,M04219,2026-09-10
R08767,P268,P046,M03917,2026-09-10
R08768,P241,P074,M03366,2026-09-10
R08769,P258,P087,M02020,2026-09-10
R08770,P241,P064,M04970,2026-09-10
R08771,P008,P052,M00376,2026-09-11
R08772,P175,P096,M00593,2026-09-11
R08773,P055,P062,M03497,2026-09-11
R08774,P131,P218,M04430,2026-09-11
R08775,P131,P110,M04807,2026-09-11
R08776,P131,P029,M00480,2026-09-11
R08777,P264,P094,M03630,2026-09-11
R08778,P137,P131,M02010,2026-09-11
R08779,P137,P279,M00546,2026-09-11
R08780,P263,P081,M00042,2026-09-11
R08781,P062,P250,M02991,2026-09-11
R08782,P189,P171,M02141,2026-09-11
R08783,P062,P250,M03576,2026-09-11
R08784,P274,P263,M02023,2026-09-11
R08785,P001,P042,M02754,2026-09-11
R08786,P274,P263,M03497,2026-09-11
R08787,P172,P098,M00722,2026-09-11
R08788,P055,P062,M01099,2026-09-11
R08789,P127,P070,M01775,2026-09-11
R08790,P131,P279,M01075,2026-09-11
R08791,P274,P263,M01713,2026-09-11
R08792,P017,P086,M04456,2026-09-11
R08793,P283,P217,M00882,2026-09-11
R08794,P050,P292,M04739,2026-09-11
R08795,P288,P072,M04083,2026-09-11
R08796,P288,P230,M03995,2026-09-11
R08797,P054,P080,M02271,2026-09-11
R08798,P096,P173,M01729,2026-09-11
R08799,P019,P162,M00585,2026-09-11
R08800,P096,P095,M00192,2026-09-11
R08801,P295,P201,M00535,2026-09-11
R08802,P081,P055,M03497,2026-09-11
R08803,P104,P125,M00599,2026-09-14
R08804,P263,P081,M00810,2026-09-14
R08805,P090,P256,M00391,2026-09-14
R08806,P263,P081,M01542,2026-09-14
R08807,P152,P262,M03305,2026-09-14
R08808,P152,P048,M04864,2026-09-14
R08809,P243,P089,M01356,2026-09-14
R08810,P062,P250,M01571,2026-09-14
R08811,P066,P246,M03090,2026-09-14
R08812,P055,P062,M03044,2026-09-14
R08813,P062,P250,M04745,2026-09-14
R08814,P049,P103,M03968,2026-09-14
R08815,P062,P250,M02118,2026-09-14
R08816,P035,P256,M00013,2026-09-14
R08817,P263,P081,M02371,2026-09-14
R08818,P119,P234,M00117,2026-09-14
R08819,P148,P209,M03424,2026-09-14
R08820,P017,P069,M04789,2026-09-14
R08821,P017,P086,M01813,2026-09-14
R08822,P111,P002,M01721,2026-09-14
R08823,P289,P043,M04585,2026-09-14
R08824,P081,P055,M00163,2026-09-14
R08825,P131,P029,M00627,2026-09-14
R08826,P133,P238,M03646,2026-09-14
R08827,P133,P205,M04689,2026-09-14
R08828,P249,P121,M03371,2026-09-14
R08829,P134,P177,M03847,2026-09-14
R08830,P136,P161,M00048,2026-09-14
R08831,P003,P139,M00714,2026-09-14
R08832,P265,P290,M01677,2026-09-14
R08833,P108,P100,M03244,2026-09-14
R08834,P108,P135,M03237,2026-09-14
R08835,P143,P232,M00497,2026-09-14
R08836,P300,P116,M01294,2026-09-14
R08837,P254,P033,M01736,2026-09-14
R08838,P081,P055,M01878,2026-09-14
R08839,P255,P234,M03787,2026-09-14
R08840,P250,P274,M03405,2026-09-14
R08841,P204,P019,M03202,2026-09-14
R08842,P190,P297,M00597,2026-09-14
R08843,P205,P185,M02540,2026-09-14
R08844,P222,P260,M03426,2026-09-14
R08845,P193,P135,M02153,2026-09-14
R08846,P214,P095,M03859,2026-09-14
R08847,P181,P034,M02513,2026-09-14
R08848,P055,P062,M01710,2026-09-14
R08849,P055,P062,M01659,2026-09-14
R08850,P228,P246,M04161,2026-09-14
R08851,P191,P078,M02132,2026-09-14
R08852,P234,P280,M03159,2026-09-15
R08853,P161,P211,M01594,2026-09-15
R08854,P106,P026,M04851,2026-09-15
R08855,P108,P135,M01650,2026-09-15
R08856,P062,P250,M02896,2026-09-15
R08857,P019,P162,M01394,2026-09-15
R08858,P104,P107,M03371,2026-09-15
R08859,P055,P062,M00042,2026-09-15
R08860,P263,P081,M01857,2026-09-15
R08861,P119,P234,M01923,2026-09-15
R08862,P191,P256,M04401,2026-09-15
R08863,P250,P274,M01710,2026-09-15
R08864,P152,P048,M01085,2026-09-15
R08865,P062,P250,M00057,2026-09-15
R08866,P040,P198,M02058,2026-09-15
R08867,P092,P141,M03627,2026-09-15
R08868,P061,P083,M02251,2026-09-15
R08869,P150,P195,M03066,2026-09-15
R08870,P148,P119,M00663,2026-09-15
R08871,P111,P103,M04587,2026-09-15
R08872,P041,P200,M04750,2026-09-15
R08873,P284,P154,M00083,2026-09-15
R08874,P249,P180,M04401,2026-09-15
R08875,P253,P171,M02062,2026-09-15
R08876,P219,P069,M02587,2026-09-15
R08877,P081,P055,M03050,2026-09-15
R08878,P081,P055,M01752,2026-09-15
R08879,P136,P211,M04833,2026-09-15
R08880,P133,P238,M00316,2026-09-15
R08881,P174,P071,M04628,2026-09-15
R08882,P291,P285,M04519,2026-09-15
R08883,P263,P081,M01636,2026-09-15
R08884,P041,P119,M01447,2026-09-15
R08885,P253,P278,M01808,2026-09-15
R08886,P081,P055,M03758,2026-09-15
R08887,P036,P154,M02319,2026-09-15
R08888,P055,P062,M04593,2026-09-15
R08889,P081,P055,M01636,2026-09-15
R08890,P192,P007,M01638,2026-09-15
R08891,P289,P256,M02086,2026-09-15
R08892,P235,P191,M02132,2026-09-15
R08893,P275,P207,M03458,2026-09-15
R08894,P062,P250,M00262,2026-09-16
R08895,P250,P274,M04745,2026-09-16
R08896,P060,P106,M00192,2026-09-16
R08897,P055,P062,M04159,2026-09-16
R08898,P062,P250,M02075,2026-09-16
R08899,P216,P200,M03206,2026-09-16
R08900,P081,P055,M03248,2026-09-16
R08901,P027,P086,M00472,2026-09-16
R08902,P277,P256,M02618,2026-09-16
R08903,P250,P274,M03270,2026-09-16
R08904,P241,P064,M03020,2026-09-16
R08905,P280,P083,M02394,2026-09-16
R08906,P223,P203,M02425,2026-09-16
R08907,P236,P230,M03639,2026-09-16
R08908,P066,P198,M02132,2026-09-16
R08909,P287,P225,M04791,2026-09-16
R08910,P134,P139,M00630,2026-09-16
R08911,P170,P118,M00124,2026-09-16
R08912,P274,P263,M04593,2026-09-16
R08913,P265,P131,M04268,2026-09-16
R08914,P181,P070,M02491,2026-09-16
R08915,P136,P161,M04865,2026-09-16
R08916,P055,P062,M02173,2026-09-16
R08917,P172,P297,M00486,2026-09-16
R08918,P136,P161,M04763,2026-09-16
R08919,P274,P263,M04729,2026-09-16
R08920,P219,P166,M02991,2026-09-16
R08921,P006,P082,M00706,2026-09-16
R08922,P219,P166,M04472,2026-09-16
R08923,P055,P062,M01857,2026-09-16
R08924,P274,P263,M02135,2026-09-16
R08925,P219,P093,M04264,2026-09-16
R08926,P250,P274,M02078,2026-09-16
R08927,P108,P100,M02278,2026-09-16
R08928,P196,P279,M01075,2026-09-16
R08929,P055,P062,M01759,2026-09-16
R08930,P062,P250,M00057,2026-09-16
R08931,P165,P002,M02911,2026-09-16
R08932,P114,P125,M01984,2026-09-16
R08933,P250,P274,M04897,2026-09-16
R08934,P274,P263,M01429,2026-09-16
R08935,P056,P237,M04935,2026-09-16
R08936,P250,P274,M04330,2026-09-16
R08937,P017,P086,M00508,2026-09-16
R08938,P111,P002,M01122,2026-09-16
R08939,P224,P042,M03947,2026-09-16
R08940,P092,P134,M04871,2026-09-16
R08941,P142,P162,M00227,2026-09-17
R08942,P270,P186,M04591,2026-09-17
R08943,P079,P083,M03076,2026-09-17
R08944,P062,P250,M02173,2026-09-17
R08945,P096,P173,M00508,2026-09-17
R08946,P055,P062,M04991,2026-09-17
R08947,P055,P062,M02446,2026-09-17
R08948,P080,P002,M03993,2026-09-17
R08949,P131,P110,M03119,2026-09-17
R08950,P006,P162,M00924,2026-09-17
R08951,P134,P027,M02661,2026-09-17
R08952,P208,P198,M01053,2026-09-17
R08953,P134,P027,M04383,2026-09-17
R08954,P062,P250,M03050,2026-09-17
R08955,P134,P102,M04852,2026-09-17
R08956,P300,P136,M00778,2026-09-17
R08957,P062,P250,M03270,2026-09-17
R08958,P055,P062,M03356,2026-09-17
R08959,P196,P279,M00311,2026-09-17
R08960,P120,P279,M04067,2026-09-17
R08961,P061,P083,M01183,2026-09-17
R08962,P221,P104,M04094,2026-09-17
R08963,P263,P081,M03248,2026-09-17
R08964,P283,P011,M00564,2026-09-17
R08965,P019,P160,M02322,2026-09-17
R08966,P112,P162,M04169,2026-09-17
R08967,P287,P087,M00978,2026-09-17
R08968,P294,P166,M03684,2026-09-17
R08969,P050,P292,M02093,2026-09-17
R08970,P108,P119,M04335,2026-09-17
R08971,P055,P062,M02446,2026-09-17
R08972,P250,P274,M02023,2026-09-17
R08973,P174,P272,M01131,2026-09-17
R08974,P250,P274,M02135,2026-09-17
R08975,P044,P195,M03546,2026-09-17
R08976,P219,P093,M02662,2026-09-17
R08977,P192,P007,M04516,2026-09-17
R08978,P269,P050,M01058,2026-09-17
R08979,P128,P200,M00445,2026-09-17
R08980,P037,P122,M03925,2026-09-17
R08981,P263,P081,M04745,2026-09-17
R08982,P236,P009,M04154,2026-09-17
R08983,P263,P081,M03758,2026-09-17
R08984,P035,P121,M02244,2026-09-17
R08985,P263,P081,M03044,2026-09-17
R08986,P214,P141,M04868,2026-09-17
R08987,P257,P173,M04947,2026-09-17
R08988,P055,P062,M00810,2026-09-17
R08989,P081,P055,M00810,2026-09-18
R08990,P105,P069,M03384,2026-09-18
R08991,P008,P231,M04641,2026-09-18
R08992,P226,P046,M02068,2026-09-18
R08993,P081,P055,M03623,2026-09-18
R08994,P108,P135,M01510,2026-09-18
R08995,P081,P055,M04129,2026-09-18
R08996,P276,P057,M02603,2026-09-18
R08997,P234,P209,M00792,2026-09-18
R08998,P127,P009,M03566,2026-09-18
R08999,P112,P201,M00931,2026-09-18
R09000,P131,P218,M03172,2026-09-18
R09001,P114,P171,M01817,2026-09-18
R09002,P131,P279,M03167,2026-09-18
R09003,P055,P062,M04159,2026-09-18
R09004,P298,P297,M04715,2026-09-18
R09005,P214,P141,M03739,2026-09-18
R09006,P010,P217,M02685,2026-09-18
R09007,P133,P205,M01696,2026-09-18
R09008,P280,P272,M04030,2026-09-18
R09009,P014,P012,M04962,2026-09-18
R09010,P081,P055,M03044,2026-09-18
R09011,P274,P263,M02078,2026-09-18
R09012,P263,P081,M02896,2026-09-18
R09013,P066,P217,M04387,2026-09-18
R09014,P137,P297,M01852,2026-09-18
R09015,P263,P081,M01752,2026-09-18
R09016,P137,P131,M03483,2026-09-18
R09017,P274,P263,M01571,2026-09-18
R09018,P259,P050,M00681,2026-09-18
R09019,P141,P263,M04434,2026-09-18
R09020,P243,P292,M04649,2026-09-18
R09021,P066,P198,M01573,2026-09-18
R09022,P062,P250,M03405,2026-09-18
R09023,P092,P055,M04112,2026-09-18
R09024,P150,P195,M04171,2026-09-18
R09025,P141,P042,M03994,2026-09-18
R09026,P062,P250,M02023,2026-09-18
R09027,P152,P201,M04347,2026-09-18
R09028,P228,P057,M03642,2026-09-18
R09029,P050,P087,M03890,2026-09-18
R09030,P265,P022,M04074,2026-09-18
R09031,P062,P250,M01752,2026-09-18
R09032,P236,P179,M04473,2026-09-18
R09033,P136,P116,M00888,2026-09-18
R09034,P274,P263,M00042,2026-09-18
R09035,P253,P171,M04442,2026-09-18
R09036,P136,P118,M04005,2026-09-18
R09037,P136,P161,M02958,2026-09-18
R09038,P062,P250,M02023,2026-09-18
R09039,P192,P271,M04819,2026-09-18
R09040,P248,P202,M04089,2026-09-18
R09041,P250,P274,M00163,2026-09-18
R09042,P263,P081,M02885,2026-09-21
R09043,P236,P179,M03038,2026-09-21
R09044,P263,P081,M03050,2026-09-21
R09045,P146,P118,M02560,2026-09-21
R09046,P263,P081,M02692,2026-09-21
R09047,P216,P200,M03206,2026-09-21
R09048,P062,P250,M03270,2026-09-21
R09049,P191,P256,M04110,2026-09-21
R09050,P062,P096,M03141,2026-09-21
R09051,P263,P081,M03758,2026-09-21
R09052,P039,P162,M02076,2026-09-21
R09053,P024,P030,M01841,2026-09-21
R09054,P114,P171,M00990,2026-09-21
R09055,P058,P202,M00139,2026-09-21
R09056,P240,P210,M04596,2026-09-21
R09057,P224,P067,M02411,2026-09-21
R09058,P172,P279,M00393,2026-09-21
R09059,P274,P263,M04487,2026-09-21
R09060,P044,P195,M01051,2026-09-21
R09061,P274,P263,M03050,2026-09-21
R09062,P250,P274,M01926,2026-09-21
R09063,P250,P274,M03248,2026-09-21
R09064,P289,P043,M01351,2026-09-21
R09065,P136,P244,M01047,2026-09-21
R09066,P104,P099,M00599,2026-09-21
R09067,P298,P098,M03893,2026-09-21
R09068,P131,P029,M03089,2026-09-21
R09069,P031,P030,M02607,2026-09-21
R09070,P261,P125,M03461,2026-09-21
R09071,P134,P139,M03910,2026-09-21
R09072,P141,P263,M04459,2026-09-21
R09073,P062,P250,M00810,2026-09-21
R09074,P028,P055,M00376,2026-09-21
R09075,P105,P093,M00795,2026-09-21
R09076,P134,P102,M03532,2026-09-21
R09077,P136,P012,M03235,2026-09-21
R09078,P155,P049,M02306,2026-09-22
R09079,P081,P055,M03533,2026-09-22
R09080,P051,P149,M00319,2026-09-22
R09081,P134,P139,M03118,2026-09-22
R09082,P134,P139,M02474,2026-09-22
R09083,P263,P081,M01857,2026-09-22
R09084,P258,P126,M00681,2026-09-22
R09085,P181,P156,M01694,2026-09-22
R09086,P169,P182,M00748,2026-09-22
R09087,P300,P161,M00696,2026-09-22
R09088,P174,P272,M02524,2026-09-22
R09089,P250,P274,M02741,2026-09-22
R09090,P224,P097,M03899,2026-09-22
R09091,P300,P211,M04452,2026-09-22
R09092,P274,P263,M04129,2026-09-22
R09093,P250,P274,M02078,2026-09-22
R09094,P018,P117,M00009,2026-09-22
R09095,P044,P049,M01791,2026-09-22
R09096,P028,P224,M00665,2026-09-22
R09097,P289,P043,M02222,2026-09-22
R09098,P142,P162,M03707,2026-09-22
R09099,P216,P167,M01376,2026-09-22
R09100,P264,P233,M04758,2026-09-22
R09101,P270,P077,M03633,2026-09-22
R09102,P212,P278,M03714,2026-09-22
R09103,P235,P268,M02222,2026-09-22
R09104,P221,P011,M01841,2026-09-22
R09105,P229,P211,M01685,2026-09-22
R09106,P129,P151,M03254,2026-09-22
R09107,P062,P250,M04729,2026-09-22
R09108,P146,P244,M01866,2026-09-22
R09109,P062,P250,M04565,2026-09-22
R09110,P269,P057,M01859,2026-09-22
R09111,P127,P009,M04435,2026-09-22
R09112,P131,P290,M03295,2026-09-22
R09113,P295,P019,M00283,2026-09-22
R09114,P293,P009,M01126,2026-09-22
R09115,P010,P217,M03974,2026-09-22
R09116,P268,P050,M02815,2026-09-22
R09117,P280,P083,M00276,2026-09-22
R09118,P298,P297,M03893,2026-09-22
R09119,P137,P297,M04522,2026-09-22
R09120,P133,P238,M00625,2026-09-22
R09121,P091,P251,M01561,2026-09-22
R09122,P299,P122,M02825,2026-09-22
R09123,P250,P274,M04897,2026-09-22
R09124,P235,P191,M04574,2026-09-22
R09125,P062,P250,M01429,2026-09-22
R09126,P222,P260,M00752,2026-09-23
R09127,P096,P095,M00658,2026-09-23
R09128,P091,P049,M01442,2026-09-23
R09129,P101,P256,M01365,2026-09-23
R09130,P250,P274,M02692,2026-09-23
R09131,P250,P274,M02078,2026-09-23
R09132,P081,P055,M01759,2026-09-23
R09133,P058,P103,M02367,2026-09-23
R09134,P062,P250,M01429,2026-09-23
R09135,P062,P250,M03319,2026-09-23
R09136,P296,P081,M04589,2026-09-23
R09137,P059,P251,M04570,2026-09-23
R09138,P250,P274,M04898,2026-09-23
R09139,P131,P110,M03738,2026-09-23
R09140,P143,P232,M00151,2026-09-23
R09141,P274,P263,M03387,2026-09-23
R09142,P250,P274,M01328,2026-09-23
R09143,P254,P077,M02270,2026-09-23
R09144,P147,P081,M04550,2026-09-23
R09145,P259,P125,M04534,2026-09-23
R09146,P136,P211,M01076,2026-09-23
R09147,P143,P136,M04530,2026-09-23
R09148,P273,P101,M04245,2026-09-23
R09149,P235,P107,M02249,2026-09-23
R09150,P174,P272,M00482,2026-09-23
R09151,P134,P102,M04548,2026-09-23
R09152,P174,P100,M02748,2026-09-23
R09153,P274,P263,M03533,2026-09-23
R09154,P055,P062,M01857,2026-09-23
R09155,P270,P100,M01089,2026-09-23
R09156,P259,P159,M03265,2026-09-23
R09157,P134,P027,M03388,2026-09-23
R09158,P150,P251,M04015,2026-09-23
R09159,P208,P256,M01399,2026-09-23
R09160,P134,P038,M00191,2026-09-23
R09161,P175,P096,M03827,2026-09-23
R09162,P081,P055,M01752,2026-09-23
R09163,P108,P135,M04972,2026-09-23
R09164,P001,P149,M03336,2026-09-23
R09165,P286,P026,M04184,2026-09-23
R09166,P263,P081,M02371,2026-09-23
R09167,P134,P038,M01777,2026-09-23
R09168,P005,P245,M03686,2026-09-23
R09169,P274,P263,M02741,2026-09-23
R09170,P263,P081,M04129,2026-09-23
R09171,P014,P161,M04836,2026-09-23
R09172,P276,P057,M03496,2026-09-23
R09173,P164,P182,M03970,2026-09-23
R09174,P199,P224,M00736,2026-09-23
R09175,P175,P173,M01098,2026-09-23
R09176,P119,P255,M01519,2026-09-23
R09177,P055,P062,M01429,2026-09-24
R09178,P062,P250,M01759,2026-09-24
R09179,P055,P062,M01710,2026-09-24
R09180,P136,P012,M02299,2026-09-24
R09181,P137,P297,M01708,2026-09-24
R09182,P164,P209,M00891,2026-09-24
R09183,P055,P062,M04745,2026-09-24
R09184,P062,P250,M02173,2026-09-24
R09185,P150,P103,M03443,2026-09-24
R09186,P247,P195,M01811,2026-09-24
R09187,P066,P198,M00287,2026-09-24
R09188,P263,P081,M03664,2026-09-24
R09189,P274,P263,M01878,2026-09-24
R09190,P062,P250,M02118,2026-09-24
R09191,P263,P081,M04729,2026-09-24
R09192,P223,P118,M04409,2026-09-24
R09193,P263,P081,M01429,2026-09-24
R09194,P263,P081,M03319,2026-09-24
R09195,P151,P070,M02033,2026-09-24
R09196,P092,P141,M03069,2026-09-24
R09197,P148,P119,M03585,2026-09-24
R09198,P205,P022,M01881,2026-09-24
R09199,P128,P209,M01362,2026-09-24
R09200,P081,P055,M01659,2026-09-24
R09201,P275,P297,M00328,2026-09-24
R09202,P221,P011,M04110,2026-09-24
R09203,P044,P145,M01051,2026-09-24
R09204,P131,P029,M03812,2026-09-24
R09205,P136,P116,M03155,2026-09-24
R09206,P273,P099,M01538,2026-09-24
R09207,P081,P055,M02023,2026-09-24
R09208,P049,P251,M01885,2026-09-24
R09209,P284,P072,M02001,2026-09-24
R09210,P277,P011,M04968,2026-09-24
R09211,P240,P210,M02562,2026-09-24
R09212,P055,P062,M01857,2026-09-24
R09213,P134,P102,M01271,2026-09-24
R09214,P134,P102,M02281,2026-09-24
R09215,P059,P233,M01062,2026-09-24
R09216,P250,P274,M02173,2026-09-24
R09217,P229,P136,M00372,2026-09-24
R09218,P177,P242,M01259,2026-09-24
R09219,P055,P062,M01826,2026-09-24
R09220,P081,P055,M00181,2026-09-24
R09221,P155,P157,M01261,2026-09-24
R09222,P108,P135,M02835,2026-09-24
R09223,P119,P272,M02310,2026-09-24
R09224,P062,P250,M00228,2026-09-25
R09225,P062,P250,M02741,2026-09-25
R09226,P043,P030,M03963,2026-09-25
R09227,P055,P062,M04898,2026-09-25
R09228,P274,P263,M00228,2026-09-25
R09229,P274,P263,M00262,2026-09-25
R09230,P250,P274,M04745,2026-09-25
R09231,P274,P263,M01440,2026-09-25
R09232,P055,P008,M04736,2026-09-25
R09233,P054,P080,M03267,2026-09-25
R09234,P224,P097,M04521,2026-09-25
R09235,P081,P055,M01429,2026-09-25
R09236,P259,P125,M03216,2026-09-25
R09237,P055,P062,M02075,2026-09-25
R09238,P274,P263,M03319,2026-09-25
R09239,P270,P186,M04157,2026-09-25
R09240,P106,P086,M03070,2026-09-25
R09241,P025,P038,M03992,2026-09-25
R09242,P270,P272,M00500,2026-09-25
R09243,P105,P122,M03344,2026-09-25
R09244,P274,P263,M03664,2026-09-25
R09245,P134,P026,M00673,2026-09-25
R09246,P134,P038,M03532,2026-09-25
R09247,P234,P119,M04273,2026-09-25
R09248,P133,P205,M03089,2026-09-25
R09249,P115,P047,M00174,2026-09-25
R09250,P055,P062,M01542,2026-09-25
R09251,P136,P012,M01009,2026-09-25
R09252,P136,P244,M04002,2026-09-25
R09253,P081,P055,M04129,2026-09-25
R09254,P062,P250,M01713,2026-09-25
R09255,P136,P232,M02916,2026-09-25
R09256,P080,P145,M04952,2026-09-25
R09257,P032,P237,M03276,2026-09-25
R09258,P250,P274,M02446,2026-09-25
R09259,P248,P002,M03965,2026-09-25
R09260,P081,P055,M01752,2026-09-25
R09261,P269,P246,M04693,2026-09-25
R09262,P221,P121,M01003,2026-09-25
R09263,P250,P274,M03041,2026-09-28
R09264,P008,P231,M01522,2026-09-28
R09265,P013,P267,M00873,2026-09-28
R09266,P008,P149,M01600,2026-09-28
R09267,P055,P062,M02023,2026-09-28
R09268,P062,P250,M04898,2026-09-28
R09269,P055,P062,M00057,2026-09-28
R09270,P062,P250,M03497,2026-09-28
R09271,P055,P062,M00228,2026-09-28
R09272,P250,P274,M01440,2026-09-28
R09273,P250,P274,M04898,2026-09-28
R09274,P226,P107,M00699,2026-09-28
R09275,P055,P062,M02807,2026-09-28
R09276,P045,P200,M03237,2026-09-28
R09277,P299,P069,M03952,2026-09-28
R09278,P163,P200,M01467,2026-09-28
R09279,P081,P055,M04632,2026-09-28
R09280,P134,P026,M03839,2026-09-28
R09281,P081,P055,M00463,2026-09-28
R09282,P081,P055,M02075,2026-09-28
R09283,P274,P263,M01542,2026-09-28
R09284,P062,P250,M01636,2026-09-28
R09285,P291,P157,M02691,2026-09-28
R09286,P148,P119,M00152,2026-09-28
R09287,P288,P053,M01848,2026-09-28
R09288,P263,P081,M02023,2026-09-28
R09289,P119,P209,M02994,2026-09-28
R09290,P131,P290,M01154,2026-09-28
R09291,P131,P022,M01696,2026-09-28
R09292,P134,P026,M01255,2026-09-28
R09293,P081,P055,M02896,2026-09-28
R09294,P092,P134,M01545,2026-09-28
R09295,P161,P012,M02529,2026-09-28
R09296,P168,P157,M01962,2026-09-28
R09297,P250,P274,M02371,2026-09-28
R09298,P049,P103,M04375,2026-09-28
R09299,P165,P285,M01406,2026-09-28
R09300,P050,P217,M04401,2026-09-28
R09301,P055,P173,M00811,2026-09-28
R09302,P207,P020,M01980,2026-09-28
R09303,P193,P254,M04840,2026-09-28
R09304,P213,P026,M03068,2026-09-28
R09305,P134,P026,M01842,2026-09-28
R09306,P188,P112,M03567,2026-09-28
R09307,P169,P255,M03522,2026-09-28
R09308,P062,P250,M02446,2026-09-28
R09309,P172,P279,M01262,2026-09-28
R09310,P274,P263,M02446,2026-09-28
R09311,P191,P078,M02486,2026-09-28
R09312,P006,P082,M00931,2026-09-29
R09313,P044,P195,M01867,2026-09-29
R09314,P268,P246,M03090,2026-09-29
R09315,P164,P209,M00136,2026-09-29
R09316,P221,P101,M00080,2026-09-29
R09317,P136,P211,M00712,2026-09-29
R09318,P250,P274,M03533,2026-09-29
R09319,P055,P062,M02023,2026-09-29
R09320,P258,P159,M04790,2026-09-29
R09321,P258,P198,M00348,2026-09-29
R09322,P263,P081,M03041,2026-09-29
R09323,P241,P074,M01433,2026-09-29
R09324,P148,P071,M03297,2026-09-29
R09325,P174,P272,M00872,2026-09-29
R09326,P055,P062,M01995,2026-09-29
R09327,P141,P008,M02655,2026-09-29
R09328,P229,P136,M01685,2026-09-29
R09329,P005,P245,M01317,2026-09-29
R09330,P269,P050,M00633,2026-09-29
R09331,P250,P274,M02446,2026-09-29
R09332,P055,P008,M02904,2026-09-29
R09333,P058,P103,M01466,2026-09-29
R09334,P062,P250,M04729,2026-09-29
R09335,P074,P278,M00880,2026-09-29
R09336,P075,P285,M02739,2026-09-29
R09337,P250,P274,M02807,2026-09-29
R09338,P031,P046,M04245,2026-09-29
R09339,P081,P055,M01099,2026-09-29
R09340,P081,P055,M03497,2026-09-29
R09341,P284,P230,M01557,2026-09-29
R09342,P115,P255,M00634,2026-09-29
R09343,P281,P157,M01744,2026-09-29
R09344,P127,P009,M03906,2026-09-29
R09345,P119,P234,M03528,2026-09-29
R09346,P127,P016,M03401,2026-09-29
R09347,P280,P071,M02520,2026-09-29
R09348,P274,P263,M00042,2026-09-30
R09349,P239,P064,M04875,2026-09-30
R09350,P238,P297,M04785,2026-09-30
R09351,P236,P009,M01890,2026-09-30
R09352,P066,P246,M01655,2026-09-30
R09353,P236,P016,M03204,2026-09-30
R09354,P066,P064,M00080,2026-09-30
R09355,P133,P205,M03738,2026-09-30
R09356,P250,P274,M03758,2026-09-30
R09357,P258,P292,M04863,2026-09-30
R09358,P134,P102,M01969,2026-09-30
R09359,P235,P191,M02244,2026-09-30
R09360,P055,P062,M02692,2026-09-30
R09361,P208,P198,M03745,2026-09-30
R09362,P208,P256,M02618,2026-09-30
R09363,P133,P131,M01787,2026-09-30
R09364,P214,P095,M03387,2026-09-30
R09365,P049,P251,M00178,2026-09-30
R09366,P049,P103,M04185,2026-09-30
R09367,P221,P011,M03778,2026-09-30
R09368,P176,P094,M02667,2026-09-30
R09369,P235,P225,M04460,2026-09-30
R09370,P131,P218,M02651,2026-09-30
R09371,P274,P263,M01857,2026-09-30
R09372,P258,P171,M02105,2026-09-30
R09373,P263,P081,M01926,2026-09-30
R09374,P055,P062,M03356,2026-09-30
R09375,P111,P103,M00177,2026-09-30
R09376,P263,P081,M01995,2026-09-30
R09377,P055,P062,M00228,2026-09-30
R09378,P288,P009,M04255,2026-09-30
R09379,P081,P055,M01826,2026-09-30
R09380,P081,P055,M04051,2026-09-30
R09381,P134,P038,M04898,2026-09-30
R09382,P274,P263,M04330,2026-09-30
R09383,P055,P062,M04565,2026-09-30
R09384,P136,P232,M01305,2026-09-30
R09385,P055,P062,M01826,2026-09-30
R09386,P006,P262,M00104,2026-09-30
R09387,P106,P026,M01624,2026-09-30
R09388,P090,P089,M04968,2026-09-30
R09389,P055,P062,M03623,2026-09-30
R09390,P275,P185,M00366,2026-09-30
R09391,P062,P250,M03319,2026-09-30
R09392,P025,P187,M02819,2026-09-30
R09393,P055,P062,M01429,2026-09-30
